BEGIN TRANSACTION;

INSERT INTO CAMPAIGN_SETTINGS ([DESCRIPTION]) VALUES ('Forgotten Realms');
INSERT INTO CAMPAIGN_SETTINGS ([DESCRIPTION]) VALUES ('Ravenloft');
INSERT INTO CAMPAIGN_SETTINGS ([DESCRIPTION]) VALUES ('Dark Sun');
INSERT INTO CAMPAIGN_SETTINGS ([DESCRIPTION]) VALUES ('Greyhawk');

COMMIT TRANSACTION;

-------------------------------------------------------------------------------------------------------------

BEGIN TRANSACTION;

INSERT INTO [EDITION] ([ACRONYM], [DESCRIPTION]) VALUES ('Adnd2.0', 'Advanced Dungeons & Dragons 2nd Edition');

COMMIT TRANSACTION;

-------------------------------------------------------------------------------------------------------------

BEGIN TRANSACTION;

INSERT INTO [DIE] ([ID], [ACRONYM], [DESCRIPTION]) VALUES (4, 'd4', 'Four-faced dice');
INSERT INTO [DIE] ([ID], [ACRONYM], [DESCRIPTION]) VALUES (6, 'd6', 'Six-faced dice');
INSERT INTO [DIE] ([ID], [ACRONYM], [DESCRIPTION]) VALUES (8, 'd8', 'Eight-faced dice');
INSERT INTO [DIE] ([ID], [ACRONYM], [DESCRIPTION]) VALUES (10, 'd10', 'Ten-faced dice');
INSERT INTO [DIE] ([ID], [ACRONYM], [DESCRIPTION]) VALUES (12, 'd12', 'Twelve-faced dice');
INSERT INTO [DIE] ([ID], [ACRONYM], [DESCRIPTION]) VALUES (20, 'd20', 'Twenty-faced dice');
INSERT INTO [DIE] ([ID], [ACRONYM], [DESCRIPTION]) VALUES (100, 'd100', 'One hundred-faced dice');

COMMIT TRANSACTION;

-------------------------------------------------------------------------------------------------------------

BEGIN TRANSACTION;

INSERT INTO CHARACTER_CLASS_TYPE ([ID], [DESCRIPTION], [TITLE_LEVEL], [TITLE], [HIT_DICE], [HP_AFTER_TITLE]) VALUES (1,		'Warrior',		9,		'Lord',	10,		3);
INSERT INTO CHARACTER_CLASS_TYPE ([ID], [DESCRIPTION], [TITLE_LEVEL], [TITLE], [HIT_DICE], [HP_AFTER_TITLE]) VALUES (2,		'Wizard',	    10,		'',		4,		1);
INSERT INTO CHARACTER_CLASS_TYPE ([ID], [DESCRIPTION], [TITLE_LEVEL], [TITLE], [HIT_DICE], [HP_AFTER_TITLE]) VALUES (4,		'Priest',	    9,		'',		8,		2);
INSERT INTO CHARACTER_CLASS_TYPE ([ID], [DESCRIPTION], [TITLE_LEVEL], [TITLE], [HIT_DICE], [HP_AFTER_TITLE]) VALUES (8,		'Rogue',		10,		'',		6,		2);

COMMIT TRANSACTION;

-------------------------------------------------------------------------------------------------------------

BEGIN TRANSACTION;

INSERT INTO CHARACTER_CLASS ([ID], [CLASS_TYPE_ID], [LONG_NAME], [SHORT_NAME], [ACRONYM]) VALUES (1, 1, 'Fighter', 'fighter', 'F');
INSERT INTO CHARACTER_CLASS ([ID], [CLASS_TYPE_ID], [LONG_NAME], [SHORT_NAME], [ACRONYM]) VALUES (2, 1, 'Paladin', 'paladin', 'P');
INSERT INTO CHARACTER_CLASS ([ID], [CLASS_TYPE_ID], [LONG_NAME], [SHORT_NAME], [ACRONYM]) VALUES (4, 1, 'Ranger', 'ranger', 'R');

INSERT INTO CHARACTER_CLASS ([ID], [CLASS_TYPE_ID], [LONG_NAME], [SHORT_NAME], [ACRONYM]) VALUES (8, 2, 'Mage', 'mage', 'M');
INSERT INTO CHARACTER_CLASS ([ID], [CLASS_TYPE_ID], [LONG_NAME], [SHORT_NAME], [ACRONYM]) VALUES (16, 2, 'Abjurer', 'abjurer', 'W_A');
INSERT INTO CHARACTER_CLASS ([ID], [CLASS_TYPE_ID], [LONG_NAME], [SHORT_NAME], [ACRONYM]) VALUES (32, 2, 'Conjurer', 'conjurer', 'W_C');
INSERT INTO CHARACTER_CLASS ([ID], [CLASS_TYPE_ID], [LONG_NAME], [SHORT_NAME], [ACRONYM]) VALUES (64, 2, 'Diviner', 'diviner', 'W_D');
INSERT INTO CHARACTER_CLASS ([ID], [CLASS_TYPE_ID], [LONG_NAME], [SHORT_NAME], [ACRONYM]) VALUES (128, 2, 'Enchanter', 'enchanter', 'W_E');
INSERT INTO CHARACTER_CLASS ([ID], [CLASS_TYPE_ID], [LONG_NAME], [SHORT_NAME], [ACRONYM]) VALUES (256, 2, 'Illusionist', 'illusionist', 'W_I');
INSERT INTO CHARACTER_CLASS ([ID], [CLASS_TYPE_ID], [LONG_NAME], [SHORT_NAME], [ACRONYM]) VALUES (512, 2, 'Invoker', 'invoker', 'W_K');
INSERT INTO CHARACTER_CLASS ([ID], [CLASS_TYPE_ID], [LONG_NAME], [SHORT_NAME], [ACRONYM]) VALUES (1024, 2, 'Necromancer', 'necromancer', 'W_N');
INSERT INTO CHARACTER_CLASS ([ID], [CLASS_TYPE_ID], [LONG_NAME], [SHORT_NAME], [ACRONYM]) VALUES (2048, 2, 'Transmuter', 'transmuter', 'W_T');

INSERT INTO CHARACTER_CLASS ([ID], [CLASS_TYPE_ID], [LONG_NAME], [SHORT_NAME], [ACRONYM]) VALUES (4096, 4, 'Cleric', 'cleric', 'C');
INSERT INTO CHARACTER_CLASS ([ID], [CLASS_TYPE_ID], [LONG_NAME], [SHORT_NAME], [ACRONYM]) VALUES (8192, 4, 'Druid', 'druid', 'D');
INSERT INTO CHARACTER_CLASS ([ID], [CLASS_TYPE_ID], [LONG_NAME], [SHORT_NAME], [ACRONYM]) VALUES (16384, 4, 'Preist of Specific Mythos', 'preist of specific mythos', 'PSM');

INSERT INTO CHARACTER_CLASS ([ID], [CLASS_TYPE_ID], [LONG_NAME], [SHORT_NAME], [ACRONYM]) VALUES (32768, 8, 'Thief', 'thief', 'T');
INSERT INTO CHARACTER_CLASS ([ID], [CLASS_TYPE_ID], [LONG_NAME], [SHORT_NAME], [ACRONYM]) VALUES (65536, 8, 'Bard', 'bard', 'B');

INSERT INTO CHARACTER_CLASS ([ID], [CLASS_TYPE_ID], [LONG_NAME], [SHORT_NAME], [ACRONYM]) VALUES (1+8, 3, 'Fighter Mage', 'figther mage', 'F/M');
INSERT INTO CHARACTER_CLASS ([ID], [CLASS_TYPE_ID], [LONG_NAME], [SHORT_NAME], [ACRONYM]) VALUES (1+4096, 5, 'Fighter Cleric', 'figther cleric', 'F/C');
INSERT INTO CHARACTER_CLASS ([ID], [CLASS_TYPE_ID], [LONG_NAME], [SHORT_NAME], [ACRONYM]) VALUES (1+32768, 9, 'Fighter Thief', 'figther thief', 'F/T');
INSERT INTO CHARACTER_CLASS ([ID], [CLASS_TYPE_ID], [LONG_NAME], [SHORT_NAME], [ACRONYM]) VALUES (8+32768, 10, 'Mage Thief', 'mage thief', 'M/T');
INSERT INTO CHARACTER_CLASS ([ID], [CLASS_TYPE_ID], [LONG_NAME], [SHORT_NAME], [ACRONYM]) VALUES (8+4096, 6, 'Mage Cleric', 'mage cleric', 'M/C');
INSERT INTO CHARACTER_CLASS ([ID], [CLASS_TYPE_ID], [LONG_NAME], [SHORT_NAME], [ACRONYM]) VALUES (4096+32768, 12, 'Cleric Thief', 'cleric thief', 'C/T');
INSERT INTO CHARACTER_CLASS ([ID], [CLASS_TYPE_ID], [LONG_NAME], [SHORT_NAME], [ACRONYM]) VALUES (1+8+4096, 7, 'Fighter Mage Cleric', 'fighter mage cleric', 'F/M/C');
INSERT INTO CHARACTER_CLASS ([ID], [CLASS_TYPE_ID], [LONG_NAME], [SHORT_NAME], [ACRONYM]) VALUES (1+8+32768, 11, 'Fighter Mage Thief', 'fighter mage thief', 'F/M/T');
INSERT INTO CHARACTER_CLASS ([ID], [CLASS_TYPE_ID], [LONG_NAME], [SHORT_NAME], [ACRONYM]) VALUES (1+8192, 5, 'Fighter Druid', 'fighter druid', 'F/D');
INSERT INTO CHARACTER_CLASS ([ID], [CLASS_TYPE_ID], [LONG_NAME], [SHORT_NAME], [ACRONYM]) VALUES (1+256, 3, 'Fighter Illusionist', 'fighter illusionist', 'F/I');
INSERT INTO CHARACTER_CLASS ([ID], [CLASS_TYPE_ID], [LONG_NAME], [SHORT_NAME], [ACRONYM]) VALUES (4096+256, 6, 'Cleric Illusionist', 'fighter illusionist', 'C/I');
INSERT INTO CHARACTER_CLASS ([ID], [CLASS_TYPE_ID], [LONG_NAME], [SHORT_NAME], [ACRONYM]) VALUES (256+32768, 10, 'Illusionist Thief', 'illusionist thief', 'I/T');
INSERT INTO CHARACTER_CLASS ([ID], [CLASS_TYPE_ID], [LONG_NAME], [SHORT_NAME], [ACRONYM]) VALUES (4096+4, 12, 'Cleric Ranger', 'cleric ranger', 'C/R');
INSERT INTO CHARACTER_CLASS ([ID], [CLASS_TYPE_ID], [LONG_NAME], [SHORT_NAME], [ACRONYM]) VALUES (8+8192, 6, 'Mage Druid', 'mage druid', 'M/D');
INSERT INTO CHARACTER_CLASS ([ID], [CLASS_TYPE_ID], [LONG_NAME], [SHORT_NAME], [ACRONYM]) VALUES (1+8+8192, 135, 'Fighter Mage Druid', 'fighter mage druid', 'F/M/D');			

COMMIT TRANSACTION;

-------------------------------------------------------------------------------------------------------------

BEGIN TRANSACTION;

INSERT INTO RACE ([ID], [NAME], [ACRONYM], [BASE_MOVEMENT_RATE]) VALUES (0, 'Human', 'H', 12);
INSERT INTO RACE ([ID], [NAME], [ACRONYM], [BASE_MOVEMENT_RATE]) VALUES (1, 'Elf', 'E', 12);
INSERT INTO RACE ([ID], [NAME], [ACRONYM], [BASE_MOVEMENT_RATE]) VALUES (2, 'Dwarf', 'D', 6);
INSERT INTO RACE ([ID], [NAME], [ACRONYM], [BASE_MOVEMENT_RATE]) VALUES (3, 'Gnome', 'G', 6);
INSERT INTO RACE ([ID], [NAME], [ACRONYM], [BASE_MOVEMENT_RATE]) VALUES (4, 'Half-elf', 'HE', 6);
INSERT INTO RACE ([ID], [NAME], [ACRONYM], [BASE_MOVEMENT_RATE]) VALUES (5, 'Halfling', 'H', 12);

COMMIT TRANSACTION;

-------------------------------------------------------------------------------------------------------------

BEGIN TRANSACTION;

INSERT INTO SKILL ([ID], [NAME]) VALUES (0, 'Strength');
INSERT INTO SKILL ([ID], [NAME]) VALUES (1, 'Dexterity');
INSERT INTO SKILL ([ID], [NAME]) VALUES (2, 'Constitution');
INSERT INTO SKILL ([ID], [NAME]) VALUES (3, 'Intelligence');
INSERT INTO SKILL ([ID], [NAME]) VALUES (4, 'Wisdom');
INSERT INTO SKILL ([ID], [NAME]) VALUES (5, 'Charisma');

COMMIT TRANSACTION;

-------------------------------------------------------------------------------------------------------------

BEGIN TRANSACTION;

INSERT INTO SKILL_REQUISITE ([ID], [NAME]) VALUES (0, 'Default');
INSERT INTO SKILL_REQUISITE ([ID], [NAME]) VALUES (1, 'ClassType');
INSERT INTO SKILL_REQUISITE ([ID], [NAME]) VALUES (2, 'Class');
INSERT INTO SKILL_REQUISITE ([ID], [NAME]) VALUES (3, 'Race');

COMMIT TRANSACTION;

-------------------------------------------------------------------------------------------------------------

BEGIN TRANSACTION;

INSERT INTO SEX ([NAME], [ACRONYM]) VALUES ('Male', 'M');
INSERT INTO SEX ([NAME], [ACRONYM]) VALUES ('Female', 'F');

COMMIT TRANSACTION;
-------------------------------------------------------------------------------------------------------------

BEGIN TRANSACTION;

INSERT INTO BODY_SLOT ([ID], [DESCRIPTION], [CAPACITY_LIMIT]) VALUES (0,	'Head', 1);
INSERT INTO BODY_SLOT ([ID], [DESCRIPTION], [CAPACITY_LIMIT]) VALUES (1,	'Neck', 1);
INSERT INTO BODY_SLOT ([ID], [DESCRIPTION], [CAPACITY_LIMIT]) VALUES (2,	'Right ring', 2);
INSERT INTO BODY_SLOT ([ID], [DESCRIPTION], [CAPACITY_LIMIT]) VALUES (3,	'Left ring', 2);
INSERT INTO BODY_SLOT ([ID], [DESCRIPTION], [CAPACITY_LIMIT]) VALUES (4,	'Hands', 1);
INSERT INTO BODY_SLOT ([ID], [DESCRIPTION], [CAPACITY_LIMIT]) VALUES (5,	'Arms', 2);
INSERT INTO BODY_SLOT ([ID], [DESCRIPTION], [CAPACITY_LIMIT]) VALUES (6,	'Body', 1);
INSERT INTO BODY_SLOT ([ID], [DESCRIPTION], [CAPACITY_LIMIT]) VALUES (7,	'Feet', 1);
INSERT INTO BODY_SLOT ([ID], [DESCRIPTION], [CAPACITY_LIMIT]) VALUES (8,	'Mantle', 1);
INSERT INTO BODY_SLOT ([ID], [DESCRIPTION], [CAPACITY_LIMIT]) VALUES (9,	'Belt', 1);
INSERT INTO BODY_SLOT ([ID], [DESCRIPTION], [CAPACITY_LIMIT]) VALUES (10,	'Legs', 1);
INSERT INTO BODY_SLOT ([ID], [DESCRIPTION], [CAPACITY_LIMIT]) VALUES (11,	'Quiver', 100);
INSERT INTO BODY_SLOT ([ID], [DESCRIPTION], [CAPACITY_LIMIT]) VALUES (12,	'Backpack', NULL);


COMMIT TRANSACTION;

-------------------------------------------------------------------------------------------------------------

BEGIN TRANSACTION;

INSERT INTO STRENGTH_STATS ([ABILITY_SCORE_FROM], [EXCP_FROM], [ABILITY_SCORE_TO], [EXCP_TO], [HIT_MODIFIER], [DAMAGE_ADJUSTMENT], [WEIGHT_ALLOWANCE], [MAXIMUM_PRESS], [OPEN_DOORS], [OPEN_DOORS_SPECIAL], [BEND_BARS_LIFT_GATES], [NOTE])
VALUES (1, NULL, 1, NULL, -5, -4, 0.5, 1.5, 1, NULL, 0, NULL);
INSERT INTO STRENGTH_STATS ([ABILITY_SCORE_FROM], [EXCP_FROM], [ABILITY_SCORE_TO], [EXCP_TO], [HIT_MODIFIER], [DAMAGE_ADJUSTMENT], [WEIGHT_ALLOWANCE], [MAXIMUM_PRESS], [OPEN_DOORS], [OPEN_DOORS_SPECIAL], [BEND_BARS_LIFT_GATES], [NOTE])
VALUES (2, NULL, 2, NULL, -3, -2, 0.5, 2, 1, NULL, 0, NULL);
INSERT INTO STRENGTH_STATS ([ABILITY_SCORE_FROM], [EXCP_FROM], [ABILITY_SCORE_TO], [EXCP_TO], [HIT_MODIFIER], [DAMAGE_ADJUSTMENT], [WEIGHT_ALLOWANCE], [MAXIMUM_PRESS], [OPEN_DOORS], [OPEN_DOORS_SPECIAL], [BEND_BARS_LIFT_GATES], [NOTE])
VALUES (3, NULL, 3, NULL, -3, -1, 2, 4.5, 2, NULL, 0, NULL);
INSERT INTO STRENGTH_STATS ([ABILITY_SCORE_FROM], [EXCP_FROM], [ABILITY_SCORE_TO], [EXCP_TO], [HIT_MODIFIER], [DAMAGE_ADJUSTMENT], [WEIGHT_ALLOWANCE], [MAXIMUM_PRESS], [OPEN_DOORS], [OPEN_DOORS_SPECIAL], [BEND_BARS_LIFT_GATES], [NOTE])
VALUES (4, NULL, 5, NULL, -2, -1, 4.5, 11, 3, NULL, 0, NULL);
INSERT INTO STRENGTH_STATS ([ABILITY_SCORE_FROM], [EXCP_FROM], [ABILITY_SCORE_TO], [EXCP_TO], [HIT_MODIFIER], [DAMAGE_ADJUSTMENT], [WEIGHT_ALLOWANCE], [MAXIMUM_PRESS], [OPEN_DOORS], [OPEN_DOORS_SPECIAL], [BEND_BARS_LIFT_GATES], [NOTE])
VALUES (6, NULL, 7, NULL, -1, 0, 9, 25, 4, NULL, 0, NULL);
INSERT INTO STRENGTH_STATS ([ABILITY_SCORE_FROM], [EXCP_FROM], [ABILITY_SCORE_TO], [EXCP_TO], [HIT_MODIFIER], [DAMAGE_ADJUSTMENT], [WEIGHT_ALLOWANCE], [MAXIMUM_PRESS], [OPEN_DOORS], [OPEN_DOORS_SPECIAL], [BEND_BARS_LIFT_GATES], [NOTE])
VALUES (8, NULL, 9, NULL, 0, 0, 16, 41, 5, NULL, 1, NULL);
INSERT INTO STRENGTH_STATS ([ABILITY_SCORE_FROM], [EXCP_FROM], [ABILITY_SCORE_TO], [EXCP_TO], [HIT_MODIFIER], [DAMAGE_ADJUSTMENT], [WEIGHT_ALLOWANCE], [MAXIMUM_PRESS], [OPEN_DOORS], [OPEN_DOORS_SPECIAL], [BEND_BARS_LIFT_GATES], [NOTE])
VALUES (10, NULL, 11, NULL, 0, 0, 18, 52, 6, NULL, 2, NULL);
INSERT INTO STRENGTH_STATS ([ABILITY_SCORE_FROM], [EXCP_FROM], [ABILITY_SCORE_TO], [EXCP_TO], [HIT_MODIFIER], [DAMAGE_ADJUSTMENT], [WEIGHT_ALLOWANCE], [MAXIMUM_PRESS], [OPEN_DOORS], [OPEN_DOORS_SPECIAL], [BEND_BARS_LIFT_GATES], [NOTE])
VALUES (12, NULL, 13, NULL, 0, 0, 20.5, 63.5, 7, NULL, 4, NULL);
INSERT INTO STRENGTH_STATS ([ABILITY_SCORE_FROM], [EXCP_FROM], [ABILITY_SCORE_TO], [EXCP_TO], [HIT_MODIFIER], [DAMAGE_ADJUSTMENT], [WEIGHT_ALLOWANCE], [MAXIMUM_PRESS], [OPEN_DOORS], [OPEN_DOORS_SPECIAL], [BEND_BARS_LIFT_GATES], [NOTE])
VALUES (14, NULL, 15, NULL, 0, 0, 25, 77, 8, NULL, 7, NULL);
INSERT INTO STRENGTH_STATS ([ABILITY_SCORE_FROM], [EXCP_FROM], [ABILITY_SCORE_TO], [EXCP_TO], [HIT_MODIFIER], [DAMAGE_ADJUSTMENT], [WEIGHT_ALLOWANCE], [MAXIMUM_PRESS], [OPEN_DOORS], [OPEN_DOORS_SPECIAL], [BEND_BARS_LIFT_GATES], [NOTE])
VALUES (16, NULL, 16, NULL, 0, 1, 32, 88.5, 9, NULL, 10, NULL);
INSERT INTO STRENGTH_STATS ([ABILITY_SCORE_FROM], [EXCP_FROM], [ABILITY_SCORE_TO], [EXCP_TO], [HIT_MODIFIER], [DAMAGE_ADJUSTMENT], [WEIGHT_ALLOWANCE], [MAXIMUM_PRESS], [OPEN_DOORS], [OPEN_DOORS_SPECIAL], [BEND_BARS_LIFT_GATES], [NOTE])
VALUES (17, NULL, 17, NULL, 1, 1, 38.5, 99.5, 10, NULL, 13, NULL);
INSERT INTO STRENGTH_STATS ([ABILITY_SCORE_FROM], [EXCP_FROM], [ABILITY_SCORE_TO], [EXCP_TO], [HIT_MODIFIER], [DAMAGE_ADJUSTMENT], [WEIGHT_ALLOWANCE], [MAXIMUM_PRESS], [OPEN_DOORS], [OPEN_DOORS_SPECIAL], [BEND_BARS_LIFT_GATES], [NOTE])
VALUES (18, NULL, 18, NULL, 1, 2, 50, 115.5, 11, NULL, 16, NULL);
INSERT INTO STRENGTH_STATS ([ABILITY_SCORE_FROM], [EXCP_FROM], [ABILITY_SCORE_TO], [EXCP_TO], [HIT_MODIFIER], [DAMAGE_ADJUSTMENT], [WEIGHT_ALLOWANCE], [MAXIMUM_PRESS], [OPEN_DOORS], [OPEN_DOORS_SPECIAL], [BEND_BARS_LIFT_GATES], [NOTE])
VALUES (18, 1, 18, 50, 1, 3, 61, 127, 12, NULL, 20, NULL);
INSERT INTO STRENGTH_STATS ([ABILITY_SCORE_FROM], [EXCP_FROM], [ABILITY_SCORE_TO], [EXCP_TO], [HIT_MODIFIER], [DAMAGE_ADJUSTMENT], [WEIGHT_ALLOWANCE], [MAXIMUM_PRESS], [OPEN_DOORS], [OPEN_DOORS_SPECIAL], [BEND_BARS_LIFT_GATES], [NOTE])
VALUES (18, 51, 18, 75, 2, 3, 71.5, 138, 13, NULL, 25, NULL);
INSERT INTO STRENGTH_STATS ([ABILITY_SCORE_FROM], [EXCP_FROM], [ABILITY_SCORE_TO], [EXCP_TO], [HIT_MODIFIER], [DAMAGE_ADJUSTMENT], [WEIGHT_ALLOWANCE], [MAXIMUM_PRESS], [OPEN_DOORS], [OPEN_DOORS_SPECIAL], [BEND_BARS_LIFT_GATES], [NOTE])
VALUES (18, 76, 18, 90, 2, 4, 84, 149.5, 14, NULL, 30, NULL);
INSERT INTO STRENGTH_STATS ([ABILITY_SCORE_FROM], [EXCP_FROM], [ABILITY_SCORE_TO], [EXCP_TO], [HIT_MODIFIER], [DAMAGE_ADJUSTMENT], [WEIGHT_ALLOWANCE], [MAXIMUM_PRESS], [OPEN_DOORS], [OPEN_DOORS_SPECIAL], [BEND_BARS_LIFT_GATES], [NOTE])
VALUES (18, 91, 18, 99, 2, 5, 106.5, 172, 15, 3, 35, NULL);
INSERT INTO STRENGTH_STATS ([ABILITY_SCORE_FROM], [EXCP_FROM], [ABILITY_SCORE_TO], [EXCP_TO], [HIT_MODIFIER], [DAMAGE_ADJUSTMENT], [WEIGHT_ALLOWANCE], [MAXIMUM_PRESS], [OPEN_DOORS], [OPEN_DOORS_SPECIAL], [BEND_BARS_LIFT_GATES], [NOTE])
VALUES (18, 100, 18, 100, 3, 6, 152, 217.5, 16, 6, 40, NULL);
INSERT INTO STRENGTH_STATS ([ABILITY_SCORE_FROM], [EXCP_FROM], [ABILITY_SCORE_TO], [EXCP_TO], [HIT_MODIFIER], [DAMAGE_ADJUSTMENT], [WEIGHT_ALLOWANCE], [MAXIMUM_PRESS], [OPEN_DOORS], [OPEN_DOORS_SPECIAL], [BEND_BARS_LIFT_GATES], [NOTE])
VALUES (19, NULL, 19, NULL, 3, 7, 219.5, 290, 16, 8, 50, 'Hill Giant');
INSERT INTO STRENGTH_STATS ([ABILITY_SCORE_FROM], [EXCP_FROM], [ABILITY_SCORE_TO], [EXCP_TO], [HIT_MODIFIER], [DAMAGE_ADJUSTMENT], [WEIGHT_ALLOWANCE], [MAXIMUM_PRESS], [OPEN_DOORS], [OPEN_DOORS_SPECIAL], [BEND_BARS_LIFT_GATES], [NOTE])
VALUES (20, NULL, 20, NULL, 3, 8, 242.5, 317, 17, 10, 60, 'Stone Giant');
INSERT INTO STRENGTH_STATS ([ABILITY_SCORE_FROM], [EXCP_FROM], [ABILITY_SCORE_TO], [EXCP_TO], [HIT_MODIFIER], [DAMAGE_ADJUSTMENT], [WEIGHT_ALLOWANCE], [MAXIMUM_PRESS], [OPEN_DOORS], [OPEN_DOORS_SPECIAL], [BEND_BARS_LIFT_GATES], [NOTE])
VALUES (21, NULL, 21, NULL, 4, 9, 287.5, 367, 17, 12, 70, 'Frost Giant');
INSERT INTO STRENGTH_STATS ([ABILITY_SCORE_FROM], [EXCP_FROM], [ABILITY_SCORE_TO], [EXCP_TO], [HIT_MODIFIER], [DAMAGE_ADJUSTMENT], [WEIGHT_ALLOWANCE], [MAXIMUM_PRESS], [OPEN_DOORS], [OPEN_DOORS_SPECIAL], [BEND_BARS_LIFT_GATES], [NOTE])
VALUES (22, NULL, 22, NULL, 4, 10, 355.5, 439.5, 18, 14, 80, 'Fire Giant');
INSERT INTO STRENGTH_STATS ([ABILITY_SCORE_FROM], [EXCP_FROM], [ABILITY_SCORE_TO], [EXCP_TO], [HIT_MODIFIER], [DAMAGE_ADJUSTMENT], [WEIGHT_ALLOWANCE], [MAXIMUM_PRESS], [OPEN_DOORS], [OPEN_DOORS_SPECIAL], [BEND_BARS_LIFT_GATES], [NOTE])
VALUES (23, NULL, 23, NULL, 5, 11, 423.5, 512, 18, 16, 90, 'Cloud Giant');
INSERT INTO STRENGTH_STATS ([ABILITY_SCORE_FROM], [EXCP_FROM], [ABILITY_SCORE_TO], [EXCP_TO], [HIT_MODIFIER], [DAMAGE_ADJUSTMENT], [WEIGHT_ALLOWANCE], [MAXIMUM_PRESS], [OPEN_DOORS], [OPEN_DOORS_SPECIAL], [BEND_BARS_LIFT_GATES], [NOTE])
VALUES (24, NULL, 24, NULL, 6, 12, 559.5, 652.5, 19, 17, 95, 'Storm Giant');
INSERT INTO STRENGTH_STATS ([ABILITY_SCORE_FROM], [EXCP_FROM], [ABILITY_SCORE_TO], [EXCP_TO], [HIT_MODIFIER], [DAMAGE_ADJUSTMENT], [WEIGHT_ALLOWANCE], [MAXIMUM_PRESS], [OPEN_DOORS], [OPEN_DOORS_SPECIAL], [BEND_BARS_LIFT_GATES], [NOTE])
VALUES (25, NULL, 25, NULL, 7, 14, 695.5, 793, 19, 18, 99, 'Titan');

COMMIT TRANSACTION;

-------------------------------------------------------------------------------------------------------------

BEGIN TRANSACTION;

INSERT INTO DEXTERITY_STATS ([ABILITY_SCORE], [REACTION_ADJUSTMENT], [MISSILE_ATTACK_ADJUSTMENT], [DEFENSIVE_ADJUSTMENT]) VALUES (1,  -6, -6,  5);
INSERT INTO DEXTERITY_STATS ([ABILITY_SCORE], [REACTION_ADJUSTMENT], [MISSILE_ATTACK_ADJUSTMENT], [DEFENSIVE_ADJUSTMENT]) VALUES (2,  -4, -4,  5);
INSERT INTO DEXTERITY_STATS ([ABILITY_SCORE], [REACTION_ADJUSTMENT], [MISSILE_ATTACK_ADJUSTMENT], [DEFENSIVE_ADJUSTMENT]) VALUES (3,  -3, -3,  4);
INSERT INTO DEXTERITY_STATS ([ABILITY_SCORE], [REACTION_ADJUSTMENT], [MISSILE_ATTACK_ADJUSTMENT], [DEFENSIVE_ADJUSTMENT]) VALUES (4,  -2, -2,  3);
INSERT INTO DEXTERITY_STATS ([ABILITY_SCORE], [REACTION_ADJUSTMENT], [MISSILE_ATTACK_ADJUSTMENT], [DEFENSIVE_ADJUSTMENT]) VALUES (5,  -1, -1,  2);
INSERT INTO DEXTERITY_STATS ([ABILITY_SCORE], [REACTION_ADJUSTMENT], [MISSILE_ATTACK_ADJUSTMENT], [DEFENSIVE_ADJUSTMENT]) VALUES (6,   0,  0,  1);
INSERT INTO DEXTERITY_STATS ([ABILITY_SCORE], [REACTION_ADJUSTMENT], [MISSILE_ATTACK_ADJUSTMENT], [DEFENSIVE_ADJUSTMENT]) VALUES (7,   0,  0,  0);
INSERT INTO DEXTERITY_STATS ([ABILITY_SCORE], [REACTION_ADJUSTMENT], [MISSILE_ATTACK_ADJUSTMENT], [DEFENSIVE_ADJUSTMENT]) VALUES (8,   0,  0,  0);
INSERT INTO DEXTERITY_STATS ([ABILITY_SCORE], [REACTION_ADJUSTMENT], [MISSILE_ATTACK_ADJUSTMENT], [DEFENSIVE_ADJUSTMENT]) VALUES (9,   0,  0,  0);
INSERT INTO DEXTERITY_STATS ([ABILITY_SCORE], [REACTION_ADJUSTMENT], [MISSILE_ATTACK_ADJUSTMENT], [DEFENSIVE_ADJUSTMENT]) VALUES (10,  0,  0,  0);
INSERT INTO DEXTERITY_STATS ([ABILITY_SCORE], [REACTION_ADJUSTMENT], [MISSILE_ATTACK_ADJUSTMENT], [DEFENSIVE_ADJUSTMENT]) VALUES (11,  0,  0,  0);
INSERT INTO DEXTERITY_STATS ([ABILITY_SCORE], [REACTION_ADJUSTMENT], [MISSILE_ATTACK_ADJUSTMENT], [DEFENSIVE_ADJUSTMENT]) VALUES (12,  0,  0,  0);
INSERT INTO DEXTERITY_STATS ([ABILITY_SCORE], [REACTION_ADJUSTMENT], [MISSILE_ATTACK_ADJUSTMENT], [DEFENSIVE_ADJUSTMENT]) VALUES (13,  0,  0,  0);
INSERT INTO DEXTERITY_STATS ([ABILITY_SCORE], [REACTION_ADJUSTMENT], [MISSILE_ATTACK_ADJUSTMENT], [DEFENSIVE_ADJUSTMENT]) VALUES (14,  0,  0,  0);
INSERT INTO DEXTERITY_STATS ([ABILITY_SCORE], [REACTION_ADJUSTMENT], [MISSILE_ATTACK_ADJUSTMENT], [DEFENSIVE_ADJUSTMENT]) VALUES (15,  0,  0, -1);
INSERT INTO DEXTERITY_STATS ([ABILITY_SCORE], [REACTION_ADJUSTMENT], [MISSILE_ATTACK_ADJUSTMENT], [DEFENSIVE_ADJUSTMENT]) VALUES (16,  1,  1, -2);
INSERT INTO DEXTERITY_STATS ([ABILITY_SCORE], [REACTION_ADJUSTMENT], [MISSILE_ATTACK_ADJUSTMENT], [DEFENSIVE_ADJUSTMENT]) VALUES (17,  2,  2, -3);
INSERT INTO DEXTERITY_STATS ([ABILITY_SCORE], [REACTION_ADJUSTMENT], [MISSILE_ATTACK_ADJUSTMENT], [DEFENSIVE_ADJUSTMENT]) VALUES (18,  2,  2, -4);
INSERT INTO DEXTERITY_STATS ([ABILITY_SCORE], [REACTION_ADJUSTMENT], [MISSILE_ATTACK_ADJUSTMENT], [DEFENSIVE_ADJUSTMENT]) VALUES (19,  3,  3, -4);
INSERT INTO DEXTERITY_STATS ([ABILITY_SCORE], [REACTION_ADJUSTMENT], [MISSILE_ATTACK_ADJUSTMENT], [DEFENSIVE_ADJUSTMENT]) VALUES (20,  3,  3, -4);
INSERT INTO DEXTERITY_STATS ([ABILITY_SCORE], [REACTION_ADJUSTMENT], [MISSILE_ATTACK_ADJUSTMENT], [DEFENSIVE_ADJUSTMENT]) VALUES (21,  4,  4, -5);
INSERT INTO DEXTERITY_STATS ([ABILITY_SCORE], [REACTION_ADJUSTMENT], [MISSILE_ATTACK_ADJUSTMENT], [DEFENSIVE_ADJUSTMENT]) VALUES (22,  4,  4, -5);
INSERT INTO DEXTERITY_STATS ([ABILITY_SCORE], [REACTION_ADJUSTMENT], [MISSILE_ATTACK_ADJUSTMENT], [DEFENSIVE_ADJUSTMENT]) VALUES (23,  4,  4, -5);
INSERT INTO DEXTERITY_STATS ([ABILITY_SCORE], [REACTION_ADJUSTMENT], [MISSILE_ATTACK_ADJUSTMENT], [DEFENSIVE_ADJUSTMENT]) VALUES (24,  5,  5, -6);
INSERT INTO DEXTERITY_STATS ([ABILITY_SCORE], [REACTION_ADJUSTMENT], [MISSILE_ATTACK_ADJUSTMENT], [DEFENSIVE_ADJUSTMENT]) VALUES (25,  5,  5, -6);
	
COMMIT TRANSACTION;

-------------------------------------------------------------------------------------------------------------

BEGIN TRANSACTION;

INSERT INTO CONSTITUTION_STATS ([ABILITY_SCORE], [HIT_POINT_ADJUSTMENT], [HIT_POINT_ADJUSTMENT_WARRIORS], [ROLLS_UPGRADE], [SYSTEM_SHOCK], [RESURRECTION_SURVIVAL], [POISON_SAVE], [REGENERATION_POINTS], [REGENERATION_TURNS]) VALUES (1,  -3, NULL, NULL,  25,  30, -2, NULL, NULL);
INSERT INTO CONSTITUTION_STATS ([ABILITY_SCORE], [HIT_POINT_ADJUSTMENT], [HIT_POINT_ADJUSTMENT_WARRIORS], [ROLLS_UPGRADE], [SYSTEM_SHOCK], [RESURRECTION_SURVIVAL], [POISON_SAVE], [REGENERATION_POINTS], [REGENERATION_TURNS]) VALUES (2,  -2, NULL, NULL,  30,  35, -1, NULL, NULL);
INSERT INTO CONSTITUTION_STATS ([ABILITY_SCORE], [HIT_POINT_ADJUSTMENT], [HIT_POINT_ADJUSTMENT_WARRIORS], [ROLLS_UPGRADE], [SYSTEM_SHOCK], [RESURRECTION_SURVIVAL], [POISON_SAVE], [REGENERATION_POINTS], [REGENERATION_TURNS]) VALUES (3,  -2, NULL, NULL,  35,  40,  0, NULL, NULL);
INSERT INTO CONSTITUTION_STATS ([ABILITY_SCORE], [HIT_POINT_ADJUSTMENT], [HIT_POINT_ADJUSTMENT_WARRIORS], [ROLLS_UPGRADE], [SYSTEM_SHOCK], [RESURRECTION_SURVIVAL], [POISON_SAVE], [REGENERATION_POINTS], [REGENERATION_TURNS]) VALUES (4,  -1, NULL, NULL,  40,  45,  0, NULL, NULL);
INSERT INTO CONSTITUTION_STATS ([ABILITY_SCORE], [HIT_POINT_ADJUSTMENT], [HIT_POINT_ADJUSTMENT_WARRIORS], [ROLLS_UPGRADE], [SYSTEM_SHOCK], [RESURRECTION_SURVIVAL], [POISON_SAVE], [REGENERATION_POINTS], [REGENERATION_TURNS]) VALUES (5,  -1, NULL, NULL,  45,  50,  0, NULL, NULL);
INSERT INTO CONSTITUTION_STATS ([ABILITY_SCORE], [HIT_POINT_ADJUSTMENT], [HIT_POINT_ADJUSTMENT_WARRIORS], [ROLLS_UPGRADE], [SYSTEM_SHOCK], [RESURRECTION_SURVIVAL], [POISON_SAVE], [REGENERATION_POINTS], [REGENERATION_TURNS]) VALUES (6,  -1, NULL, NULL,  50,  55,  0, NULL, NULL);
INSERT INTO CONSTITUTION_STATS ([ABILITY_SCORE], [HIT_POINT_ADJUSTMENT], [HIT_POINT_ADJUSTMENT_WARRIORS], [ROLLS_UPGRADE], [SYSTEM_SHOCK], [RESURRECTION_SURVIVAL], [POISON_SAVE], [REGENERATION_POINTS], [REGENERATION_TURNS]) VALUES (7,   0, NULL, NULL,  55,  60,  0, NULL, NULL);
INSERT INTO CONSTITUTION_STATS ([ABILITY_SCORE], [HIT_POINT_ADJUSTMENT], [HIT_POINT_ADJUSTMENT_WARRIORS], [ROLLS_UPGRADE], [SYSTEM_SHOCK], [RESURRECTION_SURVIVAL], [POISON_SAVE], [REGENERATION_POINTS], [REGENERATION_TURNS]) VALUES (8,   0, NULL, NULL,  60,  65,  0, NULL, NULL);
INSERT INTO CONSTITUTION_STATS ([ABILITY_SCORE], [HIT_POINT_ADJUSTMENT], [HIT_POINT_ADJUSTMENT_WARRIORS], [ROLLS_UPGRADE], [SYSTEM_SHOCK], [RESURRECTION_SURVIVAL], [POISON_SAVE], [REGENERATION_POINTS], [REGENERATION_TURNS]) VALUES (9,   0, NULL, NULL,  65,  70,  0, NULL, NULL);
INSERT INTO CONSTITUTION_STATS ([ABILITY_SCORE], [HIT_POINT_ADJUSTMENT], [HIT_POINT_ADJUSTMENT_WARRIORS], [ROLLS_UPGRADE], [SYSTEM_SHOCK], [RESURRECTION_SURVIVAL], [POISON_SAVE], [REGENERATION_POINTS], [REGENERATION_TURNS]) VALUES (10,  0, NULL, NULL,  70,  75,  0, NULL, NULL);
INSERT INTO CONSTITUTION_STATS ([ABILITY_SCORE], [HIT_POINT_ADJUSTMENT], [HIT_POINT_ADJUSTMENT_WARRIORS], [ROLLS_UPGRADE], [SYSTEM_SHOCK], [RESURRECTION_SURVIVAL], [POISON_SAVE], [REGENERATION_POINTS], [REGENERATION_TURNS]) VALUES (11,  0, NULL, NULL,  75,  80,  0, NULL, NULL);
INSERT INTO CONSTITUTION_STATS ([ABILITY_SCORE], [HIT_POINT_ADJUSTMENT], [HIT_POINT_ADJUSTMENT_WARRIORS], [ROLLS_UPGRADE], [SYSTEM_SHOCK], [RESURRECTION_SURVIVAL], [POISON_SAVE], [REGENERATION_POINTS], [REGENERATION_TURNS]) VALUES (12,  0, NULL, NULL,  80,  85,  0, NULL, NULL);
INSERT INTO CONSTITUTION_STATS ([ABILITY_SCORE], [HIT_POINT_ADJUSTMENT], [HIT_POINT_ADJUSTMENT_WARRIORS], [ROLLS_UPGRADE], [SYSTEM_SHOCK], [RESURRECTION_SURVIVAL], [POISON_SAVE], [REGENERATION_POINTS], [REGENERATION_TURNS]) VALUES (13,  0, NULL, NULL,  85,  90,  0, NULL, NULL);
INSERT INTO CONSTITUTION_STATS ([ABILITY_SCORE], [HIT_POINT_ADJUSTMENT], [HIT_POINT_ADJUSTMENT_WARRIORS], [ROLLS_UPGRADE], [SYSTEM_SHOCK], [RESURRECTION_SURVIVAL], [POISON_SAVE], [REGENERATION_POINTS], [REGENERATION_TURNS]) VALUES (14,  0, NULL, NULL,  88,  92,  0, NULL, NULL);
INSERT INTO CONSTITUTION_STATS ([ABILITY_SCORE], [HIT_POINT_ADJUSTMENT], [HIT_POINT_ADJUSTMENT_WARRIORS], [ROLLS_UPGRADE], [SYSTEM_SHOCK], [RESURRECTION_SURVIVAL], [POISON_SAVE], [REGENERATION_POINTS], [REGENERATION_TURNS]) VALUES (15,  1, NULL, NULL,  90,  94,  0, NULL, NULL);
INSERT INTO CONSTITUTION_STATS ([ABILITY_SCORE], [HIT_POINT_ADJUSTMENT], [HIT_POINT_ADJUSTMENT_WARRIORS], [ROLLS_UPGRADE], [SYSTEM_SHOCK], [RESURRECTION_SURVIVAL], [POISON_SAVE], [REGENERATION_POINTS], [REGENERATION_TURNS]) VALUES (16,  2, NULL, NULL,  95,  96,  0, NULL, NULL);
INSERT INTO CONSTITUTION_STATS ([ABILITY_SCORE], [HIT_POINT_ADJUSTMENT], [HIT_POINT_ADJUSTMENT_WARRIORS], [ROLLS_UPGRADE], [SYSTEM_SHOCK], [RESURRECTION_SURVIVAL], [POISON_SAVE], [REGENERATION_POINTS], [REGENERATION_TURNS]) VALUES (17,  2,    3, NULL,  97,  98,  0, NULL, NULL);
INSERT INTO CONSTITUTION_STATS ([ABILITY_SCORE], [HIT_POINT_ADJUSTMENT], [HIT_POINT_ADJUSTMENT_WARRIORS], [ROLLS_UPGRADE], [SYSTEM_SHOCK], [RESURRECTION_SURVIVAL], [POISON_SAVE], [REGENERATION_POINTS], [REGENERATION_TURNS]) VALUES (18,  2,    4, NULL,  99, 100,  0, NULL, NULL);
INSERT INTO CONSTITUTION_STATS ([ABILITY_SCORE], [HIT_POINT_ADJUSTMENT], [HIT_POINT_ADJUSTMENT_WARRIORS], [ROLLS_UPGRADE], [SYSTEM_SHOCK], [RESURRECTION_SURVIVAL], [POISON_SAVE], [REGENERATION_POINTS], [REGENERATION_TURNS]) VALUES (19,  2,    5, NULL,  99, 100,  1, NULL, NULL);
INSERT INTO CONSTITUTION_STATS ([ABILITY_SCORE], [HIT_POINT_ADJUSTMENT], [HIT_POINT_ADJUSTMENT_WARRIORS], [ROLLS_UPGRADE], [SYSTEM_SHOCK], [RESURRECTION_SURVIVAL], [POISON_SAVE], [REGENERATION_POINTS], [REGENERATION_TURNS]) VALUES (20,  2,    5,    1,  99, 100,  1,    1,    6);
INSERT INTO CONSTITUTION_STATS ([ABILITY_SCORE], [HIT_POINT_ADJUSTMENT], [HIT_POINT_ADJUSTMENT_WARRIORS], [ROLLS_UPGRADE], [SYSTEM_SHOCK], [RESURRECTION_SURVIVAL], [POISON_SAVE], [REGENERATION_POINTS], [REGENERATION_TURNS]) VALUES (21,  2,    6,    2,  99, 100,  2,    1,    5);
INSERT INTO CONSTITUTION_STATS ([ABILITY_SCORE], [HIT_POINT_ADJUSTMENT], [HIT_POINT_ADJUSTMENT_WARRIORS], [ROLLS_UPGRADE], [SYSTEM_SHOCK], [RESURRECTION_SURVIVAL], [POISON_SAVE], [REGENERATION_POINTS], [REGENERATION_TURNS]) VALUES (22,  2,    6,    2,  99, 100,  2,    1,    4);
INSERT INTO CONSTITUTION_STATS ([ABILITY_SCORE], [HIT_POINT_ADJUSTMENT], [HIT_POINT_ADJUSTMENT_WARRIORS], [ROLLS_UPGRADE], [SYSTEM_SHOCK], [RESURRECTION_SURVIVAL], [POISON_SAVE], [REGENERATION_POINTS], [REGENERATION_TURNS]) VALUES (23,  2,    6,    3,  99, 100,  3,    1,    3);
INSERT INTO CONSTITUTION_STATS ([ABILITY_SCORE], [HIT_POINT_ADJUSTMENT], [HIT_POINT_ADJUSTMENT_WARRIORS], [ROLLS_UPGRADE], [SYSTEM_SHOCK], [RESURRECTION_SURVIVAL], [POISON_SAVE], [REGENERATION_POINTS], [REGENERATION_TURNS]) VALUES (24,  2,    7,    3,  99, 100,  3,    1,    2);
INSERT INTO CONSTITUTION_STATS ([ABILITY_SCORE], [HIT_POINT_ADJUSTMENT], [HIT_POINT_ADJUSTMENT_WARRIORS], [ROLLS_UPGRADE], [SYSTEM_SHOCK], [RESURRECTION_SURVIVAL], [POISON_SAVE], [REGENERATION_POINTS], [REGENERATION_TURNS]) VALUES (25,  2,    7,    3, 100, 100,  4,    1,    1);

COMMIT TRANSACTION;

-------------------------------------------------------------------------------------------------------------

BEGIN TRANSACTION;

INSERT INTO INTELLIGENCE_STATS ([ABILITY_SCORE], [NUMBER_OF_LANGUAGES], [SPELL_LEVEL], [CHANCE_TO_LEARN_SPELL], [MAX_NUMBER_OF_SPELLS_PER_LEVEL], [ILLUSION_IMMUNITY]) VALUES (1,  0,  NULL, NULL,    0, NULL);
INSERT INTO INTELLIGENCE_STATS ([ABILITY_SCORE], [NUMBER_OF_LANGUAGES], [SPELL_LEVEL], [CHANCE_TO_LEARN_SPELL], [MAX_NUMBER_OF_SPELLS_PER_LEVEL], [ILLUSION_IMMUNITY]) VALUES (2,  1,  NULL, NULL,    0, NULL);
INSERT INTO INTELLIGENCE_STATS ([ABILITY_SCORE], [NUMBER_OF_LANGUAGES], [SPELL_LEVEL], [CHANCE_TO_LEARN_SPELL], [MAX_NUMBER_OF_SPELLS_PER_LEVEL], [ILLUSION_IMMUNITY]) VALUES (3,  1,  NULL, NULL,    0, NULL);
INSERT INTO INTELLIGENCE_STATS ([ABILITY_SCORE], [NUMBER_OF_LANGUAGES], [SPELL_LEVEL], [CHANCE_TO_LEARN_SPELL], [MAX_NUMBER_OF_SPELLS_PER_LEVEL], [ILLUSION_IMMUNITY]) VALUES (4,  1,  NULL, NULL,    0, NULL);
INSERT INTO INTELLIGENCE_STATS ([ABILITY_SCORE], [NUMBER_OF_LANGUAGES], [SPELL_LEVEL], [CHANCE_TO_LEARN_SPELL], [MAX_NUMBER_OF_SPELLS_PER_LEVEL], [ILLUSION_IMMUNITY]) VALUES (5,  1,  NULL, NULL,    0, NULL);
INSERT INTO INTELLIGENCE_STATS ([ABILITY_SCORE], [NUMBER_OF_LANGUAGES], [SPELL_LEVEL], [CHANCE_TO_LEARN_SPELL], [MAX_NUMBER_OF_SPELLS_PER_LEVEL], [ILLUSION_IMMUNITY]) VALUES (6,  1,  NULL, NULL,    0, NULL);
INSERT INTO INTELLIGENCE_STATS ([ABILITY_SCORE], [NUMBER_OF_LANGUAGES], [SPELL_LEVEL], [CHANCE_TO_LEARN_SPELL], [MAX_NUMBER_OF_SPELLS_PER_LEVEL], [ILLUSION_IMMUNITY]) VALUES (7,  1,  NULL, NULL,    0, NULL);
INSERT INTO INTELLIGENCE_STATS ([ABILITY_SCORE], [NUMBER_OF_LANGUAGES], [SPELL_LEVEL], [CHANCE_TO_LEARN_SPELL], [MAX_NUMBER_OF_SPELLS_PER_LEVEL], [ILLUSION_IMMUNITY]) VALUES (8,  1,  NULL, NULL,    0, NULL);
INSERT INTO INTELLIGENCE_STATS ([ABILITY_SCORE], [NUMBER_OF_LANGUAGES], [SPELL_LEVEL], [CHANCE_TO_LEARN_SPELL], [MAX_NUMBER_OF_SPELLS_PER_LEVEL], [ILLUSION_IMMUNITY]) VALUES (9,  2,     4,   35,    6, NULL);
INSERT INTO INTELLIGENCE_STATS ([ABILITY_SCORE], [NUMBER_OF_LANGUAGES], [SPELL_LEVEL], [CHANCE_TO_LEARN_SPELL], [MAX_NUMBER_OF_SPELLS_PER_LEVEL], [ILLUSION_IMMUNITY]) VALUES (10, 2,     5,   40,    7, NULL);
INSERT INTO INTELLIGENCE_STATS ([ABILITY_SCORE], [NUMBER_OF_LANGUAGES], [SPELL_LEVEL], [CHANCE_TO_LEARN_SPELL], [MAX_NUMBER_OF_SPELLS_PER_LEVEL], [ILLUSION_IMMUNITY]) VALUES (11, 2,     5,   45,    7, NULL);
INSERT INTO INTELLIGENCE_STATS ([ABILITY_SCORE], [NUMBER_OF_LANGUAGES], [SPELL_LEVEL], [CHANCE_TO_LEARN_SPELL], [MAX_NUMBER_OF_SPELLS_PER_LEVEL], [ILLUSION_IMMUNITY]) VALUES (12, 3,     6,   50,    7, NULL);
INSERT INTO INTELLIGENCE_STATS ([ABILITY_SCORE], [NUMBER_OF_LANGUAGES], [SPELL_LEVEL], [CHANCE_TO_LEARN_SPELL], [MAX_NUMBER_OF_SPELLS_PER_LEVEL], [ILLUSION_IMMUNITY]) VALUES (13, 3,     6,   55,    9, NULL);
INSERT INTO INTELLIGENCE_STATS ([ABILITY_SCORE], [NUMBER_OF_LANGUAGES], [SPELL_LEVEL], [CHANCE_TO_LEARN_SPELL], [MAX_NUMBER_OF_SPELLS_PER_LEVEL], [ILLUSION_IMMUNITY]) VALUES (14, 4,     7,   60,    9, NULL);
INSERT INTO INTELLIGENCE_STATS ([ABILITY_SCORE], [NUMBER_OF_LANGUAGES], [SPELL_LEVEL], [CHANCE_TO_LEARN_SPELL], [MAX_NUMBER_OF_SPELLS_PER_LEVEL], [ILLUSION_IMMUNITY]) VALUES (15, 4,     7,   65,   11, NULL);
INSERT INTO INTELLIGENCE_STATS ([ABILITY_SCORE], [NUMBER_OF_LANGUAGES], [SPELL_LEVEL], [CHANCE_TO_LEARN_SPELL], [MAX_NUMBER_OF_SPELLS_PER_LEVEL], [ILLUSION_IMMUNITY]) VALUES (16, 5,     8,   70,   11, NULL);
INSERT INTO INTELLIGENCE_STATS ([ABILITY_SCORE], [NUMBER_OF_LANGUAGES], [SPELL_LEVEL], [CHANCE_TO_LEARN_SPELL], [MAX_NUMBER_OF_SPELLS_PER_LEVEL], [ILLUSION_IMMUNITY]) VALUES (17, 6,     8,   75,   14, NULL);
INSERT INTO INTELLIGENCE_STATS ([ABILITY_SCORE], [NUMBER_OF_LANGUAGES], [SPELL_LEVEL], [CHANCE_TO_LEARN_SPELL], [MAX_NUMBER_OF_SPELLS_PER_LEVEL], [ILLUSION_IMMUNITY]) VALUES (18, 7,     9,   85,   18, NULL);
INSERT INTO INTELLIGENCE_STATS ([ABILITY_SCORE], [NUMBER_OF_LANGUAGES], [SPELL_LEVEL], [CHANCE_TO_LEARN_SPELL], [MAX_NUMBER_OF_SPELLS_PER_LEVEL], [ILLUSION_IMMUNITY]) VALUES (19, 8,     9,   95, NULL,    1);
INSERT INTO INTELLIGENCE_STATS ([ABILITY_SCORE], [NUMBER_OF_LANGUAGES], [SPELL_LEVEL], [CHANCE_TO_LEARN_SPELL], [MAX_NUMBER_OF_SPELLS_PER_LEVEL], [ILLUSION_IMMUNITY]) VALUES (20, 9,     9,   96, NULL,    2);
INSERT INTO INTELLIGENCE_STATS ([ABILITY_SCORE], [NUMBER_OF_LANGUAGES], [SPELL_LEVEL], [CHANCE_TO_LEARN_SPELL], [MAX_NUMBER_OF_SPELLS_PER_LEVEL], [ILLUSION_IMMUNITY]) VALUES (21, 10,    9,   97, NULL,    3);
INSERT INTO INTELLIGENCE_STATS ([ABILITY_SCORE], [NUMBER_OF_LANGUAGES], [SPELL_LEVEL], [CHANCE_TO_LEARN_SPELL], [MAX_NUMBER_OF_SPELLS_PER_LEVEL], [ILLUSION_IMMUNITY]) VALUES (22, 11,    9,   98, NULL,    4);
INSERT INTO INTELLIGENCE_STATS ([ABILITY_SCORE], [NUMBER_OF_LANGUAGES], [SPELL_LEVEL], [CHANCE_TO_LEARN_SPELL], [MAX_NUMBER_OF_SPELLS_PER_LEVEL], [ILLUSION_IMMUNITY]) VALUES (23, 12,    9,   99, NULL,    5);
INSERT INTO INTELLIGENCE_STATS ([ABILITY_SCORE], [NUMBER_OF_LANGUAGES], [SPELL_LEVEL], [CHANCE_TO_LEARN_SPELL], [MAX_NUMBER_OF_SPELLS_PER_LEVEL], [ILLUSION_IMMUNITY]) VALUES (24, 15,    9,  100, NULL,    6);
INSERT INTO INTELLIGENCE_STATS ([ABILITY_SCORE], [NUMBER_OF_LANGUAGES], [SPELL_LEVEL], [CHANCE_TO_LEARN_SPELL], [MAX_NUMBER_OF_SPELLS_PER_LEVEL], [ILLUSION_IMMUNITY]) VALUES (25, 20,    9,  100, NULL,    7);

COMMIT TRANSACTION;

-------------------------------------------------------------------------------------------------------------

BEGIN TRANSACTION;

INSERT INTO WISDOM_STATS ([ABILITY_SCORE], [MAGICAL_DEFENCE_ADJUSTMENT], [BONUS_SPELL_LEVEL_1], [BONUS_SPELL_LEVEL_2], [BONUS_SPELL_LEVEL_3], [BONUS_SPELL_LEVEL_4], [BONUS_SPELL_LEVEL_5], [BONUS_SPELL_LEVEL_6], [BONUS_SPELL_LEVEL_7], [CHANCE_OF_SPELL_FAILURE], [SPELL_IMMUNITY]) VALUES (1,  -6, NULL, NULL, NULL, NULL, NULL, NULL, NULL, 80, NULL);
INSERT INTO WISDOM_STATS ([ABILITY_SCORE], [MAGICAL_DEFENCE_ADJUSTMENT], [BONUS_SPELL_LEVEL_1], [BONUS_SPELL_LEVEL_2], [BONUS_SPELL_LEVEL_3], [BONUS_SPELL_LEVEL_4], [BONUS_SPELL_LEVEL_5], [BONUS_SPELL_LEVEL_6], [BONUS_SPELL_LEVEL_7], [CHANCE_OF_SPELL_FAILURE], [SPELL_IMMUNITY]) VALUES (2,  -4, NULL, NULL, NULL, NULL, NULL, NULL, NULL, 60, NULL);
INSERT INTO WISDOM_STATS ([ABILITY_SCORE], [MAGICAL_DEFENCE_ADJUSTMENT], [BONUS_SPELL_LEVEL_1], [BONUS_SPELL_LEVEL_2], [BONUS_SPELL_LEVEL_3], [BONUS_SPELL_LEVEL_4], [BONUS_SPELL_LEVEL_5], [BONUS_SPELL_LEVEL_6], [BONUS_SPELL_LEVEL_7], [CHANCE_OF_SPELL_FAILURE], [SPELL_IMMUNITY]) VALUES (3,  -3, NULL, NULL, NULL, NULL, NULL, NULL, NULL, 50, NULL);
INSERT INTO WISDOM_STATS ([ABILITY_SCORE], [MAGICAL_DEFENCE_ADJUSTMENT], [BONUS_SPELL_LEVEL_1], [BONUS_SPELL_LEVEL_2], [BONUS_SPELL_LEVEL_3], [BONUS_SPELL_LEVEL_4], [BONUS_SPELL_LEVEL_5], [BONUS_SPELL_LEVEL_6], [BONUS_SPELL_LEVEL_7], [CHANCE_OF_SPELL_FAILURE], [SPELL_IMMUNITY]) VALUES (4,  -2, NULL, NULL, NULL, NULL, NULL, NULL, NULL, 45, NULL);
INSERT INTO WISDOM_STATS ([ABILITY_SCORE], [MAGICAL_DEFENCE_ADJUSTMENT], [BONUS_SPELL_LEVEL_1], [BONUS_SPELL_LEVEL_2], [BONUS_SPELL_LEVEL_3], [BONUS_SPELL_LEVEL_4], [BONUS_SPELL_LEVEL_5], [BONUS_SPELL_LEVEL_6], [BONUS_SPELL_LEVEL_7], [CHANCE_OF_SPELL_FAILURE], [SPELL_IMMUNITY]) VALUES (5,  -1, NULL, NULL, NULL, NULL, NULL, NULL, NULL, 40, NULL);
INSERT INTO WISDOM_STATS ([ABILITY_SCORE], [MAGICAL_DEFENCE_ADJUSTMENT], [BONUS_SPELL_LEVEL_1], [BONUS_SPELL_LEVEL_2], [BONUS_SPELL_LEVEL_3], [BONUS_SPELL_LEVEL_4], [BONUS_SPELL_LEVEL_5], [BONUS_SPELL_LEVEL_6], [BONUS_SPELL_LEVEL_7], [CHANCE_OF_SPELL_FAILURE], [SPELL_IMMUNITY]) VALUES (6,  -1, NULL, NULL, NULL, NULL, NULL, NULL, NULL, 35, NULL);
INSERT INTO WISDOM_STATS ([ABILITY_SCORE], [MAGICAL_DEFENCE_ADJUSTMENT], [BONUS_SPELL_LEVEL_1], [BONUS_SPELL_LEVEL_2], [BONUS_SPELL_LEVEL_3], [BONUS_SPELL_LEVEL_4], [BONUS_SPELL_LEVEL_5], [BONUS_SPELL_LEVEL_6], [BONUS_SPELL_LEVEL_7], [CHANCE_OF_SPELL_FAILURE], [SPELL_IMMUNITY]) VALUES (7,  -1, NULL, NULL, NULL, NULL, NULL, NULL, NULL, 30, NULL);
INSERT INTO WISDOM_STATS ([ABILITY_SCORE], [MAGICAL_DEFENCE_ADJUSTMENT], [BONUS_SPELL_LEVEL_1], [BONUS_SPELL_LEVEL_2], [BONUS_SPELL_LEVEL_3], [BONUS_SPELL_LEVEL_4], [BONUS_SPELL_LEVEL_5], [BONUS_SPELL_LEVEL_6], [BONUS_SPELL_LEVEL_7], [CHANCE_OF_SPELL_FAILURE], [SPELL_IMMUNITY]) VALUES (8,   0, NULL, NULL, NULL, NULL, NULL, NULL, NULL, 25, NULL);
INSERT INTO WISDOM_STATS ([ABILITY_SCORE], [MAGICAL_DEFENCE_ADJUSTMENT], [BONUS_SPELL_LEVEL_1], [BONUS_SPELL_LEVEL_2], [BONUS_SPELL_LEVEL_3], [BONUS_SPELL_LEVEL_4], [BONUS_SPELL_LEVEL_5], [BONUS_SPELL_LEVEL_6], [BONUS_SPELL_LEVEL_7], [CHANCE_OF_SPELL_FAILURE], [SPELL_IMMUNITY]) VALUES (9,   0,    0,    0,    0,    0,    0,    0,    0, 20, NULL);
INSERT INTO WISDOM_STATS ([ABILITY_SCORE], [MAGICAL_DEFENCE_ADJUSTMENT], [BONUS_SPELL_LEVEL_1], [BONUS_SPELL_LEVEL_2], [BONUS_SPELL_LEVEL_3], [BONUS_SPELL_LEVEL_4], [BONUS_SPELL_LEVEL_5], [BONUS_SPELL_LEVEL_6], [BONUS_SPELL_LEVEL_7], [CHANCE_OF_SPELL_FAILURE], [SPELL_IMMUNITY]) VALUES (10,  0,    0,    0,    0,    0,    0,    0,    0, 15, NULL);
INSERT INTO WISDOM_STATS ([ABILITY_SCORE], [MAGICAL_DEFENCE_ADJUSTMENT], [BONUS_SPELL_LEVEL_1], [BONUS_SPELL_LEVEL_2], [BONUS_SPELL_LEVEL_3], [BONUS_SPELL_LEVEL_4], [BONUS_SPELL_LEVEL_5], [BONUS_SPELL_LEVEL_6], [BONUS_SPELL_LEVEL_7], [CHANCE_OF_SPELL_FAILURE], [SPELL_IMMUNITY]) VALUES (11,  0,    0,    0,    0,    0,    0,    0,    0, 10, NULL);
INSERT INTO WISDOM_STATS ([ABILITY_SCORE], [MAGICAL_DEFENCE_ADJUSTMENT], [BONUS_SPELL_LEVEL_1], [BONUS_SPELL_LEVEL_2], [BONUS_SPELL_LEVEL_3], [BONUS_SPELL_LEVEL_4], [BONUS_SPELL_LEVEL_5], [BONUS_SPELL_LEVEL_6], [BONUS_SPELL_LEVEL_7], [CHANCE_OF_SPELL_FAILURE], [SPELL_IMMUNITY]) VALUES (12,  0,    0,    0,    0,    0,    0,    0,    0,  0, NULL);
INSERT INTO WISDOM_STATS ([ABILITY_SCORE], [MAGICAL_DEFENCE_ADJUSTMENT], [BONUS_SPELL_LEVEL_1], [BONUS_SPELL_LEVEL_2], [BONUS_SPELL_LEVEL_3], [BONUS_SPELL_LEVEL_4], [BONUS_SPELL_LEVEL_5], [BONUS_SPELL_LEVEL_6], [BONUS_SPELL_LEVEL_7], [CHANCE_OF_SPELL_FAILURE], [SPELL_IMMUNITY]) VALUES (13,  0,    1, NULL, NULL, NULL, NULL, NULL, NULL,  0, NULL);
INSERT INTO WISDOM_STATS ([ABILITY_SCORE], [MAGICAL_DEFENCE_ADJUSTMENT], [BONUS_SPELL_LEVEL_1], [BONUS_SPELL_LEVEL_2], [BONUS_SPELL_LEVEL_3], [BONUS_SPELL_LEVEL_4], [BONUS_SPELL_LEVEL_5], [BONUS_SPELL_LEVEL_6], [BONUS_SPELL_LEVEL_7], [CHANCE_OF_SPELL_FAILURE], [SPELL_IMMUNITY]) VALUES (14,  0,    1, NULL, NULL, NULL, NULL, NULL, NULL,  0, NULL);
INSERT INTO WISDOM_STATS ([ABILITY_SCORE], [MAGICAL_DEFENCE_ADJUSTMENT], [BONUS_SPELL_LEVEL_1], [BONUS_SPELL_LEVEL_2], [BONUS_SPELL_LEVEL_3], [BONUS_SPELL_LEVEL_4], [BONUS_SPELL_LEVEL_5], [BONUS_SPELL_LEVEL_6], [BONUS_SPELL_LEVEL_7], [CHANCE_OF_SPELL_FAILURE], [SPELL_IMMUNITY]) VALUES (15,  1, NULL,    1, NULL, NULL, NULL, NULL, NULL,  0, NULL);
INSERT INTO WISDOM_STATS ([ABILITY_SCORE], [MAGICAL_DEFENCE_ADJUSTMENT], [BONUS_SPELL_LEVEL_1], [BONUS_SPELL_LEVEL_2], [BONUS_SPELL_LEVEL_3], [BONUS_SPELL_LEVEL_4], [BONUS_SPELL_LEVEL_5], [BONUS_SPELL_LEVEL_6], [BONUS_SPELL_LEVEL_7], [CHANCE_OF_SPELL_FAILURE], [SPELL_IMMUNITY]) VALUES (16,  2, NULL,    1, NULL, NULL, NULL, NULL, NULL,  0, NULL);
INSERT INTO WISDOM_STATS ([ABILITY_SCORE], [MAGICAL_DEFENCE_ADJUSTMENT], [BONUS_SPELL_LEVEL_1], [BONUS_SPELL_LEVEL_2], [BONUS_SPELL_LEVEL_3], [BONUS_SPELL_LEVEL_4], [BONUS_SPELL_LEVEL_5], [BONUS_SPELL_LEVEL_6], [BONUS_SPELL_LEVEL_7], [CHANCE_OF_SPELL_FAILURE], [SPELL_IMMUNITY]) VALUES (17,  3, NULL, NULL,    1, NULL, NULL, NULL, NULL,  0, NULL);
INSERT INTO WISDOM_STATS ([ABILITY_SCORE], [MAGICAL_DEFENCE_ADJUSTMENT], [BONUS_SPELL_LEVEL_1], [BONUS_SPELL_LEVEL_2], [BONUS_SPELL_LEVEL_3], [BONUS_SPELL_LEVEL_4], [BONUS_SPELL_LEVEL_5], [BONUS_SPELL_LEVEL_6], [BONUS_SPELL_LEVEL_7], [CHANCE_OF_SPELL_FAILURE], [SPELL_IMMUNITY]) VALUES (18,  4, NULL, NULL, NULL,    1, NULL, NULL, NULL,  0, NULL);
INSERT INTO WISDOM_STATS ([ABILITY_SCORE], [MAGICAL_DEFENCE_ADJUSTMENT], [BONUS_SPELL_LEVEL_1], [BONUS_SPELL_LEVEL_2], [BONUS_SPELL_LEVEL_3], [BONUS_SPELL_LEVEL_4], [BONUS_SPELL_LEVEL_5], [BONUS_SPELL_LEVEL_6], [BONUS_SPELL_LEVEL_7], [CHANCE_OF_SPELL_FAILURE], [SPELL_IMMUNITY]) VALUES (19,  4,    1, NULL,    1, NULL, NULL, NULL, NULL,  0, 1);
INSERT INTO WISDOM_STATS ([ABILITY_SCORE], [MAGICAL_DEFENCE_ADJUSTMENT], [BONUS_SPELL_LEVEL_1], [BONUS_SPELL_LEVEL_2], [BONUS_SPELL_LEVEL_3], [BONUS_SPELL_LEVEL_4], [BONUS_SPELL_LEVEL_5], [BONUS_SPELL_LEVEL_6], [BONUS_SPELL_LEVEL_7], [CHANCE_OF_SPELL_FAILURE], [SPELL_IMMUNITY]) VALUES (20,  4, NULL,    1, NULL,    1, NULL, NULL, NULL,  0, 1);
INSERT INTO WISDOM_STATS ([ABILITY_SCORE], [MAGICAL_DEFENCE_ADJUSTMENT], [BONUS_SPELL_LEVEL_1], [BONUS_SPELL_LEVEL_2], [BONUS_SPELL_LEVEL_3], [BONUS_SPELL_LEVEL_4], [BONUS_SPELL_LEVEL_5], [BONUS_SPELL_LEVEL_6], [BONUS_SPELL_LEVEL_7], [CHANCE_OF_SPELL_FAILURE], [SPELL_IMMUNITY]) VALUES (21,  4, NULL, NULL,    1, NULL,    1, NULL, NULL,  0, 1);
INSERT INTO WISDOM_STATS ([ABILITY_SCORE], [MAGICAL_DEFENCE_ADJUSTMENT], [BONUS_SPELL_LEVEL_1], [BONUS_SPELL_LEVEL_2], [BONUS_SPELL_LEVEL_3], [BONUS_SPELL_LEVEL_4], [BONUS_SPELL_LEVEL_5], [BONUS_SPELL_LEVEL_6], [BONUS_SPELL_LEVEL_7], [CHANCE_OF_SPELL_FAILURE], [SPELL_IMMUNITY]) VALUES (22,  4, NULL, NULL, NULL,    1,    1, NULL, NULL,  0, 1);
INSERT INTO WISDOM_STATS ([ABILITY_SCORE], [MAGICAL_DEFENCE_ADJUSTMENT], [BONUS_SPELL_LEVEL_1], [BONUS_SPELL_LEVEL_2], [BONUS_SPELL_LEVEL_3], [BONUS_SPELL_LEVEL_4], [BONUS_SPELL_LEVEL_5], [BONUS_SPELL_LEVEL_6], [BONUS_SPELL_LEVEL_7], [CHANCE_OF_SPELL_FAILURE], [SPELL_IMMUNITY]) VALUES (23,  4,    1, NULL, NULL, NULL, NULL,    1, NULL,  0, 1);
INSERT INTO WISDOM_STATS ([ABILITY_SCORE], [MAGICAL_DEFENCE_ADJUSTMENT], [BONUS_SPELL_LEVEL_1], [BONUS_SPELL_LEVEL_2], [BONUS_SPELL_LEVEL_3], [BONUS_SPELL_LEVEL_4], [BONUS_SPELL_LEVEL_5], [BONUS_SPELL_LEVEL_6], [BONUS_SPELL_LEVEL_7], [CHANCE_OF_SPELL_FAILURE], [SPELL_IMMUNITY]) VALUES (24,  4, NULL, NULL, NULL, NULL,    1,    1, NULL,  0, 1);
INSERT INTO WISDOM_STATS ([ABILITY_SCORE], [MAGICAL_DEFENCE_ADJUSTMENT], [BONUS_SPELL_LEVEL_1], [BONUS_SPELL_LEVEL_2], [BONUS_SPELL_LEVEL_3], [BONUS_SPELL_LEVEL_4], [BONUS_SPELL_LEVEL_5], [BONUS_SPELL_LEVEL_6], [BONUS_SPELL_LEVEL_7], [CHANCE_OF_SPELL_FAILURE], [SPELL_IMMUNITY]) VALUES (25,  4, NULL, NULL, NULL, NULL, NULL,    1,    1,  0, 1);

COMMIT TRANSACTION;

-------------------------------------------------------------------------------------------------------------

BEGIN TRANSACTION;

INSERT INTO CHARISMA_STATS ([ABILITY_SCORE], [MAXIMUM_NUMBER_OF_HENCHMEN], [LOYALTY_BASE], [REACTION_ADJUSTMENT]) VALUES (1,   0, -8, -7);
INSERT INTO CHARISMA_STATS ([ABILITY_SCORE], [MAXIMUM_NUMBER_OF_HENCHMEN], [LOYALTY_BASE], [REACTION_ADJUSTMENT]) VALUES (2,   1, -7, -6);
INSERT INTO CHARISMA_STATS ([ABILITY_SCORE], [MAXIMUM_NUMBER_OF_HENCHMEN], [LOYALTY_BASE], [REACTION_ADJUSTMENT]) VALUES (3,   1, -6, -5);
INSERT INTO CHARISMA_STATS ([ABILITY_SCORE], [MAXIMUM_NUMBER_OF_HENCHMEN], [LOYALTY_BASE], [REACTION_ADJUSTMENT]) VALUES (4,   1, -5, -4);
INSERT INTO CHARISMA_STATS ([ABILITY_SCORE], [MAXIMUM_NUMBER_OF_HENCHMEN], [LOYALTY_BASE], [REACTION_ADJUSTMENT]) VALUES (5,   2, -4, -3);
INSERT INTO CHARISMA_STATS ([ABILITY_SCORE], [MAXIMUM_NUMBER_OF_HENCHMEN], [LOYALTY_BASE], [REACTION_ADJUSTMENT]) VALUES (6,   2, -3, -2);
INSERT INTO CHARISMA_STATS ([ABILITY_SCORE], [MAXIMUM_NUMBER_OF_HENCHMEN], [LOYALTY_BASE], [REACTION_ADJUSTMENT]) VALUES (7,   3, -2, -1);
INSERT INTO CHARISMA_STATS ([ABILITY_SCORE], [MAXIMUM_NUMBER_OF_HENCHMEN], [LOYALTY_BASE], [REACTION_ADJUSTMENT]) VALUES (8,   3, -1,  0);
INSERT INTO CHARISMA_STATS ([ABILITY_SCORE], [MAXIMUM_NUMBER_OF_HENCHMEN], [LOYALTY_BASE], [REACTION_ADJUSTMENT]) VALUES (9,   4,  0,  0);
INSERT INTO CHARISMA_STATS ([ABILITY_SCORE], [MAXIMUM_NUMBER_OF_HENCHMEN], [LOYALTY_BASE], [REACTION_ADJUSTMENT]) VALUES (10,  4,  0,  0);
INSERT INTO CHARISMA_STATS ([ABILITY_SCORE], [MAXIMUM_NUMBER_OF_HENCHMEN], [LOYALTY_BASE], [REACTION_ADJUSTMENT]) VALUES (11,  4,  0,  0);
INSERT INTO CHARISMA_STATS ([ABILITY_SCORE], [MAXIMUM_NUMBER_OF_HENCHMEN], [LOYALTY_BASE], [REACTION_ADJUSTMENT]) VALUES (12,  5,  0,  0);
INSERT INTO CHARISMA_STATS ([ABILITY_SCORE], [MAXIMUM_NUMBER_OF_HENCHMEN], [LOYALTY_BASE], [REACTION_ADJUSTMENT]) VALUES (13,  5,  0,  1);
INSERT INTO CHARISMA_STATS ([ABILITY_SCORE], [MAXIMUM_NUMBER_OF_HENCHMEN], [LOYALTY_BASE], [REACTION_ADJUSTMENT]) VALUES (14,  6,  1,  2);
INSERT INTO CHARISMA_STATS ([ABILITY_SCORE], [MAXIMUM_NUMBER_OF_HENCHMEN], [LOYALTY_BASE], [REACTION_ADJUSTMENT]) VALUES (15,  7,  3,  3);
INSERT INTO CHARISMA_STATS ([ABILITY_SCORE], [MAXIMUM_NUMBER_OF_HENCHMEN], [LOYALTY_BASE], [REACTION_ADJUSTMENT]) VALUES (16,  8,  4,  5);
INSERT INTO CHARISMA_STATS ([ABILITY_SCORE], [MAXIMUM_NUMBER_OF_HENCHMEN], [LOYALTY_BASE], [REACTION_ADJUSTMENT]) VALUES (17, 10,  6,  6);
INSERT INTO CHARISMA_STATS ([ABILITY_SCORE], [MAXIMUM_NUMBER_OF_HENCHMEN], [LOYALTY_BASE], [REACTION_ADJUSTMENT]) VALUES (18, 15,  8,  7);
INSERT INTO CHARISMA_STATS ([ABILITY_SCORE], [MAXIMUM_NUMBER_OF_HENCHMEN], [LOYALTY_BASE], [REACTION_ADJUSTMENT]) VALUES (19, 20, 10,  8);
INSERT INTO CHARISMA_STATS ([ABILITY_SCORE], [MAXIMUM_NUMBER_OF_HENCHMEN], [LOYALTY_BASE], [REACTION_ADJUSTMENT]) VALUES (20, 25, 12,  9);
INSERT INTO CHARISMA_STATS ([ABILITY_SCORE], [MAXIMUM_NUMBER_OF_HENCHMEN], [LOYALTY_BASE], [REACTION_ADJUSTMENT]) VALUES (21, 30, 14, 10);
INSERT INTO CHARISMA_STATS ([ABILITY_SCORE], [MAXIMUM_NUMBER_OF_HENCHMEN], [LOYALTY_BASE], [REACTION_ADJUSTMENT]) VALUES (22, 35, 16, 11);
INSERT INTO CHARISMA_STATS ([ABILITY_SCORE], [MAXIMUM_NUMBER_OF_HENCHMEN], [LOYALTY_BASE], [REACTION_ADJUSTMENT]) VALUES (23, 40, 18, 12);
INSERT INTO CHARISMA_STATS ([ABILITY_SCORE], [MAXIMUM_NUMBER_OF_HENCHMEN], [LOYALTY_BASE], [REACTION_ADJUSTMENT]) VALUES (24, 45, 20, 13);
INSERT INTO CHARISMA_STATS ([ABILITY_SCORE], [MAXIMUM_NUMBER_OF_HENCHMEN], [LOYALTY_BASE], [REACTION_ADJUSTMENT]) VALUES (25, 50, 20, 14);

COMMIT TRANSACTION;

-------------------------------------------------------------------------------------------------------------

BEGIN TRANSACTION;

-- DEFAULT BOUNDARIES
INSERT INTO SKILL_REQUISITE_VALUES ([SKILL_ID], [REQUISITE_ID], [OBJECT], [MIN], [MAX]) VALUES (0, 0, NULL, 3, 18);
INSERT INTO SKILL_REQUISITE_VALUES ([SKILL_ID], [REQUISITE_ID], [OBJECT], [MIN], [MAX]) VALUES (1, 0, NULL, 3, 18);
INSERT INTO SKILL_REQUISITE_VALUES ([SKILL_ID], [REQUISITE_ID], [OBJECT], [MIN], [MAX]) VALUES (2, 0, NULL, 3, 18);
INSERT INTO SKILL_REQUISITE_VALUES ([SKILL_ID], [REQUISITE_ID], [OBJECT], [MIN], [MAX]) VALUES (3, 0, NULL, 3, 18);
INSERT INTO SKILL_REQUISITE_VALUES ([SKILL_ID], [REQUISITE_ID], [OBJECT], [MIN], [MAX]) VALUES (4, 0, NULL, 3, 18);
INSERT INTO SKILL_REQUISITE_VALUES ([SKILL_ID], [REQUISITE_ID], [OBJECT], [MIN], [MAX]) VALUES (5, 0, NULL, 3, 18);

-- BOUNDARIES PER CLASS TYPE
INSERT INTO SKILL_REQUISITE_VALUES ([SKILL_ID], [REQUISITE_ID], [OBJECT], [MIN], [MAX]) VALUES (0, 1, 1, 9, 18);
INSERT INTO SKILL_REQUISITE_VALUES ([SKILL_ID], [REQUISITE_ID], [OBJECT], [MIN], [MAX]) VALUES (3, 1, 2, 9, 18);
INSERT INTO SKILL_REQUISITE_VALUES ([SKILL_ID], [REQUISITE_ID], [OBJECT], [MIN], [MAX]) VALUES (4, 1, 4, 9, 18);
INSERT INTO SKILL_REQUISITE_VALUES ([SKILL_ID], [REQUISITE_ID], [OBJECT], [MIN], [MAX]) VALUES (1, 1, 8, 9, 18);

-- BOUNDARIES PER CLASS
--  PALADIN
INSERT INTO SKILL_REQUISITE_VALUES ([SKILL_ID], [REQUISITE_ID], [OBJECT], [MIN], [MAX]) VALUES (0, 2, 2, 12, 18);
INSERT INTO SKILL_REQUISITE_VALUES ([SKILL_ID], [REQUISITE_ID], [OBJECT], [MIN], [MAX]) VALUES (2, 2, 2, 9, 18);
INSERT INTO SKILL_REQUISITE_VALUES ([SKILL_ID], [REQUISITE_ID], [OBJECT], [MIN], [MAX]) VALUES (4, 2, 2, 13, 18);
INSERT INTO SKILL_REQUISITE_VALUES ([SKILL_ID], [REQUISITE_ID], [OBJECT], [MIN], [MAX]) VALUES (5, 2, 2, 17, 18);

--  RANGER
INSERT INTO SKILL_REQUISITE_VALUES ([SKILL_ID], [REQUISITE_ID], [OBJECT], [MIN], [MAX]) VALUES (0, 2, 4, 13, 18);
INSERT INTO SKILL_REQUISITE_VALUES ([SKILL_ID], [REQUISITE_ID], [OBJECT], [MIN], [MAX]) VALUES (1, 2, 4, 13, 18);
INSERT INTO SKILL_REQUISITE_VALUES ([SKILL_ID], [REQUISITE_ID], [OBJECT], [MIN], [MAX]) VALUES (2, 2, 4, 14, 18);
INSERT INTO SKILL_REQUISITE_VALUES ([SKILL_ID], [REQUISITE_ID], [OBJECT], [MIN], [MAX]) VALUES (4, 2, 4, 14, 18);

--  DRUID
INSERT INTO SKILL_REQUISITE_VALUES ([SKILL_ID], [REQUISITE_ID], [OBJECT], [MIN], [MAX]) VALUES (4, 2, 8192, 12, 18);
INSERT INTO SKILL_REQUISITE_VALUES ([SKILL_ID], [REQUISITE_ID], [OBJECT], [MIN], [MAX]) VALUES (5, 2, 8192, 15, 18);

--  BARD
INSERT INTO SKILL_REQUISITE_VALUES ([SKILL_ID], [REQUISITE_ID], [OBJECT], [MIN], [MAX]) VALUES (1, 2, 65536, 12, 18);
INSERT INTO SKILL_REQUISITE_VALUES ([SKILL_ID], [REQUISITE_ID], [OBJECT], [MIN], [MAX]) VALUES (3, 2, 65536, 13, 18);
INSERT INTO SKILL_REQUISITE_VALUES ([SKILL_ID], [REQUISITE_ID], [OBJECT], [MIN], [MAX]) VALUES (5, 2, 65536, 15, 18);

--  ABJURER
INSERT INTO SKILL_REQUISITE_VALUES ([SKILL_ID], [REQUISITE_ID], [OBJECT], [MIN], [MAX]) VALUES (4, 2, 16, 15, 18);

-- SUMMONER
INSERT INTO SKILL_REQUISITE_VALUES ([SKILL_ID], [REQUISITE_ID], [OBJECT], [MIN], [MAX]) VALUES (3, 2, 32, 15, 18);

-- DIVINATOR
INSERT INTO SKILL_REQUISITE_VALUES ([SKILL_ID], [REQUISITE_ID], [OBJECT], [MIN], [MAX]) VALUES (4, 2, 64, 16, 18);

-- ENCHANTER
INSERT INTO SKILL_REQUISITE_VALUES ([SKILL_ID], [REQUISITE_ID], [OBJECT], [MIN], [MAX]) VALUES (5, 2, 128, 16, 18);

-- ILLUSIONIST
INSERT INTO SKILL_REQUISITE_VALUES ([SKILL_ID], [REQUISITE_ID], [OBJECT], [MIN], [MAX]) VALUES (1, 2, 256, 16, 18);

-- EVOCATOR
INSERT INTO SKILL_REQUISITE_VALUES ([SKILL_ID], [REQUISITE_ID], [OBJECT], [MIN], [MAX]) VALUES (2, 2, 512, 16, 18);

-- NECROMANCER
INSERT INTO SKILL_REQUISITE_VALUES ([SKILL_ID], [REQUISITE_ID], [OBJECT], [MIN], [MAX]) VALUES (4, 2, 1024, 16, 18);

-- ALTERATOR
INSERT INTO SKILL_REQUISITE_VALUES ([SKILL_ID], [REQUISITE_ID], [OBJECT], [MIN], [MAX]) VALUES (1, 2, 2048, 15, 18);


-- BOUNDARIES PER RACE
--	ELF
INSERT INTO SKILL_REQUISITE_VALUES ([SKILL_ID], [REQUISITE_ID], [OBJECT], [MIN], [MAX]) VALUES (1, 3, 1, 6, 18);
INSERT INTO SKILL_REQUISITE_VALUES ([SKILL_ID], [REQUISITE_ID], [OBJECT], [MIN], [MAX]) VALUES (2, 3, 1, 7, 18);
INSERT INTO SKILL_REQUISITE_VALUES ([SKILL_ID], [REQUISITE_ID], [OBJECT], [MIN], [MAX]) VALUES (3, 3, 1, 8, 18);
INSERT INTO SKILL_REQUISITE_VALUES ([SKILL_ID], [REQUISITE_ID], [OBJECT], [MIN], [MAX]) VALUES (5, 3, 1, 8, 18);
--	DWARF
INSERT INTO SKILL_REQUISITE_VALUES ([SKILL_ID], [REQUISITE_ID], [OBJECT], [MIN], [MAX]) VALUES (0, 3, 2, 8, 18);
INSERT INTO SKILL_REQUISITE_VALUES ([SKILL_ID], [REQUISITE_ID], [OBJECT], [MIN], [MAX]) VALUES (1, 3, 2, 3, 17);
INSERT INTO SKILL_REQUISITE_VALUES ([SKILL_ID], [REQUISITE_ID], [OBJECT], [MIN], [MAX]) VALUES (2, 3, 2, 11, 18);
INSERT INTO SKILL_REQUISITE_VALUES ([SKILL_ID], [REQUISITE_ID], [OBJECT], [MIN], [MAX]) VALUES (5, 3, 2, 3, 17);
--HALFLING
INSERT INTO SKILL_REQUISITE_VALUES ([SKILL_ID], [REQUISITE_ID], [OBJECT], [MIN], [MAX]) VALUES (0, 3, 5,  7, 18);
INSERT INTO SKILL_REQUISITE_VALUES ([SKILL_ID], [REQUISITE_ID], [OBJECT], [MIN], [MAX]) VALUES (1, 3, 5,  7, 18);
INSERT INTO SKILL_REQUISITE_VALUES ([SKILL_ID], [REQUISITE_ID], [OBJECT], [MIN], [MAX]) VALUES (2, 3, 5, 10, 18);
INSERT INTO SKILL_REQUISITE_VALUES ([SKILL_ID], [REQUISITE_ID], [OBJECT], [MIN], [MAX]) VALUES (3, 3, 5,  6, 18);
INSERT INTO SKILL_REQUISITE_VALUES ([SKILL_ID], [REQUISITE_ID], [OBJECT], [MIN], [MAX]) VALUES (4, 3, 5,  3, 17);
--GNOME
INSERT INTO SKILL_REQUISITE_VALUES ([SKILL_ID], [REQUISITE_ID], [OBJECT], [MIN], [MAX]) VALUES (0, 3, 3, 6, 18);
INSERT INTO SKILL_REQUISITE_VALUES ([SKILL_ID], [REQUISITE_ID], [OBJECT], [MIN], [MAX]) VALUES (2, 3, 3, 8, 18);
INSERT INTO SKILL_REQUISITE_VALUES ([SKILL_ID], [REQUISITE_ID], [OBJECT], [MIN], [MAX]) VALUES (3, 3, 3, 6, 18);
--HALF-ELF
INSERT INTO SKILL_REQUISITE_VALUES ([SKILL_ID], [REQUISITE_ID], [OBJECT], [MIN], [MAX]) VALUES (1, 3, 4, 6, 18);
INSERT INTO SKILL_REQUISITE_VALUES ([SKILL_ID], [REQUISITE_ID], [OBJECT], [MIN], [MAX]) VALUES (2, 3, 4, 6, 18);
INSERT INTO SKILL_REQUISITE_VALUES ([SKILL_ID], [REQUISITE_ID], [OBJECT], [MIN], [MAX]) VALUES (3, 3, 4, 4, 18);

COMMIT TRANSACTION;

-------------------------------------------------------------------------------------------------------------

BEGIN TRANSACTION;

--ELF
INSERT INTO SKILL_MODIFIER ([RACE_ID], [SKILL_ID], [VALUE]) VALUES (1, 1, 1);
INSERT INTO SKILL_MODIFIER ([RACE_ID], [SKILL_ID], [VALUE]) VALUES (1, 2, -1);
--DWARF
INSERT INTO SKILL_MODIFIER ([RACE_ID], [SKILL_ID], [VALUE]) VALUES (2, 2, 1);
INSERT INTO SKILL_MODIFIER ([RACE_ID], [SKILL_ID], [VALUE]) VALUES (2, 5, -1);
--HALFLING
INSERT INTO SKILL_MODIFIER ([RACE_ID], [SKILL_ID], [VALUE]) VALUES (5, 0, -1);
INSERT INTO SKILL_MODIFIER ([RACE_ID], [SKILL_ID], [VALUE]) VALUES (5, 1, 1);
--GNOME
INSERT INTO SKILL_MODIFIER ([RACE_ID], [SKILL_ID], [VALUE]) VALUES (3, 3, 1);
INSERT INTO SKILL_MODIFIER ([RACE_ID], [SKILL_ID], [VALUE]) VALUES (3, 4, -1);

COMMIT TRANSACTION;

-------------------------------------------------------------------------------------------------------------

BEGIN TRANSACTION;

INSERT INTO RACIAL_STATS ([RACE_ID], [HEIGHT_BASE_MALE], [HEIGHT_BASE_FEMALE], [HEIGHT_DICE_NUMBER], [HEIGHT_DICE_FACES], [HEIGHT_DICE_NUMBER_2], [HEIGHT_DICE_FACES_2], [WEIGHT_BASE_MALE], [WEIGHT_BASE_FEMALE], [WEIGHT_DICE_NUMBER], [WEIGHT_DICE_FACES], [WEIGHT_DICE_NUMBER_2], [WEIGHT_DICE_FACES_2], [AGE_STARTING], [AGE_DICE_NUMBER], [AGE_DICE_FACES], [AGE_MAXIMUM], [AGE_MAXIMUM_DICE_NUMBER], [AGE_MAXIMUM_DICE_FACES], [MIDDLE_AGE], [OLD_AGE], [VENERABLE_AGE]) VALUES (2, 108, 103, 2, 10, 1, 5, 59, 48, 2, 10, NULL, NULL, 40, 5,  6, 250, 2, 100, 125, 167, 250);
INSERT INTO RACIAL_STATS ([RACE_ID], [HEIGHT_BASE_MALE], [HEIGHT_BASE_FEMALE], [HEIGHT_DICE_NUMBER], [HEIGHT_DICE_FACES], [HEIGHT_DICE_NUMBER_2], [HEIGHT_DICE_FACES_2], [WEIGHT_BASE_MALE], [WEIGHT_BASE_FEMALE], [WEIGHT_DICE_NUMBER], [WEIGHT_DICE_FACES], [WEIGHT_DICE_NUMBER_2], [WEIGHT_DICE_FACES_2], [AGE_STARTING], [AGE_DICE_NUMBER], [AGE_DICE_FACES], [AGE_MAXIMUM], [AGE_MAXIMUM_DICE_NUMBER], [AGE_MAXIMUM_DICE_FACES], [MIDDLE_AGE], [OLD_AGE], [VENERABLE_AGE]) VALUES (1, 140, 130, 2, 10, 1, 5,  41,  38, 1, 10, 1, 5, 100, 5,  6, 350, 4, 100, 175, 233, 350);
INSERT INTO RACIAL_STATS ([RACE_ID], [HEIGHT_BASE_MALE], [HEIGHT_BASE_FEMALE], [HEIGHT_DICE_NUMBER], [HEIGHT_DICE_FACES], [HEIGHT_DICE_NUMBER_2], [HEIGHT_DICE_FACES_2], [WEIGHT_BASE_MALE], [WEIGHT_BASE_FEMALE], [WEIGHT_DICE_NUMBER], [WEIGHT_DICE_FACES], [WEIGHT_DICE_NUMBER_2], [WEIGHT_DICE_FACES_2], [AGE_STARTING], [AGE_DICE_NUMBER], [AGE_DICE_FACES], [AGE_MAXIMUM], [AGE_MAXIMUM_DICE_NUMBER], [AGE_MAXIMUM_DICE_FACES], [MIDDLE_AGE], [OLD_AGE], [VENERABLE_AGE]) VALUES (3, 95, 90, 2,  6, 1, 3,  33,  31, 2,  4, 1, 2,  60, 3, 12, 200, 3, 100, 100, 133, 200);
INSERT INTO RACIAL_STATS ([RACE_ID], [HEIGHT_BASE_MALE], [HEIGHT_BASE_FEMALE], [HEIGHT_DICE_NUMBER], [HEIGHT_DICE_FACES], [HEIGHT_DICE_NUMBER_2], [HEIGHT_DICE_FACES_2], [WEIGHT_BASE_MALE], [WEIGHT_BASE_FEMALE], [WEIGHT_DICE_NUMBER], [WEIGHT_DICE_FACES], [WEIGHT_DICE_NUMBER_2], [WEIGHT_DICE_FACES_2], [AGE_STARTING], [AGE_DICE_NUMBER], [AGE_DICE_FACES], [AGE_MAXIMUM], [AGE_MAXIMUM_DICE_NUMBER], [AGE_MAXIMUM_DICE_FACES], [MIDDLE_AGE], [OLD_AGE], [VENERABLE_AGE]) VALUES (4, 150, 145, 5,  6, NULL, NULL, 50,  39, 1, 12, 1, 6,  15, 1,  6, 125, 3,  20, 62,   83, 125);
INSERT INTO RACIAL_STATS ([RACE_ID], [HEIGHT_BASE_MALE], [HEIGHT_BASE_FEMALE], [HEIGHT_DICE_NUMBER], [HEIGHT_DICE_FACES], [HEIGHT_DICE_NUMBER_2], [HEIGHT_DICE_FACES_2], [WEIGHT_BASE_MALE], [WEIGHT_BASE_FEMALE], [WEIGHT_DICE_NUMBER], [WEIGHT_DICE_FACES], [WEIGHT_DICE_NUMBER_2], [WEIGHT_DICE_FACES_2], [AGE_STARTING], [AGE_DICE_NUMBER], [AGE_DICE_FACES], [AGE_MAXIMUM], [AGE_MAXIMUM_DICE_NUMBER], [AGE_MAXIMUM_DICE_FACES], [MIDDLE_AGE], [OLD_AGE], [VENERABLE_AGE]) VALUES (5, 80, 75, 5,  8, NULL, NULL,  24,  22, 2,  4, 1, 2,  20, 3,  4, 100, 1, 100, 50,   67, 100);
INSERT INTO RACIAL_STATS ([RACE_ID], [HEIGHT_BASE_MALE], [HEIGHT_BASE_FEMALE], [HEIGHT_DICE_NUMBER], [HEIGHT_DICE_FACES], [HEIGHT_DICE_NUMBER_2], [HEIGHT_DICE_FACES_2], [WEIGHT_BASE_MALE], [WEIGHT_BASE_FEMALE], [WEIGHT_DICE_NUMBER], [WEIGHT_DICE_FACES], [WEIGHT_DICE_NUMBER_2], [WEIGHT_DICE_FACES_2], [AGE_STARTING], [AGE_DICE_NUMBER], [AGE_DICE_FACES], [AGE_MAXIMUM], [AGE_MAXIMUM_DICE_NUMBER], [AGE_MAXIMUM_DICE_FACES], [MIDDLE_AGE], [OLD_AGE], [VENERABLE_AGE]) VALUES (0, 150, 148, 5, 10, NULL, NULL, 63, 45, 3, 10, NULL, NULL, 15, 1,  4,  90, 2,  20, 45,   60,  90);

COMMIT TRANSACTION;

-------------------------------------------------------------------------------------------------------------

BEGIN TRANSACTION;

INSERT INTO AGEING_EFFECTS ([ID], [DESCRIPTION], [STRENGTH_MODIFIER], [DEXTERITY_MODIFIER], [CONSTITUTION_MODIFIER], [INTELLIGENCE_MODIFIER], [WISDOM_MODIFIER], [CHARISMA_MODIFIER]) VALUES (1, 'Middle age', -1,  0, -1, 1, 1, 0);
INSERT INTO AGEING_EFFECTS ([ID], [DESCRIPTION], [STRENGTH_MODIFIER], [DEXTERITY_MODIFIER], [CONSTITUTION_MODIFIER], [INTELLIGENCE_MODIFIER], [WISDOM_MODIFIER], [CHARISMA_MODIFIER]) VALUES (2, 'Old age',    -2, -2, -1, 0, 1, 0);
INSERT INTO AGEING_EFFECTS ([ID], [DESCRIPTION], [STRENGTH_MODIFIER], [DEXTERITY_MODIFIER], [CONSTITUTION_MODIFIER], [INTELLIGENCE_MODIFIER], [WISDOM_MODIFIER], [CHARISMA_MODIFIER]) VALUES (3, 'Venerable',  -1, -1, -1, 1, 1, 0);

COMMIT TRANSACTION;

-------------------------------------------------------------------------------------------------------------

BEGIN TRANSACTION;

--FIGHTER
INSERT INTO PRIMARY_SKILL ([CLASS_ID], [SKILL_ID]) VALUES (0, 0);
--PALADIN
INSERT INTO PRIMARY_SKILL ([CLASS_ID], [SKILL_ID]) VALUES (1, 0);
INSERT INTO PRIMARY_SKILL ([CLASS_ID], [SKILL_ID]) VALUES (1, 5);
--RANGER
INSERT INTO PRIMARY_SKILL ([CLASS_ID], [SKILL_ID]) VALUES (2, 0);
INSERT INTO PRIMARY_SKILL ([CLASS_ID], [SKILL_ID]) VALUES (2, 1);
INSERT INTO PRIMARY_SKILL ([CLASS_ID], [SKILL_ID]) VALUES (2, 4);
--MAGE
INSERT INTO PRIMARY_SKILL ([CLASS_ID], [SKILL_ID]) VALUES (3, 3);
--SPECIALIST
INSERT INTO PRIMARY_SKILL ([CLASS_ID], [SKILL_ID]) VALUES (4, 3);
INSERT INTO PRIMARY_SKILL ([CLASS_ID], [SKILL_ID]) VALUES (5, 3);
INSERT INTO PRIMARY_SKILL ([CLASS_ID], [SKILL_ID]) VALUES (6, 3);
INSERT INTO PRIMARY_SKILL ([CLASS_ID], [SKILL_ID]) VALUES (7, 3);
INSERT INTO PRIMARY_SKILL ([CLASS_ID], [SKILL_ID]) VALUES (8, 3);
INSERT INTO PRIMARY_SKILL ([CLASS_ID], [SKILL_ID]) VALUES (9, 3);
INSERT INTO PRIMARY_SKILL ([CLASS_ID], [SKILL_ID]) VALUES (10, 3);
INSERT INTO PRIMARY_SKILL ([CLASS_ID], [SKILL_ID]) VALUES (11, 3);
--CLERIC
INSERT INTO PRIMARY_SKILL ([CLASS_ID], [SKILL_ID]) VALUES (12, 4);
--DRUID
INSERT INTO PRIMARY_SKILL ([CLASS_ID], [SKILL_ID]) VALUES (13, 4);
INSERT INTO PRIMARY_SKILL ([CLASS_ID], [SKILL_ID]) VALUES (13, 5);
--PREIST OF SPECIFIC MYTHOS
INSERT INTO PRIMARY_SKILL ([CLASS_ID], [SKILL_ID]) VALUES (14, 4);
--THIEF
INSERT INTO PRIMARY_SKILL ([CLASS_ID], [SKILL_ID]) VALUES (15, 1);
--BARD
INSERT INTO PRIMARY_SKILL ([CLASS_ID], [SKILL_ID]) VALUES (16, 1);
INSERT INTO PRIMARY_SKILL ([CLASS_ID], [SKILL_ID]) VALUES (16, 5);

COMMIT TRANSACTION;

-------------------------------------------------------------------------------------------------------------

BEGIN TRANSACTION;

INSERT INTO TURNABLE ([NAME], [SCORE]) VALUES ('Skeleton', 0);
INSERT INTO TURNABLE ([NAME], [SCORE]) VALUES ('HD1', 0);
INSERT INTO TURNABLE ([NAME], [SCORE]) VALUES ('Zombie', 1);
INSERT INTO TURNABLE ([NAME], [SCORE]) VALUES ('Ghoul', 2);
INSERT INTO TURNABLE ([NAME], [SCORE]) VALUES ('HD2', 2);
INSERT INTO TURNABLE ([NAME], [SCORE]) VALUES ('Shadow', 3);
INSERT INTO TURNABLE ([NAME], [SCORE]) VALUES ('HD3', 3);
INSERT INTO TURNABLE ([NAME], [SCORE]) VALUES ('HD4', 3);
INSERT INTO TURNABLE ([NAME], [SCORE]) VALUES ('Wight', 4);
INSERT INTO TURNABLE ([NAME], [SCORE]) VALUES ('HD5', 4);
INSERT INTO TURNABLE ([NAME], [SCORE]) VALUES ('Ghast', 5);
INSERT INTO TURNABLE ([NAME], [SCORE]) VALUES ('Wraith', 6);
INSERT INTO TURNABLE ([NAME], [SCORE]) VALUES ('HD6', 6);
INSERT INTO TURNABLE ([NAME], [SCORE]) VALUES ('Mummy', 7);
INSERT INTO TURNABLE ([NAME], [SCORE]) VALUES ('HD7', 7);
INSERT INTO TURNABLE ([NAME], [SCORE]) VALUES ('Spectre', 8);
INSERT INTO TURNABLE ([NAME], [SCORE]) VALUES ('HD8', 8);
INSERT INTO TURNABLE ([NAME], [SCORE]) VALUES ('Vampire', 9);
INSERT INTO TURNABLE ([NAME], [SCORE]) VALUES ('HD9', 9);
INSERT INTO TURNABLE ([NAME], [SCORE]) VALUES ('Ghost', 10);
INSERT INTO TURNABLE ([NAME], [SCORE]) VALUES ('HD10', 10);
INSERT INTO TURNABLE ([NAME], [SCORE]) VALUES ('Lich', 11);
INSERT INTO TURNABLE ([NAME], [SCORE]) VALUES ('HD11+', 11);
INSERT INTO TURNABLE ([NAME], [SCORE]) VALUES ('Special', 12);

COMMIT TRANSACTION;

-------------------------------------------------------------------------------------------------------------

BEGIN TRANSACTION;

INSERT INTO TURN_EFFECT ([ID], [NAME], [ACRONYM]) VALUES (0, 'Percentage', NULL);
INSERT INTO TURN_EFFECT ([ID], [NAME], [ACRONYM]) VALUES (1, 'Turn', 'T');
INSERT INTO TURN_EFFECT ([ID], [NAME], [ACRONYM]) VALUES (2, 'Destroy', 'D');
INSERT INTO TURN_EFFECT ([ID], [NAME], [ACRONYM]) VALUES (3, 'Destroy more', 'D*');
INSERT INTO TURN_EFFECT ([ID], [NAME], [ACRONYM]) VALUES (4, 'No effect', '-');

COMMIT TRANSACTION;

-------------------------------------------------------------------------------------------------------------

BEGIN TRANSACTION;

INSERT INTO TURN_UNDEAD ([TURNABLE_CODE], [LEVEL], [EFFECT], [VALUE]) VALUES (0,  1, 0, 10);
INSERT INTO TURN_UNDEAD ([TURNABLE_CODE], [LEVEL], [EFFECT], [VALUE]) VALUES (1,  1, 0, 13);
INSERT INTO TURN_UNDEAD ([TURNABLE_CODE], [LEVEL], [EFFECT], [VALUE]) VALUES (2,  1, 0, 16);
INSERT INTO TURN_UNDEAD ([TURNABLE_CODE], [LEVEL], [EFFECT], [VALUE]) VALUES (3,  1, 0, 19);
INSERT INTO TURN_UNDEAD ([TURNABLE_CODE], [LEVEL], [EFFECT], [VALUE]) VALUES (4,  1, 0, 20);
INSERT INTO TURN_UNDEAD ([TURNABLE_CODE], [LEVEL], [EFFECT], [VALUE]) VALUES (5,  1, 4, NULL);
INSERT INTO TURN_UNDEAD ([TURNABLE_CODE], [LEVEL], [EFFECT], [VALUE]) VALUES (6,  1, 4, NULL);
INSERT INTO TURN_UNDEAD ([TURNABLE_CODE], [LEVEL], [EFFECT], [VALUE]) VALUES (7,  1, 4, NULL);
INSERT INTO TURN_UNDEAD ([TURNABLE_CODE], [LEVEL], [EFFECT], [VALUE]) VALUES (8,  1, 4, NULL);
INSERT INTO TURN_UNDEAD ([TURNABLE_CODE], [LEVEL], [EFFECT], [VALUE]) VALUES (9,  1, 4, NULL);
INSERT INTO TURN_UNDEAD ([TURNABLE_CODE], [LEVEL], [EFFECT], [VALUE]) VALUES (10, 1, 4, NULL);
INSERT INTO TURN_UNDEAD ([TURNABLE_CODE], [LEVEL], [EFFECT], [VALUE]) VALUES (11, 1, 4, NULL);
INSERT INTO TURN_UNDEAD ([TURNABLE_CODE], [LEVEL], [EFFECT], [VALUE]) VALUES (12, 1, 4, NULL);

INSERT INTO TURN_UNDEAD ([TURNABLE_CODE], [LEVEL], [EFFECT], [VALUE]) VALUES (0,  2, 0, 7);
INSERT INTO TURN_UNDEAD ([TURNABLE_CODE], [LEVEL], [EFFECT], [VALUE]) VALUES (1,  2, 0, 10);
INSERT INTO TURN_UNDEAD ([TURNABLE_CODE], [LEVEL], [EFFECT], [VALUE]) VALUES (2,  2, 0, 13);
INSERT INTO TURN_UNDEAD ([TURNABLE_CODE], [LEVEL], [EFFECT], [VALUE]) VALUES (3,  2, 0, 16);
INSERT INTO TURN_UNDEAD ([TURNABLE_CODE], [LEVEL], [EFFECT], [VALUE]) VALUES (4,  2, 0, 19);
INSERT INTO TURN_UNDEAD ([TURNABLE_CODE], [LEVEL], [EFFECT], [VALUE]) VALUES (5,  2, 0, 20);
INSERT INTO TURN_UNDEAD ([TURNABLE_CODE], [LEVEL], [EFFECT], [VALUE]) VALUES (6,  2, 4, NULL);
INSERT INTO TURN_UNDEAD ([TURNABLE_CODE], [LEVEL], [EFFECT], [VALUE]) VALUES (7,  2, 4, NULL);
INSERT INTO TURN_UNDEAD ([TURNABLE_CODE], [LEVEL], [EFFECT], [VALUE]) VALUES (8,  2, 4, NULL);
INSERT INTO TURN_UNDEAD ([TURNABLE_CODE], [LEVEL], [EFFECT], [VALUE]) VALUES (9,  2, 4, NULL);
INSERT INTO TURN_UNDEAD ([TURNABLE_CODE], [LEVEL], [EFFECT], [VALUE]) VALUES (10, 2, 4, NULL);
INSERT INTO TURN_UNDEAD ([TURNABLE_CODE], [LEVEL], [EFFECT], [VALUE]) VALUES (11, 2, 4, NULL);
INSERT INTO TURN_UNDEAD ([TURNABLE_CODE], [LEVEL], [EFFECT], [VALUE]) VALUES (12, 2, 4, NULL);

INSERT INTO TURN_UNDEAD ([TURNABLE_CODE], [LEVEL], [EFFECT], [VALUE]) VALUES (0,  3, 0, 4);
INSERT INTO TURN_UNDEAD ([TURNABLE_CODE], [LEVEL], [EFFECT], [VALUE]) VALUES (1,  3, 0, 7);
INSERT INTO TURN_UNDEAD ([TURNABLE_CODE], [LEVEL], [EFFECT], [VALUE]) VALUES (2,  3, 0, 10);
INSERT INTO TURN_UNDEAD ([TURNABLE_CODE], [LEVEL], [EFFECT], [VALUE]) VALUES (3,  3, 0, 13);
INSERT INTO TURN_UNDEAD ([TURNABLE_CODE], [LEVEL], [EFFECT], [VALUE]) VALUES (4,  3, 0, 16);
INSERT INTO TURN_UNDEAD ([TURNABLE_CODE], [LEVEL], [EFFECT], [VALUE]) VALUES (5,  3, 0, 19);
INSERT INTO TURN_UNDEAD ([TURNABLE_CODE], [LEVEL], [EFFECT], [VALUE]) VALUES (6,  3, 0, 20);
INSERT INTO TURN_UNDEAD ([TURNABLE_CODE], [LEVEL], [EFFECT], [VALUE]) VALUES (7,  3, 4, NULL);
INSERT INTO TURN_UNDEAD ([TURNABLE_CODE], [LEVEL], [EFFECT], [VALUE]) VALUES (8,  3, 4, NULL);
INSERT INTO TURN_UNDEAD ([TURNABLE_CODE], [LEVEL], [EFFECT], [VALUE]) VALUES (9,  3, 4, NULL);
INSERT INTO TURN_UNDEAD ([TURNABLE_CODE], [LEVEL], [EFFECT], [VALUE]) VALUES (10, 3, 4, NULL);
INSERT INTO TURN_UNDEAD ([TURNABLE_CODE], [LEVEL], [EFFECT], [VALUE]) VALUES (11, 3, 4, NULL);
INSERT INTO TURN_UNDEAD ([TURNABLE_CODE], [LEVEL], [EFFECT], [VALUE]) VALUES (12, 3, 4, NULL);

INSERT INTO TURN_UNDEAD ([TURNABLE_CODE], [LEVEL], [EFFECT], [VALUE]) VALUES (0,  4, 1, NULL);
INSERT INTO TURN_UNDEAD ([TURNABLE_CODE], [LEVEL], [EFFECT], [VALUE]) VALUES (1,  4, 0, 4);
INSERT INTO TURN_UNDEAD ([TURNABLE_CODE], [LEVEL], [EFFECT], [VALUE]) VALUES (2,  4, 0, 7);
INSERT INTO TURN_UNDEAD ([TURNABLE_CODE], [LEVEL], [EFFECT], [VALUE]) VALUES (3,  4, 0, 10);
INSERT INTO TURN_UNDEAD ([TURNABLE_CODE], [LEVEL], [EFFECT], [VALUE]) VALUES (4,  4, 0, 13);
INSERT INTO TURN_UNDEAD ([TURNABLE_CODE], [LEVEL], [EFFECT], [VALUE]) VALUES (5,  4, 0, 16);
INSERT INTO TURN_UNDEAD ([TURNABLE_CODE], [LEVEL], [EFFECT], [VALUE]) VALUES (6,  4, 0, 19);
INSERT INTO TURN_UNDEAD ([TURNABLE_CODE], [LEVEL], [EFFECT], [VALUE]) VALUES (7,  4, 0, 20);
INSERT INTO TURN_UNDEAD ([TURNABLE_CODE], [LEVEL], [EFFECT], [VALUE]) VALUES (8,  4, 4, NULL);
INSERT INTO TURN_UNDEAD ([TURNABLE_CODE], [LEVEL], [EFFECT], [VALUE]) VALUES (9,  4, 4, NULL);
INSERT INTO TURN_UNDEAD ([TURNABLE_CODE], [LEVEL], [EFFECT], [VALUE]) VALUES (10, 4, 4, NULL);
INSERT INTO TURN_UNDEAD ([TURNABLE_CODE], [LEVEL], [EFFECT], [VALUE]) VALUES (11, 4, 4, NULL);
INSERT INTO TURN_UNDEAD ([TURNABLE_CODE], [LEVEL], [EFFECT], [VALUE]) VALUES (12, 4, 4, NULL);

INSERT INTO TURN_UNDEAD ([TURNABLE_CODE], [LEVEL], [EFFECT], [VALUE]) VALUES (0,  5, 1, NULL);
INSERT INTO TURN_UNDEAD ([TURNABLE_CODE], [LEVEL], [EFFECT], [VALUE]) VALUES (1,  5, 1, NULL);
INSERT INTO TURN_UNDEAD ([TURNABLE_CODE], [LEVEL], [EFFECT], [VALUE]) VALUES (2,  5, 0, 4);
INSERT INTO TURN_UNDEAD ([TURNABLE_CODE], [LEVEL], [EFFECT], [VALUE]) VALUES (3,  5, 0, 7);
INSERT INTO TURN_UNDEAD ([TURNABLE_CODE], [LEVEL], [EFFECT], [VALUE]) VALUES (4,  5, 0, 10);
INSERT INTO TURN_UNDEAD ([TURNABLE_CODE], [LEVEL], [EFFECT], [VALUE]) VALUES (5,  5, 0, 13);
INSERT INTO TURN_UNDEAD ([TURNABLE_CODE], [LEVEL], [EFFECT], [VALUE]) VALUES (6,  5, 0, 16);
INSERT INTO TURN_UNDEAD ([TURNABLE_CODE], [LEVEL], [EFFECT], [VALUE]) VALUES (7,  5, 0, 19);
INSERT INTO TURN_UNDEAD ([TURNABLE_CODE], [LEVEL], [EFFECT], [VALUE]) VALUES (8,  5, 0, 20);
INSERT INTO TURN_UNDEAD ([TURNABLE_CODE], [LEVEL], [EFFECT], [VALUE]) VALUES (9,  5, 4, NULL);
INSERT INTO TURN_UNDEAD ([TURNABLE_CODE], [LEVEL], [EFFECT], [VALUE]) VALUES (10, 5, 4, NULL);
INSERT INTO TURN_UNDEAD ([TURNABLE_CODE], [LEVEL], [EFFECT], [VALUE]) VALUES (11, 5, 4, NULL);
INSERT INTO TURN_UNDEAD ([TURNABLE_CODE], [LEVEL], [EFFECT], [VALUE]) VALUES (12, 5, 4, NULL);

INSERT INTO TURN_UNDEAD ([TURNABLE_CODE], [LEVEL], [EFFECT], [VALUE]) VALUES (0,  6, 2, NULL);
INSERT INTO TURN_UNDEAD ([TURNABLE_CODE], [LEVEL], [EFFECT], [VALUE]) VALUES (1,  6, 1, NULL);
INSERT INTO TURN_UNDEAD ([TURNABLE_CODE], [LEVEL], [EFFECT], [VALUE]) VALUES (2,  6, 1, NULL);
INSERT INTO TURN_UNDEAD ([TURNABLE_CODE], [LEVEL], [EFFECT], [VALUE]) VALUES (3,  6, 0, 4);
INSERT INTO TURN_UNDEAD ([TURNABLE_CODE], [LEVEL], [EFFECT], [VALUE]) VALUES (4,  6, 0, 7);
INSERT INTO TURN_UNDEAD ([TURNABLE_CODE], [LEVEL], [EFFECT], [VALUE]) VALUES (5,  6, 0, 10);
INSERT INTO TURN_UNDEAD ([TURNABLE_CODE], [LEVEL], [EFFECT], [VALUE]) VALUES (6,  6, 0, 13);
INSERT INTO TURN_UNDEAD ([TURNABLE_CODE], [LEVEL], [EFFECT], [VALUE]) VALUES (7,  6, 0, 16);
INSERT INTO TURN_UNDEAD ([TURNABLE_CODE], [LEVEL], [EFFECT], [VALUE]) VALUES (8,  6, 0, 19);
INSERT INTO TURN_UNDEAD ([TURNABLE_CODE], [LEVEL], [EFFECT], [VALUE]) VALUES (9,  6, 0, 20);
INSERT INTO TURN_UNDEAD ([TURNABLE_CODE], [LEVEL], [EFFECT], [VALUE]) VALUES (10, 6, 4, NULL);
INSERT INTO TURN_UNDEAD ([TURNABLE_CODE], [LEVEL], [EFFECT], [VALUE]) VALUES (11, 6, 4, NULL);
INSERT INTO TURN_UNDEAD ([TURNABLE_CODE], [LEVEL], [EFFECT], [VALUE]) VALUES (12, 6, 4, NULL);

INSERT INTO TURN_UNDEAD ([TURNABLE_CODE], [LEVEL], [EFFECT], [VALUE]) VALUES (0,  7, 2, NULL);
INSERT INTO TURN_UNDEAD ([TURNABLE_CODE], [LEVEL], [EFFECT], [VALUE]) VALUES (1,  7, 2, NULL);
INSERT INTO TURN_UNDEAD ([TURNABLE_CODE], [LEVEL], [EFFECT], [VALUE]) VALUES (2,  7, 1, NULL);
INSERT INTO TURN_UNDEAD ([TURNABLE_CODE], [LEVEL], [EFFECT], [VALUE]) VALUES (3,  7, 1, NULL);
INSERT INTO TURN_UNDEAD ([TURNABLE_CODE], [LEVEL], [EFFECT], [VALUE]) VALUES (4,  7, 0, 4);
INSERT INTO TURN_UNDEAD ([TURNABLE_CODE], [LEVEL], [EFFECT], [VALUE]) VALUES (5,  7, 0, 7);
INSERT INTO TURN_UNDEAD ([TURNABLE_CODE], [LEVEL], [EFFECT], [VALUE]) VALUES (6,  7, 0, 10);
INSERT INTO TURN_UNDEAD ([TURNABLE_CODE], [LEVEL], [EFFECT], [VALUE]) VALUES (7,  7, 0, 13);
INSERT INTO TURN_UNDEAD ([TURNABLE_CODE], [LEVEL], [EFFECT], [VALUE]) VALUES (8,  7, 0, 16);
INSERT INTO TURN_UNDEAD ([TURNABLE_CODE], [LEVEL], [EFFECT], [VALUE]) VALUES (9,  7, 0, 19);
INSERT INTO TURN_UNDEAD ([TURNABLE_CODE], [LEVEL], [EFFECT], [VALUE]) VALUES (10, 7, 0, 20);
INSERT INTO TURN_UNDEAD ([TURNABLE_CODE], [LEVEL], [EFFECT], [VALUE]) VALUES (11, 7, 4, NULL);
INSERT INTO TURN_UNDEAD ([TURNABLE_CODE], [LEVEL], [EFFECT], [VALUE]) VALUES (12, 7, 4, NULL);

INSERT INTO TURN_UNDEAD ([TURNABLE_CODE], [LEVEL], [EFFECT], [VALUE]) VALUES (0,  8, 3, NULL);
INSERT INTO TURN_UNDEAD ([TURNABLE_CODE], [LEVEL], [EFFECT], [VALUE]) VALUES (1,  8, 2, NULL);
INSERT INTO TURN_UNDEAD ([TURNABLE_CODE], [LEVEL], [EFFECT], [VALUE]) VALUES (2,  8, 2, NULL);
INSERT INTO TURN_UNDEAD ([TURNABLE_CODE], [LEVEL], [EFFECT], [VALUE]) VALUES (3,  8, 1, NULL);
INSERT INTO TURN_UNDEAD ([TURNABLE_CODE], [LEVEL], [EFFECT], [VALUE]) VALUES (4,  8, 1, NULL);
INSERT INTO TURN_UNDEAD ([TURNABLE_CODE], [LEVEL], [EFFECT], [VALUE]) VALUES (5,  8, 0, 4);
INSERT INTO TURN_UNDEAD ([TURNABLE_CODE], [LEVEL], [EFFECT], [VALUE]) VALUES (6,  8, 0, 7);
INSERT INTO TURN_UNDEAD ([TURNABLE_CODE], [LEVEL], [EFFECT], [VALUE]) VALUES (7,  8, 0, 10);
INSERT INTO TURN_UNDEAD ([TURNABLE_CODE], [LEVEL], [EFFECT], [VALUE]) VALUES (8,  8, 0, 13);
INSERT INTO TURN_UNDEAD ([TURNABLE_CODE], [LEVEL], [EFFECT], [VALUE]) VALUES (9,  8, 0, 16);
INSERT INTO TURN_UNDEAD ([TURNABLE_CODE], [LEVEL], [EFFECT], [VALUE]) VALUES (10, 8, 0, 19);
INSERT INTO TURN_UNDEAD ([TURNABLE_CODE], [LEVEL], [EFFECT], [VALUE]) VALUES (11, 8, 0, 20);
INSERT INTO TURN_UNDEAD ([TURNABLE_CODE], [LEVEL], [EFFECT], [VALUE]) VALUES (12, 8, 4, NULL);

INSERT INTO TURN_UNDEAD ([TURNABLE_CODE], [LEVEL], [EFFECT], [VALUE]) VALUES (0,  9, 3, NULL);
INSERT INTO TURN_UNDEAD ([TURNABLE_CODE], [LEVEL], [EFFECT], [VALUE]) VALUES (1,  9, 3, NULL);
INSERT INTO TURN_UNDEAD ([TURNABLE_CODE], [LEVEL], [EFFECT], [VALUE]) VALUES (2,  9, 2, NULL);
INSERT INTO TURN_UNDEAD ([TURNABLE_CODE], [LEVEL], [EFFECT], [VALUE]) VALUES (3,  9, 2, NULL);
INSERT INTO TURN_UNDEAD ([TURNABLE_CODE], [LEVEL], [EFFECT], [VALUE]) VALUES (4,  9, 1, NULL);
INSERT INTO TURN_UNDEAD ([TURNABLE_CODE], [LEVEL], [EFFECT], [VALUE]) VALUES (5,  9, 1, NULL);
INSERT INTO TURN_UNDEAD ([TURNABLE_CODE], [LEVEL], [EFFECT], [VALUE]) VALUES (6,  9, 0, 4);
INSERT INTO TURN_UNDEAD ([TURNABLE_CODE], [LEVEL], [EFFECT], [VALUE]) VALUES (7,  9, 0, 7);
INSERT INTO TURN_UNDEAD ([TURNABLE_CODE], [LEVEL], [EFFECT], [VALUE]) VALUES (8,  9, 0, 10);
INSERT INTO TURN_UNDEAD ([TURNABLE_CODE], [LEVEL], [EFFECT], [VALUE]) VALUES (9,  9, 0, 13);
INSERT INTO TURN_UNDEAD ([TURNABLE_CODE], [LEVEL], [EFFECT], [VALUE]) VALUES (10, 9, 0, 16);
INSERT INTO TURN_UNDEAD ([TURNABLE_CODE], [LEVEL], [EFFECT], [VALUE]) VALUES (11, 9, 0, 19);
INSERT INTO TURN_UNDEAD ([TURNABLE_CODE], [LEVEL], [EFFECT], [VALUE]) VALUES (12, 9, 0, 20);

INSERT INTO TURN_UNDEAD ([TURNABLE_CODE], [LEVEL], [EFFECT], [VALUE]) VALUES (0,  10, 3, NULL);
INSERT INTO TURN_UNDEAD ([TURNABLE_CODE], [LEVEL], [EFFECT], [VALUE]) VALUES (1,  10, 3, NULL);
INSERT INTO TURN_UNDEAD ([TURNABLE_CODE], [LEVEL], [EFFECT], [VALUE]) VALUES (2,  10, 3, NULL);
INSERT INTO TURN_UNDEAD ([TURNABLE_CODE], [LEVEL], [EFFECT], [VALUE]) VALUES (3,  10, 2, NULL);
INSERT INTO TURN_UNDEAD ([TURNABLE_CODE], [LEVEL], [EFFECT], [VALUE]) VALUES (4,  10, 2, NULL);
INSERT INTO TURN_UNDEAD ([TURNABLE_CODE], [LEVEL], [EFFECT], [VALUE]) VALUES (5,  10, 1, NULL);
INSERT INTO TURN_UNDEAD ([TURNABLE_CODE], [LEVEL], [EFFECT], [VALUE]) VALUES (6,  10, 1, NULL);
INSERT INTO TURN_UNDEAD ([TURNABLE_CODE], [LEVEL], [EFFECT], [VALUE]) VALUES (7,  10, 0, 4);
INSERT INTO TURN_UNDEAD ([TURNABLE_CODE], [LEVEL], [EFFECT], [VALUE]) VALUES (8,  10, 0, 7);
INSERT INTO TURN_UNDEAD ([TURNABLE_CODE], [LEVEL], [EFFECT], [VALUE]) VALUES (9,  10, 0, 10);
INSERT INTO TURN_UNDEAD ([TURNABLE_CODE], [LEVEL], [EFFECT], [VALUE]) VALUES (10, 10, 0, 13);
INSERT INTO TURN_UNDEAD ([TURNABLE_CODE], [LEVEL], [EFFECT], [VALUE]) VALUES (11, 10, 0, 16);
INSERT INTO TURN_UNDEAD ([TURNABLE_CODE], [LEVEL], [EFFECT], [VALUE]) VALUES (12, 10, 0, 19);

INSERT INTO TURN_UNDEAD ([TURNABLE_CODE], [LEVEL], [EFFECT], [VALUE]) VALUES (0,  11, 3, NULL);
INSERT INTO TURN_UNDEAD ([TURNABLE_CODE], [LEVEL], [EFFECT], [VALUE]) VALUES (1,  11, 3, NULL);
INSERT INTO TURN_UNDEAD ([TURNABLE_CODE], [LEVEL], [EFFECT], [VALUE]) VALUES (2,  11, 3, NULL);
INSERT INTO TURN_UNDEAD ([TURNABLE_CODE], [LEVEL], [EFFECT], [VALUE]) VALUES (3,  11, 2, NULL);
INSERT INTO TURN_UNDEAD ([TURNABLE_CODE], [LEVEL], [EFFECT], [VALUE]) VALUES (4,  11, 2, NULL);
INSERT INTO TURN_UNDEAD ([TURNABLE_CODE], [LEVEL], [EFFECT], [VALUE]) VALUES (5,  11, 1, NULL);
INSERT INTO TURN_UNDEAD ([TURNABLE_CODE], [LEVEL], [EFFECT], [VALUE]) VALUES (6,  11, 1, NULL);
INSERT INTO TURN_UNDEAD ([TURNABLE_CODE], [LEVEL], [EFFECT], [VALUE]) VALUES (7,  11, 0, 4);
INSERT INTO TURN_UNDEAD ([TURNABLE_CODE], [LEVEL], [EFFECT], [VALUE]) VALUES (8,  11, 0, 7);
INSERT INTO TURN_UNDEAD ([TURNABLE_CODE], [LEVEL], [EFFECT], [VALUE]) VALUES (9,  11, 0, 10);
INSERT INTO TURN_UNDEAD ([TURNABLE_CODE], [LEVEL], [EFFECT], [VALUE]) VALUES (10, 11, 0, 13);
INSERT INTO TURN_UNDEAD ([TURNABLE_CODE], [LEVEL], [EFFECT], [VALUE]) VALUES (11, 11, 0, 16);
INSERT INTO TURN_UNDEAD ([TURNABLE_CODE], [LEVEL], [EFFECT], [VALUE]) VALUES (12, 11, 0, 19);

INSERT INTO TURN_UNDEAD ([TURNABLE_CODE], [LEVEL], [EFFECT], [VALUE]) VALUES (0,  12, 3, NULL);
INSERT INTO TURN_UNDEAD ([TURNABLE_CODE], [LEVEL], [EFFECT], [VALUE]) VALUES (1,  12, 3, NULL);
INSERT INTO TURN_UNDEAD ([TURNABLE_CODE], [LEVEL], [EFFECT], [VALUE]) VALUES (2,  12, 3, NULL);
INSERT INTO TURN_UNDEAD ([TURNABLE_CODE], [LEVEL], [EFFECT], [VALUE]) VALUES (3,  12, 3, NULL);
INSERT INTO TURN_UNDEAD ([TURNABLE_CODE], [LEVEL], [EFFECT], [VALUE]) VALUES (4,  12, 2, NULL);
INSERT INTO TURN_UNDEAD ([TURNABLE_CODE], [LEVEL], [EFFECT], [VALUE]) VALUES (5,  12, 2, NULL);
INSERT INTO TURN_UNDEAD ([TURNABLE_CODE], [LEVEL], [EFFECT], [VALUE]) VALUES (6,  12, 1, NULL);
INSERT INTO TURN_UNDEAD ([TURNABLE_CODE], [LEVEL], [EFFECT], [VALUE]) VALUES (7,  12, 1, NULL);
INSERT INTO TURN_UNDEAD ([TURNABLE_CODE], [LEVEL], [EFFECT], [VALUE]) VALUES (8,  12, 0, 4);
INSERT INTO TURN_UNDEAD ([TURNABLE_CODE], [LEVEL], [EFFECT], [VALUE]) VALUES (9,  12, 0, 7);
INSERT INTO TURN_UNDEAD ([TURNABLE_CODE], [LEVEL], [EFFECT], [VALUE]) VALUES (10, 12, 0, 10);
INSERT INTO TURN_UNDEAD ([TURNABLE_CODE], [LEVEL], [EFFECT], [VALUE]) VALUES (11, 12, 0, 13);
INSERT INTO TURN_UNDEAD ([TURNABLE_CODE], [LEVEL], [EFFECT], [VALUE]) VALUES (12, 12, 0, 16);

INSERT INTO TURN_UNDEAD ([TURNABLE_CODE], [LEVEL], [EFFECT], [VALUE]) VALUES (0,  13, 3, NULL);
INSERT INTO TURN_UNDEAD ([TURNABLE_CODE], [LEVEL], [EFFECT], [VALUE]) VALUES (1,  13, 3, NULL);
INSERT INTO TURN_UNDEAD ([TURNABLE_CODE], [LEVEL], [EFFECT], [VALUE]) VALUES (2,  13, 3, NULL);
INSERT INTO TURN_UNDEAD ([TURNABLE_CODE], [LEVEL], [EFFECT], [VALUE]) VALUES (3,  13, 3, NULL);
INSERT INTO TURN_UNDEAD ([TURNABLE_CODE], [LEVEL], [EFFECT], [VALUE]) VALUES (4,  13, 2, NULL);
INSERT INTO TURN_UNDEAD ([TURNABLE_CODE], [LEVEL], [EFFECT], [VALUE]) VALUES (5,  13, 2, NULL);
INSERT INTO TURN_UNDEAD ([TURNABLE_CODE], [LEVEL], [EFFECT], [VALUE]) VALUES (6,  13, 1, NULL);
INSERT INTO TURN_UNDEAD ([TURNABLE_CODE], [LEVEL], [EFFECT], [VALUE]) VALUES (7,  13, 1, NULL);
INSERT INTO TURN_UNDEAD ([TURNABLE_CODE], [LEVEL], [EFFECT], [VALUE]) VALUES (8,  13, 0, 4);
INSERT INTO TURN_UNDEAD ([TURNABLE_CODE], [LEVEL], [EFFECT], [VALUE]) VALUES (9,  13, 0, 7);
INSERT INTO TURN_UNDEAD ([TURNABLE_CODE], [LEVEL], [EFFECT], [VALUE]) VALUES (10, 13, 0, 10);
INSERT INTO TURN_UNDEAD ([TURNABLE_CODE], [LEVEL], [EFFECT], [VALUE]) VALUES (11, 13, 0, 13);
INSERT INTO TURN_UNDEAD ([TURNABLE_CODE], [LEVEL], [EFFECT], [VALUE]) VALUES (12, 13, 0, 16);

INSERT INTO TURN_UNDEAD ([TURNABLE_CODE], [LEVEL], [EFFECT], [VALUE]) VALUES (0,  14, 3, NULL);
INSERT INTO TURN_UNDEAD ([TURNABLE_CODE], [LEVEL], [EFFECT], [VALUE]) VALUES (1,  14, 3, NULL);
INSERT INTO TURN_UNDEAD ([TURNABLE_CODE], [LEVEL], [EFFECT], [VALUE]) VALUES (2,  14, 3, NULL);
INSERT INTO TURN_UNDEAD ([TURNABLE_CODE], [LEVEL], [EFFECT], [VALUE]) VALUES (3,  14, 3, NULL);
INSERT INTO TURN_UNDEAD ([TURNABLE_CODE], [LEVEL], [EFFECT], [VALUE]) VALUES (4,  14, 3, NULL);
INSERT INTO TURN_UNDEAD ([TURNABLE_CODE], [LEVEL], [EFFECT], [VALUE]) VALUES (5,  14, 2, NULL);
INSERT INTO TURN_UNDEAD ([TURNABLE_CODE], [LEVEL], [EFFECT], [VALUE]) VALUES (6,  14, 2, NULL);
INSERT INTO TURN_UNDEAD ([TURNABLE_CODE], [LEVEL], [EFFECT], [VALUE]) VALUES (7,  14, 1, NULL);
INSERT INTO TURN_UNDEAD ([TURNABLE_CODE], [LEVEL], [EFFECT], [VALUE]) VALUES (8,  14, 1, NULL);
INSERT INTO TURN_UNDEAD ([TURNABLE_CODE], [LEVEL], [EFFECT], [VALUE]) VALUES (9,  14, 0, 4);
INSERT INTO TURN_UNDEAD ([TURNABLE_CODE], [LEVEL], [EFFECT], [VALUE]) VALUES (10, 14, 0, 7);
INSERT INTO TURN_UNDEAD ([TURNABLE_CODE], [LEVEL], [EFFECT], [VALUE]) VALUES (11, 14, 0, 10);
INSERT INTO TURN_UNDEAD ([TURNABLE_CODE], [LEVEL], [EFFECT], [VALUE]) VALUES (12, 14, 0, 13);

COMMIT TRANSACTION;

-------------------------------------------------------------------------------------------------------------

BEGIN TRANSACTION;

INSERT INTO SAVING_THROW ([ID], [DESCRIPTION], [SCORE]) VALUES (0, 'Paralysation', 0);
INSERT INTO SAVING_THROW ([ID], [DESCRIPTION], [SCORE]) VALUES (1, 'Poison', 0);
INSERT INTO SAVING_THROW ([ID], [DESCRIPTION], [SCORE]) VALUES (2, 'Death Magic', 0);
INSERT INTO SAVING_THROW ([ID], [DESCRIPTION], [SCORE]) VALUES (3, 'Rod', 1);
INSERT INTO SAVING_THROW ([ID], [DESCRIPTION], [SCORE]) VALUES (4, 'Staff', 1);
INSERT INTO SAVING_THROW ([ID], [DESCRIPTION], [SCORE]) VALUES (5, 'Wand', 1);
INSERT INTO SAVING_THROW ([ID], [DESCRIPTION], [SCORE]) VALUES (6, 'Petrification', 2);
INSERT INTO SAVING_THROW ([ID], [DESCRIPTION], [SCORE]) VALUES (7, 'Polymorph', 2);
INSERT INTO SAVING_THROW ([ID], [DESCRIPTION], [SCORE]) VALUES (8, 'Breath Weapon', 3);
INSERT INTO SAVING_THROW ([ID], [DESCRIPTION], [SCORE]) VALUES (9, 'Spell', 4);

COMMIT TRANSACTION;

-------------------------------------------------------------------------------------------------------------

BEGIN TRANSACTION;

-- WARRIOR
INSERT INTO SAVING_THROW_SCORES ([CLASS_TYPE_ID], [LEVEL], [SAVING_THROW_ID], [SCORE]) VALUES (1, 0, 0, 16);
INSERT INTO SAVING_THROW_SCORES ([CLASS_TYPE_ID], [LEVEL], [SAVING_THROW_ID], [SCORE]) VALUES (1, 0, 1, 18);
INSERT INTO SAVING_THROW_SCORES ([CLASS_TYPE_ID], [LEVEL], [SAVING_THROW_ID], [SCORE]) VALUES (1, 0, 2, 17);
INSERT INTO SAVING_THROW_SCORES ([CLASS_TYPE_ID], [LEVEL], [SAVING_THROW_ID], [SCORE]) VALUES (1, 0, 3, 20);
INSERT INTO SAVING_THROW_SCORES ([CLASS_TYPE_ID], [LEVEL], [SAVING_THROW_ID], [SCORE]) VALUES (1, 0, 4, 19);

INSERT INTO SAVING_THROW_SCORES ([CLASS_TYPE_ID], [LEVEL], [SAVING_THROW_ID], [SCORE]) VALUES (1, 1, 0, 14);
INSERT INTO SAVING_THROW_SCORES ([CLASS_TYPE_ID], [LEVEL], [SAVING_THROW_ID], [SCORE]) VALUES (1, 1, 1, 16);
INSERT INTO SAVING_THROW_SCORES ([CLASS_TYPE_ID], [LEVEL], [SAVING_THROW_ID], [SCORE]) VALUES (1, 1, 2, 15);
INSERT INTO SAVING_THROW_SCORES ([CLASS_TYPE_ID], [LEVEL], [SAVING_THROW_ID], [SCORE]) VALUES (1, 1, 3, 17);
INSERT INTO SAVING_THROW_SCORES ([CLASS_TYPE_ID], [LEVEL], [SAVING_THROW_ID], [SCORE]) VALUES (1, 1, 4, 17);

INSERT INTO SAVING_THROW_SCORES ([CLASS_TYPE_ID], [LEVEL], [SAVING_THROW_ID], [SCORE]) VALUES (1, 2, 0, 14);
INSERT INTO SAVING_THROW_SCORES ([CLASS_TYPE_ID], [LEVEL], [SAVING_THROW_ID], [SCORE]) VALUES (1, 2, 1, 16);
INSERT INTO SAVING_THROW_SCORES ([CLASS_TYPE_ID], [LEVEL], [SAVING_THROW_ID], [SCORE]) VALUES (1, 2, 2, 15);
INSERT INTO SAVING_THROW_SCORES ([CLASS_TYPE_ID], [LEVEL], [SAVING_THROW_ID], [SCORE]) VALUES (1, 2, 3, 17);
INSERT INTO SAVING_THROW_SCORES ([CLASS_TYPE_ID], [LEVEL], [SAVING_THROW_ID], [SCORE]) VALUES (1, 2, 4, 17);

INSERT INTO SAVING_THROW_SCORES ([CLASS_TYPE_ID], [LEVEL], [SAVING_THROW_ID], [SCORE]) VALUES (1, 3, 0, 13);
INSERT INTO SAVING_THROW_SCORES ([CLASS_TYPE_ID], [LEVEL], [SAVING_THROW_ID], [SCORE]) VALUES (1, 3, 1, 15);
INSERT INTO SAVING_THROW_SCORES ([CLASS_TYPE_ID], [LEVEL], [SAVING_THROW_ID], [SCORE]) VALUES (1, 3, 2, 14);
INSERT INTO SAVING_THROW_SCORES ([CLASS_TYPE_ID], [LEVEL], [SAVING_THROW_ID], [SCORE]) VALUES (1, 3, 3, 16);
INSERT INTO SAVING_THROW_SCORES ([CLASS_TYPE_ID], [LEVEL], [SAVING_THROW_ID], [SCORE]) VALUES (1, 3, 4, 16);

INSERT INTO SAVING_THROW_SCORES ([CLASS_TYPE_ID], [LEVEL], [SAVING_THROW_ID], [SCORE]) VALUES (1, 4, 0, 13);
INSERT INTO SAVING_THROW_SCORES ([CLASS_TYPE_ID], [LEVEL], [SAVING_THROW_ID], [SCORE]) VALUES (1, 4, 1, 15);
INSERT INTO SAVING_THROW_SCORES ([CLASS_TYPE_ID], [LEVEL], [SAVING_THROW_ID], [SCORE]) VALUES (1, 4, 2, 14);
INSERT INTO SAVING_THROW_SCORES ([CLASS_TYPE_ID], [LEVEL], [SAVING_THROW_ID], [SCORE]) VALUES (1, 4, 3, 16);
INSERT INTO SAVING_THROW_SCORES ([CLASS_TYPE_ID], [LEVEL], [SAVING_THROW_ID], [SCORE]) VALUES (1, 4, 4, 16);

INSERT INTO SAVING_THROW_SCORES ([CLASS_TYPE_ID], [LEVEL], [SAVING_THROW_ID], [SCORE]) VALUES (1, 5, 0, 11);
INSERT INTO SAVING_THROW_SCORES ([CLASS_TYPE_ID], [LEVEL], [SAVING_THROW_ID], [SCORE]) VALUES (1, 5, 1, 13);
INSERT INTO SAVING_THROW_SCORES ([CLASS_TYPE_ID], [LEVEL], [SAVING_THROW_ID], [SCORE]) VALUES (1, 5, 2, 12);
INSERT INTO SAVING_THROW_SCORES ([CLASS_TYPE_ID], [LEVEL], [SAVING_THROW_ID], [SCORE]) VALUES (1, 5, 3, 13);
INSERT INTO SAVING_THROW_SCORES ([CLASS_TYPE_ID], [LEVEL], [SAVING_THROW_ID], [SCORE]) VALUES (1, 5, 4, 14);

INSERT INTO SAVING_THROW_SCORES ([CLASS_TYPE_ID], [LEVEL], [SAVING_THROW_ID], [SCORE]) VALUES (1, 6, 0, 11);
INSERT INTO SAVING_THROW_SCORES ([CLASS_TYPE_ID], [LEVEL], [SAVING_THROW_ID], [SCORE]) VALUES (1, 6, 1, 13);
INSERT INTO SAVING_THROW_SCORES ([CLASS_TYPE_ID], [LEVEL], [SAVING_THROW_ID], [SCORE]) VALUES (1, 6, 2, 12);
INSERT INTO SAVING_THROW_SCORES ([CLASS_TYPE_ID], [LEVEL], [SAVING_THROW_ID], [SCORE]) VALUES (1, 6, 3, 13);
INSERT INTO SAVING_THROW_SCORES ([CLASS_TYPE_ID], [LEVEL], [SAVING_THROW_ID], [SCORE]) VALUES (1, 6, 4, 14);

INSERT INTO SAVING_THROW_SCORES ([CLASS_TYPE_ID], [LEVEL], [SAVING_THROW_ID], [SCORE]) VALUES (1, 7, 0, 10);
INSERT INTO SAVING_THROW_SCORES ([CLASS_TYPE_ID], [LEVEL], [SAVING_THROW_ID], [SCORE]) VALUES (1, 7, 1, 12);
INSERT INTO SAVING_THROW_SCORES ([CLASS_TYPE_ID], [LEVEL], [SAVING_THROW_ID], [SCORE]) VALUES (1, 7, 2, 11);
INSERT INTO SAVING_THROW_SCORES ([CLASS_TYPE_ID], [LEVEL], [SAVING_THROW_ID], [SCORE]) VALUES (1, 7, 3, 12);
INSERT INTO SAVING_THROW_SCORES ([CLASS_TYPE_ID], [LEVEL], [SAVING_THROW_ID], [SCORE]) VALUES (1, 7, 4, 13);

INSERT INTO SAVING_THROW_SCORES ([CLASS_TYPE_ID], [LEVEL], [SAVING_THROW_ID], [SCORE]) VALUES (1, 8, 0, 10);
INSERT INTO SAVING_THROW_SCORES ([CLASS_TYPE_ID], [LEVEL], [SAVING_THROW_ID], [SCORE]) VALUES (1, 8, 1, 12);
INSERT INTO SAVING_THROW_SCORES ([CLASS_TYPE_ID], [LEVEL], [SAVING_THROW_ID], [SCORE]) VALUES (1, 8, 2, 11);
INSERT INTO SAVING_THROW_SCORES ([CLASS_TYPE_ID], [LEVEL], [SAVING_THROW_ID], [SCORE]) VALUES (1, 8, 3, 12);
INSERT INTO SAVING_THROW_SCORES ([CLASS_TYPE_ID], [LEVEL], [SAVING_THROW_ID], [SCORE]) VALUES (1, 8, 4, 13);

INSERT INTO SAVING_THROW_SCORES ([CLASS_TYPE_ID], [LEVEL], [SAVING_THROW_ID], [SCORE]) VALUES (1, 9, 0, 8);
INSERT INTO SAVING_THROW_SCORES ([CLASS_TYPE_ID], [LEVEL], [SAVING_THROW_ID], [SCORE]) VALUES (1, 9, 1, 10);
INSERT INTO SAVING_THROW_SCORES ([CLASS_TYPE_ID], [LEVEL], [SAVING_THROW_ID], [SCORE]) VALUES (1, 9, 2, 9);
INSERT INTO SAVING_THROW_SCORES ([CLASS_TYPE_ID], [LEVEL], [SAVING_THROW_ID], [SCORE]) VALUES (1, 9, 3, 9);
INSERT INTO SAVING_THROW_SCORES ([CLASS_TYPE_ID], [LEVEL], [SAVING_THROW_ID], [SCORE]) VALUES (1, 9, 4, 11);

INSERT INTO SAVING_THROW_SCORES ([CLASS_TYPE_ID], [LEVEL], [SAVING_THROW_ID], [SCORE]) VALUES (1, 10, 0, 8);
INSERT INTO SAVING_THROW_SCORES ([CLASS_TYPE_ID], [LEVEL], [SAVING_THROW_ID], [SCORE]) VALUES (1, 10, 1, 10);
INSERT INTO SAVING_THROW_SCORES ([CLASS_TYPE_ID], [LEVEL], [SAVING_THROW_ID], [SCORE]) VALUES (1, 10, 2, 9);
INSERT INTO SAVING_THROW_SCORES ([CLASS_TYPE_ID], [LEVEL], [SAVING_THROW_ID], [SCORE]) VALUES (1, 10, 3, 9);
INSERT INTO SAVING_THROW_SCORES ([CLASS_TYPE_ID], [LEVEL], [SAVING_THROW_ID], [SCORE]) VALUES (1, 10, 4, 11);

INSERT INTO SAVING_THROW_SCORES ([CLASS_TYPE_ID], [LEVEL], [SAVING_THROW_ID], [SCORE]) VALUES (1, 11, 0, 7);
INSERT INTO SAVING_THROW_SCORES ([CLASS_TYPE_ID], [LEVEL], [SAVING_THROW_ID], [SCORE]) VALUES (1, 11, 1, 9);
INSERT INTO SAVING_THROW_SCORES ([CLASS_TYPE_ID], [LEVEL], [SAVING_THROW_ID], [SCORE]) VALUES (1, 11, 2, 8);
INSERT INTO SAVING_THROW_SCORES ([CLASS_TYPE_ID], [LEVEL], [SAVING_THROW_ID], [SCORE]) VALUES (1, 11, 3, 8);
INSERT INTO SAVING_THROW_SCORES ([CLASS_TYPE_ID], [LEVEL], [SAVING_THROW_ID], [SCORE]) VALUES (1, 11, 4, 10);

INSERT INTO SAVING_THROW_SCORES ([CLASS_TYPE_ID], [LEVEL], [SAVING_THROW_ID], [SCORE]) VALUES (1, 12, 0, 7);
INSERT INTO SAVING_THROW_SCORES ([CLASS_TYPE_ID], [LEVEL], [SAVING_THROW_ID], [SCORE]) VALUES (1, 12, 1, 9);
INSERT INTO SAVING_THROW_SCORES ([CLASS_TYPE_ID], [LEVEL], [SAVING_THROW_ID], [SCORE]) VALUES (1, 12, 2, 8);
INSERT INTO SAVING_THROW_SCORES ([CLASS_TYPE_ID], [LEVEL], [SAVING_THROW_ID], [SCORE]) VALUES (1, 12, 3, 8);
INSERT INTO SAVING_THROW_SCORES ([CLASS_TYPE_ID], [LEVEL], [SAVING_THROW_ID], [SCORE]) VALUES (1, 12, 4, 10);

INSERT INTO SAVING_THROW_SCORES ([CLASS_TYPE_ID], [LEVEL], [SAVING_THROW_ID], [SCORE]) VALUES (1, 13, 0, 5);
INSERT INTO SAVING_THROW_SCORES ([CLASS_TYPE_ID], [LEVEL], [SAVING_THROW_ID], [SCORE]) VALUES (1, 13, 1, 7);
INSERT INTO SAVING_THROW_SCORES ([CLASS_TYPE_ID], [LEVEL], [SAVING_THROW_ID], [SCORE]) VALUES (1, 13, 2, 6);
INSERT INTO SAVING_THROW_SCORES ([CLASS_TYPE_ID], [LEVEL], [SAVING_THROW_ID], [SCORE]) VALUES (1, 13, 3, 5);
INSERT INTO SAVING_THROW_SCORES ([CLASS_TYPE_ID], [LEVEL], [SAVING_THROW_ID], [SCORE]) VALUES (1, 13, 4, 8);

INSERT INTO SAVING_THROW_SCORES ([CLASS_TYPE_ID], [LEVEL], [SAVING_THROW_ID], [SCORE]) VALUES (1, 14, 0, 5);
INSERT INTO SAVING_THROW_SCORES ([CLASS_TYPE_ID], [LEVEL], [SAVING_THROW_ID], [SCORE]) VALUES (1, 14, 1, 7);
INSERT INTO SAVING_THROW_SCORES ([CLASS_TYPE_ID], [LEVEL], [SAVING_THROW_ID], [SCORE]) VALUES (1, 14, 2, 6);
INSERT INTO SAVING_THROW_SCORES ([CLASS_TYPE_ID], [LEVEL], [SAVING_THROW_ID], [SCORE]) VALUES (1, 14, 3, 5);
INSERT INTO SAVING_THROW_SCORES ([CLASS_TYPE_ID], [LEVEL], [SAVING_THROW_ID], [SCORE]) VALUES (1, 14, 4, 8);

INSERT INTO SAVING_THROW_SCORES ([CLASS_TYPE_ID], [LEVEL], [SAVING_THROW_ID], [SCORE]) VALUES (1, 15, 0, 4);
INSERT INTO SAVING_THROW_SCORES ([CLASS_TYPE_ID], [LEVEL], [SAVING_THROW_ID], [SCORE]) VALUES (1, 15, 1, 6);
INSERT INTO SAVING_THROW_SCORES ([CLASS_TYPE_ID], [LEVEL], [SAVING_THROW_ID], [SCORE]) VALUES (1, 15, 2, 5);
INSERT INTO SAVING_THROW_SCORES ([CLASS_TYPE_ID], [LEVEL], [SAVING_THROW_ID], [SCORE]) VALUES (1, 15, 3, 6);
INSERT INTO SAVING_THROW_SCORES ([CLASS_TYPE_ID], [LEVEL], [SAVING_THROW_ID], [SCORE]) VALUES (1, 15, 4, 7);

INSERT INTO SAVING_THROW_SCORES ([CLASS_TYPE_ID], [LEVEL], [SAVING_THROW_ID], [SCORE]) VALUES (1, 16, 0, 4);
INSERT INTO SAVING_THROW_SCORES ([CLASS_TYPE_ID], [LEVEL], [SAVING_THROW_ID], [SCORE]) VALUES (1, 16, 1, 6);
INSERT INTO SAVING_THROW_SCORES ([CLASS_TYPE_ID], [LEVEL], [SAVING_THROW_ID], [SCORE]) VALUES (1, 16, 2, 5);
INSERT INTO SAVING_THROW_SCORES ([CLASS_TYPE_ID], [LEVEL], [SAVING_THROW_ID], [SCORE]) VALUES (1, 16, 3, 6);
INSERT INTO SAVING_THROW_SCORES ([CLASS_TYPE_ID], [LEVEL], [SAVING_THROW_ID], [SCORE]) VALUES (1, 16, 4, 7);

INSERT INTO SAVING_THROW_SCORES ([CLASS_TYPE_ID], [LEVEL], [SAVING_THROW_ID], [SCORE]) VALUES (1, 17, 0, 3);
INSERT INTO SAVING_THROW_SCORES ([CLASS_TYPE_ID], [LEVEL], [SAVING_THROW_ID], [SCORE]) VALUES (1, 17, 1, 5);
INSERT INTO SAVING_THROW_SCORES ([CLASS_TYPE_ID], [LEVEL], [SAVING_THROW_ID], [SCORE]) VALUES (1, 17, 2, 4);
INSERT INTO SAVING_THROW_SCORES ([CLASS_TYPE_ID], [LEVEL], [SAVING_THROW_ID], [SCORE]) VALUES (1, 17, 3, 4);
INSERT INTO SAVING_THROW_SCORES ([CLASS_TYPE_ID], [LEVEL], [SAVING_THROW_ID], [SCORE]) VALUES (1, 17, 4, 6);


-- WIZARD
INSERT INTO SAVING_THROW_SCORES ([CLASS_TYPE_ID], [LEVEL], [SAVING_THROW_ID], [SCORE]) VALUES (2, 1, 0, 14);
INSERT INTO SAVING_THROW_SCORES ([CLASS_TYPE_ID], [LEVEL], [SAVING_THROW_ID], [SCORE]) VALUES (2, 1, 1, 11);
INSERT INTO SAVING_THROW_SCORES ([CLASS_TYPE_ID], [LEVEL], [SAVING_THROW_ID], [SCORE]) VALUES (2, 1, 2, 13);
INSERT INTO SAVING_THROW_SCORES ([CLASS_TYPE_ID], [LEVEL], [SAVING_THROW_ID], [SCORE]) VALUES (2, 1, 3, 15);
INSERT INTO SAVING_THROW_SCORES ([CLASS_TYPE_ID], [LEVEL], [SAVING_THROW_ID], [SCORE]) VALUES (2, 1, 4, 12);

INSERT INTO SAVING_THROW_SCORES ([CLASS_TYPE_ID], [LEVEL], [SAVING_THROW_ID], [SCORE]) VALUES (2, 2, 0, 14);
INSERT INTO SAVING_THROW_SCORES ([CLASS_TYPE_ID], [LEVEL], [SAVING_THROW_ID], [SCORE]) VALUES (2, 2, 1, 11);
INSERT INTO SAVING_THROW_SCORES ([CLASS_TYPE_ID], [LEVEL], [SAVING_THROW_ID], [SCORE]) VALUES (2, 2, 2, 13);
INSERT INTO SAVING_THROW_SCORES ([CLASS_TYPE_ID], [LEVEL], [SAVING_THROW_ID], [SCORE]) VALUES (2, 2, 3, 15);
INSERT INTO SAVING_THROW_SCORES ([CLASS_TYPE_ID], [LEVEL], [SAVING_THROW_ID], [SCORE]) VALUES (2, 2, 4, 12);

INSERT INTO SAVING_THROW_SCORES ([CLASS_TYPE_ID], [LEVEL], [SAVING_THROW_ID], [SCORE]) VALUES (2, 3, 0, 14);
INSERT INTO SAVING_THROW_SCORES ([CLASS_TYPE_ID], [LEVEL], [SAVING_THROW_ID], [SCORE]) VALUES (2, 3, 1, 11);
INSERT INTO SAVING_THROW_SCORES ([CLASS_TYPE_ID], [LEVEL], [SAVING_THROW_ID], [SCORE]) VALUES (2, 3, 2, 13);
INSERT INTO SAVING_THROW_SCORES ([CLASS_TYPE_ID], [LEVEL], [SAVING_THROW_ID], [SCORE]) VALUES (2, 3, 3, 15);
INSERT INTO SAVING_THROW_SCORES ([CLASS_TYPE_ID], [LEVEL], [SAVING_THROW_ID], [SCORE]) VALUES (2, 3, 4, 12);

INSERT INTO SAVING_THROW_SCORES ([CLASS_TYPE_ID], [LEVEL], [SAVING_THROW_ID], [SCORE]) VALUES (2, 4, 0, 14);
INSERT INTO SAVING_THROW_SCORES ([CLASS_TYPE_ID], [LEVEL], [SAVING_THROW_ID], [SCORE]) VALUES (2, 4, 1, 11);
INSERT INTO SAVING_THROW_SCORES ([CLASS_TYPE_ID], [LEVEL], [SAVING_THROW_ID], [SCORE]) VALUES (2, 4, 2, 13);
INSERT INTO SAVING_THROW_SCORES ([CLASS_TYPE_ID], [LEVEL], [SAVING_THROW_ID], [SCORE]) VALUES (2, 4, 3, 15);
INSERT INTO SAVING_THROW_SCORES ([CLASS_TYPE_ID], [LEVEL], [SAVING_THROW_ID], [SCORE]) VALUES (2, 4, 4, 12);

INSERT INTO SAVING_THROW_SCORES ([CLASS_TYPE_ID], [LEVEL], [SAVING_THROW_ID], [SCORE]) VALUES (2, 5, 0, 14);
INSERT INTO SAVING_THROW_SCORES ([CLASS_TYPE_ID], [LEVEL], [SAVING_THROW_ID], [SCORE]) VALUES (2, 5, 1, 11);
INSERT INTO SAVING_THROW_SCORES ([CLASS_TYPE_ID], [LEVEL], [SAVING_THROW_ID], [SCORE]) VALUES (2, 5, 2, 13);
INSERT INTO SAVING_THROW_SCORES ([CLASS_TYPE_ID], [LEVEL], [SAVING_THROW_ID], [SCORE]) VALUES (2, 5, 3, 15);
INSERT INTO SAVING_THROW_SCORES ([CLASS_TYPE_ID], [LEVEL], [SAVING_THROW_ID], [SCORE]) VALUES (2, 5, 4, 12);

INSERT INTO SAVING_THROW_SCORES ([CLASS_TYPE_ID], [LEVEL], [SAVING_THROW_ID], [SCORE]) VALUES (2, 6, 0, 13);
INSERT INTO SAVING_THROW_SCORES ([CLASS_TYPE_ID], [LEVEL], [SAVING_THROW_ID], [SCORE]) VALUES (2, 6, 1, 9);
INSERT INTO SAVING_THROW_SCORES ([CLASS_TYPE_ID], [LEVEL], [SAVING_THROW_ID], [SCORE]) VALUES (2, 6, 2, 11);
INSERT INTO SAVING_THROW_SCORES ([CLASS_TYPE_ID], [LEVEL], [SAVING_THROW_ID], [SCORE]) VALUES (2, 6, 3, 13);
INSERT INTO SAVING_THROW_SCORES ([CLASS_TYPE_ID], [LEVEL], [SAVING_THROW_ID], [SCORE]) VALUES (2, 6, 4, 10);

INSERT INTO SAVING_THROW_SCORES ([CLASS_TYPE_ID], [LEVEL], [SAVING_THROW_ID], [SCORE]) VALUES (2, 7, 0, 13);
INSERT INTO SAVING_THROW_SCORES ([CLASS_TYPE_ID], [LEVEL], [SAVING_THROW_ID], [SCORE]) VALUES (2, 7, 1, 9);
INSERT INTO SAVING_THROW_SCORES ([CLASS_TYPE_ID], [LEVEL], [SAVING_THROW_ID], [SCORE]) VALUES (2, 7, 2, 11);
INSERT INTO SAVING_THROW_SCORES ([CLASS_TYPE_ID], [LEVEL], [SAVING_THROW_ID], [SCORE]) VALUES (2, 7, 3, 13);
INSERT INTO SAVING_THROW_SCORES ([CLASS_TYPE_ID], [LEVEL], [SAVING_THROW_ID], [SCORE]) VALUES (2, 7, 4, 10);

INSERT INTO SAVING_THROW_SCORES ([CLASS_TYPE_ID], [LEVEL], [SAVING_THROW_ID], [SCORE]) VALUES (2, 8, 0, 13);
INSERT INTO SAVING_THROW_SCORES ([CLASS_TYPE_ID], [LEVEL], [SAVING_THROW_ID], [SCORE]) VALUES (2, 8, 1, 9);
INSERT INTO SAVING_THROW_SCORES ([CLASS_TYPE_ID], [LEVEL], [SAVING_THROW_ID], [SCORE]) VALUES (2, 8, 2, 11);
INSERT INTO SAVING_THROW_SCORES ([CLASS_TYPE_ID], [LEVEL], [SAVING_THROW_ID], [SCORE]) VALUES (2, 8, 3, 13);
INSERT INTO SAVING_THROW_SCORES ([CLASS_TYPE_ID], [LEVEL], [SAVING_THROW_ID], [SCORE]) VALUES (2, 8, 4, 10);

INSERT INTO SAVING_THROW_SCORES ([CLASS_TYPE_ID], [LEVEL], [SAVING_THROW_ID], [SCORE]) VALUES (2, 9, 0, 13);
INSERT INTO SAVING_THROW_SCORES ([CLASS_TYPE_ID], [LEVEL], [SAVING_THROW_ID], [SCORE]) VALUES (2, 9, 1, 9);
INSERT INTO SAVING_THROW_SCORES ([CLASS_TYPE_ID], [LEVEL], [SAVING_THROW_ID], [SCORE]) VALUES (2, 9, 2, 11);
INSERT INTO SAVING_THROW_SCORES ([CLASS_TYPE_ID], [LEVEL], [SAVING_THROW_ID], [SCORE]) VALUES (2, 9, 3, 13);
INSERT INTO SAVING_THROW_SCORES ([CLASS_TYPE_ID], [LEVEL], [SAVING_THROW_ID], [SCORE]) VALUES (2, 9, 4, 10);

INSERT INTO SAVING_THROW_SCORES ([CLASS_TYPE_ID], [LEVEL], [SAVING_THROW_ID], [SCORE]) VALUES (2, 10, 0, 13);
INSERT INTO SAVING_THROW_SCORES ([CLASS_TYPE_ID], [LEVEL], [SAVING_THROW_ID], [SCORE]) VALUES (2, 10, 1, 9);
INSERT INTO SAVING_THROW_SCORES ([CLASS_TYPE_ID], [LEVEL], [SAVING_THROW_ID], [SCORE]) VALUES (2, 10, 2, 11);
INSERT INTO SAVING_THROW_SCORES ([CLASS_TYPE_ID], [LEVEL], [SAVING_THROW_ID], [SCORE]) VALUES (2, 10, 3, 13);
INSERT INTO SAVING_THROW_SCORES ([CLASS_TYPE_ID], [LEVEL], [SAVING_THROW_ID], [SCORE]) VALUES (2, 10, 4, 10);

INSERT INTO SAVING_THROW_SCORES ([CLASS_TYPE_ID], [LEVEL], [SAVING_THROW_ID], [SCORE]) VALUES (2, 11, 0, 11);
INSERT INTO SAVING_THROW_SCORES ([CLASS_TYPE_ID], [LEVEL], [SAVING_THROW_ID], [SCORE]) VALUES (2, 11, 1, 7);
INSERT INTO SAVING_THROW_SCORES ([CLASS_TYPE_ID], [LEVEL], [SAVING_THROW_ID], [SCORE]) VALUES (2, 11, 2, 9);
INSERT INTO SAVING_THROW_SCORES ([CLASS_TYPE_ID], [LEVEL], [SAVING_THROW_ID], [SCORE]) VALUES (2, 11, 3, 11);
INSERT INTO SAVING_THROW_SCORES ([CLASS_TYPE_ID], [LEVEL], [SAVING_THROW_ID], [SCORE]) VALUES (2, 11, 4, 8);

INSERT INTO SAVING_THROW_SCORES ([CLASS_TYPE_ID], [LEVEL], [SAVING_THROW_ID], [SCORE]) VALUES (2, 12, 0, 11);
INSERT INTO SAVING_THROW_SCORES ([CLASS_TYPE_ID], [LEVEL], [SAVING_THROW_ID], [SCORE]) VALUES (2, 12, 1, 7);
INSERT INTO SAVING_THROW_SCORES ([CLASS_TYPE_ID], [LEVEL], [SAVING_THROW_ID], [SCORE]) VALUES (2, 12, 2, 9);
INSERT INTO SAVING_THROW_SCORES ([CLASS_TYPE_ID], [LEVEL], [SAVING_THROW_ID], [SCORE]) VALUES (2, 12, 3, 11);
INSERT INTO SAVING_THROW_SCORES ([CLASS_TYPE_ID], [LEVEL], [SAVING_THROW_ID], [SCORE]) VALUES (2, 12, 4, 8);

INSERT INTO SAVING_THROW_SCORES ([CLASS_TYPE_ID], [LEVEL], [SAVING_THROW_ID], [SCORE]) VALUES (2, 13, 0, 11);
INSERT INTO SAVING_THROW_SCORES ([CLASS_TYPE_ID], [LEVEL], [SAVING_THROW_ID], [SCORE]) VALUES (2, 13, 1, 7);
INSERT INTO SAVING_THROW_SCORES ([CLASS_TYPE_ID], [LEVEL], [SAVING_THROW_ID], [SCORE]) VALUES (2, 13, 2, 9);
INSERT INTO SAVING_THROW_SCORES ([CLASS_TYPE_ID], [LEVEL], [SAVING_THROW_ID], [SCORE]) VALUES (2, 13, 3, 11);
INSERT INTO SAVING_THROW_SCORES ([CLASS_TYPE_ID], [LEVEL], [SAVING_THROW_ID], [SCORE]) VALUES (2, 13, 4, 8);

INSERT INTO SAVING_THROW_SCORES ([CLASS_TYPE_ID], [LEVEL], [SAVING_THROW_ID], [SCORE]) VALUES (2, 14, 0, 11);
INSERT INTO SAVING_THROW_SCORES ([CLASS_TYPE_ID], [LEVEL], [SAVING_THROW_ID], [SCORE]) VALUES (2, 14, 1, 7);
INSERT INTO SAVING_THROW_SCORES ([CLASS_TYPE_ID], [LEVEL], [SAVING_THROW_ID], [SCORE]) VALUES (2, 14, 2, 9);
INSERT INTO SAVING_THROW_SCORES ([CLASS_TYPE_ID], [LEVEL], [SAVING_THROW_ID], [SCORE]) VALUES (2, 14, 3, 11);
INSERT INTO SAVING_THROW_SCORES ([CLASS_TYPE_ID], [LEVEL], [SAVING_THROW_ID], [SCORE]) VALUES (2, 14, 4, 8);

INSERT INTO SAVING_THROW_SCORES ([CLASS_TYPE_ID], [LEVEL], [SAVING_THROW_ID], [SCORE]) VALUES (2, 15, 0, 11);
INSERT INTO SAVING_THROW_SCORES ([CLASS_TYPE_ID], [LEVEL], [SAVING_THROW_ID], [SCORE]) VALUES (2, 15, 1, 7);
INSERT INTO SAVING_THROW_SCORES ([CLASS_TYPE_ID], [LEVEL], [SAVING_THROW_ID], [SCORE]) VALUES (2, 15, 2, 9);
INSERT INTO SAVING_THROW_SCORES ([CLASS_TYPE_ID], [LEVEL], [SAVING_THROW_ID], [SCORE]) VALUES (2, 15, 3, 11);
INSERT INTO SAVING_THROW_SCORES ([CLASS_TYPE_ID], [LEVEL], [SAVING_THROW_ID], [SCORE]) VALUES (2, 15, 4, 8);

INSERT INTO SAVING_THROW_SCORES ([CLASS_TYPE_ID], [LEVEL], [SAVING_THROW_ID], [SCORE]) VALUES (2, 16, 0, 10);
INSERT INTO SAVING_THROW_SCORES ([CLASS_TYPE_ID], [LEVEL], [SAVING_THROW_ID], [SCORE]) VALUES (2, 16, 1, 5);
INSERT INTO SAVING_THROW_SCORES ([CLASS_TYPE_ID], [LEVEL], [SAVING_THROW_ID], [SCORE]) VALUES (2, 16, 2, 7);
INSERT INTO SAVING_THROW_SCORES ([CLASS_TYPE_ID], [LEVEL], [SAVING_THROW_ID], [SCORE]) VALUES (2, 16, 3, 9);
INSERT INTO SAVING_THROW_SCORES ([CLASS_TYPE_ID], [LEVEL], [SAVING_THROW_ID], [SCORE]) VALUES (2, 16, 4, 6);

INSERT INTO SAVING_THROW_SCORES ([CLASS_TYPE_ID], [LEVEL], [SAVING_THROW_ID], [SCORE]) VALUES (2, 17, 0, 10);
INSERT INTO SAVING_THROW_SCORES ([CLASS_TYPE_ID], [LEVEL], [SAVING_THROW_ID], [SCORE]) VALUES (2, 17, 1, 5);
INSERT INTO SAVING_THROW_SCORES ([CLASS_TYPE_ID], [LEVEL], [SAVING_THROW_ID], [SCORE]) VALUES (2, 17, 2, 7);
INSERT INTO SAVING_THROW_SCORES ([CLASS_TYPE_ID], [LEVEL], [SAVING_THROW_ID], [SCORE]) VALUES (2, 17, 3, 9);
INSERT INTO SAVING_THROW_SCORES ([CLASS_TYPE_ID], [LEVEL], [SAVING_THROW_ID], [SCORE]) VALUES (2, 17, 4, 6);

INSERT INTO SAVING_THROW_SCORES ([CLASS_TYPE_ID], [LEVEL], [SAVING_THROW_ID], [SCORE]) VALUES (2, 18, 0, 10);
INSERT INTO SAVING_THROW_SCORES ([CLASS_TYPE_ID], [LEVEL], [SAVING_THROW_ID], [SCORE]) VALUES (2, 18, 1, 5);
INSERT INTO SAVING_THROW_SCORES ([CLASS_TYPE_ID], [LEVEL], [SAVING_THROW_ID], [SCORE]) VALUES (2, 18, 2, 7);
INSERT INTO SAVING_THROW_SCORES ([CLASS_TYPE_ID], [LEVEL], [SAVING_THROW_ID], [SCORE]) VALUES (2, 18, 3, 9);
INSERT INTO SAVING_THROW_SCORES ([CLASS_TYPE_ID], [LEVEL], [SAVING_THROW_ID], [SCORE]) VALUES (2, 18, 4, 6);

INSERT INTO SAVING_THROW_SCORES ([CLASS_TYPE_ID], [LEVEL], [SAVING_THROW_ID], [SCORE]) VALUES (2, 19, 0, 10);
INSERT INTO SAVING_THROW_SCORES ([CLASS_TYPE_ID], [LEVEL], [SAVING_THROW_ID], [SCORE]) VALUES (2, 19, 1, 5);
INSERT INTO SAVING_THROW_SCORES ([CLASS_TYPE_ID], [LEVEL], [SAVING_THROW_ID], [SCORE]) VALUES (2, 19, 2, 7);
INSERT INTO SAVING_THROW_SCORES ([CLASS_TYPE_ID], [LEVEL], [SAVING_THROW_ID], [SCORE]) VALUES (2, 19, 3, 9);
INSERT INTO SAVING_THROW_SCORES ([CLASS_TYPE_ID], [LEVEL], [SAVING_THROW_ID], [SCORE]) VALUES (2, 19, 4, 6);

INSERT INTO SAVING_THROW_SCORES ([CLASS_TYPE_ID], [LEVEL], [SAVING_THROW_ID], [SCORE]) VALUES (2, 20, 0, 10);
INSERT INTO SAVING_THROW_SCORES ([CLASS_TYPE_ID], [LEVEL], [SAVING_THROW_ID], [SCORE]) VALUES (2, 20, 1, 5);
INSERT INTO SAVING_THROW_SCORES ([CLASS_TYPE_ID], [LEVEL], [SAVING_THROW_ID], [SCORE]) VALUES (2, 20, 2, 7);
INSERT INTO SAVING_THROW_SCORES ([CLASS_TYPE_ID], [LEVEL], [SAVING_THROW_ID], [SCORE]) VALUES (2, 20, 3, 9);
INSERT INTO SAVING_THROW_SCORES ([CLASS_TYPE_ID], [LEVEL], [SAVING_THROW_ID], [SCORE]) VALUES (2, 20, 4, 6);

INSERT INTO SAVING_THROW_SCORES ([CLASS_TYPE_ID], [LEVEL], [SAVING_THROW_ID], [SCORE]) VALUES (2, 21, 0, 8);
INSERT INTO SAVING_THROW_SCORES ([CLASS_TYPE_ID], [LEVEL], [SAVING_THROW_ID], [SCORE]) VALUES (2, 21, 1, 3);
INSERT INTO SAVING_THROW_SCORES ([CLASS_TYPE_ID], [LEVEL], [SAVING_THROW_ID], [SCORE]) VALUES (2, 21, 2, 5);
INSERT INTO SAVING_THROW_SCORES ([CLASS_TYPE_ID], [LEVEL], [SAVING_THROW_ID], [SCORE]) VALUES (2, 21, 3, 7);
INSERT INTO SAVING_THROW_SCORES ([CLASS_TYPE_ID], [LEVEL], [SAVING_THROW_ID], [SCORE]) VALUES (2, 21, 4, 4);


-- PRIEST
INSERT INTO SAVING_THROW_SCORES ([CLASS_TYPE_ID], [LEVEL], [SAVING_THROW_ID], [SCORE]) VALUES (4, 1, 0, 10);
INSERT INTO SAVING_THROW_SCORES ([CLASS_TYPE_ID], [LEVEL], [SAVING_THROW_ID], [SCORE]) VALUES (4, 1, 1, 14);
INSERT INTO SAVING_THROW_SCORES ([CLASS_TYPE_ID], [LEVEL], [SAVING_THROW_ID], [SCORE]) VALUES (4, 1, 2, 13);
INSERT INTO SAVING_THROW_SCORES ([CLASS_TYPE_ID], [LEVEL], [SAVING_THROW_ID], [SCORE]) VALUES (4, 1, 3, 16);
INSERT INTO SAVING_THROW_SCORES ([CLASS_TYPE_ID], [LEVEL], [SAVING_THROW_ID], [SCORE]) VALUES (4, 1, 4, 15);

INSERT INTO SAVING_THROW_SCORES ([CLASS_TYPE_ID], [LEVEL], [SAVING_THROW_ID], [SCORE]) VALUES (4, 2, 0, 10);
INSERT INTO SAVING_THROW_SCORES ([CLASS_TYPE_ID], [LEVEL], [SAVING_THROW_ID], [SCORE]) VALUES (4, 2, 1, 14);
INSERT INTO SAVING_THROW_SCORES ([CLASS_TYPE_ID], [LEVEL], [SAVING_THROW_ID], [SCORE]) VALUES (4, 2, 2, 13);
INSERT INTO SAVING_THROW_SCORES ([CLASS_TYPE_ID], [LEVEL], [SAVING_THROW_ID], [SCORE]) VALUES (4, 2, 3, 16);
INSERT INTO SAVING_THROW_SCORES ([CLASS_TYPE_ID], [LEVEL], [SAVING_THROW_ID], [SCORE]) VALUES (4, 2, 4, 15);

INSERT INTO SAVING_THROW_SCORES ([CLASS_TYPE_ID], [LEVEL], [SAVING_THROW_ID], [SCORE]) VALUES (4, 3, 0, 10);
INSERT INTO SAVING_THROW_SCORES ([CLASS_TYPE_ID], [LEVEL], [SAVING_THROW_ID], [SCORE]) VALUES (4, 3, 1, 14);
INSERT INTO SAVING_THROW_SCORES ([CLASS_TYPE_ID], [LEVEL], [SAVING_THROW_ID], [SCORE]) VALUES (4, 3, 2, 13);
INSERT INTO SAVING_THROW_SCORES ([CLASS_TYPE_ID], [LEVEL], [SAVING_THROW_ID], [SCORE]) VALUES (4, 3, 3, 16);
INSERT INTO SAVING_THROW_SCORES ([CLASS_TYPE_ID], [LEVEL], [SAVING_THROW_ID], [SCORE]) VALUES (4, 3, 4, 15);

INSERT INTO SAVING_THROW_SCORES ([CLASS_TYPE_ID], [LEVEL], [SAVING_THROW_ID], [SCORE]) VALUES (4, 4, 0, 9);
INSERT INTO SAVING_THROW_SCORES ([CLASS_TYPE_ID], [LEVEL], [SAVING_THROW_ID], [SCORE]) VALUES (4, 4, 1, 13);
INSERT INTO SAVING_THROW_SCORES ([CLASS_TYPE_ID], [LEVEL], [SAVING_THROW_ID], [SCORE]) VALUES (4, 4, 2, 12);
INSERT INTO SAVING_THROW_SCORES ([CLASS_TYPE_ID], [LEVEL], [SAVING_THROW_ID], [SCORE]) VALUES (4, 4, 3, 15);
INSERT INTO SAVING_THROW_SCORES ([CLASS_TYPE_ID], [LEVEL], [SAVING_THROW_ID], [SCORE]) VALUES (4, 4, 4, 14);

INSERT INTO SAVING_THROW_SCORES ([CLASS_TYPE_ID], [LEVEL], [SAVING_THROW_ID], [SCORE]) VALUES (4, 5, 0, 9);
INSERT INTO SAVING_THROW_SCORES ([CLASS_TYPE_ID], [LEVEL], [SAVING_THROW_ID], [SCORE]) VALUES (4, 5, 1, 13);
INSERT INTO SAVING_THROW_SCORES ([CLASS_TYPE_ID], [LEVEL], [SAVING_THROW_ID], [SCORE]) VALUES (4, 5, 2, 12);
INSERT INTO SAVING_THROW_SCORES ([CLASS_TYPE_ID], [LEVEL], [SAVING_THROW_ID], [SCORE]) VALUES (4, 5, 3, 15);
INSERT INTO SAVING_THROW_SCORES ([CLASS_TYPE_ID], [LEVEL], [SAVING_THROW_ID], [SCORE]) VALUES (4, 5, 4, 14);

INSERT INTO SAVING_THROW_SCORES ([CLASS_TYPE_ID], [LEVEL], [SAVING_THROW_ID], [SCORE]) VALUES (4, 6, 0, 9);
INSERT INTO SAVING_THROW_SCORES ([CLASS_TYPE_ID], [LEVEL], [SAVING_THROW_ID], [SCORE]) VALUES (4, 6, 1, 13);
INSERT INTO SAVING_THROW_SCORES ([CLASS_TYPE_ID], [LEVEL], [SAVING_THROW_ID], [SCORE]) VALUES (4, 6, 2, 12);
INSERT INTO SAVING_THROW_SCORES ([CLASS_TYPE_ID], [LEVEL], [SAVING_THROW_ID], [SCORE]) VALUES (4, 6, 3, 15);
INSERT INTO SAVING_THROW_SCORES ([CLASS_TYPE_ID], [LEVEL], [SAVING_THROW_ID], [SCORE]) VALUES (4, 6, 4, 14);

INSERT INTO SAVING_THROW_SCORES ([CLASS_TYPE_ID], [LEVEL], [SAVING_THROW_ID], [SCORE]) VALUES (4, 7, 0, 7);
INSERT INTO SAVING_THROW_SCORES ([CLASS_TYPE_ID], [LEVEL], [SAVING_THROW_ID], [SCORE]) VALUES (4, 7, 1, 11);
INSERT INTO SAVING_THROW_SCORES ([CLASS_TYPE_ID], [LEVEL], [SAVING_THROW_ID], [SCORE]) VALUES (4, 7, 2, 10);
INSERT INTO SAVING_THROW_SCORES ([CLASS_TYPE_ID], [LEVEL], [SAVING_THROW_ID], [SCORE]) VALUES (4, 7, 3, 14);
INSERT INTO SAVING_THROW_SCORES ([CLASS_TYPE_ID], [LEVEL], [SAVING_THROW_ID], [SCORE]) VALUES (4, 7, 4, 12);

INSERT INTO SAVING_THROW_SCORES ([CLASS_TYPE_ID], [LEVEL], [SAVING_THROW_ID], [SCORE]) VALUES (4, 8, 0, 7);
INSERT INTO SAVING_THROW_SCORES ([CLASS_TYPE_ID], [LEVEL], [SAVING_THROW_ID], [SCORE]) VALUES (4, 8, 1, 11);
INSERT INTO SAVING_THROW_SCORES ([CLASS_TYPE_ID], [LEVEL], [SAVING_THROW_ID], [SCORE]) VALUES (4, 8, 2, 10);
INSERT INTO SAVING_THROW_SCORES ([CLASS_TYPE_ID], [LEVEL], [SAVING_THROW_ID], [SCORE]) VALUES (4, 8, 3, 14);
INSERT INTO SAVING_THROW_SCORES ([CLASS_TYPE_ID], [LEVEL], [SAVING_THROW_ID], [SCORE]) VALUES (4, 8, 4, 12);

INSERT INTO SAVING_THROW_SCORES ([CLASS_TYPE_ID], [LEVEL], [SAVING_THROW_ID], [SCORE]) VALUES (4, 9, 0, 7);
INSERT INTO SAVING_THROW_SCORES ([CLASS_TYPE_ID], [LEVEL], [SAVING_THROW_ID], [SCORE]) VALUES (4, 9, 1, 11);
INSERT INTO SAVING_THROW_SCORES ([CLASS_TYPE_ID], [LEVEL], [SAVING_THROW_ID], [SCORE]) VALUES (4, 9, 2, 10);
INSERT INTO SAVING_THROW_SCORES ([CLASS_TYPE_ID], [LEVEL], [SAVING_THROW_ID], [SCORE]) VALUES (4, 9, 3, 14);
INSERT INTO SAVING_THROW_SCORES ([CLASS_TYPE_ID], [LEVEL], [SAVING_THROW_ID], [SCORE]) VALUES (4, 9, 4, 12);

INSERT INTO SAVING_THROW_SCORES ([CLASS_TYPE_ID], [LEVEL], [SAVING_THROW_ID], [SCORE]) VALUES (4, 10, 0, 6);
INSERT INTO SAVING_THROW_SCORES ([CLASS_TYPE_ID], [LEVEL], [SAVING_THROW_ID], [SCORE]) VALUES (4, 10, 1, 10);
INSERT INTO SAVING_THROW_SCORES ([CLASS_TYPE_ID], [LEVEL], [SAVING_THROW_ID], [SCORE]) VALUES (4, 10, 2, 9);
INSERT INTO SAVING_THROW_SCORES ([CLASS_TYPE_ID], [LEVEL], [SAVING_THROW_ID], [SCORE]) VALUES (4, 10, 3, 12);
INSERT INTO SAVING_THROW_SCORES ([CLASS_TYPE_ID], [LEVEL], [SAVING_THROW_ID], [SCORE]) VALUES (4, 10, 4, 11);

INSERT INTO SAVING_THROW_SCORES ([CLASS_TYPE_ID], [LEVEL], [SAVING_THROW_ID], [SCORE]) VALUES (4, 11, 0, 6);
INSERT INTO SAVING_THROW_SCORES ([CLASS_TYPE_ID], [LEVEL], [SAVING_THROW_ID], [SCORE]) VALUES (4, 11, 1, 10);
INSERT INTO SAVING_THROW_SCORES ([CLASS_TYPE_ID], [LEVEL], [SAVING_THROW_ID], [SCORE]) VALUES (4, 11, 2, 9);
INSERT INTO SAVING_THROW_SCORES ([CLASS_TYPE_ID], [LEVEL], [SAVING_THROW_ID], [SCORE]) VALUES (4, 11, 3, 12);
INSERT INTO SAVING_THROW_SCORES ([CLASS_TYPE_ID], [LEVEL], [SAVING_THROW_ID], [SCORE]) VALUES (4, 11, 4, 11);

INSERT INTO SAVING_THROW_SCORES ([CLASS_TYPE_ID], [LEVEL], [SAVING_THROW_ID], [SCORE]) VALUES (4, 12, 0, 6);
INSERT INTO SAVING_THROW_SCORES ([CLASS_TYPE_ID], [LEVEL], [SAVING_THROW_ID], [SCORE]) VALUES (4, 12, 1, 10);
INSERT INTO SAVING_THROW_SCORES ([CLASS_TYPE_ID], [LEVEL], [SAVING_THROW_ID], [SCORE]) VALUES (4, 12, 2, 9);
INSERT INTO SAVING_THROW_SCORES ([CLASS_TYPE_ID], [LEVEL], [SAVING_THROW_ID], [SCORE]) VALUES (4, 12, 3, 12);
INSERT INTO SAVING_THROW_SCORES ([CLASS_TYPE_ID], [LEVEL], [SAVING_THROW_ID], [SCORE]) VALUES (4, 12, 4, 11);

INSERT INTO SAVING_THROW_SCORES ([CLASS_TYPE_ID], [LEVEL], [SAVING_THROW_ID], [SCORE]) VALUES (4, 13, 0, 5);
INSERT INTO SAVING_THROW_SCORES ([CLASS_TYPE_ID], [LEVEL], [SAVING_THROW_ID], [SCORE]) VALUES (4, 13, 1, 9);
INSERT INTO SAVING_THROW_SCORES ([CLASS_TYPE_ID], [LEVEL], [SAVING_THROW_ID], [SCORE]) VALUES (4, 13, 2, 8);
INSERT INTO SAVING_THROW_SCORES ([CLASS_TYPE_ID], [LEVEL], [SAVING_THROW_ID], [SCORE]) VALUES (4, 13, 3, 11);
INSERT INTO SAVING_THROW_SCORES ([CLASS_TYPE_ID], [LEVEL], [SAVING_THROW_ID], [SCORE]) VALUES (4, 13, 4, 10);

INSERT INTO SAVING_THROW_SCORES ([CLASS_TYPE_ID], [LEVEL], [SAVING_THROW_ID], [SCORE]) VALUES (4, 14, 0, 5);
INSERT INTO SAVING_THROW_SCORES ([CLASS_TYPE_ID], [LEVEL], [SAVING_THROW_ID], [SCORE]) VALUES (4, 14, 1, 9);
INSERT INTO SAVING_THROW_SCORES ([CLASS_TYPE_ID], [LEVEL], [SAVING_THROW_ID], [SCORE]) VALUES (4, 14, 2, 8);
INSERT INTO SAVING_THROW_SCORES ([CLASS_TYPE_ID], [LEVEL], [SAVING_THROW_ID], [SCORE]) VALUES (4, 14, 3, 11);
INSERT INTO SAVING_THROW_SCORES ([CLASS_TYPE_ID], [LEVEL], [SAVING_THROW_ID], [SCORE]) VALUES (4, 14, 4, 10);

INSERT INTO SAVING_THROW_SCORES ([CLASS_TYPE_ID], [LEVEL], [SAVING_THROW_ID], [SCORE]) VALUES (4, 15, 0, 5);
INSERT INTO SAVING_THROW_SCORES ([CLASS_TYPE_ID], [LEVEL], [SAVING_THROW_ID], [SCORE]) VALUES (4, 15, 1, 9);
INSERT INTO SAVING_THROW_SCORES ([CLASS_TYPE_ID], [LEVEL], [SAVING_THROW_ID], [SCORE]) VALUES (4, 15, 2, 8);
INSERT INTO SAVING_THROW_SCORES ([CLASS_TYPE_ID], [LEVEL], [SAVING_THROW_ID], [SCORE]) VALUES (4, 15, 3, 11);
INSERT INTO SAVING_THROW_SCORES ([CLASS_TYPE_ID], [LEVEL], [SAVING_THROW_ID], [SCORE]) VALUES (4, 15, 4, 10);

INSERT INTO SAVING_THROW_SCORES ([CLASS_TYPE_ID], [LEVEL], [SAVING_THROW_ID], [SCORE]) VALUES (4, 16, 0, 4);
INSERT INTO SAVING_THROW_SCORES ([CLASS_TYPE_ID], [LEVEL], [SAVING_THROW_ID], [SCORE]) VALUES (4, 16, 1, 8);
INSERT INTO SAVING_THROW_SCORES ([CLASS_TYPE_ID], [LEVEL], [SAVING_THROW_ID], [SCORE]) VALUES (4, 16, 2, 7);
INSERT INTO SAVING_THROW_SCORES ([CLASS_TYPE_ID], [LEVEL], [SAVING_THROW_ID], [SCORE]) VALUES (4, 16, 3, 10);
INSERT INTO SAVING_THROW_SCORES ([CLASS_TYPE_ID], [LEVEL], [SAVING_THROW_ID], [SCORE]) VALUES (4, 16, 4, 9);

INSERT INTO SAVING_THROW_SCORES ([CLASS_TYPE_ID], [LEVEL], [SAVING_THROW_ID], [SCORE]) VALUES (4, 17, 0, 4);
INSERT INTO SAVING_THROW_SCORES ([CLASS_TYPE_ID], [LEVEL], [SAVING_THROW_ID], [SCORE]) VALUES (4, 17, 1, 8);
INSERT INTO SAVING_THROW_SCORES ([CLASS_TYPE_ID], [LEVEL], [SAVING_THROW_ID], [SCORE]) VALUES (4, 17, 2, 7);
INSERT INTO SAVING_THROW_SCORES ([CLASS_TYPE_ID], [LEVEL], [SAVING_THROW_ID], [SCORE]) VALUES (4, 17, 3, 10);
INSERT INTO SAVING_THROW_SCORES ([CLASS_TYPE_ID], [LEVEL], [SAVING_THROW_ID], [SCORE]) VALUES (4, 17, 4, 9);

INSERT INTO SAVING_THROW_SCORES ([CLASS_TYPE_ID], [LEVEL], [SAVING_THROW_ID], [SCORE]) VALUES (4, 18, 0, 4);
INSERT INTO SAVING_THROW_SCORES ([CLASS_TYPE_ID], [LEVEL], [SAVING_THROW_ID], [SCORE]) VALUES (4, 18, 1, 8);
INSERT INTO SAVING_THROW_SCORES ([CLASS_TYPE_ID], [LEVEL], [SAVING_THROW_ID], [SCORE]) VALUES (4, 18, 2, 7);
INSERT INTO SAVING_THROW_SCORES ([CLASS_TYPE_ID], [LEVEL], [SAVING_THROW_ID], [SCORE]) VALUES (4, 18, 3, 10);
INSERT INTO SAVING_THROW_SCORES ([CLASS_TYPE_ID], [LEVEL], [SAVING_THROW_ID], [SCORE]) VALUES (4, 18, 4, 9);

INSERT INTO SAVING_THROW_SCORES ([CLASS_TYPE_ID], [LEVEL], [SAVING_THROW_ID], [SCORE]) VALUES (4, 19, 0, 2);
INSERT INTO SAVING_THROW_SCORES ([CLASS_TYPE_ID], [LEVEL], [SAVING_THROW_ID], [SCORE]) VALUES (4, 19, 1, 6);
INSERT INTO SAVING_THROW_SCORES ([CLASS_TYPE_ID], [LEVEL], [SAVING_THROW_ID], [SCORE]) VALUES (4, 19, 2, 5);
INSERT INTO SAVING_THROW_SCORES ([CLASS_TYPE_ID], [LEVEL], [SAVING_THROW_ID], [SCORE]) VALUES (4, 19, 3, 8);
INSERT INTO SAVING_THROW_SCORES ([CLASS_TYPE_ID], [LEVEL], [SAVING_THROW_ID], [SCORE]) VALUES (4, 19, 4, 7);


-- ROGUE
INSERT INTO SAVING_THROW_SCORES ([CLASS_TYPE_ID], [LEVEL], [SAVING_THROW_ID], [SCORE]) VALUES (8, 1, 0, 13);
INSERT INTO SAVING_THROW_SCORES ([CLASS_TYPE_ID], [LEVEL], [SAVING_THROW_ID], [SCORE]) VALUES (8, 1, 1, 14);
INSERT INTO SAVING_THROW_SCORES ([CLASS_TYPE_ID], [LEVEL], [SAVING_THROW_ID], [SCORE]) VALUES (8, 1, 2, 12);
INSERT INTO SAVING_THROW_SCORES ([CLASS_TYPE_ID], [LEVEL], [SAVING_THROW_ID], [SCORE]) VALUES (8, 1, 3, 16);
INSERT INTO SAVING_THROW_SCORES ([CLASS_TYPE_ID], [LEVEL], [SAVING_THROW_ID], [SCORE]) VALUES (8, 1, 4, 15);

INSERT INTO SAVING_THROW_SCORES ([CLASS_TYPE_ID], [LEVEL], [SAVING_THROW_ID], [SCORE]) VALUES (8, 2, 0, 13);
INSERT INTO SAVING_THROW_SCORES ([CLASS_TYPE_ID], [LEVEL], [SAVING_THROW_ID], [SCORE]) VALUES (8, 2, 1, 14);
INSERT INTO SAVING_THROW_SCORES ([CLASS_TYPE_ID], [LEVEL], [SAVING_THROW_ID], [SCORE]) VALUES (8, 2, 2, 12);
INSERT INTO SAVING_THROW_SCORES ([CLASS_TYPE_ID], [LEVEL], [SAVING_THROW_ID], [SCORE]) VALUES (8, 2, 3, 16);
INSERT INTO SAVING_THROW_SCORES ([CLASS_TYPE_ID], [LEVEL], [SAVING_THROW_ID], [SCORE]) VALUES (8, 2, 4, 15);

INSERT INTO SAVING_THROW_SCORES ([CLASS_TYPE_ID], [LEVEL], [SAVING_THROW_ID], [SCORE]) VALUES (8, 3, 0, 13);
INSERT INTO SAVING_THROW_SCORES ([CLASS_TYPE_ID], [LEVEL], [SAVING_THROW_ID], [SCORE]) VALUES (8, 3, 1, 14);
INSERT INTO SAVING_THROW_SCORES ([CLASS_TYPE_ID], [LEVEL], [SAVING_THROW_ID], [SCORE]) VALUES (8, 3, 2, 12);
INSERT INTO SAVING_THROW_SCORES ([CLASS_TYPE_ID], [LEVEL], [SAVING_THROW_ID], [SCORE]) VALUES (8, 3, 3, 16);
INSERT INTO SAVING_THROW_SCORES ([CLASS_TYPE_ID], [LEVEL], [SAVING_THROW_ID], [SCORE]) VALUES (8, 3, 4, 15);

INSERT INTO SAVING_THROW_SCORES ([CLASS_TYPE_ID], [LEVEL], [SAVING_THROW_ID], [SCORE]) VALUES (8, 4, 0, 13);
INSERT INTO SAVING_THROW_SCORES ([CLASS_TYPE_ID], [LEVEL], [SAVING_THROW_ID], [SCORE]) VALUES (8, 4, 1, 14);
INSERT INTO SAVING_THROW_SCORES ([CLASS_TYPE_ID], [LEVEL], [SAVING_THROW_ID], [SCORE]) VALUES (8, 4, 2, 12);
INSERT INTO SAVING_THROW_SCORES ([CLASS_TYPE_ID], [LEVEL], [SAVING_THROW_ID], [SCORE]) VALUES (8, 4, 3, 16);
INSERT INTO SAVING_THROW_SCORES ([CLASS_TYPE_ID], [LEVEL], [SAVING_THROW_ID], [SCORE]) VALUES (8, 4, 4, 15);

INSERT INTO SAVING_THROW_SCORES ([CLASS_TYPE_ID], [LEVEL], [SAVING_THROW_ID], [SCORE]) VALUES (8, 5, 0, 12);
INSERT INTO SAVING_THROW_SCORES ([CLASS_TYPE_ID], [LEVEL], [SAVING_THROW_ID], [SCORE]) VALUES (8, 5, 1, 12);
INSERT INTO SAVING_THROW_SCORES ([CLASS_TYPE_ID], [LEVEL], [SAVING_THROW_ID], [SCORE]) VALUES (8, 5, 2, 11);
INSERT INTO SAVING_THROW_SCORES ([CLASS_TYPE_ID], [LEVEL], [SAVING_THROW_ID], [SCORE]) VALUES (8, 5, 3, 15);
INSERT INTO SAVING_THROW_SCORES ([CLASS_TYPE_ID], [LEVEL], [SAVING_THROW_ID], [SCORE]) VALUES (8, 5, 4, 13);

INSERT INTO SAVING_THROW_SCORES ([CLASS_TYPE_ID], [LEVEL], [SAVING_THROW_ID], [SCORE]) VALUES (8, 6, 0, 12);
INSERT INTO SAVING_THROW_SCORES ([CLASS_TYPE_ID], [LEVEL], [SAVING_THROW_ID], [SCORE]) VALUES (8, 6, 1, 12);
INSERT INTO SAVING_THROW_SCORES ([CLASS_TYPE_ID], [LEVEL], [SAVING_THROW_ID], [SCORE]) VALUES (8, 6, 2, 11);
INSERT INTO SAVING_THROW_SCORES ([CLASS_TYPE_ID], [LEVEL], [SAVING_THROW_ID], [SCORE]) VALUES (8, 6, 3, 15);
INSERT INTO SAVING_THROW_SCORES ([CLASS_TYPE_ID], [LEVEL], [SAVING_THROW_ID], [SCORE]) VALUES (8, 6, 4, 13);

INSERT INTO SAVING_THROW_SCORES ([CLASS_TYPE_ID], [LEVEL], [SAVING_THROW_ID], [SCORE]) VALUES (8, 7, 0, 12);
INSERT INTO SAVING_THROW_SCORES ([CLASS_TYPE_ID], [LEVEL], [SAVING_THROW_ID], [SCORE]) VALUES (8, 7, 1, 12);
INSERT INTO SAVING_THROW_SCORES ([CLASS_TYPE_ID], [LEVEL], [SAVING_THROW_ID], [SCORE]) VALUES (8, 7, 2, 11);
INSERT INTO SAVING_THROW_SCORES ([CLASS_TYPE_ID], [LEVEL], [SAVING_THROW_ID], [SCORE]) VALUES (8, 7, 3, 15);
INSERT INTO SAVING_THROW_SCORES ([CLASS_TYPE_ID], [LEVEL], [SAVING_THROW_ID], [SCORE]) VALUES (8, 7, 4, 13);

INSERT INTO SAVING_THROW_SCORES ([CLASS_TYPE_ID], [LEVEL], [SAVING_THROW_ID], [SCORE]) VALUES (8, 8, 0, 12);
INSERT INTO SAVING_THROW_SCORES ([CLASS_TYPE_ID], [LEVEL], [SAVING_THROW_ID], [SCORE]) VALUES (8, 8, 1, 12);
INSERT INTO SAVING_THROW_SCORES ([CLASS_TYPE_ID], [LEVEL], [SAVING_THROW_ID], [SCORE]) VALUES (8, 8, 2, 11);
INSERT INTO SAVING_THROW_SCORES ([CLASS_TYPE_ID], [LEVEL], [SAVING_THROW_ID], [SCORE]) VALUES (8, 8, 3, 15);
INSERT INTO SAVING_THROW_SCORES ([CLASS_TYPE_ID], [LEVEL], [SAVING_THROW_ID], [SCORE]) VALUES (8, 8, 4, 13);

INSERT INTO SAVING_THROW_SCORES ([CLASS_TYPE_ID], [LEVEL], [SAVING_THROW_ID], [SCORE]) VALUES (8, 9, 0, 11);
INSERT INTO SAVING_THROW_SCORES ([CLASS_TYPE_ID], [LEVEL], [SAVING_THROW_ID], [SCORE]) VALUES (8, 9, 1, 10);
INSERT INTO SAVING_THROW_SCORES ([CLASS_TYPE_ID], [LEVEL], [SAVING_THROW_ID], [SCORE]) VALUES (8, 9, 2, 10);
INSERT INTO SAVING_THROW_SCORES ([CLASS_TYPE_ID], [LEVEL], [SAVING_THROW_ID], [SCORE]) VALUES (8, 9, 3, 14);
INSERT INTO SAVING_THROW_SCORES ([CLASS_TYPE_ID], [LEVEL], [SAVING_THROW_ID], [SCORE]) VALUES (8, 9, 4, 11);

INSERT INTO SAVING_THROW_SCORES ([CLASS_TYPE_ID], [LEVEL], [SAVING_THROW_ID], [SCORE]) VALUES (8, 10, 0, 11);
INSERT INTO SAVING_THROW_SCORES ([CLASS_TYPE_ID], [LEVEL], [SAVING_THROW_ID], [SCORE]) VALUES (8, 10, 1, 10);
INSERT INTO SAVING_THROW_SCORES ([CLASS_TYPE_ID], [LEVEL], [SAVING_THROW_ID], [SCORE]) VALUES (8, 10, 2, 10);
INSERT INTO SAVING_THROW_SCORES ([CLASS_TYPE_ID], [LEVEL], [SAVING_THROW_ID], [SCORE]) VALUES (8, 10, 3, 14);
INSERT INTO SAVING_THROW_SCORES ([CLASS_TYPE_ID], [LEVEL], [SAVING_THROW_ID], [SCORE]) VALUES (8, 10, 4, 11);

INSERT INTO SAVING_THROW_SCORES ([CLASS_TYPE_ID], [LEVEL], [SAVING_THROW_ID], [SCORE]) VALUES (8, 11, 0, 11);
INSERT INTO SAVING_THROW_SCORES ([CLASS_TYPE_ID], [LEVEL], [SAVING_THROW_ID], [SCORE]) VALUES (8, 11, 1, 10);
INSERT INTO SAVING_THROW_SCORES ([CLASS_TYPE_ID], [LEVEL], [SAVING_THROW_ID], [SCORE]) VALUES (8, 11, 2, 10);
INSERT INTO SAVING_THROW_SCORES ([CLASS_TYPE_ID], [LEVEL], [SAVING_THROW_ID], [SCORE]) VALUES (8, 11, 3, 14);
INSERT INTO SAVING_THROW_SCORES ([CLASS_TYPE_ID], [LEVEL], [SAVING_THROW_ID], [SCORE]) VALUES (8, 11, 4, 11);

INSERT INTO SAVING_THROW_SCORES ([CLASS_TYPE_ID], [LEVEL], [SAVING_THROW_ID], [SCORE]) VALUES (8, 12, 0, 11);
INSERT INTO SAVING_THROW_SCORES ([CLASS_TYPE_ID], [LEVEL], [SAVING_THROW_ID], [SCORE]) VALUES (8, 12, 1, 10);
INSERT INTO SAVING_THROW_SCORES ([CLASS_TYPE_ID], [LEVEL], [SAVING_THROW_ID], [SCORE]) VALUES (8, 12, 2, 10);
INSERT INTO SAVING_THROW_SCORES ([CLASS_TYPE_ID], [LEVEL], [SAVING_THROW_ID], [SCORE]) VALUES (8, 12, 3, 14);
INSERT INTO SAVING_THROW_SCORES ([CLASS_TYPE_ID], [LEVEL], [SAVING_THROW_ID], [SCORE]) VALUES (8, 12, 4, 11);

INSERT INTO SAVING_THROW_SCORES ([CLASS_TYPE_ID], [LEVEL], [SAVING_THROW_ID], [SCORE]) VALUES (8, 13, 0, 10);
INSERT INTO SAVING_THROW_SCORES ([CLASS_TYPE_ID], [LEVEL], [SAVING_THROW_ID], [SCORE]) VALUES (8, 13, 1, 8);
INSERT INTO SAVING_THROW_SCORES ([CLASS_TYPE_ID], [LEVEL], [SAVING_THROW_ID], [SCORE]) VALUES (8, 13, 2, 9);
INSERT INTO SAVING_THROW_SCORES ([CLASS_TYPE_ID], [LEVEL], [SAVING_THROW_ID], [SCORE]) VALUES (8, 13, 3, 13);
INSERT INTO SAVING_THROW_SCORES ([CLASS_TYPE_ID], [LEVEL], [SAVING_THROW_ID], [SCORE]) VALUES (8, 13, 4, 9);

INSERT INTO SAVING_THROW_SCORES ([CLASS_TYPE_ID], [LEVEL], [SAVING_THROW_ID], [SCORE]) VALUES (8, 14, 0, 10);
INSERT INTO SAVING_THROW_SCORES ([CLASS_TYPE_ID], [LEVEL], [SAVING_THROW_ID], [SCORE]) VALUES (8, 14, 1, 8);
INSERT INTO SAVING_THROW_SCORES ([CLASS_TYPE_ID], [LEVEL], [SAVING_THROW_ID], [SCORE]) VALUES (8, 14, 2, 9);
INSERT INTO SAVING_THROW_SCORES ([CLASS_TYPE_ID], [LEVEL], [SAVING_THROW_ID], [SCORE]) VALUES (8, 14, 3, 13);
INSERT INTO SAVING_THROW_SCORES ([CLASS_TYPE_ID], [LEVEL], [SAVING_THROW_ID], [SCORE]) VALUES (8, 14, 4, 9);

INSERT INTO SAVING_THROW_SCORES ([CLASS_TYPE_ID], [LEVEL], [SAVING_THROW_ID], [SCORE]) VALUES (8, 15, 0, 10);
INSERT INTO SAVING_THROW_SCORES ([CLASS_TYPE_ID], [LEVEL], [SAVING_THROW_ID], [SCORE]) VALUES (8, 15, 1, 8);
INSERT INTO SAVING_THROW_SCORES ([CLASS_TYPE_ID], [LEVEL], [SAVING_THROW_ID], [SCORE]) VALUES (8, 15, 2, 9);
INSERT INTO SAVING_THROW_SCORES ([CLASS_TYPE_ID], [LEVEL], [SAVING_THROW_ID], [SCORE]) VALUES (8, 15, 3, 13);
INSERT INTO SAVING_THROW_SCORES ([CLASS_TYPE_ID], [LEVEL], [SAVING_THROW_ID], [SCORE]) VALUES (8, 15, 4, 9);

INSERT INTO SAVING_THROW_SCORES ([CLASS_TYPE_ID], [LEVEL], [SAVING_THROW_ID], [SCORE]) VALUES (8, 16, 0, 10);
INSERT INTO SAVING_THROW_SCORES ([CLASS_TYPE_ID], [LEVEL], [SAVING_THROW_ID], [SCORE]) VALUES (8, 16, 1, 8);
INSERT INTO SAVING_THROW_SCORES ([CLASS_TYPE_ID], [LEVEL], [SAVING_THROW_ID], [SCORE]) VALUES (8, 16, 2, 9);
INSERT INTO SAVING_THROW_SCORES ([CLASS_TYPE_ID], [LEVEL], [SAVING_THROW_ID], [SCORE]) VALUES (8, 16, 3, 13);
INSERT INTO SAVING_THROW_SCORES ([CLASS_TYPE_ID], [LEVEL], [SAVING_THROW_ID], [SCORE]) VALUES (8, 16, 4, 9);

INSERT INTO SAVING_THROW_SCORES ([CLASS_TYPE_ID], [LEVEL], [SAVING_THROW_ID], [SCORE]) VALUES (8, 17, 0, 9);
INSERT INTO SAVING_THROW_SCORES ([CLASS_TYPE_ID], [LEVEL], [SAVING_THROW_ID], [SCORE]) VALUES (8, 17, 1, 6);
INSERT INTO SAVING_THROW_SCORES ([CLASS_TYPE_ID], [LEVEL], [SAVING_THROW_ID], [SCORE]) VALUES (8, 17, 2, 8);
INSERT INTO SAVING_THROW_SCORES ([CLASS_TYPE_ID], [LEVEL], [SAVING_THROW_ID], [SCORE]) VALUES (8, 17, 3, 12);
INSERT INTO SAVING_THROW_SCORES ([CLASS_TYPE_ID], [LEVEL], [SAVING_THROW_ID], [SCORE]) VALUES (8, 17, 4, 7);

INSERT INTO SAVING_THROW_SCORES ([CLASS_TYPE_ID], [LEVEL], [SAVING_THROW_ID], [SCORE]) VALUES (8, 18, 0, 9);
INSERT INTO SAVING_THROW_SCORES ([CLASS_TYPE_ID], [LEVEL], [SAVING_THROW_ID], [SCORE]) VALUES (8, 18, 1, 6);
INSERT INTO SAVING_THROW_SCORES ([CLASS_TYPE_ID], [LEVEL], [SAVING_THROW_ID], [SCORE]) VALUES (8, 18, 2, 8);
INSERT INTO SAVING_THROW_SCORES ([CLASS_TYPE_ID], [LEVEL], [SAVING_THROW_ID], [SCORE]) VALUES (8, 18, 3, 12);
INSERT INTO SAVING_THROW_SCORES ([CLASS_TYPE_ID], [LEVEL], [SAVING_THROW_ID], [SCORE]) VALUES (8, 18, 4, 7);

INSERT INTO SAVING_THROW_SCORES ([CLASS_TYPE_ID], [LEVEL], [SAVING_THROW_ID], [SCORE]) VALUES (8, 19, 0, 9);
INSERT INTO SAVING_THROW_SCORES ([CLASS_TYPE_ID], [LEVEL], [SAVING_THROW_ID], [SCORE]) VALUES (8, 19, 1, 6);
INSERT INTO SAVING_THROW_SCORES ([CLASS_TYPE_ID], [LEVEL], [SAVING_THROW_ID], [SCORE]) VALUES (8, 19, 2, 8);
INSERT INTO SAVING_THROW_SCORES ([CLASS_TYPE_ID], [LEVEL], [SAVING_THROW_ID], [SCORE]) VALUES (8, 19, 3, 12);
INSERT INTO SAVING_THROW_SCORES ([CLASS_TYPE_ID], [LEVEL], [SAVING_THROW_ID], [SCORE]) VALUES (8, 19, 4, 7);

INSERT INTO SAVING_THROW_SCORES ([CLASS_TYPE_ID], [LEVEL], [SAVING_THROW_ID], [SCORE]) VALUES (8, 20, 0, 9);
INSERT INTO SAVING_THROW_SCORES ([CLASS_TYPE_ID], [LEVEL], [SAVING_THROW_ID], [SCORE]) VALUES (8, 20, 1, 6);
INSERT INTO SAVING_THROW_SCORES ([CLASS_TYPE_ID], [LEVEL], [SAVING_THROW_ID], [SCORE]) VALUES (8, 20, 2, 8);
INSERT INTO SAVING_THROW_SCORES ([CLASS_TYPE_ID], [LEVEL], [SAVING_THROW_ID], [SCORE]) VALUES (8, 20, 3, 12);
INSERT INTO SAVING_THROW_SCORES ([CLASS_TYPE_ID], [LEVEL], [SAVING_THROW_ID], [SCORE]) VALUES (8, 20, 4, 7);

INSERT INTO SAVING_THROW_SCORES ([CLASS_TYPE_ID], [LEVEL], [SAVING_THROW_ID], [SCORE]) VALUES (8, 21, 0, 8);
INSERT INTO SAVING_THROW_SCORES ([CLASS_TYPE_ID], [LEVEL], [SAVING_THROW_ID], [SCORE]) VALUES (8, 21, 1, 5);
INSERT INTO SAVING_THROW_SCORES ([CLASS_TYPE_ID], [LEVEL], [SAVING_THROW_ID], [SCORE]) VALUES (8, 21, 2, 4);
INSERT INTO SAVING_THROW_SCORES ([CLASS_TYPE_ID], [LEVEL], [SAVING_THROW_ID], [SCORE]) VALUES (8, 21, 3, 11);
INSERT INTO SAVING_THROW_SCORES ([CLASS_TYPE_ID], [LEVEL], [SAVING_THROW_ID], [SCORE]) VALUES (8, 21, 4, 5);

COMMIT TRANSACTION;

-------------------------------------------------------------------------------------------------------------

BEGIN TRANSACTION;

INSERT INTO THIEF_ABILITY ([ID], [NAME]) VALUES (0, 'Pick pockets');
INSERT INTO THIEF_ABILITY ([ID], [NAME]) VALUES (1, 'Open locks');		
INSERT INTO THIEF_ABILITY ([ID], [NAME]) VALUES (2, 'Find remove traps');
INSERT INTO THIEF_ABILITY ([ID], [NAME]) VALUES (3, 'Move silently');
INSERT INTO THIEF_ABILITY ([ID], [NAME]) VALUES (4, 'Hide in shadows');
INSERT INTO THIEF_ABILITY ([ID], [NAME]) VALUES (5, 'Hear noise');
INSERT INTO THIEF_ABILITY ([ID], [NAME]) VALUES (6, 'Climb walls');
INSERT INTO THIEF_ABILITY ([ID], [NAME]) VALUES (7, 'Read languages');

COMMIT TRANSACTION;

-------------------------------------------------------------------------------------------------------------

BEGIN TRANSACTION;

INSERT INTO THIEF_ABILITY_SCORES ([LEVEL], [THIEF_ABILITY_ID], [SCORE]) VALUES (1, 0, 30);
INSERT INTO THIEF_ABILITY_SCORES ([LEVEL], [THIEF_ABILITY_ID], [SCORE]) VALUES (1, 1, 25);
INSERT INTO THIEF_ABILITY_SCORES ([LEVEL], [THIEF_ABILITY_ID], [SCORE]) VALUES (1, 2, 20);
INSERT INTO THIEF_ABILITY_SCORES ([LEVEL], [THIEF_ABILITY_ID], [SCORE]) VALUES (1, 3, 15);
INSERT INTO THIEF_ABILITY_SCORES ([LEVEL], [THIEF_ABILITY_ID], [SCORE]) VALUES (1, 4, 10);
INSERT INTO THIEF_ABILITY_SCORES ([LEVEL], [THIEF_ABILITY_ID], [SCORE]) VALUES (1, 5, 10);
INSERT INTO THIEF_ABILITY_SCORES ([LEVEL], [THIEF_ABILITY_ID], [SCORE]) VALUES (1, 6, 85);
INSERT INTO THIEF_ABILITY_SCORES ([LEVEL], [THIEF_ABILITY_ID], [SCORE]) VALUES (1, 7, 0);

INSERT INTO THIEF_ABILITY_SCORES ([LEVEL], [THIEF_ABILITY_ID], [SCORE]) VALUES (2, 0, 30);
INSERT INTO THIEF_ABILITY_SCORES ([LEVEL], [THIEF_ABILITY_ID], [SCORE]) VALUES (2, 1, 29);
INSERT INTO THIEF_ABILITY_SCORES ([LEVEL], [THIEF_ABILITY_ID], [SCORE]) VALUES (2, 2, 25);
INSERT INTO THIEF_ABILITY_SCORES ([LEVEL], [THIEF_ABILITY_ID], [SCORE]) VALUES (2, 3, 21);
INSERT INTO THIEF_ABILITY_SCORES ([LEVEL], [THIEF_ABILITY_ID], [SCORE]) VALUES (2, 4, 15);
INSERT INTO THIEF_ABILITY_SCORES ([LEVEL], [THIEF_ABILITY_ID], [SCORE]) VALUES (2, 5, 10);
INSERT INTO THIEF_ABILITY_SCORES ([LEVEL], [THIEF_ABILITY_ID], [SCORE]) VALUES (2, 6, 86);
INSERT INTO THIEF_ABILITY_SCORES ([LEVEL], [THIEF_ABILITY_ID], [SCORE]) VALUES (2, 7, 0);

INSERT INTO THIEF_ABILITY_SCORES ([LEVEL], [THIEF_ABILITY_ID], [SCORE]) VALUES (3, 0, 40);
INSERT INTO THIEF_ABILITY_SCORES ([LEVEL], [THIEF_ABILITY_ID], [SCORE]) VALUES (3, 1, 33);
INSERT INTO THIEF_ABILITY_SCORES ([LEVEL], [THIEF_ABILITY_ID], [SCORE]) VALUES (3, 2, 30);
INSERT INTO THIEF_ABILITY_SCORES ([LEVEL], [THIEF_ABILITY_ID], [SCORE]) VALUES (3, 3, 27);
INSERT INTO THIEF_ABILITY_SCORES ([LEVEL], [THIEF_ABILITY_ID], [SCORE]) VALUES (3, 4, 20);
INSERT INTO THIEF_ABILITY_SCORES ([LEVEL], [THIEF_ABILITY_ID], [SCORE]) VALUES (3, 5, 15);
INSERT INTO THIEF_ABILITY_SCORES ([LEVEL], [THIEF_ABILITY_ID], [SCORE]) VALUES (3, 6, 87);
INSERT INTO THIEF_ABILITY_SCORES ([LEVEL], [THIEF_ABILITY_ID], [SCORE]) VALUES (3, 7, 0);

INSERT INTO THIEF_ABILITY_SCORES ([LEVEL], [THIEF_ABILITY_ID], [SCORE]) VALUES (4, 0, 45);
INSERT INTO THIEF_ABILITY_SCORES ([LEVEL], [THIEF_ABILITY_ID], [SCORE]) VALUES (4, 1, 37);
INSERT INTO THIEF_ABILITY_SCORES ([LEVEL], [THIEF_ABILITY_ID], [SCORE]) VALUES (4, 2, 35);
INSERT INTO THIEF_ABILITY_SCORES ([LEVEL], [THIEF_ABILITY_ID], [SCORE]) VALUES (4, 3, 33);
INSERT INTO THIEF_ABILITY_SCORES ([LEVEL], [THIEF_ABILITY_ID], [SCORE]) VALUES (4, 4, 25);
INSERT INTO THIEF_ABILITY_SCORES ([LEVEL], [THIEF_ABILITY_ID], [SCORE]) VALUES (4, 5, 15);
INSERT INTO THIEF_ABILITY_SCORES ([LEVEL], [THIEF_ABILITY_ID], [SCORE]) VALUES (4, 6, 88);
INSERT INTO THIEF_ABILITY_SCORES ([LEVEL], [THIEF_ABILITY_ID], [SCORE]) VALUES (4, 7, 20);

INSERT INTO THIEF_ABILITY_SCORES ([LEVEL], [THIEF_ABILITY_ID], [SCORE]) VALUES (5, 0, 50);
INSERT INTO THIEF_ABILITY_SCORES ([LEVEL], [THIEF_ABILITY_ID], [SCORE]) VALUES (5, 1, 42);
INSERT INTO THIEF_ABILITY_SCORES ([LEVEL], [THIEF_ABILITY_ID], [SCORE]) VALUES (5, 2, 40);
INSERT INTO THIEF_ABILITY_SCORES ([LEVEL], [THIEF_ABILITY_ID], [SCORE]) VALUES (5, 3, 40);
INSERT INTO THIEF_ABILITY_SCORES ([LEVEL], [THIEF_ABILITY_ID], [SCORE]) VALUES (5, 4, 31);
INSERT INTO THIEF_ABILITY_SCORES ([LEVEL], [THIEF_ABILITY_ID], [SCORE]) VALUES (5, 5, 20);
INSERT INTO THIEF_ABILITY_SCORES ([LEVEL], [THIEF_ABILITY_ID], [SCORE]) VALUES (5, 6, 90);
INSERT INTO THIEF_ABILITY_SCORES ([LEVEL], [THIEF_ABILITY_ID], [SCORE]) VALUES (5, 7, 25);

INSERT INTO THIEF_ABILITY_SCORES ([LEVEL], [THIEF_ABILITY_ID], [SCORE]) VALUES (6, 0, 55);
INSERT INTO THIEF_ABILITY_SCORES ([LEVEL], [THIEF_ABILITY_ID], [SCORE]) VALUES (6, 1, 47);
INSERT INTO THIEF_ABILITY_SCORES ([LEVEL], [THIEF_ABILITY_ID], [SCORE]) VALUES (6, 2, 45);
INSERT INTO THIEF_ABILITY_SCORES ([LEVEL], [THIEF_ABILITY_ID], [SCORE]) VALUES (6, 3, 47);
INSERT INTO THIEF_ABILITY_SCORES ([LEVEL], [THIEF_ABILITY_ID], [SCORE]) VALUES (6, 4, 37);
INSERT INTO THIEF_ABILITY_SCORES ([LEVEL], [THIEF_ABILITY_ID], [SCORE]) VALUES (6, 5, 20);
INSERT INTO THIEF_ABILITY_SCORES ([LEVEL], [THIEF_ABILITY_ID], [SCORE]) VALUES (6, 6, 92);
INSERT INTO THIEF_ABILITY_SCORES ([LEVEL], [THIEF_ABILITY_ID], [SCORE]) VALUES (6, 7, 30);

INSERT INTO THIEF_ABILITY_SCORES ([LEVEL], [THIEF_ABILITY_ID], [SCORE]) VALUES (7, 0, 60);
INSERT INTO THIEF_ABILITY_SCORES ([LEVEL], [THIEF_ABILITY_ID], [SCORE]) VALUES (7, 1, 52);
INSERT INTO THIEF_ABILITY_SCORES ([LEVEL], [THIEF_ABILITY_ID], [SCORE]) VALUES (7, 2, 50);
INSERT INTO THIEF_ABILITY_SCORES ([LEVEL], [THIEF_ABILITY_ID], [SCORE]) VALUES (7, 3, 55);
INSERT INTO THIEF_ABILITY_SCORES ([LEVEL], [THIEF_ABILITY_ID], [SCORE]) VALUES (7, 4, 43);
INSERT INTO THIEF_ABILITY_SCORES ([LEVEL], [THIEF_ABILITY_ID], [SCORE]) VALUES (7, 5, 25);
INSERT INTO THIEF_ABILITY_SCORES ([LEVEL], [THIEF_ABILITY_ID], [SCORE]) VALUES (7, 6, 94);
INSERT INTO THIEF_ABILITY_SCORES ([LEVEL], [THIEF_ABILITY_ID], [SCORE]) VALUES (7, 7, 35);

INSERT INTO THIEF_ABILITY_SCORES ([LEVEL], [THIEF_ABILITY_ID], [SCORE]) VALUES (8, 0, 65);
INSERT INTO THIEF_ABILITY_SCORES ([LEVEL], [THIEF_ABILITY_ID], [SCORE]) VALUES (8, 1, 57);
INSERT INTO THIEF_ABILITY_SCORES ([LEVEL], [THIEF_ABILITY_ID], [SCORE]) VALUES (8, 2, 55);
INSERT INTO THIEF_ABILITY_SCORES ([LEVEL], [THIEF_ABILITY_ID], [SCORE]) VALUES (8, 3, 62);
INSERT INTO THIEF_ABILITY_SCORES ([LEVEL], [THIEF_ABILITY_ID], [SCORE]) VALUES (8, 4, 49);
INSERT INTO THIEF_ABILITY_SCORES ([LEVEL], [THIEF_ABILITY_ID], [SCORE]) VALUES (8, 5, 25);
INSERT INTO THIEF_ABILITY_SCORES ([LEVEL], [THIEF_ABILITY_ID], [SCORE]) VALUES (8, 6, 95);
INSERT INTO THIEF_ABILITY_SCORES ([LEVEL], [THIEF_ABILITY_ID], [SCORE]) VALUES (8, 7, 40);

INSERT INTO THIEF_ABILITY_SCORES ([LEVEL], [THIEF_ABILITY_ID], [SCORE]) VALUES (9, 0, 70);
INSERT INTO THIEF_ABILITY_SCORES ([LEVEL], [THIEF_ABILITY_ID], [SCORE]) VALUES (9, 1, 62);
INSERT INTO THIEF_ABILITY_SCORES ([LEVEL], [THIEF_ABILITY_ID], [SCORE]) VALUES (9, 2, 60);
INSERT INTO THIEF_ABILITY_SCORES ([LEVEL], [THIEF_ABILITY_ID], [SCORE]) VALUES (9, 3, 70);
INSERT INTO THIEF_ABILITY_SCORES ([LEVEL], [THIEF_ABILITY_ID], [SCORE]) VALUES (9, 4, 56);
INSERT INTO THIEF_ABILITY_SCORES ([LEVEL], [THIEF_ABILITY_ID], [SCORE]) VALUES (9, 5, 30);
INSERT INTO THIEF_ABILITY_SCORES ([LEVEL], [THIEF_ABILITY_ID], [SCORE]) VALUES (9, 6, 95);
INSERT INTO THIEF_ABILITY_SCORES ([LEVEL], [THIEF_ABILITY_ID], [SCORE]) VALUES (9, 7, 40);

INSERT INTO THIEF_ABILITY_SCORES ([LEVEL], [THIEF_ABILITY_ID], [SCORE]) VALUES (10, 0, 80);
INSERT INTO THIEF_ABILITY_SCORES ([LEVEL], [THIEF_ABILITY_ID], [SCORE]) VALUES (10, 1, 67);
INSERT INTO THIEF_ABILITY_SCORES ([LEVEL], [THIEF_ABILITY_ID], [SCORE]) VALUES (10, 2, 65);
INSERT INTO THIEF_ABILITY_SCORES ([LEVEL], [THIEF_ABILITY_ID], [SCORE]) VALUES (10, 3, 78);
INSERT INTO THIEF_ABILITY_SCORES ([LEVEL], [THIEF_ABILITY_ID], [SCORE]) VALUES (10, 4, 63);
INSERT INTO THIEF_ABILITY_SCORES ([LEVEL], [THIEF_ABILITY_ID], [SCORE]) VALUES (10, 5, 30);
INSERT INTO THIEF_ABILITY_SCORES ([LEVEL], [THIEF_ABILITY_ID], [SCORE]) VALUES (10, 6, 95);
INSERT INTO THIEF_ABILITY_SCORES ([LEVEL], [THIEF_ABILITY_ID], [SCORE]) VALUES (10, 7, 50);

INSERT INTO THIEF_ABILITY_SCORES ([LEVEL], [THIEF_ABILITY_ID], [SCORE]) VALUES (11, 0, 90);
INSERT INTO THIEF_ABILITY_SCORES ([LEVEL], [THIEF_ABILITY_ID], [SCORE]) VALUES (11, 1, 72);
INSERT INTO THIEF_ABILITY_SCORES ([LEVEL], [THIEF_ABILITY_ID], [SCORE]) VALUES (11, 2, 70);
INSERT INTO THIEF_ABILITY_SCORES ([LEVEL], [THIEF_ABILITY_ID], [SCORE]) VALUES (11, 3, 86);
INSERT INTO THIEF_ABILITY_SCORES ([LEVEL], [THIEF_ABILITY_ID], [SCORE]) VALUES (11, 4, 70);
INSERT INTO THIEF_ABILITY_SCORES ([LEVEL], [THIEF_ABILITY_ID], [SCORE]) VALUES (11, 5, 35);
INSERT INTO THIEF_ABILITY_SCORES ([LEVEL], [THIEF_ABILITY_ID], [SCORE]) VALUES (11, 6, 95);
INSERT INTO THIEF_ABILITY_SCORES ([LEVEL], [THIEF_ABILITY_ID], [SCORE]) VALUES (11, 7, 55);

INSERT INTO THIEF_ABILITY_SCORES ([LEVEL], [THIEF_ABILITY_ID], [SCORE]) VALUES (12, 0, 95);
INSERT INTO THIEF_ABILITY_SCORES ([LEVEL], [THIEF_ABILITY_ID], [SCORE]) VALUES (12, 1, 77);
INSERT INTO THIEF_ABILITY_SCORES ([LEVEL], [THIEF_ABILITY_ID], [SCORE]) VALUES (12, 2, 75);
INSERT INTO THIEF_ABILITY_SCORES ([LEVEL], [THIEF_ABILITY_ID], [SCORE]) VALUES (12, 3, 94);
INSERT INTO THIEF_ABILITY_SCORES ([LEVEL], [THIEF_ABILITY_ID], [SCORE]) VALUES (12, 4, 77);
INSERT INTO THIEF_ABILITY_SCORES ([LEVEL], [THIEF_ABILITY_ID], [SCORE]) VALUES (12, 5, 35);
INSERT INTO THIEF_ABILITY_SCORES ([LEVEL], [THIEF_ABILITY_ID], [SCORE]) VALUES (12, 6, 95);
INSERT INTO THIEF_ABILITY_SCORES ([LEVEL], [THIEF_ABILITY_ID], [SCORE]) VALUES (12, 7, 60);

INSERT INTO THIEF_ABILITY_SCORES ([LEVEL], [THIEF_ABILITY_ID], [SCORE]) VALUES (13, 0, 95);
INSERT INTO THIEF_ABILITY_SCORES ([LEVEL], [THIEF_ABILITY_ID], [SCORE]) VALUES (13, 1, 82);
INSERT INTO THIEF_ABILITY_SCORES ([LEVEL], [THIEF_ABILITY_ID], [SCORE]) VALUES (13, 2, 80);
INSERT INTO THIEF_ABILITY_SCORES ([LEVEL], [THIEF_ABILITY_ID], [SCORE]) VALUES (13, 3, 95);
INSERT INTO THIEF_ABILITY_SCORES ([LEVEL], [THIEF_ABILITY_ID], [SCORE]) VALUES (13, 4, 85);
INSERT INTO THIEF_ABILITY_SCORES ([LEVEL], [THIEF_ABILITY_ID], [SCORE]) VALUES (13, 5, 40);
INSERT INTO THIEF_ABILITY_SCORES ([LEVEL], [THIEF_ABILITY_ID], [SCORE]) VALUES (13, 6, 95);
INSERT INTO THIEF_ABILITY_SCORES ([LEVEL], [THIEF_ABILITY_ID], [SCORE]) VALUES (13, 7, 65);

INSERT INTO THIEF_ABILITY_SCORES ([LEVEL], [THIEF_ABILITY_ID], [SCORE]) VALUES (14, 0, 95);
INSERT INTO THIEF_ABILITY_SCORES ([LEVEL], [THIEF_ABILITY_ID], [SCORE]) VALUES (14, 1, 87);
INSERT INTO THIEF_ABILITY_SCORES ([LEVEL], [THIEF_ABILITY_ID], [SCORE]) VALUES (14, 2, 85);
INSERT INTO THIEF_ABILITY_SCORES ([LEVEL], [THIEF_ABILITY_ID], [SCORE]) VALUES (14, 3, 95);
INSERT INTO THIEF_ABILITY_SCORES ([LEVEL], [THIEF_ABILITY_ID], [SCORE]) VALUES (14, 4, 93);
INSERT INTO THIEF_ABILITY_SCORES ([LEVEL], [THIEF_ABILITY_ID], [SCORE]) VALUES (14, 5, 40);
INSERT INTO THIEF_ABILITY_SCORES ([LEVEL], [THIEF_ABILITY_ID], [SCORE]) VALUES (14, 6, 95);
INSERT INTO THIEF_ABILITY_SCORES ([LEVEL], [THIEF_ABILITY_ID], [SCORE]) VALUES (14, 7, 70);

INSERT INTO THIEF_ABILITY_SCORES ([LEVEL], [THIEF_ABILITY_ID], [SCORE]) VALUES (15, 0, 95);
INSERT INTO THIEF_ABILITY_SCORES ([LEVEL], [THIEF_ABILITY_ID], [SCORE]) VALUES (15, 1, 92);
INSERT INTO THIEF_ABILITY_SCORES ([LEVEL], [THIEF_ABILITY_ID], [SCORE]) VALUES (15, 2, 90);
INSERT INTO THIEF_ABILITY_SCORES ([LEVEL], [THIEF_ABILITY_ID], [SCORE]) VALUES (15, 3, 95);
INSERT INTO THIEF_ABILITY_SCORES ([LEVEL], [THIEF_ABILITY_ID], [SCORE]) VALUES (15, 4, 95);
INSERT INTO THIEF_ABILITY_SCORES ([LEVEL], [THIEF_ABILITY_ID], [SCORE]) VALUES (15, 5, 50);
INSERT INTO THIEF_ABILITY_SCORES ([LEVEL], [THIEF_ABILITY_ID], [SCORE]) VALUES (15, 6, 95);
INSERT INTO THIEF_ABILITY_SCORES ([LEVEL], [THIEF_ABILITY_ID], [SCORE]) VALUES (15, 7, 75);

INSERT INTO THIEF_ABILITY_SCORES ([LEVEL], [THIEF_ABILITY_ID], [SCORE]) VALUES (16, 0, 95);
INSERT INTO THIEF_ABILITY_SCORES ([LEVEL], [THIEF_ABILITY_ID], [SCORE]) VALUES (16, 1, 95);
INSERT INTO THIEF_ABILITY_SCORES ([LEVEL], [THIEF_ABILITY_ID], [SCORE]) VALUES (16, 2, 95);
INSERT INTO THIEF_ABILITY_SCORES ([LEVEL], [THIEF_ABILITY_ID], [SCORE]) VALUES (16, 3, 95);
INSERT INTO THIEF_ABILITY_SCORES ([LEVEL], [THIEF_ABILITY_ID], [SCORE]) VALUES (16, 4, 95);
INSERT INTO THIEF_ABILITY_SCORES ([LEVEL], [THIEF_ABILITY_ID], [SCORE]) VALUES (16, 5, 50);
INSERT INTO THIEF_ABILITY_SCORES ([LEVEL], [THIEF_ABILITY_ID], [SCORE]) VALUES (16, 6, 95);
INSERT INTO THIEF_ABILITY_SCORES ([LEVEL], [THIEF_ABILITY_ID], [SCORE]) VALUES (16, 7, 80);

INSERT INTO THIEF_ABILITY_SCORES ([LEVEL], [THIEF_ABILITY_ID], [SCORE]) VALUES (17, 0, 95);
INSERT INTO THIEF_ABILITY_SCORES ([LEVEL], [THIEF_ABILITY_ID], [SCORE]) VALUES (17, 1, 95);
INSERT INTO THIEF_ABILITY_SCORES ([LEVEL], [THIEF_ABILITY_ID], [SCORE]) VALUES (17, 2, 95);
INSERT INTO THIEF_ABILITY_SCORES ([LEVEL], [THIEF_ABILITY_ID], [SCORE]) VALUES (17, 3, 95);
INSERT INTO THIEF_ABILITY_SCORES ([LEVEL], [THIEF_ABILITY_ID], [SCORE]) VALUES (17, 4, 95);
INSERT INTO THIEF_ABILITY_SCORES ([LEVEL], [THIEF_ABILITY_ID], [SCORE]) VALUES (17, 5, 55);
INSERT INTO THIEF_ABILITY_SCORES ([LEVEL], [THIEF_ABILITY_ID], [SCORE]) VALUES (17, 6, 95);
INSERT INTO THIEF_ABILITY_SCORES ([LEVEL], [THIEF_ABILITY_ID], [SCORE]) VALUES (17, 7, 80);

COMMIT TRANSACTION;

-------------------------------------------------------------------------------------------------------------

BEGIN TRANSACTION;

INSERT INTO THACO ([CLASS_TYPE_ID], [SCORE], [FACTOR]) VALUES (1, 1, 1);
INSERT INTO THACO ([CLASS_TYPE_ID], [SCORE], [FACTOR]) VALUES (2, 3, 1);
INSERT INTO THACO ([CLASS_TYPE_ID], [SCORE], [FACTOR]) VALUES (4, 3, 2);
INSERT INTO THACO ([CLASS_TYPE_ID], [SCORE], [FACTOR]) VALUES (8, 2, 1);

COMMIT TRANSACTION;

-------------------------------------------------------------------------------------------------------------

BEGIN TRANSACTION;

INSERT INTO LEVEL_ADVANCEMENT_FACTOR ([CLASS_ID], [SCORE]) VALUES (1,     250000);
INSERT INTO LEVEL_ADVANCEMENT_FACTOR ([CLASS_ID], [SCORE]) VALUES (2,     300000);
INSERT INTO LEVEL_ADVANCEMENT_FACTOR ([CLASS_ID], [SCORE]) VALUES (4,     300000);
INSERT INTO LEVEL_ADVANCEMENT_FACTOR ([CLASS_ID], [SCORE]) VALUES (8,     375000);
INSERT INTO LEVEL_ADVANCEMENT_FACTOR ([CLASS_ID], [SCORE]) VALUES (16,    375000);
INSERT INTO LEVEL_ADVANCEMENT_FACTOR ([CLASS_ID], [SCORE]) VALUES (32,    375000);
INSERT INTO LEVEL_ADVANCEMENT_FACTOR ([CLASS_ID], [SCORE]) VALUES (64,    375000);
INSERT INTO LEVEL_ADVANCEMENT_FACTOR ([CLASS_ID], [SCORE]) VALUES (128,   375000);
INSERT INTO LEVEL_ADVANCEMENT_FACTOR ([CLASS_ID], [SCORE]) VALUES (256,   375000);
INSERT INTO LEVEL_ADVANCEMENT_FACTOR ([CLASS_ID], [SCORE]) VALUES (512,   375000);
INSERT INTO LEVEL_ADVANCEMENT_FACTOR ([CLASS_ID], [SCORE]) VALUES (1024,  375000);
INSERT INTO LEVEL_ADVANCEMENT_FACTOR ([CLASS_ID], [SCORE]) VALUES (2048,  375000);
INSERT INTO LEVEL_ADVANCEMENT_FACTOR ([CLASS_ID], [SCORE]) VALUES (4096,  225000);
INSERT INTO LEVEL_ADVANCEMENT_FACTOR ([CLASS_ID], [SCORE]) VALUES (8192,  500000);
INSERT INTO LEVEL_ADVANCEMENT_FACTOR ([CLASS_ID], [SCORE]) VALUES (16384, 225000);
INSERT INTO LEVEL_ADVANCEMENT_FACTOR ([CLASS_ID], [SCORE]) VALUES (32768, 220000);
INSERT INTO LEVEL_ADVANCEMENT_FACTOR ([CLASS_ID], [SCORE]) VALUES (65536, 220000);

COMMIT TRANSACTION;

-------------------------------------------------------------------------------------------------------------

BEGIN TRANSACTION;

-- FIGHTER
INSERT INTO LEVEL_ADVANCEMENT ([CLASS_ID], [LEVEL], [SCORE]) VALUES (1, 2, 2000);
INSERT INTO LEVEL_ADVANCEMENT ([CLASS_ID], [LEVEL], [SCORE]) VALUES (1, 3, 4000);
INSERT INTO LEVEL_ADVANCEMENT ([CLASS_ID], [LEVEL], [SCORE]) VALUES (1, 4, 8000);
INSERT INTO LEVEL_ADVANCEMENT ([CLASS_ID], [LEVEL], [SCORE]) VALUES (1, 5, 16000);
INSERT INTO LEVEL_ADVANCEMENT ([CLASS_ID], [LEVEL], [SCORE]) VALUES (1, 6, 32000);
INSERT INTO LEVEL_ADVANCEMENT ([CLASS_ID], [LEVEL], [SCORE]) VALUES (1, 7, 64000);
INSERT INTO LEVEL_ADVANCEMENT ([CLASS_ID], [LEVEL], [SCORE]) VALUES (1, 8, 125000);
INSERT INTO LEVEL_ADVANCEMENT ([CLASS_ID], [LEVEL], [SCORE]) VALUES (1, 9, 250000);
-- PALADIN
INSERT INTO LEVEL_ADVANCEMENT ([CLASS_ID], [LEVEL], [SCORE]) VALUES (2, 2, 2250);
INSERT INTO LEVEL_ADVANCEMENT ([CLASS_ID], [LEVEL], [SCORE]) VALUES (2, 3, 4500);
INSERT INTO LEVEL_ADVANCEMENT ([CLASS_ID], [LEVEL], [SCORE]) VALUES (2, 4, 9000);
INSERT INTO LEVEL_ADVANCEMENT ([CLASS_ID], [LEVEL], [SCORE]) VALUES (2, 5, 18000);
INSERT INTO LEVEL_ADVANCEMENT ([CLASS_ID], [LEVEL], [SCORE]) VALUES (2, 6, 36000);
INSERT INTO LEVEL_ADVANCEMENT ([CLASS_ID], [LEVEL], [SCORE]) VALUES (2, 7, 75000);
INSERT INTO LEVEL_ADVANCEMENT ([CLASS_ID], [LEVEL], [SCORE]) VALUES (2, 8, 150000);
INSERT INTO LEVEL_ADVANCEMENT ([CLASS_ID], [LEVEL], [SCORE]) VALUES (2, 9, 300000);
-- RANGER
INSERT INTO LEVEL_ADVANCEMENT ([CLASS_ID], [LEVEL], [SCORE]) VALUES (4, 2, 2250);
INSERT INTO LEVEL_ADVANCEMENT ([CLASS_ID], [LEVEL], [SCORE]) VALUES (4, 3, 4500);
INSERT INTO LEVEL_ADVANCEMENT ([CLASS_ID], [LEVEL], [SCORE]) VALUES (4, 4, 9000);
INSERT INTO LEVEL_ADVANCEMENT ([CLASS_ID], [LEVEL], [SCORE]) VALUES (4, 5, 18000);
INSERT INTO LEVEL_ADVANCEMENT ([CLASS_ID], [LEVEL], [SCORE]) VALUES (4, 6, 36000);
INSERT INTO LEVEL_ADVANCEMENT ([CLASS_ID], [LEVEL], [SCORE]) VALUES (4, 7, 75000);
INSERT INTO LEVEL_ADVANCEMENT ([CLASS_ID], [LEVEL], [SCORE]) VALUES (4, 8, 150000);
INSERT INTO LEVEL_ADVANCEMENT ([CLASS_ID], [LEVEL], [SCORE]) VALUES (4, 9, 300000);

-- MAGE
INSERT INTO LEVEL_ADVANCEMENT ([CLASS_ID], [LEVEL], [SCORE]) VALUES (8, 2, 2500);
INSERT INTO LEVEL_ADVANCEMENT ([CLASS_ID], [LEVEL], [SCORE]) VALUES (8, 3, 5000);
INSERT INTO LEVEL_ADVANCEMENT ([CLASS_ID], [LEVEL], [SCORE]) VALUES (8, 4, 10000);
INSERT INTO LEVEL_ADVANCEMENT ([CLASS_ID], [LEVEL], [SCORE]) VALUES (8, 5, 20000);
INSERT INTO LEVEL_ADVANCEMENT ([CLASS_ID], [LEVEL], [SCORE]) VALUES (8, 6, 40000);
INSERT INTO LEVEL_ADVANCEMENT ([CLASS_ID], [LEVEL], [SCORE]) VALUES (8, 7, 60000);
INSERT INTO LEVEL_ADVANCEMENT ([CLASS_ID], [LEVEL], [SCORE]) VALUES (8, 8, 90000);
INSERT INTO LEVEL_ADVANCEMENT ([CLASS_ID], [LEVEL], [SCORE]) VALUES (8, 9, 135000);
INSERT INTO LEVEL_ADVANCEMENT ([CLASS_ID], [LEVEL], [SCORE]) VALUES (8, 10, 250000);
INSERT INTO LEVEL_ADVANCEMENT ([CLASS_ID], [LEVEL], [SCORE]) VALUES (8, 11, 375000);

-- SPECIALIST WIZARD
INSERT INTO LEVEL_ADVANCEMENT ([CLASS_ID], [LEVEL], [SCORE]) VALUES (16, 2, 2500);
INSERT INTO LEVEL_ADVANCEMENT ([CLASS_ID], [LEVEL], [SCORE]) VALUES (16, 3, 5000);
INSERT INTO LEVEL_ADVANCEMENT ([CLASS_ID], [LEVEL], [SCORE]) VALUES (16, 4, 10000);
INSERT INTO LEVEL_ADVANCEMENT ([CLASS_ID], [LEVEL], [SCORE]) VALUES (16, 5, 20000);
INSERT INTO LEVEL_ADVANCEMENT ([CLASS_ID], [LEVEL], [SCORE]) VALUES (16, 6, 40000);
INSERT INTO LEVEL_ADVANCEMENT ([CLASS_ID], [LEVEL], [SCORE]) VALUES (16, 7, 60000);
INSERT INTO LEVEL_ADVANCEMENT ([CLASS_ID], [LEVEL], [SCORE]) VALUES (16, 8, 90000);
INSERT INTO LEVEL_ADVANCEMENT ([CLASS_ID], [LEVEL], [SCORE]) VALUES (16, 9, 135000);
INSERT INTO LEVEL_ADVANCEMENT ([CLASS_ID], [LEVEL], [SCORE]) VALUES (16, 10, 250000);
INSERT INTO LEVEL_ADVANCEMENT ([CLASS_ID], [LEVEL], [SCORE]) VALUES (16, 11, 375000);
INSERT INTO LEVEL_ADVANCEMENT ([CLASS_ID], [LEVEL], [SCORE]) VALUES (32, 2, 2500);
INSERT INTO LEVEL_ADVANCEMENT ([CLASS_ID], [LEVEL], [SCORE]) VALUES (32, 3, 5000);
INSERT INTO LEVEL_ADVANCEMENT ([CLASS_ID], [LEVEL], [SCORE]) VALUES (32, 4, 10000);
INSERT INTO LEVEL_ADVANCEMENT ([CLASS_ID], [LEVEL], [SCORE]) VALUES (32, 5, 20000);
INSERT INTO LEVEL_ADVANCEMENT ([CLASS_ID], [LEVEL], [SCORE]) VALUES (32, 6, 40000);
INSERT INTO LEVEL_ADVANCEMENT ([CLASS_ID], [LEVEL], [SCORE]) VALUES (32, 7, 60000);
INSERT INTO LEVEL_ADVANCEMENT ([CLASS_ID], [LEVEL], [SCORE]) VALUES (32, 8, 90000);
INSERT INTO LEVEL_ADVANCEMENT ([CLASS_ID], [LEVEL], [SCORE]) VALUES (32, 9, 135000);
INSERT INTO LEVEL_ADVANCEMENT ([CLASS_ID], [LEVEL], [SCORE]) VALUES (32, 10, 250000);
INSERT INTO LEVEL_ADVANCEMENT ([CLASS_ID], [LEVEL], [SCORE]) VALUES (32, 11, 375000);
INSERT INTO LEVEL_ADVANCEMENT ([CLASS_ID], [LEVEL], [SCORE]) VALUES (64, 2, 2500);
INSERT INTO LEVEL_ADVANCEMENT ([CLASS_ID], [LEVEL], [SCORE]) VALUES (64, 3, 5000);
INSERT INTO LEVEL_ADVANCEMENT ([CLASS_ID], [LEVEL], [SCORE]) VALUES (64, 4, 10000);
INSERT INTO LEVEL_ADVANCEMENT ([CLASS_ID], [LEVEL], [SCORE]) VALUES (64, 5, 20000);
INSERT INTO LEVEL_ADVANCEMENT ([CLASS_ID], [LEVEL], [SCORE]) VALUES (64, 6, 40000);
INSERT INTO LEVEL_ADVANCEMENT ([CLASS_ID], [LEVEL], [SCORE]) VALUES (64, 7, 60000);
INSERT INTO LEVEL_ADVANCEMENT ([CLASS_ID], [LEVEL], [SCORE]) VALUES (64, 8, 90000);
INSERT INTO LEVEL_ADVANCEMENT ([CLASS_ID], [LEVEL], [SCORE]) VALUES (64, 9, 135000);
INSERT INTO LEVEL_ADVANCEMENT ([CLASS_ID], [LEVEL], [SCORE]) VALUES (64, 10, 250000);
INSERT INTO LEVEL_ADVANCEMENT ([CLASS_ID], [LEVEL], [SCORE]) VALUES (64, 11, 375000);
INSERT INTO LEVEL_ADVANCEMENT ([CLASS_ID], [LEVEL], [SCORE]) VALUES (128, 2, 2500);
INSERT INTO LEVEL_ADVANCEMENT ([CLASS_ID], [LEVEL], [SCORE]) VALUES (128, 3, 5000);
INSERT INTO LEVEL_ADVANCEMENT ([CLASS_ID], [LEVEL], [SCORE]) VALUES (128, 4, 10000);
INSERT INTO LEVEL_ADVANCEMENT ([CLASS_ID], [LEVEL], [SCORE]) VALUES (128, 5, 20000);
INSERT INTO LEVEL_ADVANCEMENT ([CLASS_ID], [LEVEL], [SCORE]) VALUES (128, 6, 40000);
INSERT INTO LEVEL_ADVANCEMENT ([CLASS_ID], [LEVEL], [SCORE]) VALUES (128, 7, 60000);
INSERT INTO LEVEL_ADVANCEMENT ([CLASS_ID], [LEVEL], [SCORE]) VALUES (128, 8, 90000);
INSERT INTO LEVEL_ADVANCEMENT ([CLASS_ID], [LEVEL], [SCORE]) VALUES (128, 9, 135000);
INSERT INTO LEVEL_ADVANCEMENT ([CLASS_ID], [LEVEL], [SCORE]) VALUES (128, 10, 250000);
INSERT INTO LEVEL_ADVANCEMENT ([CLASS_ID], [LEVEL], [SCORE]) VALUES (128, 11, 375000);
INSERT INTO LEVEL_ADVANCEMENT ([CLASS_ID], [LEVEL], [SCORE]) VALUES (256, 2, 2500);
INSERT INTO LEVEL_ADVANCEMENT ([CLASS_ID], [LEVEL], [SCORE]) VALUES (256, 3, 5000);
INSERT INTO LEVEL_ADVANCEMENT ([CLASS_ID], [LEVEL], [SCORE]) VALUES (256, 4, 10000);
INSERT INTO LEVEL_ADVANCEMENT ([CLASS_ID], [LEVEL], [SCORE]) VALUES (256, 5, 20000);
INSERT INTO LEVEL_ADVANCEMENT ([CLASS_ID], [LEVEL], [SCORE]) VALUES (256, 6, 40000);
INSERT INTO LEVEL_ADVANCEMENT ([CLASS_ID], [LEVEL], [SCORE]) VALUES (256, 7, 60000);
INSERT INTO LEVEL_ADVANCEMENT ([CLASS_ID], [LEVEL], [SCORE]) VALUES (256, 8, 90000);
INSERT INTO LEVEL_ADVANCEMENT ([CLASS_ID], [LEVEL], [SCORE]) VALUES (256, 9, 135000);
INSERT INTO LEVEL_ADVANCEMENT ([CLASS_ID], [LEVEL], [SCORE]) VALUES (256, 10, 250000);
INSERT INTO LEVEL_ADVANCEMENT ([CLASS_ID], [LEVEL], [SCORE]) VALUES (256, 11, 375000);
INSERT INTO LEVEL_ADVANCEMENT ([CLASS_ID], [LEVEL], [SCORE]) VALUES (512, 2, 2500);
INSERT INTO LEVEL_ADVANCEMENT ([CLASS_ID], [LEVEL], [SCORE]) VALUES (512, 3, 5000);
INSERT INTO LEVEL_ADVANCEMENT ([CLASS_ID], [LEVEL], [SCORE]) VALUES (512, 4, 10000);
INSERT INTO LEVEL_ADVANCEMENT ([CLASS_ID], [LEVEL], [SCORE]) VALUES (512, 5, 20000);
INSERT INTO LEVEL_ADVANCEMENT ([CLASS_ID], [LEVEL], [SCORE]) VALUES (512, 6, 40000);
INSERT INTO LEVEL_ADVANCEMENT ([CLASS_ID], [LEVEL], [SCORE]) VALUES (512, 7, 60000);
INSERT INTO LEVEL_ADVANCEMENT ([CLASS_ID], [LEVEL], [SCORE]) VALUES (512, 8, 90000);
INSERT INTO LEVEL_ADVANCEMENT ([CLASS_ID], [LEVEL], [SCORE]) VALUES (512, 9, 135000);
INSERT INTO LEVEL_ADVANCEMENT ([CLASS_ID], [LEVEL], [SCORE]) VALUES (512, 10, 250000);
INSERT INTO LEVEL_ADVANCEMENT ([CLASS_ID], [LEVEL], [SCORE]) VALUES (512, 11, 375000);
INSERT INTO LEVEL_ADVANCEMENT ([CLASS_ID], [LEVEL], [SCORE]) VALUES (1024, 2, 2500);
INSERT INTO LEVEL_ADVANCEMENT ([CLASS_ID], [LEVEL], [SCORE]) VALUES (1024, 3, 5000);
INSERT INTO LEVEL_ADVANCEMENT ([CLASS_ID], [LEVEL], [SCORE]) VALUES (1024, 4, 10000);
INSERT INTO LEVEL_ADVANCEMENT ([CLASS_ID], [LEVEL], [SCORE]) VALUES (1024, 5, 20000);
INSERT INTO LEVEL_ADVANCEMENT ([CLASS_ID], [LEVEL], [SCORE]) VALUES (1024, 6, 40000);
INSERT INTO LEVEL_ADVANCEMENT ([CLASS_ID], [LEVEL], [SCORE]) VALUES (1024, 7, 60000);
INSERT INTO LEVEL_ADVANCEMENT ([CLASS_ID], [LEVEL], [SCORE]) VALUES (1024, 8, 90000);
INSERT INTO LEVEL_ADVANCEMENT ([CLASS_ID], [LEVEL], [SCORE]) VALUES (1024, 9, 135000);
INSERT INTO LEVEL_ADVANCEMENT ([CLASS_ID], [LEVEL], [SCORE]) VALUES (1024, 10, 250000);
INSERT INTO LEVEL_ADVANCEMENT ([CLASS_ID], [LEVEL], [SCORE]) VALUES (1024, 11, 375000);
INSERT INTO LEVEL_ADVANCEMENT ([CLASS_ID], [LEVEL], [SCORE]) VALUES (2048, 2, 2500);
INSERT INTO LEVEL_ADVANCEMENT ([CLASS_ID], [LEVEL], [SCORE]) VALUES (2048, 3, 5000);
INSERT INTO LEVEL_ADVANCEMENT ([CLASS_ID], [LEVEL], [SCORE]) VALUES (2048, 4, 10000);
INSERT INTO LEVEL_ADVANCEMENT ([CLASS_ID], [LEVEL], [SCORE]) VALUES (2048, 5, 20000);
INSERT INTO LEVEL_ADVANCEMENT ([CLASS_ID], [LEVEL], [SCORE]) VALUES (2048, 6, 40000);
INSERT INTO LEVEL_ADVANCEMENT ([CLASS_ID], [LEVEL], [SCORE]) VALUES (2048, 7, 60000);
INSERT INTO LEVEL_ADVANCEMENT ([CLASS_ID], [LEVEL], [SCORE]) VALUES (2048, 8, 90000);
INSERT INTO LEVEL_ADVANCEMENT ([CLASS_ID], [LEVEL], [SCORE]) VALUES (2048, 9, 135000);
INSERT INTO LEVEL_ADVANCEMENT ([CLASS_ID], [LEVEL], [SCORE]) VALUES (2048, 10, 250000);
INSERT INTO LEVEL_ADVANCEMENT ([CLASS_ID], [LEVEL], [SCORE]) VALUES (2048, 11, 375000);

-- CLERIC
INSERT INTO LEVEL_ADVANCEMENT ([CLASS_ID], [LEVEL], [SCORE]) VALUES (4096, 2, 1500);
INSERT INTO LEVEL_ADVANCEMENT ([CLASS_ID], [LEVEL], [SCORE]) VALUES (4096, 3, 3000);
INSERT INTO LEVEL_ADVANCEMENT ([CLASS_ID], [LEVEL], [SCORE]) VALUES (4096, 4, 6000);
INSERT INTO LEVEL_ADVANCEMENT ([CLASS_ID], [LEVEL], [SCORE]) VALUES (4096, 5, 13000);
INSERT INTO LEVEL_ADVANCEMENT ([CLASS_ID], [LEVEL], [SCORE]) VALUES (4096, 6, 27500);
INSERT INTO LEVEL_ADVANCEMENT ([CLASS_ID], [LEVEL], [SCORE]) VALUES (4096, 7, 55000);
INSERT INTO LEVEL_ADVANCEMENT ([CLASS_ID], [LEVEL], [SCORE]) VALUES (4096, 8, 110000);
INSERT INTO LEVEL_ADVANCEMENT ([CLASS_ID], [LEVEL], [SCORE]) VALUES (4096, 9, 225000);

--DRUID
INSERT INTO LEVEL_ADVANCEMENT ([CLASS_ID], [LEVEL], [SCORE]) VALUES (8192, 2, 2000);
INSERT INTO LEVEL_ADVANCEMENT ([CLASS_ID], [LEVEL], [SCORE]) VALUES (8192, 3, 4000);
INSERT INTO LEVEL_ADVANCEMENT ([CLASS_ID], [LEVEL], [SCORE]) VALUES (8192, 4, 7500);
INSERT INTO LEVEL_ADVANCEMENT ([CLASS_ID], [LEVEL], [SCORE]) VALUES (8192, 5, 12500);
INSERT INTO LEVEL_ADVANCEMENT ([CLASS_ID], [LEVEL], [SCORE]) VALUES (8192, 6, 20000);
INSERT INTO LEVEL_ADVANCEMENT ([CLASS_ID], [LEVEL], [SCORE]) VALUES (8192, 7, 35000);
INSERT INTO LEVEL_ADVANCEMENT ([CLASS_ID], [LEVEL], [SCORE]) VALUES (8192, 8, 60000);
INSERT INTO LEVEL_ADVANCEMENT ([CLASS_ID], [LEVEL], [SCORE]) VALUES (8192, 9, 90000);
INSERT INTO LEVEL_ADVANCEMENT ([CLASS_ID], [LEVEL], [SCORE]) VALUES (8192, 10, 125000);
INSERT INTO LEVEL_ADVANCEMENT ([CLASS_ID], [LEVEL], [SCORE]) VALUES (8192, 11, 200000);
INSERT INTO LEVEL_ADVANCEMENT ([CLASS_ID], [LEVEL], [SCORE]) VALUES (8192, 12, 300000);
INSERT INTO LEVEL_ADVANCEMENT ([CLASS_ID], [LEVEL], [SCORE]) VALUES (8192, 13, 750000);
INSERT INTO LEVEL_ADVANCEMENT ([CLASS_ID], [LEVEL], [SCORE]) VALUES (8192, 14, 1500000);
INSERT INTO LEVEL_ADVANCEMENT ([CLASS_ID], [LEVEL], [SCORE]) VALUES (8192, 15, 3000000);
INSERT INTO LEVEL_ADVANCEMENT ([CLASS_ID], [LEVEL], [SCORE]) VALUES (8192, 16, 3500000);
INSERT INTO LEVEL_ADVANCEMENT ([CLASS_ID], [LEVEL], [SCORE]) VALUES (8192, 17, 4000000);
INSERT INTO LEVEL_ADVANCEMENT ([CLASS_ID], [LEVEL], [SCORE]) VALUES (8192, 18, 4500000);
INSERT INTO LEVEL_ADVANCEMENT ([CLASS_ID], [LEVEL], [SCORE]) VALUES (8192, 19, 5000000);
INSERT INTO LEVEL_ADVANCEMENT ([CLASS_ID], [LEVEL], [SCORE]) VALUES (8192, 20, 5500000);

-- PREIST OF SPECIFIC MYTHOS
INSERT INTO LEVEL_ADVANCEMENT ([CLASS_ID], [LEVEL], [SCORE]) VALUES (16384, 2, 1500);
INSERT INTO LEVEL_ADVANCEMENT ([CLASS_ID], [LEVEL], [SCORE]) VALUES (16384, 3, 3000);
INSERT INTO LEVEL_ADVANCEMENT ([CLASS_ID], [LEVEL], [SCORE]) VALUES (16384, 4, 6000);
INSERT INTO LEVEL_ADVANCEMENT ([CLASS_ID], [LEVEL], [SCORE]) VALUES (16384, 5, 13000);
INSERT INTO LEVEL_ADVANCEMENT ([CLASS_ID], [LEVEL], [SCORE]) VALUES (16384, 6, 27500);
INSERT INTO LEVEL_ADVANCEMENT ([CLASS_ID], [LEVEL], [SCORE]) VALUES (16384, 7, 55000);
INSERT INTO LEVEL_ADVANCEMENT ([CLASS_ID], [LEVEL], [SCORE]) VALUES (16384, 8, 110000);
INSERT INTO LEVEL_ADVANCEMENT ([CLASS_ID], [LEVEL], [SCORE]) VALUES (16384, 9, 225000);

-- THIEF
INSERT INTO LEVEL_ADVANCEMENT ([CLASS_ID], [LEVEL], [SCORE]) VALUES (32768, 2, 1250);
INSERT INTO LEVEL_ADVANCEMENT ([CLASS_ID], [LEVEL], [SCORE]) VALUES (32768, 3, 2500);
INSERT INTO LEVEL_ADVANCEMENT ([CLASS_ID], [LEVEL], [SCORE]) VALUES (32768, 4, 5000);
INSERT INTO LEVEL_ADVANCEMENT ([CLASS_ID], [LEVEL], [SCORE]) VALUES (32768, 5, 10000);
INSERT INTO LEVEL_ADVANCEMENT ([CLASS_ID], [LEVEL], [SCORE]) VALUES (32768, 6, 20000);
INSERT INTO LEVEL_ADVANCEMENT ([CLASS_ID], [LEVEL], [SCORE]) VALUES (32768, 7, 40000);
INSERT INTO LEVEL_ADVANCEMENT ([CLASS_ID], [LEVEL], [SCORE]) VALUES (32768, 8, 70000);
INSERT INTO LEVEL_ADVANCEMENT ([CLASS_ID], [LEVEL], [SCORE]) VALUES (32768, 9, 110000);
INSERT INTO LEVEL_ADVANCEMENT ([CLASS_ID], [LEVEL], [SCORE]) VALUES (32768, 10, 160000);
INSERT INTO LEVEL_ADVANCEMENT ([CLASS_ID], [LEVEL], [SCORE]) VALUES (32768, 11, 220000);

-- BARD
INSERT INTO LEVEL_ADVANCEMENT ([CLASS_ID], [LEVEL], [SCORE]) VALUES (65536, 2, 1250);
INSERT INTO LEVEL_ADVANCEMENT ([CLASS_ID], [LEVEL], [SCORE]) VALUES (65536, 3, 2500);
INSERT INTO LEVEL_ADVANCEMENT ([CLASS_ID], [LEVEL], [SCORE]) VALUES (65536, 4, 5000);
INSERT INTO LEVEL_ADVANCEMENT ([CLASS_ID], [LEVEL], [SCORE]) VALUES (65536, 5, 10000);
INSERT INTO LEVEL_ADVANCEMENT ([CLASS_ID], [LEVEL], [SCORE]) VALUES (65536, 6, 20000);
INSERT INTO LEVEL_ADVANCEMENT ([CLASS_ID], [LEVEL], [SCORE]) VALUES (65536, 7, 40000);
INSERT INTO LEVEL_ADVANCEMENT ([CLASS_ID], [LEVEL], [SCORE]) VALUES (65536, 8, 70000);
INSERT INTO LEVEL_ADVANCEMENT ([CLASS_ID], [LEVEL], [SCORE]) VALUES (65536, 9, 110000);
INSERT INTO LEVEL_ADVANCEMENT ([CLASS_ID], [LEVEL], [SCORE]) VALUES (65536, 10, 160000);
INSERT INTO LEVEL_ADVANCEMENT ([CLASS_ID], [LEVEL], [SCORE]) VALUES (65536, 11, 220000);

COMMIT TRANSACTION;

-------------------------------------------------------------------------------------------------------------

BEGIN TRANSACTION;

--HUMAN
INSERT INTO [CLASS_AVAILABILITY] ([RACE_ID], [CLASS_ID], [LEVEL_LIMIT]) VALUES (0, 1, NULL);
INSERT INTO [CLASS_AVAILABILITY] ([RACE_ID], [CLASS_ID], [LEVEL_LIMIT]) VALUES (0, 2, NULL);
INSERT INTO [CLASS_AVAILABILITY] ([RACE_ID], [CLASS_ID], [LEVEL_LIMIT]) VALUES (0, 4, NULL);
INSERT INTO [CLASS_AVAILABILITY] ([RACE_ID], [CLASS_ID], [LEVEL_LIMIT]) VALUES (0, 8, NULL);
INSERT INTO [CLASS_AVAILABILITY] ([RACE_ID], [CLASS_ID], [LEVEL_LIMIT]) VALUES (0, 16, NULL);
INSERT INTO [CLASS_AVAILABILITY] ([RACE_ID], [CLASS_ID], [LEVEL_LIMIT]) VALUES (0, 32, NULL);
INSERT INTO [CLASS_AVAILABILITY] ([RACE_ID], [CLASS_ID], [LEVEL_LIMIT]) VALUES (0, 64, NULL);
INSERT INTO [CLASS_AVAILABILITY] ([RACE_ID], [CLASS_ID], [LEVEL_LIMIT]) VALUES (0, 128, NULL);
INSERT INTO [CLASS_AVAILABILITY] ([RACE_ID], [CLASS_ID], [LEVEL_LIMIT]) VALUES (0, 256, NULL);
INSERT INTO [CLASS_AVAILABILITY] ([RACE_ID], [CLASS_ID], [LEVEL_LIMIT]) VALUES (0, 512, NULL);
INSERT INTO [CLASS_AVAILABILITY] ([RACE_ID], [CLASS_ID], [LEVEL_LIMIT]) VALUES (0, 1024, NULL);
INSERT INTO [CLASS_AVAILABILITY] ([RACE_ID], [CLASS_ID], [LEVEL_LIMIT]) VALUES (0, 2048, NULL);
INSERT INTO [CLASS_AVAILABILITY] ([RACE_ID], [CLASS_ID], [LEVEL_LIMIT]) VALUES (0, 4096, NULL);
INSERT INTO [CLASS_AVAILABILITY] ([RACE_ID], [CLASS_ID], [LEVEL_LIMIT]) VALUES (0, 8192, NULL);
INSERT INTO [CLASS_AVAILABILITY] ([RACE_ID], [CLASS_ID], [LEVEL_LIMIT]) VALUES (0, 16384, NULL);
INSERT INTO [CLASS_AVAILABILITY] ([RACE_ID], [CLASS_ID], [LEVEL_LIMIT]) VALUES (0, 32768, NULL);
INSERT INTO [CLASS_AVAILABILITY] ([RACE_ID], [CLASS_ID], [LEVEL_LIMIT]) VALUES (0, 65536, NULL);

--ELF
INSERT INTO [CLASS_AVAILABILITY] ([RACE_ID], [CLASS_ID], [LEVEL_LIMIT]) VALUES (1, 1, 12);
INSERT INTO [CLASS_AVAILABILITY] ([RACE_ID], [CLASS_ID], [LEVEL_LIMIT]) VALUES (1, 4, 15);
INSERT INTO [CLASS_AVAILABILITY] ([RACE_ID], [CLASS_ID], [LEVEL_LIMIT]) VALUES (1, 8, 15);
INSERT INTO [CLASS_AVAILABILITY] ([RACE_ID], [CLASS_ID], [LEVEL_LIMIT]) VALUES (1, 64, 15);
INSERT INTO [CLASS_AVAILABILITY] ([RACE_ID], [CLASS_ID], [LEVEL_LIMIT]) VALUES (1, 128, 15);
INSERT INTO [CLASS_AVAILABILITY] ([RACE_ID], [CLASS_ID], [LEVEL_LIMIT]) VALUES (1, 4096, 12);
INSERT INTO [CLASS_AVAILABILITY] ([RACE_ID], [CLASS_ID], [LEVEL_LIMIT]) VALUES (1, 32768, 12);
INSERT INTO [CLASS_AVAILABILITY] ([RACE_ID], [CLASS_ID], [LEVEL_LIMIT]) VALUES (1, 9, NULL);
INSERT INTO [CLASS_AVAILABILITY] ([RACE_ID], [CLASS_ID], [LEVEL_LIMIT]) VALUES (1, 32769, NULL);
INSERT INTO [CLASS_AVAILABILITY] ([RACE_ID], [CLASS_ID], [LEVEL_LIMIT]) VALUES (1, 32776, NULL);
INSERT INTO [CLASS_AVAILABILITY] ([RACE_ID], [CLASS_ID], [LEVEL_LIMIT]) VALUES (1, 32777, NULL);

--HALF-ELF
INSERT INTO [CLASS_AVAILABILITY] ([RACE_ID], [CLASS_ID], [LEVEL_LIMIT]) VALUES (4, 1, 14);
INSERT INTO [CLASS_AVAILABILITY] ([RACE_ID], [CLASS_ID], [LEVEL_LIMIT]) VALUES (4, 4, 16);
INSERT INTO [CLASS_AVAILABILITY] ([RACE_ID], [CLASS_ID], [LEVEL_LIMIT]) VALUES (4, 8, 12);
INSERT INTO [CLASS_AVAILABILITY] ([RACE_ID], [CLASS_ID], [LEVEL_LIMIT]) VALUES (4, 32, 12);
INSERT INTO [CLASS_AVAILABILITY] ([RACE_ID], [CLASS_ID], [LEVEL_LIMIT]) VALUES (4, 64, 12);
INSERT INTO [CLASS_AVAILABILITY] ([RACE_ID], [CLASS_ID], [LEVEL_LIMIT]) VALUES (4, 128, 12);
INSERT INTO [CLASS_AVAILABILITY] ([RACE_ID], [CLASS_ID], [LEVEL_LIMIT]) VALUES (4, 2048, 12);
INSERT INTO [CLASS_AVAILABILITY] ([RACE_ID], [CLASS_ID], [LEVEL_LIMIT]) VALUES (4, 4096, 14);
INSERT INTO [CLASS_AVAILABILITY] ([RACE_ID], [CLASS_ID], [LEVEL_LIMIT]) VALUES (4, 8192, 9);
INSERT INTO [CLASS_AVAILABILITY] ([RACE_ID], [CLASS_ID], [LEVEL_LIMIT]) VALUES (4, 32768, 12);
INSERT INTO [CLASS_AVAILABILITY] ([RACE_ID], [CLASS_ID], [LEVEL_LIMIT]) VALUES (4, 65536, NULL);
INSERT INTO [CLASS_AVAILABILITY] ([RACE_ID], [CLASS_ID], [LEVEL_LIMIT]) VALUES (4, 9, NULL);
INSERT INTO [CLASS_AVAILABILITY] ([RACE_ID], [CLASS_ID], [LEVEL_LIMIT]) VALUES (4, 4097, NULL);
INSERT INTO [CLASS_AVAILABILITY] ([RACE_ID], [CLASS_ID], [LEVEL_LIMIT]) VALUES (4, 32769, NULL);
INSERT INTO [CLASS_AVAILABILITY] ([RACE_ID], [CLASS_ID], [LEVEL_LIMIT]) VALUES (4, 32776, NULL);
INSERT INTO [CLASS_AVAILABILITY] ([RACE_ID], [CLASS_ID], [LEVEL_LIMIT]) VALUES (4, 4104, NULL);
INSERT INTO [CLASS_AVAILABILITY] ([RACE_ID], [CLASS_ID], [LEVEL_LIMIT]) VALUES (4, 4105, NULL);
INSERT INTO [CLASS_AVAILABILITY] ([RACE_ID], [CLASS_ID], [LEVEL_LIMIT]) VALUES (4, 32777, NULL);
INSERT INTO [CLASS_AVAILABILITY] ([RACE_ID], [CLASS_ID], [LEVEL_LIMIT]) VALUES (4, 8193, NULL);
INSERT INTO [CLASS_AVAILABILITY] ([RACE_ID], [CLASS_ID], [LEVEL_LIMIT]) VALUES (4, 4100, NULL);
INSERT INTO [CLASS_AVAILABILITY] ([RACE_ID], [CLASS_ID], [LEVEL_LIMIT]) VALUES (4, 8200, NULL);
INSERT INTO [CLASS_AVAILABILITY] ([RACE_ID], [CLASS_ID], [LEVEL_LIMIT]) VALUES (4, 8201, NULL);

--DWARF
INSERT INTO [CLASS_AVAILABILITY] ([RACE_ID], [CLASS_ID], [LEVEL_LIMIT]) VALUES (2, 1, 15);
INSERT INTO [CLASS_AVAILABILITY] ([RACE_ID], [CLASS_ID], [LEVEL_LIMIT]) VALUES (2, 4096, 10);
INSERT INTO [CLASS_AVAILABILITY] ([RACE_ID], [CLASS_ID], [LEVEL_LIMIT]) VALUES (2, 32768, 12);
INSERT INTO [CLASS_AVAILABILITY] ([RACE_ID], [CLASS_ID], [LEVEL_LIMIT]) VALUES (2, 4097, NULL);
INSERT INTO [CLASS_AVAILABILITY] ([RACE_ID], [CLASS_ID], [LEVEL_LIMIT]) VALUES (2, 32769, NULL);

--HALFLING
INSERT INTO [CLASS_AVAILABILITY] ([RACE_ID], [CLASS_ID], [LEVEL_LIMIT]) VALUES (5, 1, 9);
INSERT INTO [CLASS_AVAILABILITY] ([RACE_ID], [CLASS_ID], [LEVEL_LIMIT]) VALUES (5, 4096, 8);
INSERT INTO [CLASS_AVAILABILITY] ([RACE_ID], [CLASS_ID], [LEVEL_LIMIT]) VALUES (5, 32768, 15);
INSERT INTO [CLASS_AVAILABILITY] ([RACE_ID], [CLASS_ID], [LEVEL_LIMIT]) VALUES (5, 32769, NULL);

--GNOME
INSERT INTO [CLASS_AVAILABILITY] ([RACE_ID], [CLASS_ID], [LEVEL_LIMIT]) VALUES (3, 1, 11);
INSERT INTO [CLASS_AVAILABILITY] ([RACE_ID], [CLASS_ID], [LEVEL_LIMIT]) VALUES (3, 256, 15);
INSERT INTO [CLASS_AVAILABILITY] ([RACE_ID], [CLASS_ID], [LEVEL_LIMIT]) VALUES (3, 4096, 9);
INSERT INTO [CLASS_AVAILABILITY] ([RACE_ID], [CLASS_ID], [LEVEL_LIMIT]) VALUES (3, 32768, 13);
INSERT INTO [CLASS_AVAILABILITY] ([RACE_ID], [CLASS_ID], [LEVEL_LIMIT]) VALUES (3, 4097, NULL);
INSERT INTO [CLASS_AVAILABILITY] ([RACE_ID], [CLASS_ID], [LEVEL_LIMIT]) VALUES (3, 32769, NULL);
INSERT INTO [CLASS_AVAILABILITY] ([RACE_ID], [CLASS_ID], [LEVEL_LIMIT]) VALUES (3, 36864, NULL);
INSERT INTO [CLASS_AVAILABILITY] ([RACE_ID], [CLASS_ID], [LEVEL_LIMIT]) VALUES (3, 257, NULL);
INSERT INTO [CLASS_AVAILABILITY] ([RACE_ID], [CLASS_ID], [LEVEL_LIMIT]) VALUES (3, 4352, NULL);
INSERT INTO [CLASS_AVAILABILITY] ([RACE_ID], [CLASS_ID], [LEVEL_LIMIT]) VALUES (3, 33024, NULL);

COMMIT TRANSACTION;

-------------------------------------------------------------------------------------------------------------

BEGIN TRANSACTION;

INSERT INTO WARRIOR_MELEE_ATTACKS ([LEVEL_FROM], [LEVEL_TO], [ATTACKS], [ROUNDS]) VALUES (1, 6, 1, 1);
INSERT INTO WARRIOR_MELEE_ATTACKS ([LEVEL_FROM], [LEVEL_TO], [ATTACKS], [ROUNDS]) VALUES (7, 12, 3, 2);
INSERT INTO WARRIOR_MELEE_ATTACKS ([LEVEL_FROM], [LEVEL_TO], [ATTACKS], [ROUNDS]) VALUES (13, NULL, 2, 1);

COMMIT TRANSACTION;

-------------------------------------------------------------------------------------------------------------

BEGIN TRANSACTION;

INSERT INTO PALADIN_SPELL_PROGRESSION ([LEVEL], [CASTING_LEVEL], [SPELL_LEVEL_1], [SPELL_LEVEL_2], [SPELL_LEVEL_3], [SPELL_LEVEL_4]) VALUES (1,  NULL, NULL, NULL, NULL, NULL);
INSERT INTO PALADIN_SPELL_PROGRESSION ([LEVEL], [CASTING_LEVEL], [SPELL_LEVEL_1], [SPELL_LEVEL_2], [SPELL_LEVEL_3], [SPELL_LEVEL_4]) VALUES (2,  NULL, NULL, NULL, NULL, NULL);
INSERT INTO PALADIN_SPELL_PROGRESSION ([LEVEL], [CASTING_LEVEL], [SPELL_LEVEL_1], [SPELL_LEVEL_2], [SPELL_LEVEL_3], [SPELL_LEVEL_4]) VALUES (3,  NULL, NULL, NULL, NULL, NULL);
INSERT INTO PALADIN_SPELL_PROGRESSION ([LEVEL], [CASTING_LEVEL], [SPELL_LEVEL_1], [SPELL_LEVEL_2], [SPELL_LEVEL_3], [SPELL_LEVEL_4]) VALUES (4,  NULL, NULL, NULL, NULL, NULL);
INSERT INTO PALADIN_SPELL_PROGRESSION ([LEVEL], [CASTING_LEVEL], [SPELL_LEVEL_1], [SPELL_LEVEL_2], [SPELL_LEVEL_3], [SPELL_LEVEL_4]) VALUES (5,  NULL, NULL, NULL, NULL, NULL);
INSERT INTO PALADIN_SPELL_PROGRESSION ([LEVEL], [CASTING_LEVEL], [SPELL_LEVEL_1], [SPELL_LEVEL_2], [SPELL_LEVEL_3], [SPELL_LEVEL_4]) VALUES (6,  NULL, NULL, NULL, NULL, NULL);
INSERT INTO PALADIN_SPELL_PROGRESSION ([LEVEL], [CASTING_LEVEL], [SPELL_LEVEL_1], [SPELL_LEVEL_2], [SPELL_LEVEL_3], [SPELL_LEVEL_4]) VALUES (7,  NULL, NULL, NULL, NULL, NULL);
INSERT INTO PALADIN_SPELL_PROGRESSION ([LEVEL], [CASTING_LEVEL], [SPELL_LEVEL_1], [SPELL_LEVEL_2], [SPELL_LEVEL_3], [SPELL_LEVEL_4]) VALUES (8,  NULL, NULL, NULL, NULL, NULL);
INSERT INTO PALADIN_SPELL_PROGRESSION ([LEVEL], [CASTING_LEVEL], [SPELL_LEVEL_1], [SPELL_LEVEL_2], [SPELL_LEVEL_3], [SPELL_LEVEL_4]) VALUES (9,     1,    1, NULL, NULL, NULL);
INSERT INTO PALADIN_SPELL_PROGRESSION ([LEVEL], [CASTING_LEVEL], [SPELL_LEVEL_1], [SPELL_LEVEL_2], [SPELL_LEVEL_3], [SPELL_LEVEL_4]) VALUES (10,    2,    2, NULL, NULL, NULL);
INSERT INTO PALADIN_SPELL_PROGRESSION ([LEVEL], [CASTING_LEVEL], [SPELL_LEVEL_1], [SPELL_LEVEL_2], [SPELL_LEVEL_3], [SPELL_LEVEL_4]) VALUES (11,    3,    2,    1, NULL, NULL);
INSERT INTO PALADIN_SPELL_PROGRESSION ([LEVEL], [CASTING_LEVEL], [SPELL_LEVEL_1], [SPELL_LEVEL_2], [SPELL_LEVEL_3], [SPELL_LEVEL_4]) VALUES (12,    4,    2,    2, NULL, NULL);
INSERT INTO PALADIN_SPELL_PROGRESSION ([LEVEL], [CASTING_LEVEL], [SPELL_LEVEL_1], [SPELL_LEVEL_2], [SPELL_LEVEL_3], [SPELL_LEVEL_4]) VALUES (13,    5,    2,    2,    1, NULL);
INSERT INTO PALADIN_SPELL_PROGRESSION ([LEVEL], [CASTING_LEVEL], [SPELL_LEVEL_1], [SPELL_LEVEL_2], [SPELL_LEVEL_3], [SPELL_LEVEL_4]) VALUES (14,    6,    3,    2,    1, NULL);
INSERT INTO PALADIN_SPELL_PROGRESSION ([LEVEL], [CASTING_LEVEL], [SPELL_LEVEL_1], [SPELL_LEVEL_2], [SPELL_LEVEL_3], [SPELL_LEVEL_4]) VALUES (15,    7,    3,    2,    1,    1);
INSERT INTO PALADIN_SPELL_PROGRESSION ([LEVEL], [CASTING_LEVEL], [SPELL_LEVEL_1], [SPELL_LEVEL_2], [SPELL_LEVEL_3], [SPELL_LEVEL_4]) VALUES (16,    8,    3,    3,    2,    1);
INSERT INTO PALADIN_SPELL_PROGRESSION ([LEVEL], [CASTING_LEVEL], [SPELL_LEVEL_1], [SPELL_LEVEL_2], [SPELL_LEVEL_3], [SPELL_LEVEL_4]) VALUES (17,    9,    3,    3,    3,    1);
INSERT INTO PALADIN_SPELL_PROGRESSION ([LEVEL], [CASTING_LEVEL], [SPELL_LEVEL_1], [SPELL_LEVEL_2], [SPELL_LEVEL_3], [SPELL_LEVEL_4]) VALUES (18,    9,    3,    3,    3,    1);
INSERT INTO PALADIN_SPELL_PROGRESSION ([LEVEL], [CASTING_LEVEL], [SPELL_LEVEL_1], [SPELL_LEVEL_2], [SPELL_LEVEL_3], [SPELL_LEVEL_4]) VALUES (19,    9,    3,    3,    3,    2);
INSERT INTO PALADIN_SPELL_PROGRESSION ([LEVEL], [CASTING_LEVEL], [SPELL_LEVEL_1], [SPELL_LEVEL_2], [SPELL_LEVEL_3], [SPELL_LEVEL_4]) VALUES (20,    9,    3,    3,    3,    3);
	
COMMIT TRANSACTION;

-------------------------------------------------------------------------------------------------------------

BEGIN TRANSACTION;

INSERT INTO RANGER_ABILITIES ([LEVEL], [HIDE_IN_SHADOWS], [MOVE_SILENTLY], [CASTING_LEVEL], [SPELL_LEVEL_1], [SPELL_LEVEL_2], [SPELL_LEVEL_3]) VALUES (1,  10, 15, NULL, NULL, NULL, NULL);
INSERT INTO RANGER_ABILITIES ([LEVEL], [HIDE_IN_SHADOWS], [MOVE_SILENTLY], [CASTING_LEVEL], [SPELL_LEVEL_1], [SPELL_LEVEL_2], [SPELL_LEVEL_3]) VALUES (2,  15, 21, NULL, NULL, NULL, NULL);
INSERT INTO RANGER_ABILITIES ([LEVEL], [HIDE_IN_SHADOWS], [MOVE_SILENTLY], [CASTING_LEVEL], [SPELL_LEVEL_1], [SPELL_LEVEL_2], [SPELL_LEVEL_3]) VALUES (3,  20, 27, NULL, NULL, NULL, NULL);
INSERT INTO RANGER_ABILITIES ([LEVEL], [HIDE_IN_SHADOWS], [MOVE_SILENTLY], [CASTING_LEVEL], [SPELL_LEVEL_1], [SPELL_LEVEL_2], [SPELL_LEVEL_3]) VALUES (4,  25, 33, NULL, NULL, NULL, NULL);
INSERT INTO RANGER_ABILITIES ([LEVEL], [HIDE_IN_SHADOWS], [MOVE_SILENTLY], [CASTING_LEVEL], [SPELL_LEVEL_1], [SPELL_LEVEL_2], [SPELL_LEVEL_3]) VALUES (5,  31, 40, NULL, NULL, NULL, NULL);
INSERT INTO RANGER_ABILITIES ([LEVEL], [HIDE_IN_SHADOWS], [MOVE_SILENTLY], [CASTING_LEVEL], [SPELL_LEVEL_1], [SPELL_LEVEL_2], [SPELL_LEVEL_3]) VALUES (6,  37, 47, NULL, NULL, NULL, NULL);
INSERT INTO RANGER_ABILITIES ([LEVEL], [HIDE_IN_SHADOWS], [MOVE_SILENTLY], [CASTING_LEVEL], [SPELL_LEVEL_1], [SPELL_LEVEL_2], [SPELL_LEVEL_3]) VALUES (7,  43, 55, NULL, NULL, NULL, NULL);
INSERT INTO RANGER_ABILITIES ([LEVEL], [HIDE_IN_SHADOWS], [MOVE_SILENTLY], [CASTING_LEVEL], [SPELL_LEVEL_1], [SPELL_LEVEL_2], [SPELL_LEVEL_3]) VALUES (8,  49, 62,    1,    1, NULL, NULL);
INSERT INTO RANGER_ABILITIES ([LEVEL], [HIDE_IN_SHADOWS], [MOVE_SILENTLY], [CASTING_LEVEL], [SPELL_LEVEL_1], [SPELL_LEVEL_2], [SPELL_LEVEL_3]) VALUES (9,  56, 70,    2,    2, NULL, NULL);
INSERT INTO RANGER_ABILITIES ([LEVEL], [HIDE_IN_SHADOWS], [MOVE_SILENTLY], [CASTING_LEVEL], [SPELL_LEVEL_1], [SPELL_LEVEL_2], [SPELL_LEVEL_3]) VALUES (10, 63, 78,    3,    2,    1, NULL);
INSERT INTO RANGER_ABILITIES ([LEVEL], [HIDE_IN_SHADOWS], [MOVE_SILENTLY], [CASTING_LEVEL], [SPELL_LEVEL_1], [SPELL_LEVEL_2], [SPELL_LEVEL_3]) VALUES (11, 70, 86,    4,    2,    2, NULL);
INSERT INTO RANGER_ABILITIES ([LEVEL], [HIDE_IN_SHADOWS], [MOVE_SILENTLY], [CASTING_LEVEL], [SPELL_LEVEL_1], [SPELL_LEVEL_2], [SPELL_LEVEL_3]) VALUES (12, 77, 94,    5,    2,    2,    1);
INSERT INTO RANGER_ABILITIES ([LEVEL], [HIDE_IN_SHADOWS], [MOVE_SILENTLY], [CASTING_LEVEL], [SPELL_LEVEL_1], [SPELL_LEVEL_2], [SPELL_LEVEL_3]) VALUES (13, 85, 99,    6,    3,    2,    1);
INSERT INTO RANGER_ABILITIES ([LEVEL], [HIDE_IN_SHADOWS], [MOVE_SILENTLY], [CASTING_LEVEL], [SPELL_LEVEL_1], [SPELL_LEVEL_2], [SPELL_LEVEL_3]) VALUES (14, 93, 99,    7,    3,    2,    2);
INSERT INTO RANGER_ABILITIES ([LEVEL], [HIDE_IN_SHADOWS], [MOVE_SILENTLY], [CASTING_LEVEL], [SPELL_LEVEL_1], [SPELL_LEVEL_2], [SPELL_LEVEL_3]) VALUES (15, 99, 99,    8,    3,    3,    2);
INSERT INTO RANGER_ABILITIES ([LEVEL], [HIDE_IN_SHADOWS], [MOVE_SILENTLY], [CASTING_LEVEL], [SPELL_LEVEL_1], [SPELL_LEVEL_2], [SPELL_LEVEL_3]) VALUES (16, 99, 99,    9,    3,    3,    3);
	
COMMIT TRANSACTION;

-------------------------------------------------------------------------------------------------------------

BEGIN TRANSACTION;

INSERT INTO WIZARD_SPELL_PROGRESSION ([LEVEL], [SPELL_LEVEL_1], [SPELL_LEVEL_2], [SPELL_LEVEL_3], [SPELL_LEVEL_4], [SPELL_LEVEL_5], [SPELL_LEVEL_6], [SPELL_LEVEL_7], [SPELL_LEVEL_8], [SPELL_LEVEL_9]) VALUES (1,     1, NULL, NULL, NULL, NULL, NULL, NULL, NULL, NULL);
INSERT INTO WIZARD_SPELL_PROGRESSION ([LEVEL], [SPELL_LEVEL_1], [SPELL_LEVEL_2], [SPELL_LEVEL_3], [SPELL_LEVEL_4], [SPELL_LEVEL_5], [SPELL_LEVEL_6], [SPELL_LEVEL_7], [SPELL_LEVEL_8], [SPELL_LEVEL_9]) VALUES (2,     2, NULL, NULL, NULL, NULL, NULL, NULL, NULL, NULL);
INSERT INTO WIZARD_SPELL_PROGRESSION ([LEVEL], [SPELL_LEVEL_1], [SPELL_LEVEL_2], [SPELL_LEVEL_3], [SPELL_LEVEL_4], [SPELL_LEVEL_5], [SPELL_LEVEL_6], [SPELL_LEVEL_7], [SPELL_LEVEL_8], [SPELL_LEVEL_9]) VALUES (3,     2,    1, NULL, NULL, NULL, NULL, NULL, NULL, NULL);
INSERT INTO WIZARD_SPELL_PROGRESSION ([LEVEL], [SPELL_LEVEL_1], [SPELL_LEVEL_2], [SPELL_LEVEL_3], [SPELL_LEVEL_4], [SPELL_LEVEL_5], [SPELL_LEVEL_6], [SPELL_LEVEL_7], [SPELL_LEVEL_8], [SPELL_LEVEL_9]) VALUES (4,     3,    2, NULL, NULL, NULL, NULL, NULL, NULL, NULL);
INSERT INTO WIZARD_SPELL_PROGRESSION ([LEVEL], [SPELL_LEVEL_1], [SPELL_LEVEL_2], [SPELL_LEVEL_3], [SPELL_LEVEL_4], [SPELL_LEVEL_5], [SPELL_LEVEL_6], [SPELL_LEVEL_7], [SPELL_LEVEL_8], [SPELL_LEVEL_9]) VALUES (5,     4,    2,	   1, NULL, NULL, NULL, NULL, NULL, NULL);
INSERT INTO WIZARD_SPELL_PROGRESSION ([LEVEL], [SPELL_LEVEL_1], [SPELL_LEVEL_2], [SPELL_LEVEL_3], [SPELL_LEVEL_4], [SPELL_LEVEL_5], [SPELL_LEVEL_6], [SPELL_LEVEL_7], [SPELL_LEVEL_8], [SPELL_LEVEL_9]) VALUES (6,     4,    2,	   2, NULL, NULL, NULL, NULL, NULL, NULL);
INSERT INTO WIZARD_SPELL_PROGRESSION ([LEVEL], [SPELL_LEVEL_1], [SPELL_LEVEL_2], [SPELL_LEVEL_3], [SPELL_LEVEL_4], [SPELL_LEVEL_5], [SPELL_LEVEL_6], [SPELL_LEVEL_7], [SPELL_LEVEL_8], [SPELL_LEVEL_9]) VALUES (7,     4,    3,	   2,    1, NULL, NULL, NULL, NULL, NULL);
INSERT INTO WIZARD_SPELL_PROGRESSION ([LEVEL], [SPELL_LEVEL_1], [SPELL_LEVEL_2], [SPELL_LEVEL_3], [SPELL_LEVEL_4], [SPELL_LEVEL_5], [SPELL_LEVEL_6], [SPELL_LEVEL_7], [SPELL_LEVEL_8], [SPELL_LEVEL_9]) VALUES (8,     4,    3,	   3,    2, NULL, NULL, NULL, NULL, NULL);
INSERT INTO WIZARD_SPELL_PROGRESSION ([LEVEL], [SPELL_LEVEL_1], [SPELL_LEVEL_2], [SPELL_LEVEL_3], [SPELL_LEVEL_4], [SPELL_LEVEL_5], [SPELL_LEVEL_6], [SPELL_LEVEL_7], [SPELL_LEVEL_8], [SPELL_LEVEL_9]) VALUES (9,     4,    3,	   3,    2,    1, NULL, NULL, NULL, NULL);
INSERT INTO WIZARD_SPELL_PROGRESSION ([LEVEL], [SPELL_LEVEL_1], [SPELL_LEVEL_2], [SPELL_LEVEL_3], [SPELL_LEVEL_4], [SPELL_LEVEL_5], [SPELL_LEVEL_6], [SPELL_LEVEL_7], [SPELL_LEVEL_8], [SPELL_LEVEL_9]) VALUES (10,    4,    4,	   3,    2,    2, NULL, NULL, NULL, NULL);
INSERT INTO WIZARD_SPELL_PROGRESSION ([LEVEL], [SPELL_LEVEL_1], [SPELL_LEVEL_2], [SPELL_LEVEL_3], [SPELL_LEVEL_4], [SPELL_LEVEL_5], [SPELL_LEVEL_6], [SPELL_LEVEL_7], [SPELL_LEVEL_8], [SPELL_LEVEL_9]) VALUES (11,    4,    4,	   4,    3,    3, NULL, NULL, NULL, NULL);
INSERT INTO WIZARD_SPELL_PROGRESSION ([LEVEL], [SPELL_LEVEL_1], [SPELL_LEVEL_2], [SPELL_LEVEL_3], [SPELL_LEVEL_4], [SPELL_LEVEL_5], [SPELL_LEVEL_6], [SPELL_LEVEL_7], [SPELL_LEVEL_8], [SPELL_LEVEL_9]) VALUES (12,    4,    4,	   4,    4,    4,    1, NULL, NULL, NULL);
INSERT INTO WIZARD_SPELL_PROGRESSION ([LEVEL], [SPELL_LEVEL_1], [SPELL_LEVEL_2], [SPELL_LEVEL_3], [SPELL_LEVEL_4], [SPELL_LEVEL_5], [SPELL_LEVEL_6], [SPELL_LEVEL_7], [SPELL_LEVEL_8], [SPELL_LEVEL_9]) VALUES (13,    5,    5,	   5,    4,    4,    2, NULL, NULL, NULL);
INSERT INTO WIZARD_SPELL_PROGRESSION ([LEVEL], [SPELL_LEVEL_1], [SPELL_LEVEL_2], [SPELL_LEVEL_3], [SPELL_LEVEL_4], [SPELL_LEVEL_5], [SPELL_LEVEL_6], [SPELL_LEVEL_7], [SPELL_LEVEL_8], [SPELL_LEVEL_9]) VALUES (14,    5,    5,	   5,    4,    4,    2,    1, NULL, NULL);
INSERT INTO WIZARD_SPELL_PROGRESSION ([LEVEL], [SPELL_LEVEL_1], [SPELL_LEVEL_2], [SPELL_LEVEL_3], [SPELL_LEVEL_4], [SPELL_LEVEL_5], [SPELL_LEVEL_6], [SPELL_LEVEL_7], [SPELL_LEVEL_8], [SPELL_LEVEL_9]) VALUES (15,    5,    5,	   5,    5,    5,    2,    1, NULL, NULL);
INSERT INTO WIZARD_SPELL_PROGRESSION ([LEVEL], [SPELL_LEVEL_1], [SPELL_LEVEL_2], [SPELL_LEVEL_3], [SPELL_LEVEL_4], [SPELL_LEVEL_5], [SPELL_LEVEL_6], [SPELL_LEVEL_7], [SPELL_LEVEL_8], [SPELL_LEVEL_9]) VALUES (16,    5,    5,	   5,    5,    5,    3,    2,    1, NULL);
INSERT INTO WIZARD_SPELL_PROGRESSION ([LEVEL], [SPELL_LEVEL_1], [SPELL_LEVEL_2], [SPELL_LEVEL_3], [SPELL_LEVEL_4], [SPELL_LEVEL_5], [SPELL_LEVEL_6], [SPELL_LEVEL_7], [SPELL_LEVEL_8], [SPELL_LEVEL_9]) VALUES (17,    5,    5,	   5,    5,    5,    3,    3,    2, NULL);
INSERT INTO WIZARD_SPELL_PROGRESSION ([LEVEL], [SPELL_LEVEL_1], [SPELL_LEVEL_2], [SPELL_LEVEL_3], [SPELL_LEVEL_4], [SPELL_LEVEL_5], [SPELL_LEVEL_6], [SPELL_LEVEL_7], [SPELL_LEVEL_8], [SPELL_LEVEL_9]) VALUES (18,    5,    5,	   5,    5,    5,    3,    3,    2,    1);
INSERT INTO WIZARD_SPELL_PROGRESSION ([LEVEL], [SPELL_LEVEL_1], [SPELL_LEVEL_2], [SPELL_LEVEL_3], [SPELL_LEVEL_4], [SPELL_LEVEL_5], [SPELL_LEVEL_6], [SPELL_LEVEL_7], [SPELL_LEVEL_8], [SPELL_LEVEL_9]) VALUES (19,    5,    5,	   5,    5,    5,    3,    3,    3,    1);
INSERT INTO WIZARD_SPELL_PROGRESSION ([LEVEL], [SPELL_LEVEL_1], [SPELL_LEVEL_2], [SPELL_LEVEL_3], [SPELL_LEVEL_4], [SPELL_LEVEL_5], [SPELL_LEVEL_6], [SPELL_LEVEL_7], [SPELL_LEVEL_8], [SPELL_LEVEL_9]) VALUES (20,    5,    5,	   5,    5,    5,    4,    3,    3,    2);
	
COMMIT TRANSACTION;

-------------------------------------------------------------------------------------------------------------

BEGIN TRANSACTION;

INSERT INTO SCHOOL_OF_MAGIC ([ID], [NAME], [ALIAS], [CLASS_ID], [SKILL_ID], [SKILL_VALUE_REQUIRED]) VALUES (0, 'Abjuration', NULL, 16, 4, 15);
INSERT INTO SCHOOL_OF_MAGIC ([ID], [NAME], [ALIAS], [CLASS_ID], [SKILL_ID], [SKILL_VALUE_REQUIRED]) VALUES (1, 'Conjuration', 'Summoning', 32, 3, 15);
INSERT INTO SCHOOL_OF_MAGIC ([ID], [NAME], [ALIAS], [CLASS_ID], [SKILL_ID], [SKILL_VALUE_REQUIRED]) VALUES (2, 'Greater Divination', NULL, 64, 4, 16);
INSERT INTO SCHOOL_OF_MAGIC ([ID], [NAME], [ALIAS], [CLASS_ID], [SKILL_ID], [SKILL_VALUE_REQUIRED]) VALUES (3, 'Enchantment', 'Charm', 128, 5, 16);
INSERT INTO SCHOOL_OF_MAGIC ([ID], [NAME], [ALIAS], [CLASS_ID], [SKILL_ID], [SKILL_VALUE_REQUIRED]) VALUES (4, 'Illusion', 'Phantasm', 256, 1, 16);
INSERT INTO SCHOOL_OF_MAGIC ([ID], [NAME], [ALIAS], [CLASS_ID], [SKILL_ID], [SKILL_VALUE_REQUIRED]) VALUES (5, 'Invocation', 'Evocation', 512, 2, 16);
INSERT INTO SCHOOL_OF_MAGIC ([ID], [NAME], [ALIAS], [CLASS_ID], [SKILL_ID], [SKILL_VALUE_REQUIRED]) VALUES (6, 'Necromancy', NULL, 1024, 4, 16);
INSERT INTO SCHOOL_OF_MAGIC ([ID], [NAME], [ALIAS], [CLASS_ID], [SKILL_ID], [SKILL_VALUE_REQUIRED]) VALUES (7, 'Alteration', NULL, 2048, 1, 15);
INSERT INTO SCHOOL_OF_MAGIC ([ID], [NAME], [ALIAS], [CLASS_ID], [SKILL_ID], [SKILL_VALUE_REQUIRED]) VALUES (8, 'Lesser Divination', NULL, 64, 4, 16);

COMMIT TRANSACTION;

-------------------------------------------------------------------------------------------------------------

BEGIN TRANSACTION;

INSERT INTO SCHOOL_OF_MAGIC_ACCESS ([SCHOOL_ID], [CLASS_ID]) VALUES (0, 16);
INSERT INTO SCHOOL_OF_MAGIC_ACCESS ([SCHOOL_ID], [CLASS_ID]) VALUES (1, 32);
INSERT INTO SCHOOL_OF_MAGIC_ACCESS ([SCHOOL_ID], [CLASS_ID]) VALUES (2, 64);
INSERT INTO SCHOOL_OF_MAGIC_ACCESS ([SCHOOL_ID], [CLASS_ID]) VALUES (3, 128);
INSERT INTO SCHOOL_OF_MAGIC_ACCESS ([SCHOOL_ID], [CLASS_ID]) VALUES (4, 256);
INSERT INTO SCHOOL_OF_MAGIC_ACCESS ([SCHOOL_ID], [CLASS_ID]) VALUES (5, 512);
INSERT INTO SCHOOL_OF_MAGIC_ACCESS ([SCHOOL_ID], [CLASS_ID]) VALUES (6, 1024);
INSERT INTO SCHOOL_OF_MAGIC_ACCESS ([SCHOOL_ID], [CLASS_ID]) VALUES (7, 2048);
INSERT INTO SCHOOL_OF_MAGIC_ACCESS ([SCHOOL_ID], [CLASS_ID]) VALUES (8, 16);
INSERT INTO SCHOOL_OF_MAGIC_ACCESS ([SCHOOL_ID], [CLASS_ID]) VALUES (8, 32);
INSERT INTO SCHOOL_OF_MAGIC_ACCESS ([SCHOOL_ID], [CLASS_ID]) VALUES (8, 64);
INSERT INTO SCHOOL_OF_MAGIC_ACCESS ([SCHOOL_ID], [CLASS_ID]) VALUES (8, 128);
INSERT INTO SCHOOL_OF_MAGIC_ACCESS ([SCHOOL_ID], [CLASS_ID]) VALUES (8, 256);
INSERT INTO SCHOOL_OF_MAGIC_ACCESS ([SCHOOL_ID], [CLASS_ID]) VALUES (8, 512);
INSERT INTO SCHOOL_OF_MAGIC_ACCESS ([SCHOOL_ID], [CLASS_ID]) VALUES (8, 1024);
INSERT INTO SCHOOL_OF_MAGIC_ACCESS ([SCHOOL_ID], [CLASS_ID]) VALUES (8, 2048);

-- MAGE
INSERT INTO SCHOOL_OF_MAGIC_ACCESS ([SCHOOL_ID], [CLASS_ID]) VALUES (0, 8);
INSERT INTO SCHOOL_OF_MAGIC_ACCESS ([SCHOOL_ID], [CLASS_ID]) VALUES (1, 8);
INSERT INTO SCHOOL_OF_MAGIC_ACCESS ([SCHOOL_ID], [CLASS_ID]) VALUES (2, 8);
INSERT INTO SCHOOL_OF_MAGIC_ACCESS ([SCHOOL_ID], [CLASS_ID]) VALUES (3, 8);
INSERT INTO SCHOOL_OF_MAGIC_ACCESS ([SCHOOL_ID], [CLASS_ID]) VALUES (4, 8);
INSERT INTO SCHOOL_OF_MAGIC_ACCESS ([SCHOOL_ID], [CLASS_ID]) VALUES (5, 8);
INSERT INTO SCHOOL_OF_MAGIC_ACCESS ([SCHOOL_ID], [CLASS_ID]) VALUES (6, 8);
INSERT INTO SCHOOL_OF_MAGIC_ACCESS ([SCHOOL_ID], [CLASS_ID]) VALUES (7, 8);
INSERT INTO SCHOOL_OF_MAGIC_ACCESS ([SCHOOL_ID], [CLASS_ID]) VALUES (8, 8);

-- BARD
INSERT INTO SCHOOL_OF_MAGIC_ACCESS ([SCHOOL_ID], [CLASS_ID]) VALUES (0, 65536);
INSERT INTO SCHOOL_OF_MAGIC_ACCESS ([SCHOOL_ID], [CLASS_ID]) VALUES (1, 65536);
INSERT INTO SCHOOL_OF_MAGIC_ACCESS ([SCHOOL_ID], [CLASS_ID]) VALUES (2, 65536);
INSERT INTO SCHOOL_OF_MAGIC_ACCESS ([SCHOOL_ID], [CLASS_ID]) VALUES (3, 65536);
INSERT INTO SCHOOL_OF_MAGIC_ACCESS ([SCHOOL_ID], [CLASS_ID]) VALUES (4, 65536);
INSERT INTO SCHOOL_OF_MAGIC_ACCESS ([SCHOOL_ID], [CLASS_ID]) VALUES (5, 65536);
INSERT INTO SCHOOL_OF_MAGIC_ACCESS ([SCHOOL_ID], [CLASS_ID]) VALUES (6, 65536);
INSERT INTO SCHOOL_OF_MAGIC_ACCESS ([SCHOOL_ID], [CLASS_ID]) VALUES (7, 65536);
INSERT INTO SCHOOL_OF_MAGIC_ACCESS ([SCHOOL_ID], [CLASS_ID]) VALUES (8, 65536);

--FIGHTER ILLUSIONIST
INSERT INTO SCHOOL_OF_MAGIC_ACCESS ([SCHOOL_ID], [CLASS_ID]) VALUES (4, 257);
INSERT INTO SCHOOL_OF_MAGIC_ACCESS ([SCHOOL_ID], [CLASS_ID]) VALUES (8, 257);

--CLERIC ILLUSIONIST
INSERT INTO SCHOOL_OF_MAGIC_ACCESS ([SCHOOL_ID], [CLASS_ID]) VALUES (4, 4352);
INSERT INTO SCHOOL_OF_MAGIC_ACCESS ([SCHOOL_ID], [CLASS_ID]) VALUES (8, 4352);

--ILLUSIONIST THIEF
INSERT INTO SCHOOL_OF_MAGIC_ACCESS ([SCHOOL_ID], [CLASS_ID]) VALUES (4, 33024);
INSERT INTO SCHOOL_OF_MAGIC_ACCESS ([SCHOOL_ID], [CLASS_ID]) VALUES (8, 33024);

COMMIT TRANSACTION;

-------------------------------------------------------------------------------------------------------------

BEGIN TRANSACTION;

INSERT INTO SCHOOL_OF_MAGIC_PER_RACES ([SCHOOL_ID], [RACE_ID]) VALUES (0, 0);
INSERT INTO SCHOOL_OF_MAGIC_PER_RACES ([SCHOOL_ID], [RACE_ID]) VALUES (1, 0);
INSERT INTO SCHOOL_OF_MAGIC_PER_RACES ([SCHOOL_ID], [RACE_ID]) VALUES (1, 1);
INSERT INTO SCHOOL_OF_MAGIC_PER_RACES ([SCHOOL_ID], [RACE_ID]) VALUES (2, 0);
INSERT INTO SCHOOL_OF_MAGIC_PER_RACES ([SCHOOL_ID], [RACE_ID]) VALUES (2, 1);
INSERT INTO SCHOOL_OF_MAGIC_PER_RACES ([SCHOOL_ID], [RACE_ID]) VALUES (2, 4);
INSERT INTO SCHOOL_OF_MAGIC_PER_RACES ([SCHOOL_ID], [RACE_ID]) VALUES (3, 0);
INSERT INTO SCHOOL_OF_MAGIC_PER_RACES ([SCHOOL_ID], [RACE_ID]) VALUES (3, 1);
INSERT INTO SCHOOL_OF_MAGIC_PER_RACES ([SCHOOL_ID], [RACE_ID]) VALUES (3, 4);
INSERT INTO SCHOOL_OF_MAGIC_PER_RACES ([SCHOOL_ID], [RACE_ID]) VALUES (4, 0);
INSERT INTO SCHOOL_OF_MAGIC_PER_RACES ([SCHOOL_ID], [RACE_ID]) VALUES (4, 3);
INSERT INTO SCHOOL_OF_MAGIC_PER_RACES ([SCHOOL_ID], [RACE_ID]) VALUES (5, 0);
INSERT INTO SCHOOL_OF_MAGIC_PER_RACES ([SCHOOL_ID], [RACE_ID]) VALUES (6, 0);
INSERT INTO SCHOOL_OF_MAGIC_PER_RACES ([SCHOOL_ID], [RACE_ID]) VALUES (7, 0);
INSERT INTO SCHOOL_OF_MAGIC_PER_RACES ([SCHOOL_ID], [RACE_ID]) VALUES (7, 1);
INSERT INTO SCHOOL_OF_MAGIC_PER_RACES ([SCHOOL_ID], [RACE_ID]) VALUES (8, 0);
INSERT INTO SCHOOL_OF_MAGIC_PER_RACES ([SCHOOL_ID], [RACE_ID]) VALUES (8, 1);
INSERT INTO SCHOOL_OF_MAGIC_PER_RACES ([SCHOOL_ID], [RACE_ID]) VALUES (8, 4);

COMMIT TRANSACTION;

-------------------------------------------------------------------------------------------------------------

BEGIN TRANSACTION;

INSERT INTO SCHOOL_OF_MAGIC_OPPOSITION ([SCHOOL_ID], [OPPOSITE_ID]) VALUES (0, 4);
INSERT INTO SCHOOL_OF_MAGIC_OPPOSITION ([SCHOOL_ID], [OPPOSITE_ID]) VALUES (0, 7);

INSERT INTO SCHOOL_OF_MAGIC_OPPOSITION ([SCHOOL_ID], [OPPOSITE_ID]) VALUES (1, 2);
INSERT INTO SCHOOL_OF_MAGIC_OPPOSITION ([SCHOOL_ID], [OPPOSITE_ID]) VALUES (1, 5);

INSERT INTO SCHOOL_OF_MAGIC_OPPOSITION ([SCHOOL_ID], [OPPOSITE_ID]) VALUES (2, 1);

INSERT INTO SCHOOL_OF_MAGIC_OPPOSITION ([SCHOOL_ID], [OPPOSITE_ID]) VALUES (3, 5);
INSERT INTO SCHOOL_OF_MAGIC_OPPOSITION ([SCHOOL_ID], [OPPOSITE_ID]) VALUES (3, 6);

INSERT INTO SCHOOL_OF_MAGIC_OPPOSITION ([SCHOOL_ID], [OPPOSITE_ID]) VALUES (4, 0);
INSERT INTO SCHOOL_OF_MAGIC_OPPOSITION ([SCHOOL_ID], [OPPOSITE_ID]) VALUES (4, 5);
INSERT INTO SCHOOL_OF_MAGIC_OPPOSITION ([SCHOOL_ID], [OPPOSITE_ID]) VALUES (4, 6);

INSERT INTO SCHOOL_OF_MAGIC_OPPOSITION ([SCHOOL_ID], [OPPOSITE_ID]) VALUES (5, 1);
INSERT INTO SCHOOL_OF_MAGIC_OPPOSITION ([SCHOOL_ID], [OPPOSITE_ID]) VALUES (5, 3);

INSERT INTO SCHOOL_OF_MAGIC_OPPOSITION ([SCHOOL_ID], [OPPOSITE_ID]) VALUES (6, 3);
INSERT INTO SCHOOL_OF_MAGIC_OPPOSITION ([SCHOOL_ID], [OPPOSITE_ID]) VALUES (6, 4);

INSERT INTO SCHOOL_OF_MAGIC_OPPOSITION ([SCHOOL_ID], [OPPOSITE_ID]) VALUES (7, 0);
INSERT INTO SCHOOL_OF_MAGIC_OPPOSITION ([SCHOOL_ID], [OPPOSITE_ID]) VALUES (7, 6);

COMMIT TRANSACTION;

-------------------------------------------------------------------------------------------------------------

BEGIN TRANSACTION;

INSERT INTO SPHERE_OF_INFLUENCE_ACCESS_LEVEL ([ID], [NAME]) VALUES (0, 'Major');
INSERT INTO SPHERE_OF_INFLUENCE_ACCESS_LEVEL ([ID], [NAME]) VALUES (1, 'Minor');

COMMIT TRANSACTION;

-------------------------------------------------------------------------------------------------------------

BEGIN TRANSACTION;

INSERT INTO SPHERE_OF_INFLUENCE_MODE ([ID], [NAME]) VALUES (0, 'Direct');
INSERT INTO SPHERE_OF_INFLUENCE_MODE ([ID], [NAME]) VALUES (1, 'Reverse');
INSERT INTO SPHERE_OF_INFLUENCE_MODE ([ID], [NAME]) VALUES (2, 'Both');

COMMIT TRANSACTION;

-------------------------------------------------------------------------------------------------------------

BEGIN TRANSACTION;

INSERT INTO SPHERES_OF_INFLUENCE ([ID], [NAME]) VALUES (0,  'All');
INSERT INTO SPHERES_OF_INFLUENCE ([ID], [NAME]) VALUES (1,  'Animal');
INSERT INTO SPHERES_OF_INFLUENCE ([ID], [NAME]) VALUES (2,  'Astral');
INSERT INTO SPHERES_OF_INFLUENCE ([ID], [NAME]) VALUES (3,  'Charm');
INSERT INTO SPHERES_OF_INFLUENCE ([ID], [NAME]) VALUES (4,  'Combat');
INSERT INTO SPHERES_OF_INFLUENCE ([ID], [NAME]) VALUES (5,  'Creation');
INSERT INTO SPHERES_OF_INFLUENCE ([ID], [NAME]) VALUES (6,  'Divination');
INSERT INTO SPHERES_OF_INFLUENCE ([ID], [NAME]) VALUES (7,  'Elemental');
INSERT INTO SPHERES_OF_INFLUENCE ([ID], [NAME]) VALUES (8,  'Guardian');
INSERT INTO SPHERES_OF_INFLUENCE ([ID], [NAME]) VALUES (9,  'Healing');
INSERT INTO SPHERES_OF_INFLUENCE ([ID], [NAME]) VALUES (10, 'Law');
INSERT INTO SPHERES_OF_INFLUENCE ([ID], [NAME]) VALUES (11, 'Necromantic');
INSERT INTO SPHERES_OF_INFLUENCE ([ID], [NAME]) VALUES (12, 'Numbers');
INSERT INTO SPHERES_OF_INFLUENCE ([ID], [NAME]) VALUES (13, 'Plant');
INSERT INTO SPHERES_OF_INFLUENCE ([ID], [NAME]) VALUES (14, 'Protection');
INSERT INTO SPHERES_OF_INFLUENCE ([ID], [NAME]) VALUES (15, 'Summoning');
INSERT INTO SPHERES_OF_INFLUENCE ([ID], [NAME]) VALUES (16, 'Thought');
INSERT INTO SPHERES_OF_INFLUENCE ([ID], [NAME]) VALUES (17, 'Time');
INSERT INTO SPHERES_OF_INFLUENCE ([ID], [NAME]) VALUES (18, 'Sun');
INSERT INTO SPHERES_OF_INFLUENCE ([ID], [NAME]) VALUES (19, 'War');
INSERT INTO SPHERES_OF_INFLUENCE ([ID], [NAME]) VALUES (20, 'Wards');
INSERT INTO SPHERES_OF_INFLUENCE ([ID], [NAME]) VALUES (21, 'Wheather');

COMMIT TRANSACTION;

-------------------------------------------------------------------------------------------------------------

BEGIN TRANSACTION;

INSERT INTO WIZARD_SPELL_SCHOOL ([SPELL_ID], [SCHOOL_ID]) VALUES (1000, 7);		--Affect normal fires
INSERT INTO WIZARD_SPELL_SCHOOL ([SPELL_ID], [SCHOOL_ID]) VALUES (1001, 0);		--Alarm
INSERT INTO WIZARD_SPELL_SCHOOL ([SPELL_ID], [SCHOOL_ID]) VALUES (1001, 5);
INSERT INTO WIZARD_SPELL_SCHOOL ([SPELL_ID], [SCHOOL_ID]) VALUES (1002, 1);		--Armor
INSERT INTO WIZARD_SPELL_SCHOOL ([SPELL_ID], [SCHOOL_ID]) VALUES (1003, 4);		--Audible glamer
INSERT INTO WIZARD_SPELL_SCHOOL ([SPELL_ID], [SCHOOL_ID]) VALUES (1004, 7);		--Burning hands
INSERT INTO WIZARD_SPELL_SCHOOL ([SPELL_ID], [SCHOOL_ID]) VALUES (1005, 0);		--Cantrip
INSERT INTO WIZARD_SPELL_SCHOOL ([SPELL_ID], [SCHOOL_ID]) VALUES (1005, 1);
INSERT INTO WIZARD_SPELL_SCHOOL ([SPELL_ID], [SCHOOL_ID]) VALUES (1005, 2);
INSERT INTO WIZARD_SPELL_SCHOOL ([SPELL_ID], [SCHOOL_ID]) VALUES (1005, 3);
INSERT INTO WIZARD_SPELL_SCHOOL ([SPELL_ID], [SCHOOL_ID]) VALUES (1005, 4);
INSERT INTO WIZARD_SPELL_SCHOOL ([SPELL_ID], [SCHOOL_ID]) VALUES (1005, 5);
INSERT INTO WIZARD_SPELL_SCHOOL ([SPELL_ID], [SCHOOL_ID]) VALUES (1005, 6);
INSERT INTO WIZARD_SPELL_SCHOOL ([SPELL_ID], [SCHOOL_ID]) VALUES (1005, 7);
INSERT INTO WIZARD_SPELL_SCHOOL ([SPELL_ID], [SCHOOL_ID]) VALUES (1005, 8);
INSERT INTO WIZARD_SPELL_SCHOOL ([SPELL_ID], [SCHOOL_ID]) VALUES (1006, 4);		--Change self
INSERT INTO WIZARD_SPELL_SCHOOL ([SPELL_ID], [SCHOOL_ID]) VALUES (1007, 3);		--Charm person
INSERT INTO WIZARD_SPELL_SCHOOL ([SPELL_ID], [SCHOOL_ID]) VALUES (1008, 6);		--Chill touch
INSERT INTO WIZARD_SPELL_SCHOOL ([SPELL_ID], [SCHOOL_ID]) VALUES (1009, 7);		--Color spray
INSERT INTO WIZARD_SPELL_SCHOOL ([SPELL_ID], [SCHOOL_ID]) VALUES (1010, 7);		--Comprehend languages
INSERT INTO WIZARD_SPELL_SCHOOL ([SPELL_ID], [SCHOOL_ID]) VALUES (1011, 7);		--Dancing lights
INSERT INTO WIZARD_SPELL_SCHOOL ([SPELL_ID], [SCHOOL_ID]) VALUES (1012, 2);		--Detect magic
INSERT INTO WIZARD_SPELL_SCHOOL ([SPELL_ID], [SCHOOL_ID]) VALUES (1013, 2);		--Detect undead
INSERT INTO WIZARD_SPELL_SCHOOL ([SPELL_ID], [SCHOOL_ID]) VALUES (1013, 6);
INSERT INTO WIZARD_SPELL_SCHOOL ([SPELL_ID], [SCHOOL_ID]) VALUES (1014, 7);		--Enlarge
INSERT INTO WIZARD_SPELL_SCHOOL ([SPELL_ID], [SCHOOL_ID]) VALUES (1015, 7);		--Erase
INSERT INTO WIZARD_SPELL_SCHOOL ([SPELL_ID], [SCHOOL_ID]) VALUES (1016, 7);		--Feather fall
INSERT INTO WIZARD_SPELL_SCHOOL ([SPELL_ID], [SCHOOL_ID]) VALUES (1017, 1);		--Find familiar
INSERT INTO WIZARD_SPELL_SCHOOL ([SPELL_ID], [SCHOOL_ID]) VALUES (1018, 3);		--Friends
INSERT INTO WIZARD_SPELL_SCHOOL ([SPELL_ID], [SCHOOL_ID]) VALUES (1019, 1);		--Gaze reflection
INSERT INTO WIZARD_SPELL_SCHOOL ([SPELL_ID], [SCHOOL_ID]) VALUES (1020, 1);		--Grease
INSERT INTO WIZARD_SPELL_SCHOOL ([SPELL_ID], [SCHOOL_ID]) VALUES (1021, 7);		--Hold portal
INSERT INTO WIZARD_SPELL_SCHOOL ([SPELL_ID], [SCHOOL_ID]) VALUES (1022, 3);		--Hypnotism
INSERT INTO WIZARD_SPELL_SCHOOL ([SPELL_ID], [SCHOOL_ID]) VALUES (1023, 2);		--Identify
INSERT INTO WIZARD_SPELL_SCHOOL ([SPELL_ID], [SCHOOL_ID]) VALUES (1024, 7);		--Jump
INSERT INTO WIZARD_SPELL_SCHOOL ([SPELL_ID], [SCHOOL_ID]) VALUES (1025, 7);		--Light
INSERT INTO WIZARD_SPELL_SCHOOL ([SPELL_ID], [SCHOOL_ID]) VALUES (1026, 5);		--Magic missile
INSERT INTO WIZARD_SPELL_SCHOOL ([SPELL_ID], [SCHOOL_ID]) VALUES (1027, 7);		--Mending
INSERT INTO WIZARD_SPELL_SCHOOL ([SPELL_ID], [SCHOOL_ID]) VALUES (1028, 7);		--Message
INSERT INTO WIZARD_SPELL_SCHOOL ([SPELL_ID], [SCHOOL_ID]) VALUES (1029, 1);		--Mount
INSERT INTO WIZARD_SPELL_SCHOOL ([SPELL_ID], [SCHOOL_ID]) VALUES (1030, 4);		--Nystul''s magical aura
INSERT INTO WIZARD_SPELL_SCHOOL ([SPELL_ID], [SCHOOL_ID]) VALUES (1031, 4);		--Phantasmal force
INSERT INTO WIZARD_SPELL_SCHOOL ([SPELL_ID], [SCHOOL_ID]) VALUES (1032, 0);		--Protection from evil
INSERT INTO WIZARD_SPELL_SCHOOL ([SPELL_ID], [SCHOOL_ID]) VALUES (1033, 2);		--Read magic
INSERT INTO WIZARD_SPELL_SCHOOL ([SPELL_ID], [SCHOOL_ID]) VALUES (1034, 5);		--Shield
INSERT INTO WIZARD_SPELL_SCHOOL ([SPELL_ID], [SCHOOL_ID]) VALUES (1035, 7);		--Shocking grasp
INSERT INTO WIZARD_SPELL_SCHOOL ([SPELL_ID], [SCHOOL_ID]) VALUES (1036, 3);		--Sleep
INSERT INTO WIZARD_SPELL_SCHOOL ([SPELL_ID], [SCHOOL_ID]) VALUES (1037, 7);		--Spider climb
INSERT INTO WIZARD_SPELL_SCHOOL ([SPELL_ID], [SCHOOL_ID]) VALUES (1038, 4);		--Spook
INSERT INTO WIZARD_SPELL_SCHOOL ([SPELL_ID], [SCHOOL_ID]) VALUES (1039, 3);		--Taunt
INSERT INTO WIZARD_SPELL_SCHOOL ([SPELL_ID], [SCHOOL_ID]) VALUES (1040, 5);		--Tenser''s floating disc
INSERT INTO WIZARD_SPELL_SCHOOL ([SPELL_ID], [SCHOOL_ID]) VALUES (1041, 1);		--Unseen servant
INSERT INTO WIZARD_SPELL_SCHOOL ([SPELL_ID], [SCHOOL_ID]) VALUES (1042, 4);		--Ventriloquism
INSERT INTO WIZARD_SPELL_SCHOOL ([SPELL_ID], [SCHOOL_ID]) VALUES (1043, 5);		--Wall of fog
INSERT INTO WIZARD_SPELL_SCHOOL ([SPELL_ID], [SCHOOL_ID]) VALUES (1044, 7);		--Wizard mark
INSERT INTO WIZARD_SPELL_SCHOOL ([SPELL_ID], [SCHOOL_ID]) VALUES (2000, 7);		--Alter self
INSERT INTO WIZARD_SPELL_SCHOOL ([SPELL_ID], [SCHOOL_ID]) VALUES (2001, 3);		--Bind
INSERT INTO WIZARD_SPELL_SCHOOL ([SPELL_ID], [SCHOOL_ID]) VALUES (2002, 4);		--Blindness
INSERT INTO WIZARD_SPELL_SCHOOL ([SPELL_ID], [SCHOOL_ID]) VALUES (2003, 4);		--Blur
INSERT INTO WIZARD_SPELL_SCHOOL ([SPELL_ID], [SCHOOL_ID]) VALUES (2004, 7);		--Continual light
INSERT INTO WIZARD_SPELL_SCHOOL ([SPELL_ID], [SCHOOL_ID]) VALUES (2005, 7);		--Darkness 15 radius
INSERT INTO WIZARD_SPELL_SCHOOL ([SPELL_ID], [SCHOOL_ID]) VALUES (2006, 4);		--Deafness
INSERT INTO WIZARD_SPELL_SCHOOL ([SPELL_ID], [SCHOOL_ID]) VALUES (2007, 3);		--Deeppockets
INSERT INTO WIZARD_SPELL_SCHOOL ([SPELL_ID], [SCHOOL_ID]) VALUES (2007, 7);
INSERT INTO WIZARD_SPELL_SCHOOL ([SPELL_ID], [SCHOOL_ID]) VALUES (2008, 2);		--Detect evil
INSERT INTO WIZARD_SPELL_SCHOOL ([SPELL_ID], [SCHOOL_ID]) VALUES (2009, 2);		--Detect invisibility
INSERT INTO WIZARD_SPELL_SCHOOL ([SPELL_ID], [SCHOOL_ID]) VALUES (2010, 2);		--Esp
INSERT INTO WIZARD_SPELL_SCHOOL ([SPELL_ID], [SCHOOL_ID]) VALUES (2011, 5);		--Flaming sphere
INSERT INTO WIZARD_SPELL_SCHOOL ([SPELL_ID], [SCHOOL_ID]) VALUES (2012, 7);		--Fog cloud
INSERT INTO WIZARD_SPELL_SCHOOL ([SPELL_ID], [SCHOOL_ID]) VALUES (2013, 4);		--Fools'' gold
INSERT INTO WIZARD_SPELL_SCHOOL ([SPELL_ID], [SCHOOL_ID]) VALUES (2013, 7);
INSERT INTO WIZARD_SPELL_SCHOOL ([SPELL_ID], [SCHOOL_ID]) VALUES (2014, 3);		--Forget
INSERT INTO WIZARD_SPELL_SCHOOL ([SPELL_ID], [SCHOOL_ID]) VALUES (2015, 1);		--Glitterdust
INSERT INTO WIZARD_SPELL_SCHOOL ([SPELL_ID], [SCHOOL_ID]) VALUES (2016, 4);		--Hypnotic pattern
INSERT INTO WIZARD_SPELL_SCHOOL ([SPELL_ID], [SCHOOL_ID]) VALUES (2017, 4);		--Improved phantasmal force
INSERT INTO WIZARD_SPELL_SCHOOL ([SPELL_ID], [SCHOOL_ID]) VALUES (2018, 4);		--Invisibility
INSERT INTO WIZARD_SPELL_SCHOOL ([SPELL_ID], [SCHOOL_ID]) VALUES (2019, 7);		--Irritation
INSERT INTO WIZARD_SPELL_SCHOOL ([SPELL_ID], [SCHOOL_ID]) VALUES (2020, 7);		--Knock
INSERT INTO WIZARD_SPELL_SCHOOL ([SPELL_ID], [SCHOOL_ID]) VALUES (2021, 2);		--Know alignment
INSERT INTO WIZARD_SPELL_SCHOOL ([SPELL_ID], [SCHOOL_ID]) VALUES (2022, 4);		--Leomund''s trap
INSERT INTO WIZARD_SPELL_SCHOOL ([SPELL_ID], [SCHOOL_ID]) VALUES (2023, 7);		--Levitate
INSERT INTO WIZARD_SPELL_SCHOOL ([SPELL_ID], [SCHOOL_ID]) VALUES (2024, 2);		--Locate object
INSERT INTO WIZARD_SPELL_SCHOOL ([SPELL_ID], [SCHOOL_ID]) VALUES (2025, 7);		--Magic mouth
INSERT INTO WIZARD_SPELL_SCHOOL ([SPELL_ID], [SCHOOL_ID]) VALUES (2026, 1);		--Melf''s acid arrow
INSERT INTO WIZARD_SPELL_SCHOOL ([SPELL_ID], [SCHOOL_ID]) VALUES (2027, 4);		--Mirror image
INSERT INTO WIZARD_SPELL_SCHOOL ([SPELL_ID], [SCHOOL_ID]) VALUES (2028, 4);		--Misdirection
INSERT INTO WIZARD_SPELL_SCHOOL ([SPELL_ID], [SCHOOL_ID]) VALUES (2029, 0);		--Protection from cantrips
INSERT INTO WIZARD_SPELL_SCHOOL ([SPELL_ID], [SCHOOL_ID]) VALUES (2030, 7);		--Pyrotechnics
INSERT INTO WIZARD_SPELL_SCHOOL ([SPELL_ID], [SCHOOL_ID]) VALUES (2031, 3);		--Ray of enfeeblement
INSERT INTO WIZARD_SPELL_SCHOOL ([SPELL_ID], [SCHOOL_ID]) VALUES (2032, 7);		--Rope trick
INSERT INTO WIZARD_SPELL_SCHOOL ([SPELL_ID], [SCHOOL_ID]) VALUES (2033, 3);		--Scare
INSERT INTO WIZARD_SPELL_SCHOOL ([SPELL_ID], [SCHOOL_ID]) VALUES (2034, 7);		--Shatter
INSERT INTO WIZARD_SPELL_SCHOOL ([SPELL_ID], [SCHOOL_ID]) VALUES (2035, 6);		--Spectral hand
INSERT INTO WIZARD_SPELL_SCHOOL ([SPELL_ID], [SCHOOL_ID]) VALUES (2036, 5);		--Stinking cloud
INSERT INTO WIZARD_SPELL_SCHOOL ([SPELL_ID], [SCHOOL_ID]) VALUES (2037, 7);		--Strength
INSERT INTO WIZARD_SPELL_SCHOOL ([SPELL_ID], [SCHOOL_ID]) VALUES (2038, 1);		--Summon swarm
INSERT INTO WIZARD_SPELL_SCHOOL ([SPELL_ID], [SCHOOL_ID]) VALUES (2039, 3);		--Tasha''s uncontrollable hideous laughter
INSERT INTO WIZARD_SPELL_SCHOOL ([SPELL_ID], [SCHOOL_ID]) VALUES (2040, 5);		--Web
INSERT INTO WIZARD_SPELL_SCHOOL ([SPELL_ID], [SCHOOL_ID]) VALUES (2041, 4);		--Whispering wind
INSERT INTO WIZARD_SPELL_SCHOOL ([SPELL_ID], [SCHOOL_ID]) VALUES (2041, 7);
INSERT INTO WIZARD_SPELL_SCHOOL ([SPELL_ID], [SCHOOL_ID]) VALUES (2042, 7);		--Wizard lock
INSERT INTO WIZARD_SPELL_SCHOOL ([SPELL_ID], [SCHOOL_ID]) VALUES (3000, 7);		--Blink
INSERT INTO WIZARD_SPELL_SCHOOL ([SPELL_ID], [SCHOOL_ID]) VALUES (3001, 2);		--Clairaudience
INSERT INTO WIZARD_SPELL_SCHOOL ([SPELL_ID], [SCHOOL_ID]) VALUES (3002, 2);		--Clairvoyance
INSERT INTO WIZARD_SPELL_SCHOOL ([SPELL_ID], [SCHOOL_ID]) VALUES (3003, 7);		--Delude
INSERT INTO WIZARD_SPELL_SCHOOL ([SPELL_ID], [SCHOOL_ID]) VALUES (3004, 0);		--Dispel magic
INSERT INTO WIZARD_SPELL_SCHOOL ([SPELL_ID], [SCHOOL_ID]) VALUES (3005, 7);		--Explosive runes
INSERT INTO WIZARD_SPELL_SCHOOL ([SPELL_ID], [SCHOOL_ID]) VALUES (3006, 6);		--Feign death
INSERT INTO WIZARD_SPELL_SCHOOL ([SPELL_ID], [SCHOOL_ID]) VALUES (3007, 5);		--Fireball
INSERT INTO WIZARD_SPELL_SCHOOL ([SPELL_ID], [SCHOOL_ID]) VALUES (3008, 1);		--Flame arrow
INSERT INTO WIZARD_SPELL_SCHOOL ([SPELL_ID], [SCHOOL_ID]) VALUES (3009, 7);		--Fly
INSERT INTO WIZARD_SPELL_SCHOOL ([SPELL_ID], [SCHOOL_ID]) VALUES (3010, 7);		--Gust of wind
INSERT INTO WIZARD_SPELL_SCHOOL ([SPELL_ID], [SCHOOL_ID]) VALUES (3011, 7);		--Haste
INSERT INTO WIZARD_SPELL_SCHOOL ([SPELL_ID], [SCHOOL_ID]) VALUES (3012, 3);		--Hold person
INSERT INTO WIZARD_SPELL_SCHOOL ([SPELL_ID], [SCHOOL_ID]) VALUES (3013, 6);		--Hold undead
INSERT INTO WIZARD_SPELL_SCHOOL ([SPELL_ID], [SCHOOL_ID]) VALUES (3014, 4);		--Illusionary script
INSERT INTO WIZARD_SPELL_SCHOOL ([SPELL_ID], [SCHOOL_ID]) VALUES (3015, 7);		--Infravision
INSERT INTO WIZARD_SPELL_SCHOOL ([SPELL_ID], [SCHOOL_ID]) VALUES (3016, 4);		--Invisibility 10 radius
INSERT INTO WIZARD_SPELL_SCHOOL ([SPELL_ID], [SCHOOL_ID]) VALUES (3017, 7);		--Item
INSERT INTO WIZARD_SPELL_SCHOOL ([SPELL_ID], [SCHOOL_ID]) VALUES (3018, 7);		--Leomund''s tiny hut
INSERT INTO WIZARD_SPELL_SCHOOL ([SPELL_ID], [SCHOOL_ID]) VALUES (3019, 5);		--Lightning bolt
INSERT INTO WIZARD_SPELL_SCHOOL ([SPELL_ID], [SCHOOL_ID]) VALUES (3020, 5);		--Melf''s minute meteors
INSERT INTO WIZARD_SPELL_SCHOOL ([SPELL_ID], [SCHOOL_ID]) VALUES (3020, 7);
INSERT INTO WIZARD_SPELL_SCHOOL ([SPELL_ID], [SCHOOL_ID]) VALUES (3021, 1);		--Monster summoning i
INSERT INTO WIZARD_SPELL_SCHOOL ([SPELL_ID], [SCHOOL_ID]) VALUES (3022, 0);		--Nondetection
INSERT INTO WIZARD_SPELL_SCHOOL ([SPELL_ID], [SCHOOL_ID]) VALUES (3023, 1);		--Phantom steed
INSERT INTO WIZARD_SPELL_SCHOOL ([SPELL_ID], [SCHOOL_ID]) VALUES (3023, 4);
INSERT INTO WIZARD_SPELL_SCHOOL ([SPELL_ID], [SCHOOL_ID]) VALUES (3024, 0);		--Protection from evil 10 radius
INSERT INTO WIZARD_SPELL_SCHOOL ([SPELL_ID], [SCHOOL_ID]) VALUES (3025, 0);		--Protection from normal missiles
INSERT INTO WIZARD_SPELL_SCHOOL ([SPELL_ID], [SCHOOL_ID]) VALUES (3026, 7);		--Secret page
INSERT INTO WIZARD_SPELL_SCHOOL ([SPELL_ID], [SCHOOL_ID]) VALUES (3027, 1);		--Sepia snake sigil
INSERT INTO WIZARD_SPELL_SCHOOL ([SPELL_ID], [SCHOOL_ID]) VALUES (3028, 7);		--Slow
INSERT INTO WIZARD_SPELL_SCHOOL ([SPELL_ID], [SCHOOL_ID]) VALUES (3029, 4);		--Spectral force
INSERT INTO WIZARD_SPELL_SCHOOL ([SPELL_ID], [SCHOOL_ID]) VALUES (3030, 3);		--Suggestion
INSERT INTO WIZARD_SPELL_SCHOOL ([SPELL_ID], [SCHOOL_ID]) VALUES (3031, 7);		--Tongues
INSERT INTO WIZARD_SPELL_SCHOOL ([SPELL_ID], [SCHOOL_ID]) VALUES (3032, 6);		--Vampiric touch
INSERT INTO WIZARD_SPELL_SCHOOL ([SPELL_ID], [SCHOOL_ID]) VALUES (3033, 7);		--Water breathing
INSERT INTO WIZARD_SPELL_SCHOOL ([SPELL_ID], [SCHOOL_ID]) VALUES (3034, 7);		--Wind wall
INSERT INTO WIZARD_SPELL_SCHOOL ([SPELL_ID], [SCHOOL_ID]) VALUES (3035, 4);		--Wraithform
INSERT INTO WIZARD_SPELL_SCHOOL ([SPELL_ID], [SCHOOL_ID]) VALUES (3035, 7);
INSERT INTO WIZARD_SPELL_SCHOOL ([SPELL_ID], [SCHOOL_ID]) VALUES (4000, 3);		--Charm monster
INSERT INTO WIZARD_SPELL_SCHOOL ([SPELL_ID], [SCHOOL_ID]) VALUES (4001, 3);		--Confusion
INSERT INTO WIZARD_SPELL_SCHOOL ([SPELL_ID], [SCHOOL_ID]) VALUES (4002, 6);		--Contagion
INSERT INTO WIZARD_SPELL_SCHOOL ([SPELL_ID], [SCHOOL_ID]) VALUES (4003, 2);		--Detect scrying
INSERT INTO WIZARD_SPELL_SCHOOL ([SPELL_ID], [SCHOOL_ID]) VALUES (4004, 5);		--Dig
INSERT INTO WIZARD_SPELL_SCHOOL ([SPELL_ID], [SCHOOL_ID]) VALUES (4005, 7);		--Dimension door
INSERT INTO WIZARD_SPELL_SCHOOL ([SPELL_ID], [SCHOOL_ID]) VALUES (4006, 3);		--Emotion
INSERT INTO WIZARD_SPELL_SCHOOL ([SPELL_ID], [SCHOOL_ID]) VALUES (4007, 3);		--Enchanted weapon
INSERT INTO WIZARD_SPELL_SCHOOL ([SPELL_ID], [SCHOOL_ID]) VALUES (4008, 6);		--Enervation
INSERT INTO WIZARD_SPELL_SCHOOL ([SPELL_ID], [SCHOOL_ID]) VALUES (4009, 1);		--Evard''s black tentacles
INSERT INTO WIZARD_SPELL_SCHOOL ([SPELL_ID], [SCHOOL_ID]) VALUES (4010, 7);		--Extension i
INSERT INTO WIZARD_SPELL_SCHOOL ([SPELL_ID], [SCHOOL_ID]) VALUES (4011, 4);		--Fear
INSERT INTO WIZARD_SPELL_SCHOOL ([SPELL_ID], [SCHOOL_ID]) VALUES (4012, 5);		--Fire charm
INSERT INTO WIZARD_SPELL_SCHOOL ([SPELL_ID], [SCHOOL_ID]) VALUES (4012, 7);
INSERT INTO WIZARD_SPELL_SCHOOL ([SPELL_ID], [SCHOOL_ID]) VALUES (4013, 0);		--Fire shield
INSERT INTO WIZARD_SPELL_SCHOOL ([SPELL_ID], [SCHOOL_ID]) VALUES (4013, 5);
INSERT INTO WIZARD_SPELL_SCHOOL ([SPELL_ID], [SCHOOL_ID]) VALUES (4014, 0);		--Fire trap
INSERT INTO WIZARD_SPELL_SCHOOL ([SPELL_ID], [SCHOOL_ID]) VALUES (4014, 5);
INSERT INTO WIZARD_SPELL_SCHOOL ([SPELL_ID], [SCHOOL_ID]) VALUES (4015, 3);		--Fumble
INSERT INTO WIZARD_SPELL_SCHOOL ([SPELL_ID], [SCHOOL_ID]) VALUES (4016, 4);		--Hallucinatory terrain
INSERT INTO WIZARD_SPELL_SCHOOL ([SPELL_ID], [SCHOOL_ID]) VALUES (4017, 5);		--Ice storm
INSERT INTO WIZARD_SPELL_SCHOOL ([SPELL_ID], [SCHOOL_ID]) VALUES (4018, 4);		--Illusionary wall
INSERT INTO WIZARD_SPELL_SCHOOL ([SPELL_ID], [SCHOOL_ID]) VALUES (4019, 4);		--Improved invisibility
INSERT INTO WIZARD_SPELL_SCHOOL ([SPELL_ID], [SCHOOL_ID]) VALUES (4020, 3);
INSERT INTO WIZARD_SPELL_SCHOOL ([SPELL_ID], [SCHOOL_ID]) VALUES (4020, 7);		--Leomund''s secure shelter
INSERT INTO WIZARD_SPELL_SCHOOL ([SPELL_ID], [SCHOOL_ID]) VALUES (4021, 3);		--Magic mirror
INSERT INTO WIZARD_SPELL_SCHOOL ([SPELL_ID], [SCHOOL_ID]) VALUES (4021, 2);
INSERT INTO WIZARD_SPELL_SCHOOL ([SPELL_ID], [SCHOOL_ID]) VALUES (4022, 7);		--Massmorph
INSERT INTO WIZARD_SPELL_SCHOOL ([SPELL_ID], [SCHOOL_ID]) VALUES (4023, 4);		--Minor creation
INSERT INTO WIZARD_SPELL_SCHOOL ([SPELL_ID], [SCHOOL_ID]) VALUES (4024, 0);		--Minor globe of invulnerability
INSERT INTO WIZARD_SPELL_SCHOOL ([SPELL_ID], [SCHOOL_ID]) VALUES (4025, 1);		--Monster summoning ii
INSERT INTO WIZARD_SPELL_SCHOOL ([SPELL_ID], [SCHOOL_ID]) VALUES (4026, 5);		--Otiluke''s resilient sphere
INSERT INTO WIZARD_SPELL_SCHOOL ([SPELL_ID], [SCHOOL_ID]) VALUES (4026, 7);
INSERT INTO WIZARD_SPELL_SCHOOL ([SPELL_ID], [SCHOOL_ID]) VALUES (4027, 4);		--Phantasmal killer
INSERT INTO WIZARD_SPELL_SCHOOL ([SPELL_ID], [SCHOOL_ID]) VALUES (4028, 7);		--Plant growth
INSERT INTO WIZARD_SPELL_SCHOOL ([SPELL_ID], [SCHOOL_ID]) VALUES (4029, 7);		--Polymorph other
INSERT INTO WIZARD_SPELL_SCHOOL ([SPELL_ID], [SCHOOL_ID]) VALUES (4030, 7);		--Polymorph self
INSERT INTO WIZARD_SPELL_SCHOOL ([SPELL_ID], [SCHOOL_ID]) VALUES (4031, 4);		--Rainbow pattern
INSERT INTO WIZARD_SPELL_SCHOOL ([SPELL_ID], [SCHOOL_ID]) VALUES (4031, 7);
INSERT INTO WIZARD_SPELL_SCHOOL ([SPELL_ID], [SCHOOL_ID]) VALUES (4032, 7);		--Rarys mnemonic enhancer
INSERT INTO WIZARD_SPELL_SCHOOL ([SPELL_ID], [SCHOOL_ID]) VALUES (4033, 0);		--Remove curse
INSERT INTO WIZARD_SPELL_SCHOOL ([SPELL_ID], [SCHOOL_ID]) VALUES (4034, 4);		--Shadow monsters
INSERT INTO WIZARD_SPELL_SCHOOL ([SPELL_ID], [SCHOOL_ID]) VALUES (4035, 5);		--Shout
INSERT INTO WIZARD_SPELL_SCHOOL ([SPELL_ID], [SCHOOL_ID]) VALUES (4036, 7);		--Solid fog
INSERT INTO WIZARD_SPELL_SCHOOL ([SPELL_ID], [SCHOOL_ID]) VALUES (4037, 7);		--Stoneskin
INSERT INTO WIZARD_SPELL_SCHOOL ([SPELL_ID], [SCHOOL_ID]) VALUES (4038, 4);		--Vacancy
INSERT INTO WIZARD_SPELL_SCHOOL ([SPELL_ID], [SCHOOL_ID]) VALUES (4038, 7);
INSERT INTO WIZARD_SPELL_SCHOOL ([SPELL_ID], [SCHOOL_ID]) VALUES (4039, 5);		--Wall of fire
INSERT INTO WIZARD_SPELL_SCHOOL ([SPELL_ID], [SCHOOL_ID]) VALUES (4040, 5);		--Wall of ice
INSERT INTO WIZARD_SPELL_SCHOOL ([SPELL_ID], [SCHOOL_ID]) VALUES (4041, 7);		--Wizard eye
INSERT INTO WIZARD_SPELL_SCHOOL ([SPELL_ID], [SCHOOL_ID]) VALUES (5000, 4);		--Advanced illusion
INSERT INTO WIZARD_SPELL_SCHOOL ([SPELL_ID], [SCHOOL_ID]) VALUES (5001, 7);		--Airy water
INSERT INTO WIZARD_SPELL_SCHOOL ([SPELL_ID], [SCHOOL_ID]) VALUES (5002, 7);		--Animal growth
INSERT INTO WIZARD_SPELL_SCHOOL ([SPELL_ID], [SCHOOL_ID]) VALUES (5003, 6);		--Animate dead
INSERT INTO WIZARD_SPELL_SCHOOL ([SPELL_ID], [SCHOOL_ID]) VALUES (5004, 0);		--Avoidance
INSERT INTO WIZARD_SPELL_SCHOOL ([SPELL_ID], [SCHOOL_ID]) VALUES (5004, 7);
INSERT INTO WIZARD_SPELL_SCHOOL ([SPELL_ID], [SCHOOL_ID]) VALUES (5005, 5);		--Bigby''s interposing hand
INSERT INTO WIZARD_SPELL_SCHOOL ([SPELL_ID], [SCHOOL_ID]) VALUES (5006, 3);		--Chaos
INSERT INTO WIZARD_SPELL_SCHOOL ([SPELL_ID], [SCHOOL_ID]) VALUES (5007, 5);		--Cloudkill
INSERT INTO WIZARD_SPELL_SCHOOL ([SPELL_ID], [SCHOOL_ID]) VALUES (5008, 5);		--Cone of cold
INSERT INTO WIZARD_SPELL_SCHOOL ([SPELL_ID], [SCHOOL_ID]) VALUES (5009, 1);		--Conjure elemental
INSERT INTO WIZARD_SPELL_SCHOOL ([SPELL_ID], [SCHOOL_ID]) VALUES (5010, 8);		--Contact other plane
INSERT INTO WIZARD_SPELL_SCHOOL ([SPELL_ID], [SCHOOL_ID]) VALUES (5011, 4);		--Demishadow monsters
INSERT INTO WIZARD_SPELL_SCHOOL ([SPELL_ID], [SCHOOL_ID]) VALUES (5012, 0);		--Dismissal
INSERT INTO WIZARD_SPELL_SCHOOL ([SPELL_ID], [SCHOOL_ID]) VALUES (5013, 7);		--Distance distortion
INSERT INTO WIZARD_SPELL_SCHOOL ([SPELL_ID], [SCHOOL_ID]) VALUES (5014, 3);		--Domination
INSERT INTO WIZARD_SPELL_SCHOOL ([SPELL_ID], [SCHOOL_ID]) VALUES (5015, 4);		--Dream
INSERT INTO WIZARD_SPELL_SCHOOL ([SPELL_ID], [SCHOOL_ID]) VALUES (5015, 5);
INSERT INTO WIZARD_SPELL_SCHOOL ([SPELL_ID], [SCHOOL_ID]) VALUES (5016, 7);		--Extension ii
INSERT INTO WIZARD_SPELL_SCHOOL ([SPELL_ID], [SCHOOL_ID]) VALUES (5017, 3);		--Fabricate
INSERT INTO WIZARD_SPELL_SCHOOL ([SPELL_ID], [SCHOOL_ID]) VALUES (5017, 7);
INSERT INTO WIZARD_SPELL_SCHOOL ([SPELL_ID], [SCHOOL_ID]) VALUES (5018, 8);		--False vision
INSERT INTO WIZARD_SPELL_SCHOOL ([SPELL_ID], [SCHOOL_ID]) VALUES (5019, 3);		--Feeblemind
INSERT INTO WIZARD_SPELL_SCHOOL ([SPELL_ID], [SCHOOL_ID]) VALUES (5020, 3);		--Hold monster
INSERT INTO WIZARD_SPELL_SCHOOL ([SPELL_ID], [SCHOOL_ID]) VALUES (5021, 3);		--Leomund''s lamentable belaborment
INSERT INTO WIZARD_SPELL_SCHOOL ([SPELL_ID], [SCHOOL_ID]) VALUES (5021, 5);
INSERT INTO WIZARD_SPELL_SCHOOL ([SPELL_ID], [SCHOOL_ID]) VALUES (5022, 1);		--Leomund''s secret chest
INSERT INTO WIZARD_SPELL_SCHOOL ([SPELL_ID], [SCHOOL_ID]) VALUES (5022, 7);
INSERT INTO WIZARD_SPELL_SCHOOL ([SPELL_ID], [SCHOOL_ID]) VALUES (5023, 6);		--Magic jar
INSERT INTO WIZARD_SPELL_SCHOOL ([SPELL_ID], [SCHOOL_ID]) VALUES (5024, 4);		--Major creation
INSERT INTO WIZARD_SPELL_SCHOOL ([SPELL_ID], [SCHOOL_ID]) VALUES (5025, 1);		--Monster summoning iii
INSERT INTO WIZARD_SPELL_SCHOOL ([SPELL_ID], [SCHOOL_ID]) VALUES (5026, 1);		--Mordenkainen''s faithful hound
INSERT INTO WIZARD_SPELL_SCHOOL ([SPELL_ID], [SCHOOL_ID]) VALUES (5027, 7);		--Passwall
INSERT INTO WIZARD_SPELL_SCHOOL ([SPELL_ID], [SCHOOL_ID]) VALUES (5028, 4);		--Seeming
INSERT INTO WIZARD_SPELL_SCHOOL ([SPELL_ID], [SCHOOL_ID]) VALUES (5029, 5);		--Sending
INSERT INTO WIZARD_SPELL_SCHOOL ([SPELL_ID], [SCHOOL_ID]) VALUES (5030, 4);		--Shadow door
INSERT INTO WIZARD_SPELL_SCHOOL ([SPELL_ID], [SCHOOL_ID]) VALUES (5031, 4);		--Shadow magic
INSERT INTO WIZARD_SPELL_SCHOOL ([SPELL_ID], [SCHOOL_ID]) VALUES (5032, 7);		--Stone shape
INSERT INTO WIZARD_SPELL_SCHOOL ([SPELL_ID], [SCHOOL_ID]) VALUES (5033, 1);		--Summon shadow
INSERT INTO WIZARD_SPELL_SCHOOL ([SPELL_ID], [SCHOOL_ID]) VALUES (5033, 6);
INSERT INTO WIZARD_SPELL_SCHOOL ([SPELL_ID], [SCHOOL_ID]) VALUES (5034, 7);		--Telekinesis
INSERT INTO WIZARD_SPELL_SCHOOL ([SPELL_ID], [SCHOOL_ID]) VALUES (5035, 7);		--Teleport
INSERT INTO WIZARD_SPELL_SCHOOL ([SPELL_ID], [SCHOOL_ID]) VALUES (5036, 7);		--Transmute rock to mud
INSERT INTO WIZARD_SPELL_SCHOOL ([SPELL_ID], [SCHOOL_ID]) VALUES (5037, 5);		--Wall of force
INSERT INTO WIZARD_SPELL_SCHOOL ([SPELL_ID], [SCHOOL_ID]) VALUES (5038, 5);		--Wall of iron
INSERT INTO WIZARD_SPELL_SCHOOL ([SPELL_ID], [SCHOOL_ID]) VALUES (5039, 5);		--Wall of stone
INSERT INTO WIZARD_SPELL_SCHOOL ([SPELL_ID], [SCHOOL_ID]) VALUES (6000, 0);		--Antimagic shell
INSERT INTO WIZARD_SPELL_SCHOOL ([SPELL_ID], [SCHOOL_ID]) VALUES (6001, 5);		--Bigby''s forceful hand
INSERT INTO WIZARD_SPELL_SCHOOL ([SPELL_ID], [SCHOOL_ID]) VALUES (6002, 5);		--Chain lightning
INSERT INTO WIZARD_SPELL_SCHOOL ([SPELL_ID], [SCHOOL_ID]) VALUES (6003, 1);		--Conjure animals
INSERT INTO WIZARD_SPELL_SCHOOL ([SPELL_ID], [SCHOOL_ID]) VALUES (6004, 5);		--Contingency
INSERT INTO WIZARD_SPELL_SCHOOL ([SPELL_ID], [SCHOOL_ID]) VALUES (6005, 7);		--Control weather
INSERT INTO WIZARD_SPELL_SCHOOL ([SPELL_ID], [SCHOOL_ID]) VALUES (6006, 5);		--Death fog
INSERT INTO WIZARD_SPELL_SCHOOL ([SPELL_ID], [SCHOOL_ID]) VALUES (6006, 7);
INSERT INTO WIZARD_SPELL_SCHOOL ([SPELL_ID], [SCHOOL_ID]) VALUES (6007, 6);		--Death spell
INSERT INTO WIZARD_SPELL_SCHOOL ([SPELL_ID], [SCHOOL_ID]) VALUES (6008, 4);		--Demishadow magic
INSERT INTO WIZARD_SPELL_SCHOOL ([SPELL_ID], [SCHOOL_ID]) VALUES (6009, 7);		--Disintegrate
INSERT INTO WIZARD_SPELL_SCHOOL ([SPELL_ID], [SCHOOL_ID]) VALUES (6010, 3);		--Enchant an item
INSERT INTO WIZARD_SPELL_SCHOOL ([SPELL_ID], [SCHOOL_ID]) VALUES (6010, 5);
INSERT INTO WIZARD_SPELL_SCHOOL ([SPELL_ID], [SCHOOL_ID]) VALUES (6011, 1);		--Ensnarement
INSERT INTO WIZARD_SPELL_SCHOOL ([SPELL_ID], [SCHOOL_ID]) VALUES (6012, 7);		--Extension iii
INSERT INTO WIZARD_SPELL_SCHOOL ([SPELL_ID], [SCHOOL_ID]) VALUES (6013, 3);		--Eyebite
INSERT INTO WIZARD_SPELL_SCHOOL ([SPELL_ID], [SCHOOL_ID]) VALUES (6013, 4);
INSERT INTO WIZARD_SPELL_SCHOOL ([SPELL_ID], [SCHOOL_ID]) VALUES (6014, 3);		--Geas
INSERT INTO WIZARD_SPELL_SCHOOL ([SPELL_ID], [SCHOOL_ID]) VALUES (6015, 7);		--Glassee
INSERT INTO WIZARD_SPELL_SCHOOL ([SPELL_ID], [SCHOOL_ID]) VALUES (6016, 0);		--Globe of invulnerability
INSERT INTO WIZARD_SPELL_SCHOOL ([SPELL_ID], [SCHOOL_ID]) VALUES (6017, 3);		--Guards and wards
INSERT INTO WIZARD_SPELL_SCHOOL ([SPELL_ID], [SCHOOL_ID]) VALUES (6017, 5);
INSERT INTO WIZARD_SPELL_SCHOOL ([SPELL_ID], [SCHOOL_ID]) VALUES (6017, 7);
INSERT INTO WIZARD_SPELL_SCHOOL ([SPELL_ID], [SCHOOL_ID]) VALUES (6018, 1);		--Invisible stalker
INSERT INTO WIZARD_SPELL_SCHOOL ([SPELL_ID], [SCHOOL_ID]) VALUES (6019, 8);		--Legend lore
INSERT INTO WIZARD_SPELL_SCHOOL ([SPELL_ID], [SCHOOL_ID]) VALUES (6020, 7);		--Lower water
INSERT INTO WIZARD_SPELL_SCHOOL ([SPELL_ID], [SCHOOL_ID]) VALUES (6021, 3);		--Mass suggestion
INSERT INTO WIZARD_SPELL_SCHOOL ([SPELL_ID], [SCHOOL_ID]) VALUES (6022, 4);		--Mirage arcana
INSERT INTO WIZARD_SPELL_SCHOOL ([SPELL_ID], [SCHOOL_ID]) VALUES (6022, 7);
INSERT INTO WIZARD_SPELL_SCHOOL ([SPELL_ID], [SCHOOL_ID]) VALUES (6023, 4);		--Mislead
INSERT INTO WIZARD_SPELL_SCHOOL ([SPELL_ID], [SCHOOL_ID]) VALUES (6024, 1);		--Monster summoning iv
INSERT INTO WIZARD_SPELL_SCHOOL ([SPELL_ID], [SCHOOL_ID]) VALUES (6025, 7);		--Mordenkainen''s lucubration
INSERT INTO WIZARD_SPELL_SCHOOL ([SPELL_ID], [SCHOOL_ID]) VALUES (6026, 7);		--Move earth
INSERT INTO WIZARD_SPELL_SCHOOL ([SPELL_ID], [SCHOOL_ID]) VALUES (6027, 5);		--Otiluke''s freezing sphere
INSERT INTO WIZARD_SPELL_SCHOOL ([SPELL_ID], [SCHOOL_ID]) VALUES (6027, 7);
INSERT INTO WIZARD_SPELL_SCHOOL ([SPELL_ID], [SCHOOL_ID]) VALUES (6028, 7);		--Part water
INSERT INTO WIZARD_SPELL_SCHOOL ([SPELL_ID], [SCHOOL_ID]) VALUES (6029, 4);		--Permanent illusion
INSERT INTO WIZARD_SPELL_SCHOOL ([SPELL_ID], [SCHOOL_ID]) VALUES (6030, 4);		--Programmed illusion
INSERT INTO WIZARD_SPELL_SCHOOL ([SPELL_ID], [SCHOOL_ID]) VALUES (6031, 4);		--Project image
INSERT INTO WIZARD_SPELL_SCHOOL ([SPELL_ID], [SCHOOL_ID]) VALUES (6031, 7);
INSERT INTO WIZARD_SPELL_SCHOOL ([SPELL_ID], [SCHOOL_ID]) VALUES (6032, 6);		--Reincarnation
INSERT INTO WIZARD_SPELL_SCHOOL ([SPELL_ID], [SCHOOL_ID]) VALUES (6033, 0);		--Repulsion
INSERT INTO WIZARD_SPELL_SCHOOL ([SPELL_ID], [SCHOOL_ID]) VALUES (6034, 4);		--Shades
INSERT INTO WIZARD_SPELL_SCHOOL ([SPELL_ID], [SCHOOL_ID]) VALUES (6035, 7);		--Stone to flesh
INSERT INTO WIZARD_SPELL_SCHOOL ([SPELL_ID], [SCHOOL_ID]) VALUES (6036, 5);		--Tenser''s transformation
INSERT INTO WIZARD_SPELL_SCHOOL ([SPELL_ID], [SCHOOL_ID]) VALUES (6036, 7);
INSERT INTO WIZARD_SPELL_SCHOOL ([SPELL_ID], [SCHOOL_ID]) VALUES (6037, 7);		--Transmute water to dust
INSERT INTO WIZARD_SPELL_SCHOOL ([SPELL_ID], [SCHOOL_ID]) VALUES (6038, 6);		--True seeing
INSERT INTO WIZARD_SPELL_SCHOOL ([SPELL_ID], [SCHOOL_ID]) VALUES (6039, 4);		--Veil
INSERT INTO WIZARD_SPELL_SCHOOL ([SPELL_ID], [SCHOOL_ID]) VALUES (7000, 0);		--Banishment
INSERT INTO WIZARD_SPELL_SCHOOL ([SPELL_ID], [SCHOOL_ID]) VALUES (7001, 5);		--Bigby''s grasping hand
INSERT INTO WIZARD_SPELL_SCHOOL ([SPELL_ID], [SCHOOL_ID]) VALUES (7002, 3);		--Charm plants
INSERT INTO WIZARD_SPELL_SCHOOL ([SPELL_ID], [SCHOOL_ID]) VALUES (7003, 6);		--Control undead
INSERT INTO WIZARD_SPELL_SCHOOL ([SPELL_ID], [SCHOOL_ID]) VALUES (7004, 5);		--Delayed blast fireball
INSERT INTO WIZARD_SPELL_SCHOOL ([SPELL_ID], [SCHOOL_ID]) VALUES (7005, 1);		--Drawmij''s instant summons
INSERT INTO WIZARD_SPELL_SCHOOL ([SPELL_ID], [SCHOOL_ID]) VALUES (7006, 7);		--Duo-dimension
INSERT INTO WIZARD_SPELL_SCHOOL ([SPELL_ID], [SCHOOL_ID]) VALUES (7007, 6);		--Finger of death
INSERT INTO WIZARD_SPELL_SCHOOL ([SPELL_ID], [SCHOOL_ID]) VALUES (7008, 5);		--Forcecage
INSERT INTO WIZARD_SPELL_SCHOOL ([SPELL_ID], [SCHOOL_ID]) VALUES (7009, 1);		--Limited wish
INSERT INTO WIZARD_SPELL_SCHOOL ([SPELL_ID], [SCHOOL_ID]) VALUES (7009, 5);
INSERT INTO WIZARD_SPELL_SCHOOL ([SPELL_ID], [SCHOOL_ID]) VALUES (7010, 4);		--Mass invisibility
INSERT INTO WIZARD_SPELL_SCHOOL ([SPELL_ID], [SCHOOL_ID]) VALUES (7011, 1);		--Monster summoning v
INSERT INTO WIZARD_SPELL_SCHOOL ([SPELL_ID], [SCHOOL_ID]) VALUES (7012, 1);		--Mordenkainen''s magnificent mansion
INSERT INTO WIZARD_SPELL_SCHOOL ([SPELL_ID], [SCHOOL_ID]) VALUES (7012, 7);
INSERT INTO WIZARD_SPELL_SCHOOL ([SPELL_ID], [SCHOOL_ID]) VALUES (7013, 5);		--Mordenkainen''s sword
INSERT INTO WIZARD_SPELL_SCHOOL ([SPELL_ID], [SCHOOL_ID]) VALUES (7014, 7);		--Phase door
INSERT INTO WIZARD_SPELL_SCHOOL ([SPELL_ID], [SCHOOL_ID]) VALUES (7015, 1);		--Power word, stun
INSERT INTO WIZARD_SPELL_SCHOOL ([SPELL_ID], [SCHOOL_ID]) VALUES (7016, 1);		--Prismatic spray
INSERT INTO WIZARD_SPELL_SCHOOL ([SPELL_ID], [SCHOOL_ID]) VALUES (7017, 7);		--Reverse gravity
INSERT INTO WIZARD_SPELL_SCHOOL ([SPELL_ID], [SCHOOL_ID]) VALUES (7018, 0);		--Sequester
INSERT INTO WIZARD_SPELL_SCHOOL ([SPELL_ID], [SCHOOL_ID]) VALUES (7018, 4);
INSERT INTO WIZARD_SPELL_SCHOOL ([SPELL_ID], [SCHOOL_ID]) VALUES (7019, 3);		--Shadow walk
INSERT INTO WIZARD_SPELL_SCHOOL ([SPELL_ID], [SCHOOL_ID]) VALUES (7019, 4);
INSERT INTO WIZARD_SPELL_SCHOOL ([SPELL_ID], [SCHOOL_ID]) VALUES (7020, 4);		--Simulacrum
INSERT INTO WIZARD_SPELL_SCHOOL ([SPELL_ID], [SCHOOL_ID]) VALUES (7021, 0);		--Spell turning
INSERT INTO WIZARD_SPELL_SCHOOL ([SPELL_ID], [SCHOOL_ID]) VALUES (7022, 7);		--Statue
INSERT INTO WIZARD_SPELL_SCHOOL ([SPELL_ID], [SCHOOL_ID]) VALUES (7023, 7);		--Teleport without error
INSERT INTO WIZARD_SPELL_SCHOOL ([SPELL_ID], [SCHOOL_ID]) VALUES (7024, 7);		--Vanish
INSERT INTO WIZARD_SPELL_SCHOOL ([SPELL_ID], [SCHOOL_ID]) VALUES (7025, 8);		--Vision
INSERT INTO WIZARD_SPELL_SCHOOL ([SPELL_ID], [SCHOOL_ID]) VALUES (8000, 3);		--Antipathy/sympathy
INSERT INTO WIZARD_SPELL_SCHOOL ([SPELL_ID], [SCHOOL_ID]) VALUES (8001, 5);		--Bigby''s clenched fist
INSERT INTO WIZARD_SPELL_SCHOOL ([SPELL_ID], [SCHOOL_ID]) VALUES (8002, 3);		--Binding
INSERT INTO WIZARD_SPELL_SCHOOL ([SPELL_ID], [SCHOOL_ID]) VALUES (8002, 5);
INSERT INTO WIZARD_SPELL_SCHOOL ([SPELL_ID], [SCHOOL_ID]) VALUES (8003, 6);		--Clone
INSERT INTO WIZARD_SPELL_SCHOOL ([SPELL_ID], [SCHOOL_ID]) VALUES (8004, 3);		--Demand
INSERT INTO WIZARD_SPELL_SCHOOL ([SPELL_ID], [SCHOOL_ID]) VALUES (8004, 5);
INSERT INTO WIZARD_SPELL_SCHOOL ([SPELL_ID], [SCHOOL_ID]) VALUES (8005, 7);		--Glassteel
INSERT INTO WIZARD_SPELL_SCHOOL ([SPELL_ID], [SCHOOL_ID]) VALUES (8006, 5);		--Incendiary cloud
INSERT INTO WIZARD_SPELL_SCHOOL ([SPELL_ID], [SCHOOL_ID]) VALUES (8006, 7);
INSERT INTO WIZARD_SPELL_SCHOOL ([SPELL_ID], [SCHOOL_ID]) VALUES (8007, 3);		--Mass charm
INSERT INTO WIZARD_SPELL_SCHOOL ([SPELL_ID], [SCHOOL_ID]) VALUES (8008, 1);		--Maze
INSERT INTO WIZARD_SPELL_SCHOOL ([SPELL_ID], [SCHOOL_ID]) VALUES (8009, 0);		--Mind blank
INSERT INTO WIZARD_SPELL_SCHOOL ([SPELL_ID], [SCHOOL_ID]) VALUES (8010, 1);		--Monster summoning vi
INSERT INTO WIZARD_SPELL_SCHOOL ([SPELL_ID], [SCHOOL_ID]) VALUES (8011, 5);		--Otiluke''s telekinetic sphere
INSERT INTO WIZARD_SPELL_SCHOOL ([SPELL_ID], [SCHOOL_ID]) VALUES (8011, 7);
INSERT INTO WIZARD_SPELL_SCHOOL ([SPELL_ID], [SCHOOL_ID]) VALUES (8012, 3);		--Otto''s irresistible dance
INSERT INTO WIZARD_SPELL_SCHOOL ([SPELL_ID], [SCHOOL_ID]) VALUES (8013, 7);		--Permanency
INSERT INTO WIZARD_SPELL_SCHOOL ([SPELL_ID], [SCHOOL_ID]) VALUES (8014, 7);		--Polymorph any object
INSERT INTO WIZARD_SPELL_SCHOOL ([SPELL_ID], [SCHOOL_ID]) VALUES (8015, 1);		--Power word, blind
INSERT INTO WIZARD_SPELL_SCHOOL ([SPELL_ID], [SCHOOL_ID]) VALUES (8016, 1);		--Prismatic wall
INSERT INTO WIZARD_SPELL_SCHOOL ([SPELL_ID], [SCHOOL_ID]) VALUES (8017, 4);		--Screen
INSERT INTO WIZARD_SPELL_SCHOOL ([SPELL_ID], [SCHOOL_ID]) VALUES (8017, 8);
INSERT INTO WIZARD_SPELL_SCHOOL ([SPELL_ID], [SCHOOL_ID]) VALUES (8018, 7);		--Serten''s spell immunity
INSERT INTO WIZARD_SPELL_SCHOOL ([SPELL_ID], [SCHOOL_ID]) VALUES (8019, 3);		--Sink
INSERT INTO WIZARD_SPELL_SCHOOL ([SPELL_ID], [SCHOOL_ID]) VALUES (8019, 7);
INSERT INTO WIZARD_SPELL_SCHOOL ([SPELL_ID], [SCHOOL_ID]) VALUES (8020, 1);		--Symbol
INSERT INTO WIZARD_SPELL_SCHOOL ([SPELL_ID], [SCHOOL_ID]) VALUES (8021, 1);		--Trap the soul
INSERT INTO WIZARD_SPELL_SCHOOL ([SPELL_ID], [SCHOOL_ID]) VALUES (9000, 5);		--Astral spell
INSERT INTO WIZARD_SPELL_SCHOOL ([SPELL_ID], [SCHOOL_ID]) VALUES (9001, 5);		--Bigby''s crushing hand
INSERT INTO WIZARD_SPELL_SCHOOL ([SPELL_ID], [SCHOOL_ID]) VALUES (9002, 7);		--Crystalbrittle
INSERT INTO WIZARD_SPELL_SCHOOL ([SPELL_ID], [SCHOOL_ID]) VALUES (9003, 5);		--Energy drain
INSERT INTO WIZARD_SPELL_SCHOOL ([SPELL_ID], [SCHOOL_ID]) VALUES (9003, 6);
INSERT INTO WIZARD_SPELL_SCHOOL ([SPELL_ID], [SCHOOL_ID]) VALUES (9004, 8);		--Foresight
INSERT INTO WIZARD_SPELL_SCHOOL ([SPELL_ID], [SCHOOL_ID]) VALUES (9005, 1);		--Gate
INSERT INTO WIZARD_SPELL_SCHOOL ([SPELL_ID], [SCHOOL_ID]) VALUES (9006, 0);		--Imprisonment
INSERT INTO WIZARD_SPELL_SCHOOL ([SPELL_ID], [SCHOOL_ID]) VALUES (9007, 5);		--Meteor swarm
INSERT INTO WIZARD_SPELL_SCHOOL ([SPELL_ID], [SCHOOL_ID]) VALUES (9008, 1);		--Monster summoning vii
INSERT INTO WIZARD_SPELL_SCHOOL ([SPELL_ID], [SCHOOL_ID]) VALUES (9009, 3);		--Mordenkainen''s disjunction
INSERT INTO WIZARD_SPELL_SCHOOL ([SPELL_ID], [SCHOOL_ID]) VALUES (9009, 7);
INSERT INTO WIZARD_SPELL_SCHOOL ([SPELL_ID], [SCHOOL_ID]) VALUES (9010, 1);		--Power word, kill
INSERT INTO WIZARD_SPELL_SCHOOL ([SPELL_ID], [SCHOOL_ID]) VALUES (9011, 0);		--Prismatic sphere
INSERT INTO WIZARD_SPELL_SCHOOL ([SPELL_ID], [SCHOOL_ID]) VALUES (9011, 1);
INSERT INTO WIZARD_SPELL_SCHOOL ([SPELL_ID], [SCHOOL_ID]) VALUES (9012, 7);		--Shape change
INSERT INTO WIZARD_SPELL_SCHOOL ([SPELL_ID], [SCHOOL_ID]) VALUES (9013, 3);		--Succor
INSERT INTO WIZARD_SPELL_SCHOOL ([SPELL_ID], [SCHOOL_ID]) VALUES (9013, 7);
INSERT INTO WIZARD_SPELL_SCHOOL ([SPELL_ID], [SCHOOL_ID]) VALUES (9014, 7);		--Temporal stasis
INSERT INTO WIZARD_SPELL_SCHOOL ([SPELL_ID], [SCHOOL_ID]) VALUES (9015, 7);		--Time stop
INSERT INTO WIZARD_SPELL_SCHOOL ([SPELL_ID], [SCHOOL_ID]) VALUES (9016, 4);		--Weird
INSERT INTO WIZARD_SPELL_SCHOOL ([SPELL_ID], [SCHOOL_ID]) VALUES (9017, 1);		--Wish

COMMIT TRANSACTION;

-------------------------------------------------------------------------------------------------------------

BEGIN TRANSACTION;

-- DRUID
INSERT INTO SPHERE_ACCESS_PER_CLASS ([CLASS_ID], [SPHERE_ID], [ACCESS_LEVEL], [ACCESS_MODE]) VALUES (8192, 0,  0, 2);
INSERT INTO SPHERE_ACCESS_PER_CLASS ([CLASS_ID], [SPHERE_ID], [ACCESS_LEVEL], [ACCESS_MODE]) VALUES (8192, 1,  0, 2);
INSERT INTO SPHERE_ACCESS_PER_CLASS ([CLASS_ID], [SPHERE_ID], [ACCESS_LEVEL], [ACCESS_MODE]) VALUES (8192, 6,  1, 2);
INSERT INTO SPHERE_ACCESS_PER_CLASS ([CLASS_ID], [SPHERE_ID], [ACCESS_LEVEL], [ACCESS_MODE]) VALUES (8192, 7,  0, 2);
INSERT INTO SPHERE_ACCESS_PER_CLASS ([CLASS_ID], [SPHERE_ID], [ACCESS_LEVEL], [ACCESS_MODE]) VALUES (8192, 9,  0, 2);
INSERT INTO SPHERE_ACCESS_PER_CLASS ([CLASS_ID], [SPHERE_ID], [ACCESS_LEVEL], [ACCESS_MODE]) VALUES (8192, 13, 0, 2);
INSERT INTO SPHERE_ACCESS_PER_CLASS ([CLASS_ID], [SPHERE_ID], [ACCESS_LEVEL], [ACCESS_MODE]) VALUES (8192, 21, 0, 2);

-- PALADIN
INSERT INTO SPHERE_ACCESS_PER_CLASS ([CLASS_ID], [SPHERE_ID], [ACCESS_LEVEL], [ACCESS_MODE]) VALUES (2, 4,  1, 2);
INSERT INTO SPHERE_ACCESS_PER_CLASS ([CLASS_ID], [SPHERE_ID], [ACCESS_LEVEL], [ACCESS_MODE]) VALUES (2, 6,  1, 2);
INSERT INTO SPHERE_ACCESS_PER_CLASS ([CLASS_ID], [SPHERE_ID], [ACCESS_LEVEL], [ACCESS_MODE]) VALUES (2, 9,  1, 2);
INSERT INTO SPHERE_ACCESS_PER_CLASS ([CLASS_ID], [SPHERE_ID], [ACCESS_LEVEL], [ACCESS_MODE]) VALUES (2, 14,  1, 2);

--RANGER
INSERT INTO SPHERE_ACCESS_PER_CLASS ([CLASS_ID], [SPHERE_ID], [ACCESS_LEVEL], [ACCESS_MODE]) VALUES (4, 1,  1, 2);
INSERT INTO SPHERE_ACCESS_PER_CLASS ([CLASS_ID], [SPHERE_ID], [ACCESS_LEVEL], [ACCESS_MODE]) VALUES (4, 13,  1, 2);

--CLERIC
INSERT INTO SPHERE_ACCESS_PER_CLASS ([CLASS_ID], [SPHERE_ID], [ACCESS_LEVEL], [ACCESS_MODE]) VALUES (4096, 0,	0, 2);
INSERT INTO SPHERE_ACCESS_PER_CLASS ([CLASS_ID], [SPHERE_ID], [ACCESS_LEVEL], [ACCESS_MODE]) VALUES (4096, 1,	0, 2);
INSERT INTO SPHERE_ACCESS_PER_CLASS ([CLASS_ID], [SPHERE_ID], [ACCESS_LEVEL], [ACCESS_MODE]) VALUES (4096, 2,	0, 2);
INSERT INTO SPHERE_ACCESS_PER_CLASS ([CLASS_ID], [SPHERE_ID], [ACCESS_LEVEL], [ACCESS_MODE]) VALUES (4096, 3,	0, 2);
INSERT INTO SPHERE_ACCESS_PER_CLASS ([CLASS_ID], [SPHERE_ID], [ACCESS_LEVEL], [ACCESS_MODE]) VALUES (4096, 4,	0, 2);
INSERT INTO SPHERE_ACCESS_PER_CLASS ([CLASS_ID], [SPHERE_ID], [ACCESS_LEVEL], [ACCESS_MODE]) VALUES (4096, 5,	0, 2);
INSERT INTO SPHERE_ACCESS_PER_CLASS ([CLASS_ID], [SPHERE_ID], [ACCESS_LEVEL], [ACCESS_MODE]) VALUES (4096, 6,	0, 2);
INSERT INTO SPHERE_ACCESS_PER_CLASS ([CLASS_ID], [SPHERE_ID], [ACCESS_LEVEL], [ACCESS_MODE]) VALUES (4096, 7,	0, 2);
INSERT INTO SPHERE_ACCESS_PER_CLASS ([CLASS_ID], [SPHERE_ID], [ACCESS_LEVEL], [ACCESS_MODE]) VALUES (4096, 8,	0, 2);
INSERT INTO SPHERE_ACCESS_PER_CLASS ([CLASS_ID], [SPHERE_ID], [ACCESS_LEVEL], [ACCESS_MODE]) VALUES (4096, 9,	0, 2);
INSERT INTO SPHERE_ACCESS_PER_CLASS ([CLASS_ID], [SPHERE_ID], [ACCESS_LEVEL], [ACCESS_MODE]) VALUES (4096, 10,	0, 2);
INSERT INTO SPHERE_ACCESS_PER_CLASS ([CLASS_ID], [SPHERE_ID], [ACCESS_LEVEL], [ACCESS_MODE]) VALUES (4096, 11,	0, 2);
INSERT INTO SPHERE_ACCESS_PER_CLASS ([CLASS_ID], [SPHERE_ID], [ACCESS_LEVEL], [ACCESS_MODE]) VALUES (4096, 12,	0, 2);
INSERT INTO SPHERE_ACCESS_PER_CLASS ([CLASS_ID], [SPHERE_ID], [ACCESS_LEVEL], [ACCESS_MODE]) VALUES (4096, 13,	0, 2);
INSERT INTO SPHERE_ACCESS_PER_CLASS ([CLASS_ID], [SPHERE_ID], [ACCESS_LEVEL], [ACCESS_MODE]) VALUES (4096, 14,	0, 2);
INSERT INTO SPHERE_ACCESS_PER_CLASS ([CLASS_ID], [SPHERE_ID], [ACCESS_LEVEL], [ACCESS_MODE]) VALUES (4096, 15,	0, 2);
INSERT INTO SPHERE_ACCESS_PER_CLASS ([CLASS_ID], [SPHERE_ID], [ACCESS_LEVEL], [ACCESS_MODE]) VALUES (4096, 16,	0, 2);
INSERT INTO SPHERE_ACCESS_PER_CLASS ([CLASS_ID], [SPHERE_ID], [ACCESS_LEVEL], [ACCESS_MODE]) VALUES (4096, 17,	0, 2);
INSERT INTO SPHERE_ACCESS_PER_CLASS ([CLASS_ID], [SPHERE_ID], [ACCESS_LEVEL], [ACCESS_MODE]) VALUES (4096, 18,	0, 2);
INSERT INTO SPHERE_ACCESS_PER_CLASS ([CLASS_ID], [SPHERE_ID], [ACCESS_LEVEL], [ACCESS_MODE]) VALUES (4096, 19,	0, 2);
INSERT INTO SPHERE_ACCESS_PER_CLASS ([CLASS_ID], [SPHERE_ID], [ACCESS_LEVEL], [ACCESS_MODE]) VALUES (4096, 20,	0, 2);
INSERT INTO SPHERE_ACCESS_PER_CLASS ([CLASS_ID], [SPHERE_ID], [ACCESS_LEVEL], [ACCESS_MODE]) VALUES (4096, 21,	0, 2);

COMMIT TRANSACTION;

-------------------------------------------------------------------------------------------------------------

BEGIN TRANSACTION;

INSERT INTO PRIEST_SPELL_PROGRESSION ([LEVEL], [SPELL_LEVEL_1], [SPELL_LEVEL_2], [SPELL_LEVEL_3], [SPELL_LEVEL_4], [SPELL_LEVEL_5], [SPELL_LEVEL_6], [SPELL_LEVEL_7]) VALUES (1,  1, NULL, NULL, NULL, NULL, NULL, NULL);
INSERT INTO PRIEST_SPELL_PROGRESSION ([LEVEL], [SPELL_LEVEL_1], [SPELL_LEVEL_2], [SPELL_LEVEL_3], [SPELL_LEVEL_4], [SPELL_LEVEL_5], [SPELL_LEVEL_6], [SPELL_LEVEL_7]) VALUES (2,  2, NULL, NULL, NULL, NULL, NULL, NULL);
INSERT INTO PRIEST_SPELL_PROGRESSION ([LEVEL], [SPELL_LEVEL_1], [SPELL_LEVEL_2], [SPELL_LEVEL_3], [SPELL_LEVEL_4], [SPELL_LEVEL_5], [SPELL_LEVEL_6], [SPELL_LEVEL_7]) VALUES (3,  2,    1, NULL, NULL, NULL, NULL, NULL);
INSERT INTO PRIEST_SPELL_PROGRESSION ([LEVEL], [SPELL_LEVEL_1], [SPELL_LEVEL_2], [SPELL_LEVEL_3], [SPELL_LEVEL_4], [SPELL_LEVEL_5], [SPELL_LEVEL_6], [SPELL_LEVEL_7]) VALUES (4,  3,    2, NULL, NULL, NULL, NULL, NULL);
INSERT INTO PRIEST_SPELL_PROGRESSION ([LEVEL], [SPELL_LEVEL_1], [SPELL_LEVEL_2], [SPELL_LEVEL_3], [SPELL_LEVEL_4], [SPELL_LEVEL_5], [SPELL_LEVEL_6], [SPELL_LEVEL_7]) VALUES (5,  3,    3,    1, NULL, NULL, NULL, NULL);
INSERT INTO PRIEST_SPELL_PROGRESSION ([LEVEL], [SPELL_LEVEL_1], [SPELL_LEVEL_2], [SPELL_LEVEL_3], [SPELL_LEVEL_4], [SPELL_LEVEL_5], [SPELL_LEVEL_6], [SPELL_LEVEL_7]) VALUES (6,  3,    3,    2, NULL, NULL, NULL, NULL);
INSERT INTO PRIEST_SPELL_PROGRESSION ([LEVEL], [SPELL_LEVEL_1], [SPELL_LEVEL_2], [SPELL_LEVEL_3], [SPELL_LEVEL_4], [SPELL_LEVEL_5], [SPELL_LEVEL_6], [SPELL_LEVEL_7]) VALUES (7,  3,    3,    2,    1, NULL, NULL, NULL);
INSERT INTO PRIEST_SPELL_PROGRESSION ([LEVEL], [SPELL_LEVEL_1], [SPELL_LEVEL_2], [SPELL_LEVEL_3], [SPELL_LEVEL_4], [SPELL_LEVEL_5], [SPELL_LEVEL_6], [SPELL_LEVEL_7]) VALUES (8,  3,    3,    3,    2, NULL, NULL, NULL);
INSERT INTO PRIEST_SPELL_PROGRESSION ([LEVEL], [SPELL_LEVEL_1], [SPELL_LEVEL_2], [SPELL_LEVEL_3], [SPELL_LEVEL_4], [SPELL_LEVEL_5], [SPELL_LEVEL_6], [SPELL_LEVEL_7]) VALUES (9,  4,    4,    3,    2,    1, NULL, NULL);
INSERT INTO PRIEST_SPELL_PROGRESSION ([LEVEL], [SPELL_LEVEL_1], [SPELL_LEVEL_2], [SPELL_LEVEL_3], [SPELL_LEVEL_4], [SPELL_LEVEL_5], [SPELL_LEVEL_6], [SPELL_LEVEL_7]) VALUES (10, 4,    4,    3,    3,    2, NULL, NULL);
INSERT INTO PRIEST_SPELL_PROGRESSION ([LEVEL], [SPELL_LEVEL_1], [SPELL_LEVEL_2], [SPELL_LEVEL_3], [SPELL_LEVEL_4], [SPELL_LEVEL_5], [SPELL_LEVEL_6], [SPELL_LEVEL_7]) VALUES (11, 5,    4,    4,    3,    2,    1, NULL);
INSERT INTO PRIEST_SPELL_PROGRESSION ([LEVEL], [SPELL_LEVEL_1], [SPELL_LEVEL_2], [SPELL_LEVEL_3], [SPELL_LEVEL_4], [SPELL_LEVEL_5], [SPELL_LEVEL_6], [SPELL_LEVEL_7]) VALUES (12, 6,    5,    5,    3,    2,    2, NULL);
INSERT INTO PRIEST_SPELL_PROGRESSION ([LEVEL], [SPELL_LEVEL_1], [SPELL_LEVEL_2], [SPELL_LEVEL_3], [SPELL_LEVEL_4], [SPELL_LEVEL_5], [SPELL_LEVEL_6], [SPELL_LEVEL_7]) VALUES (13, 6,    6,    6,    4,    2,    2, NULL);
INSERT INTO PRIEST_SPELL_PROGRESSION ([LEVEL], [SPELL_LEVEL_1], [SPELL_LEVEL_2], [SPELL_LEVEL_3], [SPELL_LEVEL_4], [SPELL_LEVEL_5], [SPELL_LEVEL_6], [SPELL_LEVEL_7]) VALUES (14, 6,    6,    6,    5,    3,    2,    1);
INSERT INTO PRIEST_SPELL_PROGRESSION ([LEVEL], [SPELL_LEVEL_1], [SPELL_LEVEL_2], [SPELL_LEVEL_3], [SPELL_LEVEL_4], [SPELL_LEVEL_5], [SPELL_LEVEL_6], [SPELL_LEVEL_7]) VALUES (15, 6,    6,    6,    6,    4,    2,    1);
INSERT INTO PRIEST_SPELL_PROGRESSION ([LEVEL], [SPELL_LEVEL_1], [SPELL_LEVEL_2], [SPELL_LEVEL_3], [SPELL_LEVEL_4], [SPELL_LEVEL_5], [SPELL_LEVEL_6], [SPELL_LEVEL_7]) VALUES (16, 7,    7,    7,    6,    4,    3,    1);
INSERT INTO PRIEST_SPELL_PROGRESSION ([LEVEL], [SPELL_LEVEL_1], [SPELL_LEVEL_2], [SPELL_LEVEL_3], [SPELL_LEVEL_4], [SPELL_LEVEL_5], [SPELL_LEVEL_6], [SPELL_LEVEL_7]) VALUES (17, 7,    7,    7,    7,    5,    3,    2);
INSERT INTO PRIEST_SPELL_PROGRESSION ([LEVEL], [SPELL_LEVEL_1], [SPELL_LEVEL_2], [SPELL_LEVEL_3], [SPELL_LEVEL_4], [SPELL_LEVEL_5], [SPELL_LEVEL_6], [SPELL_LEVEL_7]) VALUES (18, 8,    8,    8,    8,    6,    4,    2);
INSERT INTO PRIEST_SPELL_PROGRESSION ([LEVEL], [SPELL_LEVEL_1], [SPELL_LEVEL_2], [SPELL_LEVEL_3], [SPELL_LEVEL_4], [SPELL_LEVEL_5], [SPELL_LEVEL_6], [SPELL_LEVEL_7]) VALUES (19, 9,    9,    8,    8,    6,    4,    2);
INSERT INTO PRIEST_SPELL_PROGRESSION ([LEVEL], [SPELL_LEVEL_1], [SPELL_LEVEL_2], [SPELL_LEVEL_3], [SPELL_LEVEL_4], [SPELL_LEVEL_5], [SPELL_LEVEL_6], [SPELL_LEVEL_7]) VALUES (20, 9,    9,    9,    8,    7,    5,    2);

COMMIT TRANSACTION;

-------------------------------------------------------------------------------------------------------------

BEGIN TRANSACTION;

INSERT INTO PRIEST_SPELL_SPHERE ([SPELL_ID], [SPHERE_ID]) VALUES (1000, 1);			--Animal friendship
INSERT INTO PRIEST_SPELL_SPHERE ([SPELL_ID], [SPHERE_ID]) VALUES (1001, 1);			--Bless
INSERT INTO PRIEST_SPELL_SPHERE ([SPELL_ID], [SPHERE_ID]) VALUES (1001, 2);
INSERT INTO PRIEST_SPELL_SPHERE ([SPELL_ID], [SPHERE_ID]) VALUES (1001, 3);
INSERT INTO PRIEST_SPELL_SPHERE ([SPELL_ID], [SPHERE_ID]) VALUES (1001, 4);
INSERT INTO PRIEST_SPELL_SPHERE ([SPELL_ID], [SPHERE_ID]) VALUES (1001, 5);
INSERT INTO PRIEST_SPELL_SPHERE ([SPELL_ID], [SPHERE_ID]) VALUES (1001, 6);
INSERT INTO PRIEST_SPELL_SPHERE ([SPELL_ID], [SPHERE_ID]) VALUES (1001, 7);
INSERT INTO PRIEST_SPELL_SPHERE ([SPELL_ID], [SPHERE_ID]) VALUES (1001, 8);
INSERT INTO PRIEST_SPELL_SPHERE ([SPELL_ID], [SPHERE_ID]) VALUES (1001, 9);
INSERT INTO PRIEST_SPELL_SPHERE ([SPELL_ID], [SPHERE_ID]) VALUES (1001, 10);
INSERT INTO PRIEST_SPELL_SPHERE ([SPELL_ID], [SPHERE_ID]) VALUES (1001, 11);
INSERT INTO PRIEST_SPELL_SPHERE ([SPELL_ID], [SPHERE_ID]) VALUES (1001, 12);
INSERT INTO PRIEST_SPELL_SPHERE ([SPELL_ID], [SPHERE_ID]) VALUES (1001, 13);
INSERT INTO PRIEST_SPELL_SPHERE ([SPELL_ID], [SPHERE_ID]) VALUES (1001, 14);
INSERT INTO PRIEST_SPELL_SPHERE ([SPELL_ID], [SPHERE_ID]) VALUES (1001, 15);
INSERT INTO PRIEST_SPELL_SPHERE ([SPELL_ID], [SPHERE_ID]) VALUES (1001, 16);
INSERT INTO PRIEST_SPELL_SPHERE ([SPELL_ID], [SPHERE_ID]) VALUES (1001, 17);
INSERT INTO PRIEST_SPELL_SPHERE ([SPELL_ID], [SPHERE_ID]) VALUES (1001, 18);
INSERT INTO PRIEST_SPELL_SPHERE ([SPELL_ID], [SPHERE_ID]) VALUES (1001, 19);
INSERT INTO PRIEST_SPELL_SPHERE ([SPELL_ID], [SPHERE_ID]) VALUES (1001, 20);
INSERT INTO PRIEST_SPELL_SPHERE ([SPELL_ID], [SPHERE_ID]) VALUES (1001, 21);
INSERT INTO PRIEST_SPELL_SPHERE ([SPELL_ID], [SPHERE_ID]) VALUES (1002, 1);			--Combine
INSERT INTO PRIEST_SPELL_SPHERE ([SPELL_ID], [SPHERE_ID]) VALUES (1002, 2);
INSERT INTO PRIEST_SPELL_SPHERE ([SPELL_ID], [SPHERE_ID]) VALUES (1002, 3);
INSERT INTO PRIEST_SPELL_SPHERE ([SPELL_ID], [SPHERE_ID]) VALUES (1002, 4);
INSERT INTO PRIEST_SPELL_SPHERE ([SPELL_ID], [SPHERE_ID]) VALUES (1002, 5);
INSERT INTO PRIEST_SPELL_SPHERE ([SPELL_ID], [SPHERE_ID]) VALUES (1002, 6);
INSERT INTO PRIEST_SPELL_SPHERE ([SPELL_ID], [SPHERE_ID]) VALUES (1002, 7);
INSERT INTO PRIEST_SPELL_SPHERE ([SPELL_ID], [SPHERE_ID]) VALUES (1002, 8);
INSERT INTO PRIEST_SPELL_SPHERE ([SPELL_ID], [SPHERE_ID]) VALUES (1002, 9);
INSERT INTO PRIEST_SPELL_SPHERE ([SPELL_ID], [SPHERE_ID]) VALUES (1002, 10);
INSERT INTO PRIEST_SPELL_SPHERE ([SPELL_ID], [SPHERE_ID]) VALUES (1002, 11);
INSERT INTO PRIEST_SPELL_SPHERE ([SPELL_ID], [SPHERE_ID]) VALUES (1002, 12);
INSERT INTO PRIEST_SPELL_SPHERE ([SPELL_ID], [SPHERE_ID]) VALUES (1002, 13);
INSERT INTO PRIEST_SPELL_SPHERE ([SPELL_ID], [SPHERE_ID]) VALUES (1002, 14);
INSERT INTO PRIEST_SPELL_SPHERE ([SPELL_ID], [SPHERE_ID]) VALUES (1002, 15);
INSERT INTO PRIEST_SPELL_SPHERE ([SPELL_ID], [SPHERE_ID]) VALUES (1002, 16);
INSERT INTO PRIEST_SPELL_SPHERE ([SPELL_ID], [SPHERE_ID]) VALUES (1002, 17);
INSERT INTO PRIEST_SPELL_SPHERE ([SPELL_ID], [SPHERE_ID]) VALUES (1002, 18);
INSERT INTO PRIEST_SPELL_SPHERE ([SPELL_ID], [SPHERE_ID]) VALUES (1002, 19);
INSERT INTO PRIEST_SPELL_SPHERE ([SPELL_ID], [SPHERE_ID]) VALUES (1002, 20);
INSERT INTO PRIEST_SPELL_SPHERE ([SPELL_ID], [SPHERE_ID]) VALUES (1002, 21);
INSERT INTO PRIEST_SPELL_SPHERE ([SPELL_ID], [SPHERE_ID]) VALUES (1003, 3);			--Command
INSERT INTO PRIEST_SPELL_SPHERE ([SPELL_ID], [SPHERE_ID]) VALUES (1004, 7);			--Create water
INSERT INTO PRIEST_SPELL_SPHERE ([SPELL_ID], [SPHERE_ID]) VALUES (1005, 9);			--Cure light wounds
INSERT INTO PRIEST_SPELL_SPHERE ([SPELL_ID], [SPHERE_ID]) VALUES (1006, 1);			--Detect evil
INSERT INTO PRIEST_SPELL_SPHERE ([SPELL_ID], [SPHERE_ID]) VALUES (1006, 2);
INSERT INTO PRIEST_SPELL_SPHERE ([SPELL_ID], [SPHERE_ID]) VALUES (1006, 3);
INSERT INTO PRIEST_SPELL_SPHERE ([SPELL_ID], [SPHERE_ID]) VALUES (1006, 4);
INSERT INTO PRIEST_SPELL_SPHERE ([SPELL_ID], [SPHERE_ID]) VALUES (1006, 5);
INSERT INTO PRIEST_SPELL_SPHERE ([SPELL_ID], [SPHERE_ID]) VALUES (1006, 6);
INSERT INTO PRIEST_SPELL_SPHERE ([SPELL_ID], [SPHERE_ID]) VALUES (1006, 7);
INSERT INTO PRIEST_SPELL_SPHERE ([SPELL_ID], [SPHERE_ID]) VALUES (1006, 8);
INSERT INTO PRIEST_SPELL_SPHERE ([SPELL_ID], [SPHERE_ID]) VALUES (1006, 9);
INSERT INTO PRIEST_SPELL_SPHERE ([SPELL_ID], [SPHERE_ID]) VALUES (1006, 10);
INSERT INTO PRIEST_SPELL_SPHERE ([SPELL_ID], [SPHERE_ID]) VALUES (1006, 11);
INSERT INTO PRIEST_SPELL_SPHERE ([SPELL_ID], [SPHERE_ID]) VALUES (1006, 12);
INSERT INTO PRIEST_SPELL_SPHERE ([SPELL_ID], [SPHERE_ID]) VALUES (1006, 13);
INSERT INTO PRIEST_SPELL_SPHERE ([SPELL_ID], [SPHERE_ID]) VALUES (1006, 14);
INSERT INTO PRIEST_SPELL_SPHERE ([SPELL_ID], [SPHERE_ID]) VALUES (1006, 15);
INSERT INTO PRIEST_SPELL_SPHERE ([SPELL_ID], [SPHERE_ID]) VALUES (1006, 16);
INSERT INTO PRIEST_SPELL_SPHERE ([SPELL_ID], [SPHERE_ID]) VALUES (1006, 17);
INSERT INTO PRIEST_SPELL_SPHERE ([SPELL_ID], [SPHERE_ID]) VALUES (1006, 18);
INSERT INTO PRIEST_SPELL_SPHERE ([SPELL_ID], [SPHERE_ID]) VALUES (1006, 19);
INSERT INTO PRIEST_SPELL_SPHERE ([SPELL_ID], [SPHERE_ID]) VALUES (1006, 20);
INSERT INTO PRIEST_SPELL_SPHERE ([SPELL_ID], [SPHERE_ID]) VALUES (1006, 21);
INSERT INTO PRIEST_SPELL_SPHERE ([SPELL_ID], [SPHERE_ID]) VALUES (1007, 6);			--Detect magic
INSERT INTO PRIEST_SPELL_SPHERE ([SPELL_ID], [SPHERE_ID]) VALUES (1008, 6);			--Detect poison
INSERT INTO PRIEST_SPELL_SPHERE ([SPELL_ID], [SPHERE_ID]) VALUES (1009, 6);			--Detect snares and pits
INSERT INTO PRIEST_SPELL_SPHERE ([SPELL_ID], [SPHERE_ID]) VALUES (1010, 14);		--Endure heat/endure cold
INSERT INTO PRIEST_SPELL_SPHERE ([SPELL_ID], [SPHERE_ID]) VALUES (1011, 13);		--Entangle
INSERT INTO PRIEST_SPELL_SPHERE ([SPELL_ID], [SPHERE_ID]) VALUES (1012, 21);		--Faerie fire
INSERT INTO PRIEST_SPELL_SPHERE ([SPELL_ID], [SPHERE_ID]) VALUES (1013, 1);			--Invisibility to animals
INSERT INTO PRIEST_SPELL_SPHERE ([SPELL_ID], [SPHERE_ID]) VALUES (1014, 11);		--Invisibility to undead
INSERT INTO PRIEST_SPELL_SPHERE ([SPELL_ID], [SPHERE_ID]) VALUES (1015, 18);		--Light
INSERT INTO PRIEST_SPELL_SPHERE ([SPELL_ID], [SPHERE_ID]) VALUES (1016, 6);			--Locate animals or plants
INSERT INTO PRIEST_SPELL_SPHERE ([SPELL_ID], [SPHERE_ID]) VALUES (1016, 1);
INSERT INTO PRIEST_SPELL_SPHERE ([SPELL_ID], [SPHERE_ID]) VALUES (1016, 13);
INSERT INTO PRIEST_SPELL_SPHERE ([SPELL_ID], [SPHERE_ID]) VALUES (1017, 4);			--Magical stone
INSERT INTO PRIEST_SPELL_SPHERE ([SPELL_ID], [SPHERE_ID]) VALUES (1018, 13);		--Pass without trace
INSERT INTO PRIEST_SPELL_SPHERE ([SPELL_ID], [SPHERE_ID]) VALUES (1019, 14);		--Protection from evil
INSERT INTO PRIEST_SPELL_SPHERE ([SPELL_ID], [SPHERE_ID]) VALUES (1020, 1);			--Purify food and drink
INSERT INTO PRIEST_SPELL_SPHERE ([SPELL_ID], [SPHERE_ID]) VALUES (1020, 2);
INSERT INTO PRIEST_SPELL_SPHERE ([SPELL_ID], [SPHERE_ID]) VALUES (1020, 3);
INSERT INTO PRIEST_SPELL_SPHERE ([SPELL_ID], [SPHERE_ID]) VALUES (1020, 4);
INSERT INTO PRIEST_SPELL_SPHERE ([SPELL_ID], [SPHERE_ID]) VALUES (1020, 5);
INSERT INTO PRIEST_SPELL_SPHERE ([SPELL_ID], [SPHERE_ID]) VALUES (1020, 6);
INSERT INTO PRIEST_SPELL_SPHERE ([SPELL_ID], [SPHERE_ID]) VALUES (1020, 7);
INSERT INTO PRIEST_SPELL_SPHERE ([SPELL_ID], [SPHERE_ID]) VALUES (1020, 8);
INSERT INTO PRIEST_SPELL_SPHERE ([SPELL_ID], [SPHERE_ID]) VALUES (1020, 9);
INSERT INTO PRIEST_SPELL_SPHERE ([SPELL_ID], [SPHERE_ID]) VALUES (1020, 10);
INSERT INTO PRIEST_SPELL_SPHERE ([SPELL_ID], [SPHERE_ID]) VALUES (1020, 11);
INSERT INTO PRIEST_SPELL_SPHERE ([SPELL_ID], [SPHERE_ID]) VALUES (1020, 12);
INSERT INTO PRIEST_SPELL_SPHERE ([SPELL_ID], [SPHERE_ID]) VALUES (1020, 13);
INSERT INTO PRIEST_SPELL_SPHERE ([SPELL_ID], [SPHERE_ID]) VALUES (1020, 14);
INSERT INTO PRIEST_SPELL_SPHERE ([SPELL_ID], [SPHERE_ID]) VALUES (1020, 15);
INSERT INTO PRIEST_SPELL_SPHERE ([SPELL_ID], [SPHERE_ID]) VALUES (1020, 16);
INSERT INTO PRIEST_SPELL_SPHERE ([SPELL_ID], [SPHERE_ID]) VALUES (1020, 17);
INSERT INTO PRIEST_SPELL_SPHERE ([SPELL_ID], [SPHERE_ID]) VALUES (1020, 18);
INSERT INTO PRIEST_SPELL_SPHERE ([SPELL_ID], [SPHERE_ID]) VALUES (1020, 19);
INSERT INTO PRIEST_SPELL_SPHERE ([SPELL_ID], [SPHERE_ID]) VALUES (1020, 20);
INSERT INTO PRIEST_SPELL_SPHERE ([SPELL_ID], [SPHERE_ID]) VALUES (1020, 21);
INSERT INTO PRIEST_SPELL_SPHERE ([SPELL_ID], [SPHERE_ID]) VALUES (1021, 3);			--Remove fear
INSERT INTO PRIEST_SPELL_SPHERE ([SPELL_ID], [SPHERE_ID]) VALUES (1022, 14);		--Sanctuary
INSERT INTO PRIEST_SPELL_SPHERE ([SPELL_ID], [SPHERE_ID]) VALUES (1023, 4);			--Shillelagh
INSERT INTO PRIEST_SPELL_SPHERE ([SPELL_ID], [SPHERE_ID]) VALUES (1023, 13);
INSERT INTO PRIEST_SPELL_SPHERE ([SPELL_ID], [SPHERE_ID]) VALUES (2000, 11);		--Aid
INSERT INTO PRIEST_SPELL_SPHERE ([SPELL_ID], [SPHERE_ID]) VALUES (2001, 6);			--Augury
INSERT INTO PRIEST_SPELL_SPHERE ([SPELL_ID], [SPHERE_ID]) VALUES (2002, 14);		--Barkskin
INSERT INTO PRIEST_SPELL_SPHERE ([SPELL_ID], [SPHERE_ID]) VALUES (2002, 13);
INSERT INTO PRIEST_SPELL_SPHERE ([SPELL_ID], [SPHERE_ID]) VALUES (2003, 4);			--Chant
INSERT INTO PRIEST_SPELL_SPHERE ([SPELL_ID], [SPHERE_ID]) VALUES (2004, 1);			--Charm person or mammal
INSERT INTO PRIEST_SPELL_SPHERE ([SPELL_ID], [SPHERE_ID]) VALUES (2005, 6);			--Detect charm
INSERT INTO PRIEST_SPELL_SPHERE ([SPELL_ID], [SPHERE_ID]) VALUES (2006, 7);			--Dust devil
INSERT INTO PRIEST_SPELL_SPHERE ([SPELL_ID], [SPHERE_ID]) VALUES (2007, 3);			--Enthrall
INSERT INTO PRIEST_SPELL_SPHERE ([SPELL_ID], [SPHERE_ID]) VALUES (2008, 6);			--Find traps
INSERT INTO PRIEST_SPELL_SPHERE ([SPELL_ID], [SPHERE_ID]) VALUES (2009, 7);			--Fire trap
INSERT INTO PRIEST_SPELL_SPHERE ([SPELL_ID], [SPHERE_ID]) VALUES (2010, 7);			--Flame blade
INSERT INTO PRIEST_SPELL_SPHERE ([SPELL_ID], [SPHERE_ID]) VALUES (2011, 13);		--Goodberry
INSERT INTO PRIEST_SPELL_SPHERE ([SPELL_ID], [SPHERE_ID]) VALUES (2012, 7);			--Heat metal
INSERT INTO PRIEST_SPELL_SPHERE ([SPELL_ID], [SPHERE_ID]) VALUES (2013, 3);			--Hold person
INSERT INTO PRIEST_SPELL_SPHERE ([SPELL_ID], [SPHERE_ID]) VALUES (2014, 6);			--Know alignment
INSERT INTO PRIEST_SPELL_SPHERE ([SPELL_ID], [SPHERE_ID]) VALUES (2015, 1);			--Messenger
INSERT INTO PRIEST_SPELL_SPHERE ([SPELL_ID], [SPHERE_ID]) VALUES (2016, 21);		--Obscurement
INSERT INTO PRIEST_SPELL_SPHERE ([SPELL_ID], [SPHERE_ID]) VALUES (2017, 7);			--Produce flame
INSERT INTO PRIEST_SPELL_SPHERE ([SPELL_ID], [SPHERE_ID]) VALUES (2018, 14);		--Resist fire/resist cold
INSERT INTO PRIEST_SPELL_SPHERE ([SPELL_ID], [SPHERE_ID]) VALUES (2019, 8);			--Silence 15 radius
INSERT INTO PRIEST_SPELL_SPHERE ([SPELL_ID], [SPHERE_ID]) VALUES (2020, 9);			--Slow poison
INSERT INTO PRIEST_SPELL_SPHERE ([SPELL_ID], [SPHERE_ID]) VALUES (2021, 1);			--Snake charm
INSERT INTO PRIEST_SPELL_SPHERE ([SPELL_ID], [SPHERE_ID]) VALUES (2022, 1);			--Speak with animals
INSERT INTO PRIEST_SPELL_SPHERE ([SPELL_ID], [SPHERE_ID]) VALUES (2022, 6);
INSERT INTO PRIEST_SPELL_SPHERE ([SPELL_ID], [SPHERE_ID]) VALUES (2023, 4);
INSERT INTO PRIEST_SPELL_SPHERE ([SPELL_ID], [SPHERE_ID]) VALUES (2024, 13);		--Trip
INSERT INTO PRIEST_SPELL_SPHERE ([SPELL_ID], [SPHERE_ID]) VALUES (2025, 13);		--Warp wood
INSERT INTO PRIEST_SPELL_SPHERE ([SPELL_ID], [SPHERE_ID]) VALUES (2026, 14);		--Withdraw
INSERT INTO PRIEST_SPELL_SPHERE ([SPELL_ID], [SPHERE_ID]) VALUES (2027, 8);			--Wyvern watch
INSERT INTO PRIEST_SPELL_SPHERE ([SPELL_ID], [SPHERE_ID]) VALUES (3000, 6);			--Animate dead
INSERT INTO PRIEST_SPELL_SPHERE ([SPELL_ID], [SPHERE_ID]) VALUES (3001, 21);		--Call lightning
INSERT INTO PRIEST_SPELL_SPHERE ([SPELL_ID], [SPHERE_ID]) VALUES (3002, 18);		--Continual light
INSERT INTO PRIEST_SPELL_SPHERE ([SPELL_ID], [SPHERE_ID]) VALUES (3003, 5);			--Create food and water
INSERT INTO PRIEST_SPELL_SPHERE ([SPELL_ID], [SPHERE_ID]) VALUES (3004, 6);			--Cure blindness or deafness
INSERT INTO PRIEST_SPELL_SPHERE ([SPELL_ID], [SPHERE_ID]) VALUES (3005, 6);			--Cure disease
INSERT INTO PRIEST_SPELL_SPHERE ([SPELL_ID], [SPHERE_ID]) VALUES (3006, 14);		--Dispel magic
INSERT INTO PRIEST_SPELL_SPHERE ([SPELL_ID], [SPHERE_ID]) VALUES (3007, 6);			--Feign death
INSERT INTO PRIEST_SPELL_SPHERE ([SPELL_ID], [SPHERE_ID]) VALUES (3008, 7);			--Flame walk
INSERT INTO PRIEST_SPELL_SPHERE ([SPELL_ID], [SPHERE_ID]) VALUES (3009, 8);			--Glyph of warding
INSERT INTO PRIEST_SPELL_SPHERE ([SPELL_ID], [SPHERE_ID]) VALUES (3010, 1);			--Hold animal
INSERT INTO PRIEST_SPELL_SPHERE ([SPELL_ID], [SPHERE_ID]) VALUES (3011, 6);			--Locate object
INSERT INTO PRIEST_SPELL_SPHERE ([SPELL_ID], [SPHERE_ID]) VALUES (3012, 14);		--Magical vestment
INSERT INTO PRIEST_SPELL_SPHERE ([SPELL_ID], [SPHERE_ID]) VALUES (3013, 7);			--Meld into stone
INSERT INTO PRIEST_SPELL_SPHERE ([SPELL_ID], [SPHERE_ID]) VALUES (3014, 11);		--Negative plane protection
INSERT INTO PRIEST_SPELL_SPHERE ([SPELL_ID], [SPHERE_ID]) VALUES (3014, 14);
INSERT INTO PRIEST_SPELL_SPHERE ([SPELL_ID], [SPHERE_ID]) VALUES (3015, 13);		--Plant growth
INSERT INTO PRIEST_SPELL_SPHERE ([SPELL_ID], [SPHERE_ID]) VALUES (3016, 4);			--Prayer
INSERT INTO PRIEST_SPELL_SPHERE ([SPELL_ID], [SPHERE_ID]) VALUES (3017, 7);			--Protection from fire
INSERT INTO PRIEST_SPELL_SPHERE ([SPELL_ID], [SPHERE_ID]) VALUES (3017, 14);
INSERT INTO PRIEST_SPELL_SPHERE ([SPELL_ID], [SPHERE_ID]) VALUES (3018, 7);			--Pyrotechnics
INSERT INTO PRIEST_SPELL_SPHERE ([SPELL_ID], [SPHERE_ID]) VALUES (3019, 14);		--Remove curse
INSERT INTO PRIEST_SPELL_SPHERE ([SPELL_ID], [SPHERE_ID]) VALUES (3020, 14);		--Remove paralysis
INSERT INTO PRIEST_SPELL_SPHERE ([SPELL_ID], [SPHERE_ID]) VALUES (3021, 13);		--Snare
INSERT INTO PRIEST_SPELL_SPHERE ([SPELL_ID], [SPHERE_ID]) VALUES (3022, 6);			--Speak with dead
INSERT INTO PRIEST_SPELL_SPHERE ([SPELL_ID], [SPHERE_ID]) VALUES (3023, 13);		--Spike growth
INSERT INTO PRIEST_SPELL_SPHERE ([SPELL_ID], [SPHERE_ID]) VALUES (3024, 18);		--Starshine
INSERT INTO PRIEST_SPELL_SPHERE ([SPELL_ID], [SPHERE_ID]) VALUES (3025, 7);			--Stone shape
INSERT INTO PRIEST_SPELL_SPHERE ([SPELL_ID], [SPHERE_ID]) VALUES (3026, 1);			--Summon insects
INSERT INTO PRIEST_SPELL_SPHERE ([SPELL_ID], [SPHERE_ID]) VALUES (3027, 13);		--Tree
INSERT INTO PRIEST_SPELL_SPHERE ([SPELL_ID], [SPHERE_ID]) VALUES (3028, 7);			--Water breathing
INSERT INTO PRIEST_SPELL_SPHERE ([SPELL_ID], [SPHERE_ID]) VALUES (3029, 7);			--Water walk
INSERT INTO PRIEST_SPELL_SPHERE ([SPELL_ID], [SPHERE_ID]) VALUES (4000, 15);		--Abjure
INSERT INTO PRIEST_SPELL_SPHERE ([SPELL_ID], [SPHERE_ID]) VALUES (4001, 1);			--Animal summoning i
INSERT INTO PRIEST_SPELL_SPHERE ([SPELL_ID], [SPHERE_ID]) VALUES (4001, 15);
INSERT INTO PRIEST_SPELL_SPHERE ([SPELL_ID], [SPHERE_ID]) VALUES (4002, 15);		--Call woodland beings
INSERT INTO PRIEST_SPELL_SPHERE ([SPELL_ID], [SPHERE_ID]) VALUES (4003, 3);			--Cloak of bravery
INSERT INTO PRIEST_SPELL_SPHERE ([SPELL_ID], [SPHERE_ID]) VALUES (4004, 21);		--Control temperature 10 radius
INSERT INTO PRIEST_SPELL_SPHERE ([SPELL_ID], [SPHERE_ID]) VALUES (4005, 9);			--Cure serious wounds
INSERT INTO PRIEST_SPELL_SPHERE ([SPELL_ID], [SPHERE_ID]) VALUES (4006, 6);			--Detect lie
INSERT INTO PRIEST_SPELL_SPHERE ([SPELL_ID], [SPHERE_ID]) VALUES (4007, 6);			--Divination
INSERT INTO PRIEST_SPELL_SPHERE ([SPELL_ID], [SPHERE_ID]) VALUES (4008, 3);			--Free action
INSERT INTO PRIEST_SPELL_SPHERE ([SPELL_ID], [SPHERE_ID]) VALUES (4009, 1);			--Giant insect
INSERT INTO PRIEST_SPELL_SPHERE ([SPELL_ID], [SPHERE_ID]) VALUES (4010, 13);		--Hallucinatory forest
INSERT INTO PRIEST_SPELL_SPHERE ([SPELL_ID], [SPHERE_ID]) VALUES (4011, 13);		--Hold plant
INSERT INTO PRIEST_SPELL_SPHERE ([SPELL_ID], [SPHERE_ID]) VALUES (4012, 3);			--Imbue with spell ability
INSERT INTO PRIEST_SPELL_SPHERE ([SPELL_ID], [SPHERE_ID]) VALUES (4013, 7);			--Lower water
INSERT INTO PRIEST_SPELL_SPHERE ([SPELL_ID], [SPHERE_ID]) VALUES (4014, 9);			--Neutralize poison
INSERT INTO PRIEST_SPELL_SPHERE ([SPELL_ID], [SPHERE_ID]) VALUES (4015, 13);		--Plant door
INSERT INTO PRIEST_SPELL_SPHERE ([SPELL_ID], [SPHERE_ID]) VALUES (4016, 7);			--Produce fire
INSERT INTO PRIEST_SPELL_SPHERE ([SPELL_ID], [SPHERE_ID]) VALUES (4017, 14);		--Protection from evil 10 radius
INSERT INTO PRIEST_SPELL_SPHERE ([SPELL_ID], [SPHERE_ID]) VALUES (4018, 14);		--Protection from lightning
INSERT INTO PRIEST_SPELL_SPHERE ([SPELL_ID], [SPHERE_ID]) VALUES (4018, 21);
INSERT INTO PRIEST_SPELL_SPHERE ([SPELL_ID], [SPHERE_ID]) VALUES (4019, 6);			--Reflecting pool
INSERT INTO PRIEST_SPELL_SPHERE ([SPELL_ID], [SPHERE_ID]) VALUES (4020, 1);			--Repel insects
INSERT INTO PRIEST_SPELL_SPHERE ([SPELL_ID], [SPHERE_ID]) VALUES (4020, 14);
INSERT INTO PRIEST_SPELL_SPHERE ([SPELL_ID], [SPHERE_ID]) VALUES (4021, 13);		--Speak with plants
INSERT INTO PRIEST_SPELL_SPHERE ([SPELL_ID], [SPHERE_ID]) VALUES (4022, 14);		--Spell immunity
INSERT INTO PRIEST_SPELL_SPHERE ([SPELL_ID], [SPHERE_ID]) VALUES (4023, 13);		--Sticks to snakes
INSERT INTO PRIEST_SPELL_SPHERE ([SPELL_ID], [SPHERE_ID]) VALUES (4024, 6);			--Tongues
INSERT INTO PRIEST_SPELL_SPHERE ([SPELL_ID], [SPHERE_ID]) VALUES (5000, 7);			--Air walk
INSERT INTO PRIEST_SPELL_SPHERE ([SPELL_ID], [SPHERE_ID]) VALUES (5001, 1);			--Animal growth
INSERT INTO PRIEST_SPELL_SPHERE ([SPELL_ID], [SPHERE_ID]) VALUES (5002, 1);			--Animal summoning ii
INSERT INTO PRIEST_SPELL_SPHERE ([SPELL_ID], [SPHERE_ID]) VALUES (5002, 15);
INSERT INTO PRIEST_SPELL_SPHERE ([SPELL_ID], [SPHERE_ID]) VALUES (5003, 13);		--Antiplant shell
INSERT INTO PRIEST_SPELL_SPHERE ([SPELL_ID], [SPHERE_ID]) VALUES (5003, 14);
INSERT INTO PRIEST_SPELL_SPHERE ([SPELL_ID], [SPHERE_ID]) VALUES (5004, 1);			--Atonement
INSERT INTO PRIEST_SPELL_SPHERE ([SPELL_ID], [SPHERE_ID]) VALUES (5004, 2);
INSERT INTO PRIEST_SPELL_SPHERE ([SPELL_ID], [SPHERE_ID]) VALUES (5004, 3);
INSERT INTO PRIEST_SPELL_SPHERE ([SPELL_ID], [SPHERE_ID]) VALUES (5004, 4);
INSERT INTO PRIEST_SPELL_SPHERE ([SPELL_ID], [SPHERE_ID]) VALUES (5004, 5);
INSERT INTO PRIEST_SPELL_SPHERE ([SPELL_ID], [SPHERE_ID]) VALUES (5004, 6);
INSERT INTO PRIEST_SPELL_SPHERE ([SPELL_ID], [SPHERE_ID]) VALUES (5004, 7);
INSERT INTO PRIEST_SPELL_SPHERE ([SPELL_ID], [SPHERE_ID]) VALUES (5004, 8);
INSERT INTO PRIEST_SPELL_SPHERE ([SPELL_ID], [SPHERE_ID]) VALUES (5004, 9);
INSERT INTO PRIEST_SPELL_SPHERE ([SPELL_ID], [SPHERE_ID]) VALUES (5004, 10);
INSERT INTO PRIEST_SPELL_SPHERE ([SPELL_ID], [SPHERE_ID]) VALUES (5004, 11);
INSERT INTO PRIEST_SPELL_SPHERE ([SPELL_ID], [SPHERE_ID]) VALUES (5004, 12);
INSERT INTO PRIEST_SPELL_SPHERE ([SPELL_ID], [SPHERE_ID]) VALUES (5004, 13);
INSERT INTO PRIEST_SPELL_SPHERE ([SPELL_ID], [SPHERE_ID]) VALUES (5004, 14);
INSERT INTO PRIEST_SPELL_SPHERE ([SPELL_ID], [SPHERE_ID]) VALUES (5004, 15);
INSERT INTO PRIEST_SPELL_SPHERE ([SPELL_ID], [SPHERE_ID]) VALUES (5004, 16);
INSERT INTO PRIEST_SPELL_SPHERE ([SPELL_ID], [SPHERE_ID]) VALUES (5004, 17);
INSERT INTO PRIEST_SPELL_SPHERE ([SPELL_ID], [SPHERE_ID]) VALUES (5004, 18);
INSERT INTO PRIEST_SPELL_SPHERE ([SPELL_ID], [SPHERE_ID]) VALUES (5004, 19);
INSERT INTO PRIEST_SPELL_SPHERE ([SPELL_ID], [SPHERE_ID]) VALUES (5004, 20);
INSERT INTO PRIEST_SPELL_SPHERE ([SPELL_ID], [SPHERE_ID]) VALUES (5004, 21);
INSERT INTO PRIEST_SPELL_SPHERE ([SPELL_ID], [SPHERE_ID]) VALUES (5005, 6);			--Commune
INSERT INTO PRIEST_SPELL_SPHERE ([SPELL_ID], [SPHERE_ID]) VALUES (5006, 6);			--Commune with nature
INSERT INTO PRIEST_SPELL_SPHERE ([SPELL_ID], [SPHERE_ID]) VALUES (5006, 7);
INSERT INTO PRIEST_SPELL_SPHERE ([SPELL_ID], [SPHERE_ID]) VALUES (5007, 21);		--Control winds
INSERT INTO PRIEST_SPELL_SPHERE ([SPELL_ID], [SPHERE_ID]) VALUES (5008, 9);			--Cure critical wounds
INSERT INTO PRIEST_SPELL_SPHERE ([SPELL_ID], [SPHERE_ID]) VALUES (5009, 14);		--Dispel evil
INSERT INTO PRIEST_SPELL_SPHERE ([SPELL_ID], [SPHERE_ID]) VALUES (5009, 15);
INSERT INTO PRIEST_SPELL_SPHERE ([SPELL_ID], [SPHERE_ID]) VALUES (5010, 4);			--Flame strike
INSERT INTO PRIEST_SPELL_SPHERE ([SPELL_ID], [SPHERE_ID]) VALUES (5011, 4);			--Insect plague
INSERT INTO PRIEST_SPELL_SPHERE ([SPELL_ID], [SPHERE_ID]) VALUES (5012, 6);			--Magic font
INSERT INTO PRIEST_SPELL_SPHERE ([SPELL_ID], [SPHERE_ID]) VALUES (5013, 18);		--Moonbeam
INSERT INTO PRIEST_SPELL_SPHERE ([SPELL_ID], [SPHERE_ID]) VALUES (5014, 13);		--Pass plant
INSERT INTO PRIEST_SPELL_SPHERE ([SPELL_ID], [SPHERE_ID]) VALUES (5015, 2);			--Plane shift
INSERT INTO PRIEST_SPELL_SPHERE ([SPELL_ID], [SPHERE_ID]) VALUES (5016, 3);			--Quest
INSERT INTO PRIEST_SPELL_SPHERE ([SPELL_ID], [SPHERE_ID]) VALUES (5017, 18);		--Rainbow
INSERT INTO PRIEST_SPELL_SPHERE ([SPELL_ID], [SPHERE_ID]) VALUES (5017, 21);
INSERT INTO PRIEST_SPELL_SPHERE ([SPELL_ID], [SPHERE_ID]) VALUES (5018, 11);		--Raise dead
INSERT INTO PRIEST_SPELL_SPHERE ([SPELL_ID], [SPHERE_ID]) VALUES (5019, 7);			--Spike stones
INSERT INTO PRIEST_SPELL_SPHERE ([SPELL_ID], [SPHERE_ID]) VALUES (5020, 7);			--Transmute rock to mud
INSERT INTO PRIEST_SPELL_SPHERE ([SPELL_ID], [SPHERE_ID]) VALUES (5021, 6);			--True seeing
INSERT INTO PRIEST_SPELL_SPHERE ([SPELL_ID], [SPHERE_ID]) VALUES (5022, 7);			--Wall of fire
INSERT INTO PRIEST_SPELL_SPHERE ([SPELL_ID], [SPHERE_ID]) VALUES (6000, 15);		--Aerial servant
INSERT INTO PRIEST_SPELL_SPHERE ([SPELL_ID], [SPHERE_ID]) VALUES (6001, 1);			--Animal summoning iii
INSERT INTO PRIEST_SPELL_SPHERE ([SPELL_ID], [SPHERE_ID]) VALUES (6001, 15);
INSERT INTO PRIEST_SPELL_SPHERE ([SPELL_ID], [SPHERE_ID]) VALUES (6002, 5);			--Animate object
INSERT INTO PRIEST_SPELL_SPHERE ([SPELL_ID], [SPHERE_ID]) VALUES (6002, 15);
INSERT INTO PRIEST_SPELL_SPHERE ([SPELL_ID], [SPHERE_ID]) VALUES (6003, 1);			--Antianimal shell
INSERT INTO PRIEST_SPELL_SPHERE ([SPELL_ID], [SPHERE_ID]) VALUES (6003, 14);
INSERT INTO PRIEST_SPELL_SPHERE ([SPELL_ID], [SPHERE_ID]) VALUES (6004, 8);			--Blade barrier
INSERT INTO PRIEST_SPELL_SPHERE ([SPELL_ID], [SPHERE_ID]) VALUES (6004, 5);
INSERT INTO PRIEST_SPELL_SPHERE ([SPELL_ID], [SPHERE_ID]) VALUES (6005, 15);		--Conjure animals
INSERT INTO PRIEST_SPELL_SPHERE ([SPELL_ID], [SPHERE_ID]) VALUES (6006, 7);			--Conjure fire elemental
INSERT INTO PRIEST_SPELL_SPHERE ([SPELL_ID], [SPHERE_ID]) VALUES (6007, 6);			--Find the path
INSERT INTO PRIEST_SPELL_SPHERE ([SPELL_ID], [SPHERE_ID]) VALUES (6008, 7);			--Fire seeds
INSERT INTO PRIEST_SPELL_SPHERE ([SPELL_ID], [SPHERE_ID]) VALUES (6009, 14);		--Forbiddance
INSERT INTO PRIEST_SPELL_SPHERE ([SPELL_ID], [SPHERE_ID]) VALUES (6010, 9);			--Heal
INSERT INTO PRIEST_SPELL_SPHERE ([SPELL_ID], [SPHERE_ID]) VALUES (6011, 5);			--Heroes feast
INSERT INTO PRIEST_SPELL_SPHERE ([SPELL_ID], [SPHERE_ID]) VALUES (6012, 13);		--Liveoak
INSERT INTO PRIEST_SPELL_SPHERE ([SPELL_ID], [SPHERE_ID]) VALUES (6013, 7);			--Part water
INSERT INTO PRIEST_SPELL_SPHERE ([SPELL_ID], [SPHERE_ID]) VALUES (6014, 6);			--Speak with monsters
INSERT INTO PRIEST_SPELL_SPHERE ([SPELL_ID], [SPHERE_ID]) VALUES (6015, 6);			--Stone tell
INSERT INTO PRIEST_SPELL_SPHERE ([SPELL_ID], [SPHERE_ID]) VALUES (6015, 7);			--Stone tell
INSERT INTO PRIEST_SPELL_SPHERE ([SPELL_ID], [SPHERE_ID]) VALUES (6016, 7);			--Transmute water to dust
INSERT INTO PRIEST_SPELL_SPHERE ([SPELL_ID], [SPHERE_ID]) VALUES (6017, 13);		--Transport via plants
INSERT INTO PRIEST_SPELL_SPHERE ([SPELL_ID], [SPHERE_ID]) VALUES (6018, 13);		--Turn wood
INSERT INTO PRIEST_SPELL_SPHERE ([SPELL_ID], [SPHERE_ID]) VALUES (6019, 5);			--Wall of thorns
INSERT INTO PRIEST_SPELL_SPHERE ([SPELL_ID], [SPHERE_ID]) VALUES (6019, 13);
INSERT INTO PRIEST_SPELL_SPHERE ([SPELL_ID], [SPHERE_ID]) VALUES (6020, 21);		--Weather summoning
INSERT INTO PRIEST_SPELL_SPHERE ([SPELL_ID], [SPHERE_ID]) VALUES (6021, 15);		--Word of recall
INSERT INTO PRIEST_SPELL_SPHERE ([SPELL_ID], [SPHERE_ID]) VALUES (7000, 7);			--Animate rock
INSERT INTO PRIEST_SPELL_SPHERE ([SPELL_ID], [SPHERE_ID]) VALUES (7001, 2);			--Astral spell
INSERT INTO PRIEST_SPELL_SPHERE ([SPELL_ID], [SPHERE_ID]) VALUES (7002, 5);			--Changestaff
INSERT INTO PRIEST_SPELL_SPHERE ([SPELL_ID], [SPHERE_ID]) VALUES (7002, 13);
INSERT INTO PRIEST_SPELL_SPHERE ([SPELL_ID], [SPHERE_ID]) VALUES (7003, 5);			--Chariot of sustarre
INSERT INTO PRIEST_SPELL_SPHERE ([SPELL_ID], [SPHERE_ID]) VALUES (7003, 7);
INSERT INTO PRIEST_SPELL_SPHERE ([SPELL_ID], [SPHERE_ID]) VALUES (7004, 3);			--Confusion
INSERT INTO PRIEST_SPELL_SPHERE ([SPELL_ID], [SPHERE_ID]) VALUES (7005, 7);			--Conjure earth elemental
INSERT INTO PRIEST_SPELL_SPHERE ([SPELL_ID], [SPHERE_ID]) VALUES (7005, 15);
INSERT INTO PRIEST_SPELL_SPHERE ([SPELL_ID], [SPHERE_ID]) VALUES (7006, 21);		--Control weather
INSERT INTO PRIEST_SPELL_SPHERE ([SPELL_ID], [SPHERE_ID]) VALUES (7007, 1);			--Creeping doom
INSERT INTO PRIEST_SPELL_SPHERE ([SPELL_ID], [SPHERE_ID]) VALUES (7007, 15);
INSERT INTO PRIEST_SPELL_SPHERE ([SPELL_ID], [SPHERE_ID]) VALUES (7008, 7);			--Earthquake
INSERT INTO PRIEST_SPELL_SPHERE ([SPELL_ID], [SPHERE_ID]) VALUES (7009, 3);			--Exaction
INSERT INTO PRIEST_SPELL_SPHERE ([SPELL_ID], [SPHERE_ID]) VALUES (7009, 15);
INSERT INTO PRIEST_SPELL_SPHERE ([SPELL_ID], [SPHERE_ID]) VALUES (7010, 7);			--Fire storm
INSERT INTO PRIEST_SPELL_SPHERE ([SPELL_ID], [SPHERE_ID]) VALUES (7011, 15);		--Gate
INSERT INTO PRIEST_SPELL_SPHERE ([SPELL_ID], [SPHERE_ID]) VALUES (7012, 4);			--Holy word
INSERT INTO PRIEST_SPELL_SPHERE ([SPELL_ID], [SPHERE_ID]) VALUES (7013, 11);		--Regenerate
INSERT INTO PRIEST_SPELL_SPHERE ([SPELL_ID], [SPHERE_ID]) VALUES (7014, 11);		--Reincarnate
INSERT INTO PRIEST_SPELL_SPHERE ([SPELL_ID], [SPHERE_ID]) VALUES (7015, 11);		--Restoration
INSERT INTO PRIEST_SPELL_SPHERE ([SPELL_ID], [SPHERE_ID]) VALUES (7016, 11);		--Resurrection
INSERT INTO PRIEST_SPELL_SPHERE ([SPELL_ID], [SPHERE_ID]) VALUES (7017, 15);		--Succor
INSERT INTO PRIEST_SPELL_SPHERE ([SPELL_ID], [SPHERE_ID]) VALUES (7018, 18);		--Sunray
INSERT INTO PRIEST_SPELL_SPHERE ([SPELL_ID], [SPHERE_ID]) VALUES (7019, 8);			--Symbol
INSERT INTO PRIEST_SPELL_SPHERE ([SPELL_ID], [SPHERE_ID]) VALUES (7020, 7);			--Transmute metal to wood
INSERT INTO PRIEST_SPELL_SPHERE ([SPELL_ID], [SPHERE_ID]) VALUES (7021, 7);			--Wind walk

COMMIT TRANSACTION;

-------------------------------------------------------------------------------------------------------------

BEGIN TRANSACTION;

INSERT INTO THIEVING_SKILL_RACIAL_ADJUSTMENTS ([THIEVING_SKILL], [RACE_ID], [MODIFIER]) VALUES (0, 2, NULL);
INSERT INTO THIEVING_SKILL_RACIAL_ADJUSTMENTS ([THIEVING_SKILL], [RACE_ID], [MODIFIER]) VALUES (0, 1, 5);
INSERT INTO THIEVING_SKILL_RACIAL_ADJUSTMENTS ([THIEVING_SKILL], [RACE_ID], [MODIFIER]) VALUES (0, 3, NULL);
INSERT INTO THIEVING_SKILL_RACIAL_ADJUSTMENTS ([THIEVING_SKILL], [RACE_ID], [MODIFIER]) VALUES (0, 4, 10);
INSERT INTO THIEVING_SKILL_RACIAL_ADJUSTMENTS ([THIEVING_SKILL], [RACE_ID], [MODIFIER]) VALUES (0, 5, 5);

INSERT INTO THIEVING_SKILL_RACIAL_ADJUSTMENTS ([THIEVING_SKILL], [RACE_ID], [MODIFIER]) VALUES (1, 2, 10);
INSERT INTO THIEVING_SKILL_RACIAL_ADJUSTMENTS ([THIEVING_SKILL], [RACE_ID], [MODIFIER]) VALUES (1, 1, -5);
INSERT INTO THIEVING_SKILL_RACIAL_ADJUSTMENTS ([THIEVING_SKILL], [RACE_ID], [MODIFIER]) VALUES (1, 3, 5);
INSERT INTO THIEVING_SKILL_RACIAL_ADJUSTMENTS ([THIEVING_SKILL], [RACE_ID], [MODIFIER]) VALUES (1, 4, NULL);
INSERT INTO THIEVING_SKILL_RACIAL_ADJUSTMENTS ([THIEVING_SKILL], [RACE_ID], [MODIFIER]) VALUES (1, 5, 5);

INSERT INTO THIEVING_SKILL_RACIAL_ADJUSTMENTS ([THIEVING_SKILL], [RACE_ID], [MODIFIER]) VALUES (2, 2, 15);
INSERT INTO THIEVING_SKILL_RACIAL_ADJUSTMENTS ([THIEVING_SKILL], [RACE_ID], [MODIFIER]) VALUES (2, 1, NULL);
INSERT INTO THIEVING_SKILL_RACIAL_ADJUSTMENTS ([THIEVING_SKILL], [RACE_ID], [MODIFIER]) VALUES (2, 3, 10);
INSERT INTO THIEVING_SKILL_RACIAL_ADJUSTMENTS ([THIEVING_SKILL], [RACE_ID], [MODIFIER]) VALUES (2, 4, NULL);
INSERT INTO THIEVING_SKILL_RACIAL_ADJUSTMENTS ([THIEVING_SKILL], [RACE_ID], [MODIFIER]) VALUES (2, 5, 5);

INSERT INTO THIEVING_SKILL_RACIAL_ADJUSTMENTS ([THIEVING_SKILL], [RACE_ID], [MODIFIER]) VALUES (3, 2, NULL);
INSERT INTO THIEVING_SKILL_RACIAL_ADJUSTMENTS ([THIEVING_SKILL], [RACE_ID], [MODIFIER]) VALUES (3, 1, 5);
INSERT INTO THIEVING_SKILL_RACIAL_ADJUSTMENTS ([THIEVING_SKILL], [RACE_ID], [MODIFIER]) VALUES (3, 3, 5);
INSERT INTO THIEVING_SKILL_RACIAL_ADJUSTMENTS ([THIEVING_SKILL], [RACE_ID], [MODIFIER]) VALUES (3, 4, NULL);
INSERT INTO THIEVING_SKILL_RACIAL_ADJUSTMENTS ([THIEVING_SKILL], [RACE_ID], [MODIFIER]) VALUES (3, 5, 10);

INSERT INTO THIEVING_SKILL_RACIAL_ADJUSTMENTS ([THIEVING_SKILL], [RACE_ID], [MODIFIER]) VALUES (4, 2, NULL);
INSERT INTO THIEVING_SKILL_RACIAL_ADJUSTMENTS ([THIEVING_SKILL], [RACE_ID], [MODIFIER]) VALUES (4, 1, 10);
INSERT INTO THIEVING_SKILL_RACIAL_ADJUSTMENTS ([THIEVING_SKILL], [RACE_ID], [MODIFIER]) VALUES (4, 3, 5);
INSERT INTO THIEVING_SKILL_RACIAL_ADJUSTMENTS ([THIEVING_SKILL], [RACE_ID], [MODIFIER]) VALUES (4, 4, 5);
INSERT INTO THIEVING_SKILL_RACIAL_ADJUSTMENTS ([THIEVING_SKILL], [RACE_ID], [MODIFIER]) VALUES (4, 5, 15);

INSERT INTO THIEVING_SKILL_RACIAL_ADJUSTMENTS ([THIEVING_SKILL], [RACE_ID], [MODIFIER]) VALUES (5, 2, NULL);
INSERT INTO THIEVING_SKILL_RACIAL_ADJUSTMENTS ([THIEVING_SKILL], [RACE_ID], [MODIFIER]) VALUES (5, 1, 5);
INSERT INTO THIEVING_SKILL_RACIAL_ADJUSTMENTS ([THIEVING_SKILL], [RACE_ID], [MODIFIER]) VALUES (5, 3, 10);
INSERT INTO THIEVING_SKILL_RACIAL_ADJUSTMENTS ([THIEVING_SKILL], [RACE_ID], [MODIFIER]) VALUES (5, 4, NULL);
INSERT INTO THIEVING_SKILL_RACIAL_ADJUSTMENTS ([THIEVING_SKILL], [RACE_ID], [MODIFIER]) VALUES (5, 5, 5);

INSERT INTO THIEVING_SKILL_RACIAL_ADJUSTMENTS ([THIEVING_SKILL], [RACE_ID], [MODIFIER]) VALUES (6, 2, -10);
INSERT INTO THIEVING_SKILL_RACIAL_ADJUSTMENTS ([THIEVING_SKILL], [RACE_ID], [MODIFIER]) VALUES (6, 1, NULL);
INSERT INTO THIEVING_SKILL_RACIAL_ADJUSTMENTS ([THIEVING_SKILL], [RACE_ID], [MODIFIER]) VALUES (6, 3, -15);
INSERT INTO THIEVING_SKILL_RACIAL_ADJUSTMENTS ([THIEVING_SKILL], [RACE_ID], [MODIFIER]) VALUES (6, 4, NULL);
INSERT INTO THIEVING_SKILL_RACIAL_ADJUSTMENTS ([THIEVING_SKILL], [RACE_ID], [MODIFIER]) VALUES (6, 5, -15);

INSERT INTO THIEVING_SKILL_RACIAL_ADJUSTMENTS ([THIEVING_SKILL], [RACE_ID], [MODIFIER]) VALUES (7, 2, -5);
INSERT INTO THIEVING_SKILL_RACIAL_ADJUSTMENTS ([THIEVING_SKILL], [RACE_ID], [MODIFIER]) VALUES (7, 1, NULL);
INSERT INTO THIEVING_SKILL_RACIAL_ADJUSTMENTS ([THIEVING_SKILL], [RACE_ID], [MODIFIER]) VALUES (7, 3, NULL);
INSERT INTO THIEVING_SKILL_RACIAL_ADJUSTMENTS ([THIEVING_SKILL], [RACE_ID], [MODIFIER]) VALUES (7, 4, NULL);
INSERT INTO THIEVING_SKILL_RACIAL_ADJUSTMENTS ([THIEVING_SKILL], [RACE_ID], [MODIFIER]) VALUES (7, 5, -5);

COMMIT TRANSACTION;

-------------------------------------------------------------------------------------------------------------

BEGIN TRANSACTION;

INSERT INTO THIEVING_SKILL_DEXTERITY_ADJUSTMENTS ([DEXTERITY], [THIEVING_SKILL], [MODIFIER]) VALUES (9, 0, -15);
INSERT INTO THIEVING_SKILL_DEXTERITY_ADJUSTMENTS ([DEXTERITY], [THIEVING_SKILL], [MODIFIER]) VALUES (9, 1, -10);
INSERT INTO THIEVING_SKILL_DEXTERITY_ADJUSTMENTS ([DEXTERITY], [THIEVING_SKILL], [MODIFIER]) VALUES (9, 2, -10);
INSERT INTO THIEVING_SKILL_DEXTERITY_ADJUSTMENTS ([DEXTERITY], [THIEVING_SKILL], [MODIFIER]) VALUES (9, 3, -20);
INSERT INTO THIEVING_SKILL_DEXTERITY_ADJUSTMENTS ([DEXTERITY], [THIEVING_SKILL], [MODIFIER]) VALUES (9, 4, -10);

INSERT INTO THIEVING_SKILL_DEXTERITY_ADJUSTMENTS ([DEXTERITY], [THIEVING_SKILL], [MODIFIER]) VALUES (10, 0, -10);
INSERT INTO THIEVING_SKILL_DEXTERITY_ADJUSTMENTS ([DEXTERITY], [THIEVING_SKILL], [MODIFIER]) VALUES (10, 1, -5);
INSERT INTO THIEVING_SKILL_DEXTERITY_ADJUSTMENTS ([DEXTERITY], [THIEVING_SKILL], [MODIFIER]) VALUES (10, 2, -10);
INSERT INTO THIEVING_SKILL_DEXTERITY_ADJUSTMENTS ([DEXTERITY], [THIEVING_SKILL], [MODIFIER]) VALUES (10, 3, -15);
INSERT INTO THIEVING_SKILL_DEXTERITY_ADJUSTMENTS ([DEXTERITY], [THIEVING_SKILL], [MODIFIER]) VALUES (10, 4, -5);

INSERT INTO THIEVING_SKILL_DEXTERITY_ADJUSTMENTS ([DEXTERITY], [THIEVING_SKILL], [MODIFIER]) VALUES (11, 0, -5);
INSERT INTO THIEVING_SKILL_DEXTERITY_ADJUSTMENTS ([DEXTERITY], [THIEVING_SKILL], [MODIFIER]) VALUES (11, 1, NULL);
INSERT INTO THIEVING_SKILL_DEXTERITY_ADJUSTMENTS ([DEXTERITY], [THIEVING_SKILL], [MODIFIER]) VALUES (11, 2, -5);
INSERT INTO THIEVING_SKILL_DEXTERITY_ADJUSTMENTS ([DEXTERITY], [THIEVING_SKILL], [MODIFIER]) VALUES (11, 3, -10);
INSERT INTO THIEVING_SKILL_DEXTERITY_ADJUSTMENTS ([DEXTERITY], [THIEVING_SKILL], [MODIFIER]) VALUES (11, 4, NULL);

INSERT INTO THIEVING_SKILL_DEXTERITY_ADJUSTMENTS ([DEXTERITY], [THIEVING_SKILL], [MODIFIER]) VALUES (12, 0, NULL);
INSERT INTO THIEVING_SKILL_DEXTERITY_ADJUSTMENTS ([DEXTERITY], [THIEVING_SKILL], [MODIFIER]) VALUES (12, 1, NULL);
INSERT INTO THIEVING_SKILL_DEXTERITY_ADJUSTMENTS ([DEXTERITY], [THIEVING_SKILL], [MODIFIER]) VALUES (12, 2, NULL);
INSERT INTO THIEVING_SKILL_DEXTERITY_ADJUSTMENTS ([DEXTERITY], [THIEVING_SKILL], [MODIFIER]) VALUES (12, 3, -5);
INSERT INTO THIEVING_SKILL_DEXTERITY_ADJUSTMENTS ([DEXTERITY], [THIEVING_SKILL], [MODIFIER]) VALUES (12, 4, NULL);

INSERT INTO THIEVING_SKILL_DEXTERITY_ADJUSTMENTS ([DEXTERITY], [THIEVING_SKILL], [MODIFIER]) VALUES (13, 0, NULL);
INSERT INTO THIEVING_SKILL_DEXTERITY_ADJUSTMENTS ([DEXTERITY], [THIEVING_SKILL], [MODIFIER]) VALUES (13, 1, NULL);
INSERT INTO THIEVING_SKILL_DEXTERITY_ADJUSTMENTS ([DEXTERITY], [THIEVING_SKILL], [MODIFIER]) VALUES (13, 2, NULL);
INSERT INTO THIEVING_SKILL_DEXTERITY_ADJUSTMENTS ([DEXTERITY], [THIEVING_SKILL], [MODIFIER]) VALUES (13, 3, NULL);
INSERT INTO THIEVING_SKILL_DEXTERITY_ADJUSTMENTS ([DEXTERITY], [THIEVING_SKILL], [MODIFIER]) VALUES (13, 4, NULL);

INSERT INTO THIEVING_SKILL_DEXTERITY_ADJUSTMENTS ([DEXTERITY], [THIEVING_SKILL], [MODIFIER]) VALUES (16, 0, NULL);
INSERT INTO THIEVING_SKILL_DEXTERITY_ADJUSTMENTS ([DEXTERITY], [THIEVING_SKILL], [MODIFIER]) VALUES (16, 1, 5);
INSERT INTO THIEVING_SKILL_DEXTERITY_ADJUSTMENTS ([DEXTERITY], [THIEVING_SKILL], [MODIFIER]) VALUES (16, 2, NULL);
INSERT INTO THIEVING_SKILL_DEXTERITY_ADJUSTMENTS ([DEXTERITY], [THIEVING_SKILL], [MODIFIER]) VALUES (16, 3, NULL);
INSERT INTO THIEVING_SKILL_DEXTERITY_ADJUSTMENTS ([DEXTERITY], [THIEVING_SKILL], [MODIFIER]) VALUES (16, 4, NULL);

INSERT INTO THIEVING_SKILL_DEXTERITY_ADJUSTMENTS ([DEXTERITY], [THIEVING_SKILL], [MODIFIER]) VALUES (17, 0, 5);
INSERT INTO THIEVING_SKILL_DEXTERITY_ADJUSTMENTS ([DEXTERITY], [THIEVING_SKILL], [MODIFIER]) VALUES (17, 1, 10);
INSERT INTO THIEVING_SKILL_DEXTERITY_ADJUSTMENTS ([DEXTERITY], [THIEVING_SKILL], [MODIFIER]) VALUES (17, 2, NULL);
INSERT INTO THIEVING_SKILL_DEXTERITY_ADJUSTMENTS ([DEXTERITY], [THIEVING_SKILL], [MODIFIER]) VALUES (17, 3, 5);
INSERT INTO THIEVING_SKILL_DEXTERITY_ADJUSTMENTS ([DEXTERITY], [THIEVING_SKILL], [MODIFIER]) VALUES (17, 4, 5);

INSERT INTO THIEVING_SKILL_DEXTERITY_ADJUSTMENTS ([DEXTERITY], [THIEVING_SKILL], [MODIFIER]) VALUES (18, 0, 10);
INSERT INTO THIEVING_SKILL_DEXTERITY_ADJUSTMENTS ([DEXTERITY], [THIEVING_SKILL], [MODIFIER]) VALUES (18, 1, 15);
INSERT INTO THIEVING_SKILL_DEXTERITY_ADJUSTMENTS ([DEXTERITY], [THIEVING_SKILL], [MODIFIER]) VALUES (18, 2, 5);
INSERT INTO THIEVING_SKILL_DEXTERITY_ADJUSTMENTS ([DEXTERITY], [THIEVING_SKILL], [MODIFIER]) VALUES (18, 3, 10);
INSERT INTO THIEVING_SKILL_DEXTERITY_ADJUSTMENTS ([DEXTERITY], [THIEVING_SKILL], [MODIFIER]) VALUES (18, 4, 10);

INSERT INTO THIEVING_SKILL_DEXTERITY_ADJUSTMENTS ([DEXTERITY], [THIEVING_SKILL], [MODIFIER]) VALUES (19, 0, 15);
INSERT INTO THIEVING_SKILL_DEXTERITY_ADJUSTMENTS ([DEXTERITY], [THIEVING_SKILL], [MODIFIER]) VALUES (19, 1, 20);
INSERT INTO THIEVING_SKILL_DEXTERITY_ADJUSTMENTS ([DEXTERITY], [THIEVING_SKILL], [MODIFIER]) VALUES (19, 2, 10);
INSERT INTO THIEVING_SKILL_DEXTERITY_ADJUSTMENTS ([DEXTERITY], [THIEVING_SKILL], [MODIFIER]) VALUES (19, 3, 15);
INSERT INTO THIEVING_SKILL_DEXTERITY_ADJUSTMENTS ([DEXTERITY], [THIEVING_SKILL], [MODIFIER]) VALUES (19, 4, 15);

COMMIT TRANSACTION;

-------------------------------------------------------------------------------------------------------------

BEGIN TRANSACTION;

INSERT INTO THIEVING_SKILL_ARMOUR_ADJUSTMENTS ([THIEVING_SKILL], [ARMOUR_ID], [MODIFIER]) VALUES (0, NULL, 5);
INSERT INTO THIEVING_SKILL_ARMOUR_ADJUSTMENTS ([THIEVING_SKILL], [ARMOUR_ID], [MODIFIER]) VALUES (1, NULL, NULL);
INSERT INTO THIEVING_SKILL_ARMOUR_ADJUSTMENTS ([THIEVING_SKILL], [ARMOUR_ID], [MODIFIER]) VALUES (2, NULL, NULL);
INSERT INTO THIEVING_SKILL_ARMOUR_ADJUSTMENTS ([THIEVING_SKILL], [ARMOUR_ID], [MODIFIER]) VALUES (3, NULL, 10);
INSERT INTO THIEVING_SKILL_ARMOUR_ADJUSTMENTS ([THIEVING_SKILL], [ARMOUR_ID], [MODIFIER]) VALUES (4, NULL, 5);
INSERT INTO THIEVING_SKILL_ARMOUR_ADJUSTMENTS ([THIEVING_SKILL], [ARMOUR_ID], [MODIFIER]) VALUES (5, NULL, NULL);
INSERT INTO THIEVING_SKILL_ARMOUR_ADJUSTMENTS ([THIEVING_SKILL], [ARMOUR_ID], [MODIFIER]) VALUES (6, NULL, 10);
INSERT INTO THIEVING_SKILL_ARMOUR_ADJUSTMENTS ([THIEVING_SKILL], [ARMOUR_ID], [MODIFIER]) VALUES (7, NULL, NULL);

INSERT INTO THIEVING_SKILL_ARMOUR_ADJUSTMENTS ([THIEVING_SKILL], [ARMOUR_ID], [MODIFIER]) VALUES (0, 8020, -20);
INSERT INTO THIEVING_SKILL_ARMOUR_ADJUSTMENTS ([THIEVING_SKILL], [ARMOUR_ID], [MODIFIER]) VALUES (1, 8020, -5);
INSERT INTO THIEVING_SKILL_ARMOUR_ADJUSTMENTS ([THIEVING_SKILL], [ARMOUR_ID], [MODIFIER]) VALUES (2, 8020, -5);
INSERT INTO THIEVING_SKILL_ARMOUR_ADJUSTMENTS ([THIEVING_SKILL], [ARMOUR_ID], [MODIFIER]) VALUES (3, 8020, -10);
INSERT INTO THIEVING_SKILL_ARMOUR_ADJUSTMENTS ([THIEVING_SKILL], [ARMOUR_ID], [MODIFIER]) VALUES (4, 8020, -10);
INSERT INTO THIEVING_SKILL_ARMOUR_ADJUSTMENTS ([THIEVING_SKILL], [ARMOUR_ID], [MODIFIER]) VALUES (5, 8020, -5);
INSERT INTO THIEVING_SKILL_ARMOUR_ADJUSTMENTS ([THIEVING_SKILL], [ARMOUR_ID], [MODIFIER]) VALUES (6, 8020, -20);
INSERT INTO THIEVING_SKILL_ARMOUR_ADJUSTMENTS ([THIEVING_SKILL], [ARMOUR_ID], [MODIFIER]) VALUES (7, 8020, NULL);

INSERT INTO THIEVING_SKILL_ARMOUR_ADJUSTMENTS ([THIEVING_SKILL], [ARMOUR_ID], [MODIFIER]) VALUES (0, 8008, -30);
INSERT INTO THIEVING_SKILL_ARMOUR_ADJUSTMENTS ([THIEVING_SKILL], [ARMOUR_ID], [MODIFIER]) VALUES (1, 8008, -10);
INSERT INTO THIEVING_SKILL_ARMOUR_ADJUSTMENTS ([THIEVING_SKILL], [ARMOUR_ID], [MODIFIER]) VALUES (2, 8008, -10);
INSERT INTO THIEVING_SKILL_ARMOUR_ADJUSTMENTS ([THIEVING_SKILL], [ARMOUR_ID], [MODIFIER]) VALUES (3, 8008, -20);
INSERT INTO THIEVING_SKILL_ARMOUR_ADJUSTMENTS ([THIEVING_SKILL], [ARMOUR_ID], [MODIFIER]) VALUES (4, 8008, -20);
INSERT INTO THIEVING_SKILL_ARMOUR_ADJUSTMENTS ([THIEVING_SKILL], [ARMOUR_ID], [MODIFIER]) VALUES (5, 8008, -10);
INSERT INTO THIEVING_SKILL_ARMOUR_ADJUSTMENTS ([THIEVING_SKILL], [ARMOUR_ID], [MODIFIER]) VALUES (6, 8008, -30);
INSERT INTO THIEVING_SKILL_ARMOUR_ADJUSTMENTS ([THIEVING_SKILL], [ARMOUR_ID], [MODIFIER]) VALUES (7, 8008, NULL);

INSERT INTO THIEVING_SKILL_ARMOUR_ADJUSTMENTS ([THIEVING_SKILL], [ARMOUR_ID], [MODIFIER]) VALUES (0, 8010, -30);
INSERT INTO THIEVING_SKILL_ARMOUR_ADJUSTMENTS ([THIEVING_SKILL], [ARMOUR_ID], [MODIFIER]) VALUES (1, 8010, -10);
INSERT INTO THIEVING_SKILL_ARMOUR_ADJUSTMENTS ([THIEVING_SKILL], [ARMOUR_ID], [MODIFIER]) VALUES (2, 8010, -10);
INSERT INTO THIEVING_SKILL_ARMOUR_ADJUSTMENTS ([THIEVING_SKILL], [ARMOUR_ID], [MODIFIER]) VALUES (3, 8010, -20);
INSERT INTO THIEVING_SKILL_ARMOUR_ADJUSTMENTS ([THIEVING_SKILL], [ARMOUR_ID], [MODIFIER]) VALUES (4, 8010, -20);
INSERT INTO THIEVING_SKILL_ARMOUR_ADJUSTMENTS ([THIEVING_SKILL], [ARMOUR_ID], [MODIFIER]) VALUES (5, 8010, -10);
INSERT INTO THIEVING_SKILL_ARMOUR_ADJUSTMENTS ([THIEVING_SKILL], [ARMOUR_ID], [MODIFIER]) VALUES (6, 8010, -30);
INSERT INTO THIEVING_SKILL_ARMOUR_ADJUSTMENTS ([THIEVING_SKILL], [ARMOUR_ID], [MODIFIER]) VALUES (7, 8010, NULL);

INSERT INTO THIEVING_SKILL_ARMOUR_ADJUSTMENTS ([THIEVING_SKILL], [ARMOUR_ID], [MODIFIER]) VALUES (0, 8019, -30);
INSERT INTO THIEVING_SKILL_ARMOUR_ADJUSTMENTS ([THIEVING_SKILL], [ARMOUR_ID], [MODIFIER]) VALUES (1, 8019, -10);
INSERT INTO THIEVING_SKILL_ARMOUR_ADJUSTMENTS ([THIEVING_SKILL], [ARMOUR_ID], [MODIFIER]) VALUES (2, 8019, -10);
INSERT INTO THIEVING_SKILL_ARMOUR_ADJUSTMENTS ([THIEVING_SKILL], [ARMOUR_ID], [MODIFIER]) VALUES (3, 8019, -20);
INSERT INTO THIEVING_SKILL_ARMOUR_ADJUSTMENTS ([THIEVING_SKILL], [ARMOUR_ID], [MODIFIER]) VALUES (4, 8019, -20);
INSERT INTO THIEVING_SKILL_ARMOUR_ADJUSTMENTS ([THIEVING_SKILL], [ARMOUR_ID], [MODIFIER]) VALUES (5, 8019, -10);
INSERT INTO THIEVING_SKILL_ARMOUR_ADJUSTMENTS ([THIEVING_SKILL], [ARMOUR_ID], [MODIFIER]) VALUES (6, 8019, -30);
INSERT INTO THIEVING_SKILL_ARMOUR_ADJUSTMENTS ([THIEVING_SKILL], [ARMOUR_ID], [MODIFIER]) VALUES (7, 8019, NULL);

INSERT INTO THIEVING_SKILL_ARMOUR_ADJUSTMENTS ([THIEVING_SKILL], [ARMOUR_ID], [MODIFIER]) VALUES (0, 8003, -25);
INSERT INTO THIEVING_SKILL_ARMOUR_ADJUSTMENTS ([THIEVING_SKILL], [ARMOUR_ID], [MODIFIER]) VALUES (1, 8003, -10);
INSERT INTO THIEVING_SKILL_ARMOUR_ADJUSTMENTS ([THIEVING_SKILL], [ARMOUR_ID], [MODIFIER]) VALUES (2, 8003, -10);
INSERT INTO THIEVING_SKILL_ARMOUR_ADJUSTMENTS ([THIEVING_SKILL], [ARMOUR_ID], [MODIFIER]) VALUES (3, 8003, -15);
INSERT INTO THIEVING_SKILL_ARMOUR_ADJUSTMENTS ([THIEVING_SKILL], [ARMOUR_ID], [MODIFIER]) VALUES (4, 8003, -15);
INSERT INTO THIEVING_SKILL_ARMOUR_ADJUSTMENTS ([THIEVING_SKILL], [ARMOUR_ID], [MODIFIER]) VALUES (5, 8003, -5);
INSERT INTO THIEVING_SKILL_ARMOUR_ADJUSTMENTS ([THIEVING_SKILL], [ARMOUR_ID], [MODIFIER]) VALUES (6, 8003, -25);
INSERT INTO THIEVING_SKILL_ARMOUR_ADJUSTMENTS ([THIEVING_SKILL], [ARMOUR_ID], [MODIFIER]) VALUES (7, 8003, NULL);

INSERT INTO THIEVING_SKILL_ARMOUR_ADJUSTMENTS ([THIEVING_SKILL], [ARMOUR_ID], [MODIFIER]) VALUES (0, 8012, -25);
INSERT INTO THIEVING_SKILL_ARMOUR_ADJUSTMENTS ([THIEVING_SKILL], [ARMOUR_ID], [MODIFIER]) VALUES (1, 8012, -10);
INSERT INTO THIEVING_SKILL_ARMOUR_ADJUSTMENTS ([THIEVING_SKILL], [ARMOUR_ID], [MODIFIER]) VALUES (2, 8012, -10);
INSERT INTO THIEVING_SKILL_ARMOUR_ADJUSTMENTS ([THIEVING_SKILL], [ARMOUR_ID], [MODIFIER]) VALUES (3, 8012, -15);
INSERT INTO THIEVING_SKILL_ARMOUR_ADJUSTMENTS ([THIEVING_SKILL], [ARMOUR_ID], [MODIFIER]) VALUES (4, 8012, -15);
INSERT INTO THIEVING_SKILL_ARMOUR_ADJUSTMENTS ([THIEVING_SKILL], [ARMOUR_ID], [MODIFIER]) VALUES (5, 8012, -5);
INSERT INTO THIEVING_SKILL_ARMOUR_ADJUSTMENTS ([THIEVING_SKILL], [ARMOUR_ID], [MODIFIER]) VALUES (6, 8012, -25);
INSERT INTO THIEVING_SKILL_ARMOUR_ADJUSTMENTS ([THIEVING_SKILL], [ARMOUR_ID], [MODIFIER]) VALUES (7, 8012, NULL);

COMMIT TRANSACTION;

-------------------------------------------------------------------------------------------------------------

BEGIN TRANSACTION;

INSERT INTO BACKSTAB_DAMAGE_MULTIPLIER ([LEVEL], [MULTIPLIER]) VALUES (1, 2);
INSERT INTO BACKSTAB_DAMAGE_MULTIPLIER ([LEVEL], [MULTIPLIER]) VALUES (5, 3);
INSERT INTO BACKSTAB_DAMAGE_MULTIPLIER ([LEVEL], [MULTIPLIER]) VALUES (9, 4);
INSERT INTO BACKSTAB_DAMAGE_MULTIPLIER ([LEVEL], [MULTIPLIER]) VALUES (13, 5);

COMMIT TRANSACTION;

-------------------------------------------------------------------------------------------------------------

BEGIN TRANSACTION;

INSERT INTO BARD_SPELL_PROGRESSION ([LEVEL], [SPELL_LEVEL_1], [SPELL_LEVEL_2], [SPELL_LEVEL_3], [SPELL_LEVEL_4], [SPELL_LEVEL_5], [SPELL_LEVEL_6]) VALUES ( 1, NULL, NULL, NULL, NULL, NULL, NULL);
INSERT INTO BARD_SPELL_PROGRESSION ([LEVEL], [SPELL_LEVEL_1], [SPELL_LEVEL_2], [SPELL_LEVEL_3], [SPELL_LEVEL_4], [SPELL_LEVEL_5], [SPELL_LEVEL_6]) VALUES ( 2,    1, NULL, NULL, NULL, NULL, NULL);
INSERT INTO BARD_SPELL_PROGRESSION ([LEVEL], [SPELL_LEVEL_1], [SPELL_LEVEL_2], [SPELL_LEVEL_3], [SPELL_LEVEL_4], [SPELL_LEVEL_5], [SPELL_LEVEL_6]) VALUES ( 3,    2, NULL, NULL, NULL, NULL, NULL);
INSERT INTO BARD_SPELL_PROGRESSION ([LEVEL], [SPELL_LEVEL_1], [SPELL_LEVEL_2], [SPELL_LEVEL_3], [SPELL_LEVEL_4], [SPELL_LEVEL_5], [SPELL_LEVEL_6]) VALUES ( 4,    2,    1, NULL, NULL, NULL, NULL);
INSERT INTO BARD_SPELL_PROGRESSION ([LEVEL], [SPELL_LEVEL_1], [SPELL_LEVEL_2], [SPELL_LEVEL_3], [SPELL_LEVEL_4], [SPELL_LEVEL_5], [SPELL_LEVEL_6]) VALUES ( 5,    3,    1, NULL, NULL, NULL, NULL);
INSERT INTO BARD_SPELL_PROGRESSION ([LEVEL], [SPELL_LEVEL_1], [SPELL_LEVEL_2], [SPELL_LEVEL_3], [SPELL_LEVEL_4], [SPELL_LEVEL_5], [SPELL_LEVEL_6]) VALUES ( 6,    3,    2, NULL, NULL, NULL, NULL);
INSERT INTO BARD_SPELL_PROGRESSION ([LEVEL], [SPELL_LEVEL_1], [SPELL_LEVEL_2], [SPELL_LEVEL_3], [SPELL_LEVEL_4], [SPELL_LEVEL_5], [SPELL_LEVEL_6]) VALUES ( 7,    3,    2,    1, NULL, NULL, NULL);
INSERT INTO BARD_SPELL_PROGRESSION ([LEVEL], [SPELL_LEVEL_1], [SPELL_LEVEL_2], [SPELL_LEVEL_3], [SPELL_LEVEL_4], [SPELL_LEVEL_5], [SPELL_LEVEL_6]) VALUES ( 8,    3,    3,    1, NULL, NULL, NULL);
INSERT INTO BARD_SPELL_PROGRESSION ([LEVEL], [SPELL_LEVEL_1], [SPELL_LEVEL_2], [SPELL_LEVEL_3], [SPELL_LEVEL_4], [SPELL_LEVEL_5], [SPELL_LEVEL_6]) VALUES ( 9,    3,    3,    2, NULL, NULL, NULL);
INSERT INTO BARD_SPELL_PROGRESSION ([LEVEL], [SPELL_LEVEL_1], [SPELL_LEVEL_2], [SPELL_LEVEL_3], [SPELL_LEVEL_4], [SPELL_LEVEL_5], [SPELL_LEVEL_6]) VALUES (10,    3,    3,    2,    1, NULL, NULL);
INSERT INTO BARD_SPELL_PROGRESSION ([LEVEL], [SPELL_LEVEL_1], [SPELL_LEVEL_2], [SPELL_LEVEL_3], [SPELL_LEVEL_4], [SPELL_LEVEL_5], [SPELL_LEVEL_6]) VALUES (11,    3,    3,    3,    1, NULL, NULL);
INSERT INTO BARD_SPELL_PROGRESSION ([LEVEL], [SPELL_LEVEL_1], [SPELL_LEVEL_2], [SPELL_LEVEL_3], [SPELL_LEVEL_4], [SPELL_LEVEL_5], [SPELL_LEVEL_6]) VALUES (12,    3,    3,    3,    2, NULL, NULL);
INSERT INTO BARD_SPELL_PROGRESSION ([LEVEL], [SPELL_LEVEL_1], [SPELL_LEVEL_2], [SPELL_LEVEL_3], [SPELL_LEVEL_4], [SPELL_LEVEL_5], [SPELL_LEVEL_6]) VALUES (13,    3,    3,    3,    2,    1, NULL);
INSERT INTO BARD_SPELL_PROGRESSION ([LEVEL], [SPELL_LEVEL_1], [SPELL_LEVEL_2], [SPELL_LEVEL_3], [SPELL_LEVEL_4], [SPELL_LEVEL_5], [SPELL_LEVEL_6]) VALUES (14,    3,    3,    3,    3,    1, NULL);
INSERT INTO BARD_SPELL_PROGRESSION ([LEVEL], [SPELL_LEVEL_1], [SPELL_LEVEL_2], [SPELL_LEVEL_3], [SPELL_LEVEL_4], [SPELL_LEVEL_5], [SPELL_LEVEL_6]) VALUES (15,    3,    3,    3,    3,    2, NULL);
INSERT INTO BARD_SPELL_PROGRESSION ([LEVEL], [SPELL_LEVEL_1], [SPELL_LEVEL_2], [SPELL_LEVEL_3], [SPELL_LEVEL_4], [SPELL_LEVEL_5], [SPELL_LEVEL_6]) VALUES (16,    4,    3,    3,    3,    2,    1);
INSERT INTO BARD_SPELL_PROGRESSION ([LEVEL], [SPELL_LEVEL_1], [SPELL_LEVEL_2], [SPELL_LEVEL_3], [SPELL_LEVEL_4], [SPELL_LEVEL_5], [SPELL_LEVEL_6]) VALUES (17,    4,    4,    3,    3,    3,    1);
INSERT INTO BARD_SPELL_PROGRESSION ([LEVEL], [SPELL_LEVEL_1], [SPELL_LEVEL_2], [SPELL_LEVEL_3], [SPELL_LEVEL_4], [SPELL_LEVEL_5], [SPELL_LEVEL_6]) VALUES (18,    4,    4,    4,    3,    3,    2);
INSERT INTO BARD_SPELL_PROGRESSION ([LEVEL], [SPELL_LEVEL_1], [SPELL_LEVEL_2], [SPELL_LEVEL_3], [SPELL_LEVEL_4], [SPELL_LEVEL_5], [SPELL_LEVEL_6]) VALUES (19,    4,    4,    4,    4,    3,    2);
INSERT INTO BARD_SPELL_PROGRESSION ([LEVEL], [SPELL_LEVEL_1], [SPELL_LEVEL_2], [SPELL_LEVEL_3], [SPELL_LEVEL_4], [SPELL_LEVEL_5], [SPELL_LEVEL_6]) VALUES (20,    4,    4,    4,    4,    4,    3);

COMMIT TRANSACTION;

-------------------------------------------------------------------------------------------------------------

BEGIN TRANSACTION;

INSERT INTO BARD_ABILITIES ([ABILITY_ID], [SCORE]) VALUES (6, 50);
INSERT INTO BARD_ABILITIES ([ABILITY_ID], [SCORE]) VALUES (5, 20);
INSERT INTO BARD_ABILITIES ([ABILITY_ID], [SCORE]) VALUES (0, 10);
INSERT INTO BARD_ABILITIES ([ABILITY_ID], [SCORE]) VALUES (7, 5);

COMMIT TRANSACTION;
-------------------------------------------------------------------------------------------------------------

BEGIN TRANSACTION;

INSERT INTO PROFICIENCY_SLOTS ([CLASS_TYPE_ID], [WEAPON_INITIAL_SCORE], [WEAPON_NUM_LEVELS], [PENALTY], [NON_WEAPON_INITIAL_SCORE], [NON_WEAPON_NUM_LEVELS]) VALUES (1, 4, 3, -2, 3, 3);
INSERT INTO PROFICIENCY_SLOTS ([CLASS_TYPE_ID], [WEAPON_INITIAL_SCORE], [WEAPON_NUM_LEVELS], [PENALTY], [NON_WEAPON_INITIAL_SCORE], [NON_WEAPON_NUM_LEVELS]) VALUES (2, 1, 6, -5, 4, 3);
INSERT INTO PROFICIENCY_SLOTS ([CLASS_TYPE_ID], [WEAPON_INITIAL_SCORE], [WEAPON_NUM_LEVELS], [PENALTY], [NON_WEAPON_INITIAL_SCORE], [NON_WEAPON_NUM_LEVELS]) VALUES (4, 2, 4, -3, 4, 3);
INSERT INTO PROFICIENCY_SLOTS ([CLASS_TYPE_ID], [WEAPON_INITIAL_SCORE], [WEAPON_NUM_LEVELS], [PENALTY], [NON_WEAPON_INITIAL_SCORE], [NON_WEAPON_NUM_LEVELS]) VALUES (8, 2, 4, -3, 3, 4);

COMMIT TRANSACTION;

-------------------------------------------------------------------------------------------------------------

BEGIN TRANSACTION;

INSERT INTO SPECIALIST_ATTACKS_PER_ROUND ([LEVEL], [MELEE_WEAPON_ATTACKS], [MELEE_WEAPON_ROUND], [LIGHT_X_BOW_ATTACKS], [LIGHT_X_BOW_ROUND], [HEAVY_X_BOW_ATTACKS], [HEAVY_X_BOW_ROUND], [THROWN_DAGGER_ATTACKS], [THROWN_DAGGER_ROUND], [THROWN_DART_ATTACKS], [THROWN_DART_ROUND], [OTHER_MISSILE_ATTACKS], [OTHER_MISSILE_ROUND]) VALUES ( 1, 3, 2, 1, 1, 1, 2, 3, 1, 4, 1, 3, 2);
INSERT INTO SPECIALIST_ATTACKS_PER_ROUND ([LEVEL], [MELEE_WEAPON_ATTACKS], [MELEE_WEAPON_ROUND], [LIGHT_X_BOW_ATTACKS], [LIGHT_X_BOW_ROUND], [HEAVY_X_BOW_ATTACKS], [HEAVY_X_BOW_ROUND], [THROWN_DAGGER_ATTACKS], [THROWN_DAGGER_ROUND], [THROWN_DART_ATTACKS], [THROWN_DART_ROUND], [OTHER_MISSILE_ATTACKS], [OTHER_MISSILE_ROUND]) VALUES ( 7, 2, 1, 3, 2, 1, 1, 4, 1, 5, 1, 2, 1);
INSERT INTO SPECIALIST_ATTACKS_PER_ROUND ([LEVEL], [MELEE_WEAPON_ATTACKS], [MELEE_WEAPON_ROUND], [LIGHT_X_BOW_ATTACKS], [LIGHT_X_BOW_ROUND], [HEAVY_X_BOW_ATTACKS], [HEAVY_X_BOW_ROUND], [THROWN_DAGGER_ATTACKS], [THROWN_DAGGER_ROUND], [THROWN_DART_ATTACKS], [THROWN_DART_ROUND], [OTHER_MISSILE_ATTACKS], [OTHER_MISSILE_ROUND]) VALUES (13, 5, 2, 2, 1, 3, 2, 5, 1, 6, 1, 5, 2);

COMMIT TRANSACTION;

-------------------------------------------------------------------------------------------------------------

BEGIN TRANSACTION;

INSERT INTO ELEMENT_TYPE ([ID], [NAME]) VALUES (0, 'Element');
INSERT INTO ELEMENT_TYPE ([ID], [NAME]) VALUES (1, 'Para-element');
INSERT INTO ELEMENT_TYPE ([ID], [NAME]) VALUES (2, 'Quasi-element (positive)');
INSERT INTO ELEMENT_TYPE ([ID], [NAME]) VALUES (3, 'Quasi-element (negative)');

COMMIT TRANSACTION;

-------------------------------------------------------------------------------------------------------------

BEGIN TRANSACTION;

INSERT INTO ELEMENT ([ID], [TYPE], [NAME]) VALUES (0, 0, 'Air');
INSERT INTO ELEMENT ([ID], [TYPE], [NAME]) VALUES (1, 0, 'Water');
INSERT INTO ELEMENT ([ID], [TYPE], [NAME]) VALUES (2, 0, 'Fire');
INSERT INTO ELEMENT ([ID], [TYPE], [NAME]) VALUES (3, 0, 'Earth');
INSERT INTO ELEMENT ([ID], [TYPE], [NAME]) VALUES (4, 1, 'Smoke');
INSERT INTO ELEMENT ([ID], [TYPE], [NAME]) VALUES (5, 1, 'Ice');
INSERT INTO ELEMENT ([ID], [TYPE], [NAME]) VALUES (6, 1, 'Ooze');
INSERT INTO ELEMENT ([ID], [TYPE], [NAME]) VALUES (7, 1, 'Magma');
INSERT INTO ELEMENT ([ID], [TYPE], [NAME]) VALUES (8, 2, 'Lightning');
INSERT INTO ELEMENT ([ID], [TYPE], [NAME]) VALUES (9, 2, 'Steam');
INSERT INTO ELEMENT ([ID], [TYPE], [NAME]) VALUES (10, 2, 'Minerals');
INSERT INTO ELEMENT ([ID], [TYPE], [NAME]) VALUES (11, 2, 'Radiance');
INSERT INTO ELEMENT ([ID], [TYPE], [NAME]) VALUES (12, 3, 'Salt');
INSERT INTO ELEMENT ([ID], [TYPE], [NAME]) VALUES (13, 3, 'Vacuum');
INSERT INTO ELEMENT ([ID], [TYPE], [NAME]) VALUES (14, 3, 'Ash');
INSERT INTO ELEMENT ([ID], [TYPE], [NAME]) VALUES (15, 3, 'Dust');

COMMIT TRANSACTION;

-------------------------------------------------------------------------------------------------------------

BEGIN TRANSACTION;

INSERT INTO COIN ([ID], [ACRONYM], [DESCRIPTION]) VALUES (0, 'CP', 'Copper Piece');
INSERT INTO COIN ([ID], [ACRONYM], [DESCRIPTION]) VALUES (1, 'SP', 'Silver Piece');
INSERT INTO COIN ([ID], [ACRONYM], [DESCRIPTION]) VALUES (2, 'EP', 'Electrum Piece');
INSERT INTO COIN ([ID], [ACRONYM], [DESCRIPTION]) VALUES (3, 'GP', 'Gold Piece');
INSERT INTO COIN ([ID], [ACRONYM], [DESCRIPTION]) VALUES (4, 'PP', 'Platinum Piece');

COMMIT TRANSACTION;

-------------------------------------------------------------------------------------------------------------

BEGIN TRANSACTION;

INSERT INTO COIN_EXCHANGE_VALUES ([COIN_FROM], [COIN_TO], [EXCHANGE_VALUE]) VALUES (0, 0, 1.0);
INSERT INTO COIN_EXCHANGE_VALUES ([COIN_FROM], [COIN_TO], [EXCHANGE_VALUE]) VALUES (0, 1, 1.0/10.0);
INSERT INTO COIN_EXCHANGE_VALUES ([COIN_FROM], [COIN_TO], [EXCHANGE_VALUE]) VALUES (0, 2, 1.0/50.0);
INSERT INTO COIN_EXCHANGE_VALUES ([COIN_FROM], [COIN_TO], [EXCHANGE_VALUE]) VALUES (0, 3, 1.0/100.0);
INSERT INTO COIN_EXCHANGE_VALUES ([COIN_FROM], [COIN_TO], [EXCHANGE_VALUE]) VALUES (0, 4, 1.0/500.0);

INSERT INTO COIN_EXCHANGE_VALUES ([COIN_FROM], [COIN_TO], [EXCHANGE_VALUE]) VALUES (1, 0, 10.0);
INSERT INTO COIN_EXCHANGE_VALUES ([COIN_FROM], [COIN_TO], [EXCHANGE_VALUE]) VALUES (1, 1, 1.0);
INSERT INTO COIN_EXCHANGE_VALUES ([COIN_FROM], [COIN_TO], [EXCHANGE_VALUE]) VALUES (1, 2, 1.0/5.0);
INSERT INTO COIN_EXCHANGE_VALUES ([COIN_FROM], [COIN_TO], [EXCHANGE_VALUE]) VALUES (1, 3, 1.0/10.0);
INSERT INTO COIN_EXCHANGE_VALUES ([COIN_FROM], [COIN_TO], [EXCHANGE_VALUE]) VALUES (1, 4, 1.0/50.0);

INSERT INTO COIN_EXCHANGE_VALUES ([COIN_FROM], [COIN_TO], [EXCHANGE_VALUE]) VALUES (2, 0, 50.0);
INSERT INTO COIN_EXCHANGE_VALUES ([COIN_FROM], [COIN_TO], [EXCHANGE_VALUE]) VALUES (2, 1, 5.0);
INSERT INTO COIN_EXCHANGE_VALUES ([COIN_FROM], [COIN_TO], [EXCHANGE_VALUE]) VALUES (2, 2, 1.0);
INSERT INTO COIN_EXCHANGE_VALUES ([COIN_FROM], [COIN_TO], [EXCHANGE_VALUE]) VALUES (2, 3, 1.0/2.0);
INSERT INTO COIN_EXCHANGE_VALUES ([COIN_FROM], [COIN_TO], [EXCHANGE_VALUE]) VALUES (2, 4, 1.0/10.0);

INSERT INTO COIN_EXCHANGE_VALUES ([COIN_FROM], [COIN_TO], [EXCHANGE_VALUE]) VALUES (3, 0, 100.0);
INSERT INTO COIN_EXCHANGE_VALUES ([COIN_FROM], [COIN_TO], [EXCHANGE_VALUE]) VALUES (3, 1, 10.0);
INSERT INTO COIN_EXCHANGE_VALUES ([COIN_FROM], [COIN_TO], [EXCHANGE_VALUE]) VALUES (3, 2, 2.0);
INSERT INTO COIN_EXCHANGE_VALUES ([COIN_FROM], [COIN_TO], [EXCHANGE_VALUE]) VALUES (3, 3, 1.0);
INSERT INTO COIN_EXCHANGE_VALUES ([COIN_FROM], [COIN_TO], [EXCHANGE_VALUE]) VALUES (3, 4, 1.0/5.0);

INSERT INTO COIN_EXCHANGE_VALUES ([COIN_FROM], [COIN_TO], [EXCHANGE_VALUE]) VALUES (4, 0, 500.0);
INSERT INTO COIN_EXCHANGE_VALUES ([COIN_FROM], [COIN_TO], [EXCHANGE_VALUE]) VALUES (4, 1, 50.0);
INSERT INTO COIN_EXCHANGE_VALUES ([COIN_FROM], [COIN_TO], [EXCHANGE_VALUE]) VALUES (4, 2, 10.0);
INSERT INTO COIN_EXCHANGE_VALUES ([COIN_FROM], [COIN_TO], [EXCHANGE_VALUE]) VALUES (4, 3, 5.0);
INSERT INTO COIN_EXCHANGE_VALUES ([COIN_FROM], [COIN_TO], [EXCHANGE_VALUE]) VALUES (4, 4, 1.0);

COMMIT TRANSACTION;

-------------------------------------------------------------------------------------------------------------

BEGIN TRANSACTION;

INSERT INTO STARTING_MONEY ([CLASS_TYPE_ID], [DIE_NUMBER], [DIE_FACES], [DIE_BASE], [MULTIPLIER]) VALUES (1, 5, 4, 0, 10);
INSERT INTO STARTING_MONEY ([CLASS_TYPE_ID], [DIE_NUMBER], [DIE_FACES], [DIE_BASE], [MULTIPLIER]) VALUES (2, 1, 4, 1, 10);
INSERT INTO STARTING_MONEY ([CLASS_TYPE_ID], [DIE_NUMBER], [DIE_FACES], [DIE_BASE], [MULTIPLIER]) VALUES (4, 2, 6, 0, 10);
INSERT INTO STARTING_MONEY ([CLASS_TYPE_ID], [DIE_NUMBER], [DIE_FACES], [DIE_BASE], [MULTIPLIER]) VALUES (8, 3, 6, 0, 10);

COMMIT TRANSACTION;

-------------------------------------------------------------------------------------------------------------

BEGIN TRANSACTION;

INSERT INTO HAND_SLOT_TYPE ([ACRONYM], [DESCRIPTION]) VALUES ('P', 'Primary');
INSERT INTO HAND_SLOT_TYPE ([ACRONYM], [DESCRIPTION]) VALUES ('S', 'Secondary');

COMMIT TRANSACTION;

-------------------------------------------------------------------------------------------------------------

BEGIN TRANSACTION;

INSERT INTO ITEM_HAND_REQUIRED ([ACRONYM], [DESCRIPTION]) VALUES ('N', 'None');
INSERT INTO ITEM_HAND_REQUIRED ([ACRONYM], [DESCRIPTION]) VALUES ('P', 'Primary');
INSERT INTO ITEM_HAND_REQUIRED ([ACRONYM], [DESCRIPTION]) VALUES ('S', 'Secondary');
INSERT INTO ITEM_HAND_REQUIRED ([ACRONYM], [DESCRIPTION]) VALUES ('B', 'Both');

COMMIT TRANSACTION;

-------------------------------------------------------------------------------------------------------------

BEGIN TRANSACTION;

INSERT INTO ITEM_CLASS ([ACRONYM], [DESCRIPTION]) VALUES ('-', 'Common');
INSERT INTO ITEM_CLASS ([ACRONYM], [DESCRIPTION]) VALUES ('C', 'Cursed');
INSERT INTO ITEM_CLASS ([ACRONYM], [DESCRIPTION]) VALUES ('M', 'Magical');
INSERT INTO ITEM_CLASS ([ACRONYM], [DESCRIPTION]) VALUES ('A', 'Artifact');
INSERT INTO ITEM_CLASS ([ACRONYM], [DESCRIPTION]) VALUES ('U', 'Unique');

COMMIT TRANSACTION;

-------------------------------------------------------------------------------------------------------------

BEGIN TRANSACTION;

INSERT INTO EQUIPMENT_TYPE ([ID], [NAME]) VALUES (0, 'Clothing');
INSERT INTO EQUIPMENT_TYPE ([ID], [NAME]) VALUES (1, 'Daily Food and Lodging');
INSERT INTO EQUIPMENT_TYPE ([ID], [NAME]) VALUES (2, 'Household Provisioning');
INSERT INTO EQUIPMENT_TYPE ([ID], [NAME]) VALUES (3, 'Services');
INSERT INTO EQUIPMENT_TYPE ([ID], [NAME]) VALUES (4, 'Transport');
INSERT INTO EQUIPMENT_TYPE ([ID], [NAME]) VALUES (5, 'Animals');
INSERT INTO EQUIPMENT_TYPE ([ID], [NAME]) VALUES (6, 'Tack and Harness');
INSERT INTO EQUIPMENT_TYPE ([ID], [NAME]) VALUES (7, 'Miscellaneous Equipment');
INSERT INTO EQUIPMENT_TYPE ([ID], [NAME]) VALUES (8, 'Armour');
INSERT INTO EQUIPMENT_TYPE ([ID], [NAME]) VALUES (9, 'Weapons');
INSERT INTO EQUIPMENT_TYPE ([ID], [NAME]) VALUES (10, 'Projectiles');

COMMIT TRANSACTION;

-------------------------------------------------------------------------------------------------------------

BEGIN TRANSACTION;

INSERT INTO EQUIPMENT ([ID], [NAME], [TYPE], [COST_COIN], [COST_MIN]) VALUES (0000, 'Belt', 0, 1, 3);
INSERT INTO EQUIPMENT ([ID], [NAME], [TYPE], [COST_COIN], [COST_MIN]) VALUES (0001, 'Boots, riding', 0, 3, 3);
INSERT INTO EQUIPMENT ([ID], [NAME], [TYPE], [COST_COIN], [COST_MIN]) VALUES (0002, 'Boots, soft', 0, 3, 1);
INSERT INTO EQUIPMENT ([ID], [NAME], [TYPE], [COST_COIN], [COST_MIN]) VALUES (0003, 'Breeches', 0, 3, 2);
INSERT INTO EQUIPMENT ([ID], [NAME], [TYPE], [COST_COIN], [COST_MIN]) VALUES (0004, 'Cap', 0, 1, 1);
INSERT INTO EQUIPMENT ([ID], [NAME], [TYPE], [COST_COIN], [COST_MIN]) VALUES (0005, 'Cloak, good', 0, 1, 8);
INSERT INTO EQUIPMENT ([ID], [NAME], [TYPE], [COST_COIN], [COST_MIN]) VALUES (0006, 'Cloak, fine fur', 0, 3, 50);
INSERT INTO EQUIPMENT ([ID], [NAME], [TYPE], [COST_COIN], [COST_MIN]) VALUES (0007, 'Girdle', 0, 3, 3);
INSERT INTO EQUIPMENT ([ID], [NAME], [TYPE], [COST_COIN], [COST_MIN]) VALUES (0008, 'Gloves', 0, 3, 1);
INSERT INTO EQUIPMENT ([ID], [NAME], [TYPE], [COST_COIN], [COST_MIN]) VALUES (0009, 'Gown, common', 0, 1, 12);
INSERT INTO EQUIPMENT ([ID], [NAME], [TYPE], [COST_COIN], [COST_MIN]) VALUES (0010, 'Hose', 0, 3, 2);
INSERT INTO EQUIPMENT ([ID], [NAME], [TYPE], [COST_COIN], [COST_MIN]) VALUES (0011, 'Knife sheath', 0, 0, 3);
INSERT INTO EQUIPMENT ([ID], [NAME], [TYPE], [COST_COIN], [COST_MIN]) VALUES (0012, 'Mittens', 0, 1, 3);
INSERT INTO EQUIPMENT ([ID], [NAME], [TYPE], [COST_COIN], [COST_MIN]) VALUES (0013, 'Pin', 0, 3, 6);
INSERT INTO EQUIPMENT ([ID], [NAME], [TYPE], [COST_COIN], [COST_MIN]) VALUES (0014, 'Plain brooch', 0, 3, 10);
INSERT INTO EQUIPMENT ([ID], [NAME], [TYPE], [COST_COIN], [COST_MIN]) VALUES (0015, 'Robe, common', 0, 1, 9);
INSERT INTO EQUIPMENT ([ID], [NAME], [TYPE], [COST_COIN], [COST_MIN]) VALUES (0016, 'Robe, embroidered', 0, 3, 20);
INSERT INTO EQUIPMENT ([ID], [NAME], [TYPE], [COST_COIN], [COST_MIN]) VALUES (0017, 'Sandals', 0, 0, 5);
INSERT INTO EQUIPMENT ([ID], [NAME], [TYPE], [COST_COIN], [COST_MIN]) VALUES (0018, 'Sash', 0, 1, 2);
INSERT INTO EQUIPMENT ([ID], [NAME], [TYPE], [COST_COIN], [COST_MIN]) VALUES (0019, 'Shoes', 0, 3, 1);
INSERT INTO EQUIPMENT ([ID], [NAME], [TYPE], [COST_COIN], [COST_MIN]) VALUES (0020, 'Silk jacket', 0, 3, 80);
INSERT INTO EQUIPMENT ([ID], [NAME], [TYPE], [COST_COIN], [COST_MIN]) VALUES (0021, 'Surcoat', 0, 1, 6);
INSERT INTO EQUIPMENT ([ID], [NAME], [TYPE], [COST_COIN], [COST_MIN]) VALUES (0022, 'Sword scabbard (hanger, baldric)', 0, 3, 4);
INSERT INTO EQUIPMENT ([ID], [NAME], [TYPE], [COST_COIN], [COST_MIN]) VALUES (0023, 'Tabard', 0, 3, 6);
INSERT INTO EQUIPMENT ([ID], [NAME], [TYPE], [COST_COIN], [COST_MIN]) VALUES (0024, 'Toga, coarse', 0, 0, 8);
INSERT INTO EQUIPMENT ([ID], [NAME], [TYPE], [COST_COIN], [COST_MIN]) VALUES (0025, 'Tunic', 0, 1, 8);
INSERT INTO EQUIPMENT ([ID], [NAME], [TYPE], [COST_COIN], [COST_MIN]) VALUES (0026, 'Vest', 0, 1, 6);

INSERT INTO EQUIPMENT ([ID], [NAME], [TYPE], [COST_COIN], [COST_MIN]) VALUES (1000, 'Ale (one gallon)', 1, 1, 2);
INSERT INTO EQUIPMENT ([ID], [NAME], [TYPE], [COST_COIN], [COST_MIN]) VALUES (1001, 'Banquet (per person)', 1, 3, 10);
INSERT INTO EQUIPMENT ([ID], [NAME], [TYPE], [COST_COIN], [COST_MIN]) VALUES (1002, 'Bread', 1, 0, 5);
INSERT INTO EQUIPMENT ([ID], [NAME], [TYPE], [COST_COIN], [COST_MIN]) VALUES (1003, 'Cheese', 1, 1, 4);
INSERT INTO EQUIPMENT ([ID], [NAME], [TYPE], [COST_COIN], [COST_MIN]) VALUES (1004, 'City rooms (per month, common)', 1, 3, 10);
INSERT INTO EQUIPMENT ([ID], [NAME], [TYPE], [COST_COIN], [COST_MIN]) VALUES (1005, 'City rooms (per month, poor)', 1, 1, 6);
INSERT INTO EQUIPMENT ([ID], [NAME], [TYPE], [COST_COIN], [COST_MIN]) VALUES (1006, 'Common wine (pitcher)', 1, 1, 2);
INSERT INTO EQUIPMENT ([ID], [NAME], [TYPE], [COST_COIN], [COST_MIN]) VALUES (1007, 'Egg or fresh vegetables', 1, 0, 1);
INSERT INTO EQUIPMENT ([ID], [NAME], [TYPE], [COST_COIN], [COST_MIN]) VALUES (1008, 'Grain and stabling for horse (daily)', 1, 1, 5);
INSERT INTO EQUIPMENT ([ID], [NAME], [TYPE], [COST_COIN], [COST_MIN]) VALUES (1009, 'Honey', 1, 1, 5);
INSERT INTO EQUIPMENT ([ID], [NAME], [TYPE], [COST_COIN], [COST_MIN]) VALUES (1010, 'Inn lodging (per day, common)', 1, 1, 5);
INSERT INTO EQUIPMENT ([ID], [NAME], [TYPE], [COST_COIN], [COST_MIN]) VALUES (1011, 'Inn lodging (per week, common)', 1, 3, 3);
INSERT INTO EQUIPMENT ([ID], [NAME], [TYPE], [COST_COIN], [COST_MIN]) VALUES (1012, 'Inn lodging (per day, poor)', 1, 0, 5);
INSERT INTO EQUIPMENT ([ID], [NAME], [TYPE], [COST_COIN], [COST_MIN]) VALUES (1013, 'Inn lodging (per week, poor)', 1, 1, 2);
INSERT INTO EQUIPMENT ([ID], [NAME], [TYPE], [COST_COIN], [COST_MIN]) VALUES (1014, 'Meat for one meal', 1, 1, 1);
INSERT INTO EQUIPMENT ([ID], [NAME], [TYPE], [COST_COIN], [COST_MIN]) VALUES (1015, 'Meals (per day, good)', 1, 1, 5);
INSERT INTO EQUIPMENT ([ID], [NAME], [TYPE], [COST_COIN], [COST_MIN]) VALUES (1016, 'Meals (per day, common)', 1, 1, 3);
INSERT INTO EQUIPMENT ([ID], [NAME], [TYPE], [COST_COIN], [COST_MIN]) VALUES (1017, 'Meals (per day, poor)', 1, 1, 1);
INSERT INTO EQUIPMENT ([ID], [NAME], [TYPE], [COST_COIN], [COST_MIN]) VALUES (1018, 'Separate latrine for rooms (per month)', 1, 3, 2);
INSERT INTO EQUIPMENT ([ID], [NAME], [TYPE], [COST_COIN], [COST_MIN]) VALUES (1019, 'Small beer (per gallon)', 1, 0, 1);
INSERT INTO EQUIPMENT ([ID], [NAME], [TYPE], [COST_COIN], [COST_MIN]) VALUES (1020, 'Soup', 1, 0, 5);

INSERT INTO EQUIPMENT ([ID], [NAME], [TYPE], [COST_COIN], [COST_MIN]) VALUES (2000, 'Barrel of pickled fish', 2, 3, 3);
INSERT INTO EQUIPMENT ([ID], [NAME], [TYPE], [COST_COIN], [COST_MIN]) VALUES (2001, 'Butter (per lb.)', 2, 1, 2);
INSERT INTO EQUIPMENT ([ID], [NAME], [TYPE], [COST_COIN], [COST_MIN]) VALUES (2002, 'Coarse sugar (per lb.)', 2, 3, 1);
INSERT INTO EQUIPMENT ([ID], [NAME], [TYPE], [COST_COIN], [COST_MIN]) VALUES (2003, 'Dry ration (per week)', 2, 3, 10);
INSERT INTO EQUIPMENT ([ID], [NAME], [TYPE], [COST_COIN], [COST_MIN]) VALUES (2004, 'Eggs (per 100)', 2, 1, 8);
INSERT INTO EQUIPMENT ([ID], [NAME], [TYPE], [COST_COIN], [COST_MIN]) VALUES (2005, 'Eggs (per two dozen)', 2, 1, 2);
INSERT INTO EQUIPMENT ([ID], [NAME], [TYPE], [COST_COIN], [COST_MIN]) VALUES (2006, 'Figs (per lb.)', 2, 1, 3);
INSERT INTO EQUIPMENT ([ID], [NAME], [TYPE], [COST_COIN], [COST_MIN]) VALUES (2007, 'Firewood (per day)', 2, 0, 1);
INSERT INTO EQUIPMENT ([ID], [NAME], [TYPE], [COST_COIN], [COST_MIN]) VALUES (2008, 'Herbs (per lb.)', 2, 0, 5);
INSERT INTO EQUIPMENT ([ID], [NAME], [TYPE], [COST_COIN], [COST_MIN]) VALUES (2009, 'Nuts (per lb.)', 2, 3, 1);
INSERT INTO EQUIPMENT ([ID], [NAME], [TYPE], [COST_COIN], [COST_MIN]) VALUES (2010, 'Raisins (per lb.)', 2, 1, 2);
INSERT INTO EQUIPMENT ([ID], [NAME], [TYPE], [COST_COIN], [COST_MIN]) VALUES (2011, 'Rice (per lb.)', 2, 1, 2);
INSERT INTO EQUIPMENT ([ID], [NAME], [TYPE], [COST_COIN], [COST_MIN]) VALUES (2012, 'Salt (per lb.)', 2, 1, 1);
INSERT INTO EQUIPMENT ([ID], [NAME], [TYPE], [COST_COIN], [COST_MIN]) VALUES (2013, 'Salted herring (per 100)', 2, 3, 1);
INSERT INTO EQUIPMENT ([ID], [NAME], [TYPE], [COST_COIN], [COST_MIN]) VALUES (2014, 'Spice, exotic (per lb.)', 2, 3, 15);
INSERT INTO EQUIPMENT ([ID], [NAME], [TYPE], [COST_COIN], [COST_MIN]) VALUES (2015, 'Spice, rare (per lb.)', 2, 3, 2);
INSERT INTO EQUIPMENT ([ID], [NAME], [TYPE], [COST_COIN], [COST_MIN]) VALUES (2016, 'Spice, uncommon (per lb.)', 2, 3, 1);
INSERT INTO EQUIPMENT ([ID], [NAME], [TYPE], [COST_COIN], [COST_MIN]) VALUES (2017, 'Tun of cider (250 gal)', 2, 3, 8);
INSERT INTO EQUIPMENT ([ID], [NAME], [TYPE], [COST_COIN], [COST_MIN]) VALUES (2018, 'Tun of good wine (250 gal)', 2, 3, 20);

INSERT INTO EQUIPMENT ([ID], [NAME], [TYPE], [COST_COIN], [COST_MIN]) VALUES (3000, 'Bath', 3, 0, 3);
INSERT INTO EQUIPMENT ([ID], [NAME], [TYPE], [COST_COIN], [COST_MIN]) VALUES (3001, 'Clerk per letter', 3, 1, 2);
INSERT INTO EQUIPMENT ([ID], [NAME], [TYPE], [COST_COIN], [COST_MIN]) VALUES (3002, 'Doctor, leech or bleeding', 3, 3, 3);
INSERT INTO EQUIPMENT ([ID], [NAME], [TYPE], [COST_COIN], [COST_MIN]) VALUES (3003, 'Guide in city (per day)', 3, 1, 2);
INSERT INTO EQUIPMENT ([ID], [NAME], [TYPE], [COST_COIN], [COST_MIN]) VALUES (3004, 'Lantern or torchbearer (per night)', 3, 1, 1);
INSERT INTO EQUIPMENT ([ID], [NAME], [TYPE], [COST_COIN], [COST_MIN]) VALUES (3005, 'Laundry by load', 3, 0, 1);
INSERT INTO EQUIPMENT ([ID], [NAME], [TYPE], [COST_COIN], [COST_MIN]) VALUES (3006, 'Messenger in city (per message)', 3, 1, 1);
INSERT INTO EQUIPMENT ([ID], [NAME], [TYPE], [COST_COIN], [COST_MIN]) VALUES (3007, 'Minstrel (per performance)', 3, 3, 3);
INSERT INTO EQUIPMENT ([ID], [NAME], [TYPE], [COST_COIN], [COST_MIN]) VALUES (3008, 'Mourner (per funeral)', 3, 1, 2);
INSERT INTO EQUIPMENT ([ID], [NAME], [TYPE], [COST_COIN], [COST_MIN]) VALUES (3009, 'Teamster with wagon (per mile)', 3, 1, 1);

INSERT INTO EQUIPMENT ([ID], [NAME], [TYPE], [COST_COIN], [COST_MIN]) VALUES (4000, 'Barge', 4, 3, 500);
INSERT INTO EQUIPMENT ([ID], [NAME], [TYPE], [COST_COIN], [COST_MIN]) VALUES (4001, 'Canoe, small', 4, 3, 30);
INSERT INTO EQUIPMENT ([ID], [NAME], [TYPE], [COST_COIN], [COST_MIN]) VALUES (4002, 'Canoe, war', 4, 3, 50);
INSERT INTO EQUIPMENT ([ID], [NAME], [TYPE], [COST_COIN], [COST_MIN]) VALUES (4003, 'Caravel', 4, 3, 10000);
INSERT INTO EQUIPMENT ([ID], [NAME], [TYPE], [COST_COIN], [COST_MIN]) VALUES (4004, 'Carriage common', 4, 3, 150);
INSERT INTO EQUIPMENT ([ID], [NAME], [TYPE], [COST_COIN], [COST_MIN]) VALUES (4005, 'Carriage, coach/ornamented', 4, 3, 7000);
INSERT INTO EQUIPMENT ([ID], [NAME], [TYPE], [COST_COIN], [COST_MIN]) VALUES (4006, 'Chariot, riding', 4, 3, 200);
INSERT INTO EQUIPMENT ([ID], [NAME], [TYPE], [COST_COIN], [COST_MIN]) VALUES (4007, 'Chariot, war', 4, 3, 500);
INSERT INTO EQUIPMENT ([ID], [NAME], [TYPE], [COST_COIN], [COST_MIN]) VALUES (4008, 'Coaster', 4, 3, 5000);
INSERT INTO EQUIPMENT ([ID], [NAME], [TYPE], [COST_COIN], [COST_MIN]) VALUES (4009, 'Cog', 4, 3, 10000);
INSERT INTO EQUIPMENT ([ID], [NAME], [TYPE], [COST_COIN], [COST_MIN]) VALUES (4010, 'Curragh', 4, 3, 500);
INSERT INTO EQUIPMENT ([ID], [NAME], [TYPE], [COST_COIN], [COST_MIN]) VALUES (4011, 'Drakkar', 4, 3, 25000);
INSERT INTO EQUIPMENT ([ID], [NAME], [TYPE], [COST_COIN], [COST_MIN]) VALUES (4012, 'Dromond', 4, 3, 15000);
INSERT INTO EQUIPMENT ([ID], [NAME], [TYPE], [COST_COIN], [COST_MIN]) VALUES (4013, 'Galleon', 4, 3, 50000);
INSERT INTO EQUIPMENT ([ID], [NAME], [TYPE], [COST_COIN], [COST_MIN]) VALUES (4014, 'Great galley', 4, 3, 30000);
INSERT INTO EQUIPMENT ([ID], [NAME], [TYPE], [COST_COIN], [COST_MIN]) VALUES (4015, 'Knarr', 4, 3, 3000);
INSERT INTO EQUIPMENT ([ID], [NAME], [TYPE], [COST_COIN], [COST_MIN]) VALUES (4016, 'Long ship', 4, 3, 10000);
INSERT INTO EQUIPMENT ([ID], [NAME], [TYPE], [COST_COIN], [COST_MIN]) VALUES (4017, 'Oar, common', 4, 3, 2);
INSERT INTO EQUIPMENT ([ID], [NAME], [TYPE], [COST_COIN], [COST_MIN]) VALUES (4018, 'Oar, galley', 4, 3, 10);
INSERT INTO EQUIPMENT ([ID], [NAME], [TYPE], [COST_COIN], [COST_MIN]) VALUES (4019, 'Raft or small keelboat', 4, 3, 100);
INSERT INTO EQUIPMENT ([ID], [NAME], [TYPE], [COST_COIN], [COST_MIN]) VALUES (4020, 'Sail', 4, 3, 20);
INSERT INTO EQUIPMENT ([ID], [NAME], [TYPE], [COST_COIN], [COST_MIN]) VALUES (4021, 'Sedan chair', 4, 3, 100);
INSERT INTO EQUIPMENT ([ID], [NAME], [TYPE], [COST_COIN], [COST_MIN]) VALUES (4022, 'Wagon or cart wheel', 4, 3, 5);

INSERT INTO EQUIPMENT ([ID], [NAME], [TYPE], [COST_COIN], [COST_MIN]) VALUES (5000, 'Boar', 5, 3, 10);
INSERT INTO EQUIPMENT ([ID], [NAME], [TYPE], [COST_COIN], [COST_MIN]) VALUES (5001, 'Bull', 5, 3, 20);
INSERT INTO EQUIPMENT ([ID], [NAME], [TYPE], [COST_COIN], [COST_MIN]) VALUES (5002, 'Calf', 5, 3, 5);
INSERT INTO EQUIPMENT ([ID], [NAME], [TYPE], [COST_COIN], [COST_MIN]) VALUES (5003, 'Camel', 5, 3, 50);
INSERT INTO EQUIPMENT ([ID], [NAME], [TYPE], [COST_COIN], [COST_MIN]) VALUES (5004, 'Capon', 5, 0, 3);
INSERT INTO EQUIPMENT ([ID], [NAME], [TYPE], [COST_COIN], [COST_MIN]) VALUES (5005, 'Cat', 5, 1, 1);
INSERT INTO EQUIPMENT ([ID], [NAME], [TYPE], [COST_COIN], [COST_MIN]) VALUES (5006, 'Chicken', 5, 0, 2);
INSERT INTO EQUIPMENT ([ID], [NAME], [TYPE], [COST_COIN], [COST_MIN]) VALUES (5007, 'Cow', 5, 3, 10);
INSERT INTO EQUIPMENT ([ID], [NAME], [TYPE], [COST_COIN], [COST_MIN]) VALUES (5008, 'Dog, guard', 5, 3, 25);
INSERT INTO EQUIPMENT ([ID], [NAME], [TYPE], [COST_COIN], [COST_MIN]) VALUES (5009, 'Dog, hunting', 5, 3, 17);
INSERT INTO EQUIPMENT ([ID], [NAME], [TYPE], [COST_COIN], [COST_MIN]) VALUES (5010, 'Dog, war', 5, 3, 20);
INSERT INTO EQUIPMENT ([ID], [NAME], [TYPE], [COST_COIN], [COST_MIN]) VALUES (5011, 'Donkey, mule or ass', 5, 3, 8);
INSERT INTO EQUIPMENT ([ID], [NAME], [TYPE], [COST_COIN], [COST_MIN]) VALUES (5012, 'Elephant, labour', 5, 3, 200);
INSERT INTO EQUIPMENT ([ID], [NAME], [TYPE], [COST_COIN], [COST_MIN]) VALUES (5013, 'Elephant, war', 5, 3, 500);
INSERT INTO EQUIPMENT ([ID], [NAME], [TYPE], [COST_COIN], [COST_MIN]) VALUES (5014, 'Falcon (trained)', 5, 3, 1000);
INSERT INTO EQUIPMENT ([ID], [NAME], [TYPE], [COST_COIN], [COST_MIN]) VALUES (5015, 'Goat', 5, 3, 1);
INSERT INTO EQUIPMENT ([ID], [NAME], [TYPE], [COST_COIN], [COST_MIN]) VALUES (5016, 'Goose', 5, 0, 5);
INSERT INTO EQUIPMENT ([ID], [NAME], [TYPE], [COST_COIN], [COST_MIN]) VALUES (5017, 'Guinea hen', 5, 0, 2);
INSERT INTO EQUIPMENT ([ID], [NAME], [TYPE], [COST_COIN], [COST_MIN]) VALUES (5018, 'Horse, draft', 5, 3, 200);
INSERT INTO EQUIPMENT ([ID], [NAME], [TYPE], [COST_COIN], [COST_MIN]) VALUES (5019, 'Horse, heavy_war', 5, 3, 400);
INSERT INTO EQUIPMENT ([ID], [NAME], [TYPE], [COST_COIN], [COST_MIN]) VALUES (5020, 'Horse, light_war', 5, 3, 150);
INSERT INTO EQUIPMENT ([ID], [NAME], [TYPE], [COST_COIN], [COST_MIN]) VALUES (5021, 'Horse, medium_war', 5, 3, 225);
INSERT INTO EQUIPMENT ([ID], [NAME], [TYPE], [COST_COIN], [COST_MIN]) VALUES (5022, 'Horse, riding', 5, 3, 75);
INSERT INTO EQUIPMENT ([ID], [NAME], [TYPE], [COST_COIN], [COST_MIN]) VALUES (5023, 'Hunting cat (jaguar)', 5, 3, 5000);
INSERT INTO EQUIPMENT ([ID], [NAME], [TYPE], [COST_COIN], [COST_MIN]) VALUES (5024, 'Ox', 5, 3, 15);
INSERT INTO EQUIPMENT ([ID], [NAME], [TYPE], [COST_COIN], [COST_MIN]) VALUES (5025, 'Partridge', 5, 0, 5);
INSERT INTO EQUIPMENT ([ID], [NAME], [TYPE], [COST_COIN], [COST_MIN]) VALUES (5026, 'Peacock', 5, 1, 5);
INSERT INTO EQUIPMENT ([ID], [NAME], [TYPE], [COST_COIN], [COST_MIN]) VALUES (5027, 'Pig', 5, 3, 3);
INSERT INTO EQUIPMENT ([ID], [NAME], [TYPE], [COST_COIN], [COST_MIN]) VALUES (5028, 'Pigeon', 5, 0, 1);
INSERT INTO EQUIPMENT ([ID], [NAME], [TYPE], [COST_COIN], [COST_MIN]) VALUES (5029, 'Pigeon, homing', 5, 3, 100);
INSERT INTO EQUIPMENT ([ID], [NAME], [TYPE], [COST_COIN], [COST_MIN]) VALUES (5030, 'Pony', 5, 3, 30);
INSERT INTO EQUIPMENT ([ID], [NAME], [TYPE], [COST_COIN], [COST_MIN]) VALUES (5031, 'Ram', 5, 3, 4);
INSERT INTO EQUIPMENT ([ID], [NAME], [TYPE], [COST_COIN], [COST_MIN]) VALUES (5032, 'Sheep', 5, 3, 2);
INSERT INTO EQUIPMENT ([ID], [NAME], [TYPE], [COST_COIN], [COST_MIN]) VALUES (5033, 'Songbird', 5, 1, 10);
INSERT INTO EQUIPMENT ([ID], [NAME], [TYPE], [COST_COIN], [COST_MIN]) VALUES (5034, 'Swan', 5, 1, 5);

INSERT INTO EQUIPMENT ([ID], [NAME], [TYPE], [COST_COIN], [COST_MIN], [WEIGHT]) VALUES (6000, 'Barding, chain', 6, 3, 500, 32);
INSERT INTO EQUIPMENT ([ID], [NAME], [TYPE], [COST_COIN], [COST_MIN], [WEIGHT]) VALUES (6001, 'Barding, full plate', 6, 3, 2000, 39);
INSERT INTO EQUIPMENT ([ID], [NAME], [TYPE], [COST_COIN], [COST_MIN], [WEIGHT]) VALUES (6002, 'Barding, full scale', 6, 3, 1000, 34);
INSERT INTO EQUIPMENT ([ID], [NAME], [TYPE], [COST_COIN], [COST_MIN], [WEIGHT]) VALUES (6003, 'Barding, half brigandine', 6, 3, 500, 20);
INSERT INTO EQUIPMENT ([ID], [NAME], [TYPE], [COST_COIN], [COST_MIN], [WEIGHT]) VALUES (6004, 'Barding, half padded', 6, 3, 100, 11);
INSERT INTO EQUIPMENT ([ID], [NAME], [TYPE], [COST_COIN], [COST_MIN], [WEIGHT]) VALUES (6005, 'Barding, half scale', 6, 3, 500, 23);
INSERT INTO EQUIPMENT ([ID], [NAME], [TYPE], [COST_COIN], [COST_MIN], [WEIGHT]) VALUES (6006, 'Barding, leather or padded', 6, 3, 150, 27);
INSERT INTO EQUIPMENT ([ID], [NAME], [TYPE], [COST_COIN], [COST_MIN], [WEIGHT]) VALUES (6007, 'Bit and bridle', 6, 1, 15, 1.5);
INSERT INTO EQUIPMENT ([ID], [NAME], [TYPE], [COST_COIN], [COST_MIN], [WEIGHT]) VALUES (6008, 'Cart harness', 6, 3, 2, 4.5);
INSERT INTO EQUIPMENT ([ID], [NAME], [TYPE], [COST_COIN], [COST_MIN], [WEIGHT]) VALUES (6009, 'Halter', 6, 0, 5, 0.05);
INSERT INTO EQUIPMENT ([ID], [NAME], [TYPE], [COST_COIN], [COST_MIN], [WEIGHT]) VALUES (6010, 'Horseshoes and shoeing', 6, 3, 1, 4.5);
INSERT INTO EQUIPMENT ([ID], [NAME], [TYPE], [COST_COIN], [COST_MIN], [WEIGHT]) VALUES (6011, 'Saddle, pack', 6, 3, 5, 8);
INSERT INTO EQUIPMENT ([ID], [NAME], [TYPE], [COST_COIN], [COST_MIN], [WEIGHT]) VALUES (6012, 'Saddle, riding', 6, 3, 10, 16);
INSERT INTO EQUIPMENT ([ID], [NAME], [TYPE], [COST_COIN], [COST_MIN], [WEIGHT]) VALUES (6013, 'Saddle bags, large', 6, 3, 4, 4);
INSERT INTO EQUIPMENT ([ID], [NAME], [TYPE], [COST_COIN], [COST_MIN], [WEIGHT]) VALUES (6014, 'Saddle bags, small', 6, 3, 3, 2.5);
INSERT INTO EQUIPMENT ([ID], [NAME], [TYPE], [COST_COIN], [COST_MIN], [WEIGHT]) VALUES (6015, 'Saddle blanket', 6, 1, 3, 2);
INSERT INTO EQUIPMENT ([ID], [NAME], [TYPE], [COST_COIN], [COST_MIN], [WEIGHT]) VALUES (6016, 'Yoke, horse', 6, 3, 5, 7);
INSERT INTO EQUIPMENT ([ID], [NAME], [TYPE], [COST_COIN], [COST_MIN], [WEIGHT]) VALUES (6017, 'Yoke, ox', 6, 3, 3, 9);

INSERT INTO EQUIPMENT ([ID], [NAME], [TYPE], [COST_COIN], [COST_MIN], [WEIGHT]) VALUES (7000, 'Backpack', 7, 3, 2, 1);
INSERT INTO EQUIPMENT ([ID], [NAME], [TYPE], [COST_COIN], [COST_MIN], [WEIGHT]) VALUES (7001, 'Barrel, small', 7, 3, 2, 13.5);
INSERT INTO EQUIPMENT ([ID], [NAME], [TYPE], [COST_COIN], [COST_MIN], [WEIGHT]) VALUES (7002, 'Basket, large', 7, 1, 3, 0.5);
INSERT INTO EQUIPMENT ([ID], [NAME], [TYPE], [COST_COIN], [COST_MIN], [WEIGHT]) VALUES (7003, 'Basket, small', 7, 0, 5, 0.05);
INSERT INTO EQUIPMENT ([ID], [NAME], [TYPE], [COST_COIN], [COST_MIN], [WEIGHT]) VALUES (7004, 'Bell', 7, 3, 1, 0);
INSERT INTO EQUIPMENT ([ID], [NAME], [TYPE], [COST_COIN], [COST_MIN], [WEIGHT]) VALUES (7005, 'Belt pouch, large', 7, 3, 1, 0.5);
INSERT INTO EQUIPMENT ([ID], [NAME], [TYPE], [COST_COIN], [COST_MIN], [WEIGHT]) VALUES (7006, 'Belt pouch, small', 7, 1, 7, 0);
INSERT INTO EQUIPMENT ([ID], [NAME], [TYPE], [COST_COIN], [COST_MIN], [WEIGHT]) VALUES (7007, 'Block or tackle', 7, 3, 5, 2.5);
INSERT INTO EQUIPMENT ([ID], [NAME], [TYPE], [COST_COIN], [COST_MIN], [WEIGHT]) VALUES (7008, 'Bolt case', 7, 3, 1, 0.5);
INSERT INTO EQUIPMENT ([ID], [NAME], [TYPE], [COST_COIN], [COST_MIN], [WEIGHT]) VALUES (7009, 'Bucket', 7, 1, 5, 1.5);
INSERT INTO EQUIPMENT ([ID], [NAME], [TYPE], [COST_COIN], [COST_MIN], [WEIGHT]) VALUES (7010, 'Chain (per 30 cm.), heavy', 7, 3, 4, 1.5);
INSERT INTO EQUIPMENT ([ID], [NAME], [TYPE], [COST_COIN], [COST_MIN], [WEIGHT]) VALUES (7011, 'Chain (per 30 cm.), light', 7, 3, 3, 0.5);
INSERT INTO EQUIPMENT ([ID], [NAME], [TYPE], [COST_COIN], [COST_MIN], [WEIGHT]) VALUES (7012, 'Chest, large', 7, 3, 2, 11);
INSERT INTO EQUIPMENT ([ID], [NAME], [TYPE], [COST_COIN], [COST_MIN], [WEIGHT]) VALUES (7013, 'Chest, small', 7, 3, 1, 4.5);
INSERT INTO EQUIPMENT ([ID], [NAME], [TYPE], [COST_COIN], [COST_MIN], [WEIGHT]) VALUES (7014, 'Cloth (per 10 mq.), common', 7, 3, 7, 4.5);
INSERT INTO EQUIPMENT ([ID], [NAME], [TYPE], [COST_COIN], [COST_MIN], [WEIGHT]) VALUES (7015, 'Cloth (per 10 mq.), fine', 7, 3, 50, 4.5);
INSERT INTO EQUIPMENT ([ID], [NAME], [TYPE], [COST_COIN], [COST_MIN], [WEIGHT]) VALUES (7016, 'Cloth (per 10 mq.), rich', 7, 3, 100, 4.5);
INSERT INTO EQUIPMENT ([ID], [NAME], [TYPE], [COST_COIN], [COST_MIN], [WEIGHT]) VALUES (7017, 'Candle', 7, 0, 1, 0.05);
INSERT INTO EQUIPMENT ([ID], [NAME], [TYPE], [COST_COIN], [COST_MIN], [WEIGHT]) VALUES (7018, 'Canvas (per mq.)', 7, 1, 4, 0.5);
INSERT INTO EQUIPMENT ([ID], [NAME], [TYPE], [COST_COIN], [COST_MIN], [WEIGHT]) VALUES (7019, 'Chalk', 7, 0, 1, 0.05);
INSERT INTO EQUIPMENT ([ID], [NAME], [TYPE], [COST_COIN], [COST_MIN], [WEIGHT]) VALUES (7020, 'Crampons', 7, 3, 4, 1);
INSERT INTO EQUIPMENT ([ID], [NAME], [TYPE], [COST_COIN], [COST_MIN], [WEIGHT]) VALUES (7021, 'Fishhook', 7, 1, 1, 0.005);
INSERT INTO EQUIPMENT ([ID], [NAME], [TYPE], [COST_COIN], [COST_MIN], [WEIGHT]) VALUES (7022, 'Fishing net (per 3 mq.)', 7, 3, 4, 2.5);
INSERT INTO EQUIPMENT ([ID], [NAME], [TYPE], [COST_COIN], [COST_MIN], [WEIGHT]) VALUES (7023, 'Flint and steel', 7, 1, 5, 0.05);
INSERT INTO EQUIPMENT ([ID], [NAME], [TYPE], [COST_COIN], [COST_MIN], [WEIGHT]) VALUES (7024, 'Glass bottle', 7, 3, 10, 0.05);
INSERT INTO EQUIPMENT ([ID], [NAME], [TYPE], [COST_COIN], [COST_MIN], [WEIGHT]) VALUES (7025, 'Grappling hook', 7, 1, 8, 2);
INSERT INTO EQUIPMENT ([ID], [NAME], [TYPE], [COST_COIN], [COST_MIN], [WEIGHT]) VALUES (7026, 'Holy item (symbol, water)', 7, 3, 25, 0.05);
INSERT INTO EQUIPMENT ([ID], [NAME], [TYPE], [COST_COIN], [COST_MIN], [WEIGHT]) VALUES (7027, 'Hourglass', 7, 3, 25, 0.5);
INSERT INTO EQUIPMENT ([ID], [NAME], [TYPE], [COST_COIN], [COST_MIN], [WEIGHT]) VALUES (7028, 'Iron pot', 7, 1, 5, 1);
INSERT INTO EQUIPMENT ([ID], [NAME], [TYPE], [COST_COIN], [COST_MIN], [WEIGHT]) VALUES (7029, 'Ladder (3 m)', 7, 0, 5, 9);
INSERT INTO EQUIPMENT ([ID], [NAME], [TYPE], [COST_COIN], [COST_MIN], [WEIGHT]) VALUES (7030, 'Lantern, beacon', 7, 3, 150, 22.5);
INSERT INTO EQUIPMENT ([ID], [NAME], [TYPE], [COST_COIN], [COST_MIN], [WEIGHT]) VALUES (7031, 'Lantern, bullseye', 7, 3, 12, 1.5);
INSERT INTO EQUIPMENT ([ID], [NAME], [TYPE], [COST_COIN], [COST_MIN], [WEIGHT]) VALUES (7032, 'Lantern, hooded', 7, 3, 7, 1);
INSERT INTO EQUIPMENT ([ID], [NAME], [TYPE], [COST_COIN], [COST_MIN], [WEIGHT]) VALUES (7033, 'Lock, good', 7, 3, 100, 0.5);
INSERT INTO EQUIPMENT ([ID], [NAME], [TYPE], [COST_COIN], [COST_MIN], [WEIGHT]) VALUES (7034, 'Lock, poor', 7, 3, 20, 0.5);
INSERT INTO EQUIPMENT ([ID], [NAME], [TYPE], [COST_COIN], [COST_MIN], [WEIGHT]) VALUES (7035, 'Magnifying glass', 7, 3, 100, 0.05);
INSERT INTO EQUIPMENT ([ID], [NAME], [TYPE], [COST_COIN], [COST_MIN], [WEIGHT]) VALUES (7036, 'Map or scroll case', 7, 1, 8, 0.3);
INSERT INTO EQUIPMENT ([ID], [NAME], [TYPE], [COST_COIN], [COST_MIN], [WEIGHT]) VALUES (7037, 'Merchant''s scale', 7, 3, 2, 0.5);
INSERT INTO EQUIPMENT ([ID], [NAME], [TYPE], [COST_COIN], [COST_MIN], [WEIGHT]) VALUES (7038, 'Mirror, small metal', 7, 3, 10, 0.05);
INSERT INTO EQUIPMENT ([ID], [NAME], [TYPE], [COST_COIN], [COST_MIN], [COST_MAX], [WEIGHT]) VALUES (7039, 'Musical instrument', 7, 3, 5, 100, 1.5);
INSERT INTO EQUIPMENT ([ID], [NAME], [TYPE], [COST_COIN], [COST_MIN], [WEIGHT]) VALUES (7040, 'Oil (per flask), greek fire', 7, 3, 10, 1);
INSERT INTO EQUIPMENT ([ID], [NAME], [TYPE], [COST_COIN], [COST_MIN], [WEIGHT]) VALUES (7041, 'Oil (per flask), lamp', 7, 0, 6, 0.5);
INSERT INTO EQUIPMENT ([ID], [NAME], [TYPE], [COST_COIN], [COST_MIN], [WEIGHT]) VALUES (7042, 'Paper (per sheet)', 7, 3, 2, 0.005);
INSERT INTO EQUIPMENT ([ID], [NAME], [TYPE], [COST_COIN], [COST_MIN], [WEIGHT]) VALUES (7043, 'Papyrus (per sheet)', 7, 1, 8, 0.005);
INSERT INTO EQUIPMENT ([ID], [NAME], [TYPE], [COST_COIN], [COST_MIN], [WEIGHT]) VALUES (7044, 'Parchment (per sheet)', 7, 3, 1, 0.005);
INSERT INTO EQUIPMENT ([ID], [NAME], [TYPE], [COST_COIN], [COST_MIN], [WEIGHT]) VALUES (7045, 'Perfume (per vial)', 7, 3, 5, 0.05);
INSERT INTO EQUIPMENT ([ID], [NAME], [TYPE], [COST_COIN], [COST_MIN], [WEIGHT]) VALUES (7046, 'Piton', 7, 0, 3, 0.5);
INSERT INTO EQUIPMENT ([ID], [NAME], [TYPE], [COST_COIN], [COST_MIN], [WEIGHT]) VALUES (7047, 'Quiver', 7, 1, 8, 0.5);
INSERT INTO EQUIPMENT ([ID], [NAME], [TYPE], [COST_COIN], [COST_MIN], [WEIGHT]) VALUES (7048, 'Rope (per 15 m.), hemp', 7, 3, 1, 9);
INSERT INTO EQUIPMENT ([ID], [NAME], [TYPE], [COST_COIN], [COST_MIN], [WEIGHT]) VALUES (7049, 'Rope (per 15 m.), silk', 7, 3, 10, 4);
INSERT INTO EQUIPMENT ([ID], [NAME], [TYPE], [COST_COIN], [COST_MIN], [WEIGHT]) VALUES (7050, 'Sack, large', 7, 1, 2, 0.5);
INSERT INTO EQUIPMENT ([ID], [NAME], [TYPE], [COST_COIN], [COST_MIN], [WEIGHT]) VALUES (7051, 'Sack, small', 7, 0, 5, 0.05);
INSERT INTO EQUIPMENT ([ID], [NAME], [TYPE], [COST_COIN], [COST_MIN], [WEIGHT]) VALUES (7052, 'Sealing/candle wax (per kg.)', 7, 3, 1, 0.5);
INSERT INTO EQUIPMENT ([ID], [NAME], [TYPE], [COST_COIN], [COST_MIN], [WEIGHT]) VALUES (7053, 'Sewing needle', 7, 1, 0.5, 0.005);
INSERT INTO EQUIPMENT ([ID], [NAME], [TYPE], [COST_COIN], [COST_MIN], [WEIGHT]) VALUES (7054, 'Signal whistle', 7, 1, 8, 0.05);
INSERT INTO EQUIPMENT ([ID], [NAME], [TYPE], [COST_COIN], [COST_MIN], [WEIGHT]) VALUES (7055, 'Signet ring or personal seal', 7, 3, 5, 0.05);
INSERT INTO EQUIPMENT ([ID], [NAME], [TYPE], [COST_COIN], [COST_MIN], [WEIGHT]) VALUES (7056, 'Soap (per 1/2 kg.)', 7, 1, 5, 0.5);
INSERT INTO EQUIPMENT ([ID], [NAME], [TYPE], [COST_COIN], [COST_MIN], [WEIGHT]) VALUES (7057, 'Spyglass', 7, 3, 1000, 0.5);
INSERT INTO EQUIPMENT ([ID], [NAME], [TYPE], [COST_COIN], [COST_MIN], [WEIGHT]) VALUES (7058, 'Tent large', 7, 3, 25, 9);
INSERT INTO EQUIPMENT ([ID], [NAME], [TYPE], [COST_COIN], [COST_MIN], [WEIGHT]) VALUES (7059, 'Tent pavilion', 7, 3, 100, 22.5);
INSERT INTO EQUIPMENT ([ID], [NAME], [TYPE], [COST_COIN], [COST_MIN], [WEIGHT]) VALUES (7060, 'Tent small', 7, 3, 5, 4.5);
INSERT INTO EQUIPMENT ([ID], [NAME], [TYPE], [COST_COIN], [COST_MIN], [WEIGHT]) VALUES (7061, 'Thieves picks', 7, 3, 15, 0.5);
INSERT INTO EQUIPMENT ([ID], [NAME], [TYPE], [COST_COIN], [COST_MIN], [WEIGHT]) VALUES (7062, 'Torch', 7, 0, 1, 0.5);
INSERT INTO EQUIPMENT ([ID], [NAME], [TYPE], [COST_COIN], [COST_MIN], [WEIGHT]) VALUES (7063, 'Water clock', 7, 3, 1000, 90);
INSERT INTO EQUIPMENT ([ID], [NAME], [TYPE], [COST_COIN], [COST_MIN], [WEIGHT]) VALUES (7064, 'Whetstone', 7, 0, 2, 0.5);
INSERT INTO EQUIPMENT ([ID], [NAME], [TYPE], [COST_COIN], [COST_MIN], [WEIGHT]) VALUES (7065, 'Wineskin', 7, 1, 8, 0.5);
INSERT INTO EQUIPMENT ([ID], [NAME], [TYPE], [COST_COIN], [COST_MIN], [WEIGHT]) VALUES (7066, 'Winter blanket', 7, 1, 5, 1.5);
INSERT INTO EQUIPMENT ([ID], [NAME], [TYPE], [COST_COIN], [COST_MIN], [WEIGHT]) VALUES (7067, 'Writing ink (per vial)', 7, 3, 8, 0.05);

INSERT INTO EQUIPMENT ([ID], [NAME], [TYPE], [COST_COIN], [COST_MIN], [COST_MAX], [WEIGHT]) VALUES (8000, 'Banded mail',			8, 3, 200, NULL, 17.5);
INSERT INTO EQUIPMENT ([ID], [NAME], [TYPE], [COST_COIN], [COST_MIN], [COST_MAX], [WEIGHT]) VALUES (8001, 'Brigandine',				8, 3, 120, NULL, 17.5);
INSERT INTO EQUIPMENT ([ID], [NAME], [TYPE], [COST_COIN], [COST_MIN], [COST_MAX], [WEIGHT]) VALUES (8002, 'Bronze plate mail',		8, 3, 400, NULL, 22.5);
INSERT INTO EQUIPMENT ([ID], [NAME], [TYPE], [COST_COIN], [COST_MIN], [COST_MAX], [WEIGHT]) VALUES (8003, 'Chain mail',				8, 3, 75, NULL, 20);
INSERT INTO EQUIPMENT ([ID], [NAME], [TYPE], [COST_COIN], [COST_MIN], [COST_MAX], [WEIGHT]) VALUES (8004, 'Field plate',			8, 3, 2000, NULL, 30);
INSERT INTO EQUIPMENT ([ID], [NAME], [TYPE], [COST_COIN], [COST_MIN], [COST_MAX], [WEIGHT]) VALUES (8005, 'Full plate',				8, 3, 4000, 10000, 35);
INSERT INTO EQUIPMENT ([ID], [NAME], [TYPE], [COST_COIN], [COST_MIN], [COST_MAX], [WEIGHT]) VALUES (8006, 'Great helm',				8, 3, 30, NULL, 5);
INSERT INTO EQUIPMENT ([ID], [NAME], [TYPE], [COST_COIN], [COST_MIN], [COST_MAX], [WEIGHT]) VALUES (8007, 'Basinet',				8, 3, 8, NULL, 2.5);
INSERT INTO EQUIPMENT ([ID], [NAME], [TYPE], [COST_COIN], [COST_MIN], [COST_MAX], [WEIGHT]) VALUES (8008, 'Hide',					8, 3, 15, NULL, 15);
INSERT INTO EQUIPMENT ([ID], [NAME], [TYPE], [COST_COIN], [COST_MIN], [COST_MAX], [WEIGHT]) VALUES (8009, 'Leather',				8, 3, 5, NULL, 7.5);
INSERT INTO EQUIPMENT ([ID], [NAME], [TYPE], [COST_COIN], [COST_MIN], [COST_MAX], [WEIGHT]) VALUES (8010, 'Padded',					8, 3, 4, NULL, 5);
INSERT INTO EQUIPMENT ([ID], [NAME], [TYPE], [COST_COIN], [COST_MIN], [COST_MAX], [WEIGHT]) VALUES (8011, 'Plate mail',				8, 3, 600, NULL, 25);
INSERT INTO EQUIPMENT ([ID], [NAME], [TYPE], [COST_COIN], [COST_MIN], [COST_MAX], [WEIGHT]) VALUES (8012, 'Ring mail',				8, 3, 100, NULL, 15);
INSERT INTO EQUIPMENT ([ID], [NAME], [TYPE], [COST_COIN], [COST_MIN], [COST_MAX], [WEIGHT]) VALUES (8013, 'Scale mail',				8, 3, 120, NULL, 20);
INSERT INTO EQUIPMENT ([ID], [NAME], [TYPE], [COST_COIN], [COST_MIN], [COST_MAX], [WEIGHT]) VALUES (8014, 'Body shield',			8, 3, 10, NULL, 7.5);
INSERT INTO EQUIPMENT ([ID], [NAME], [TYPE], [COST_COIN], [COST_MIN], [COST_MAX], [WEIGHT]) VALUES (8015, 'Buckler',				8, 3, 1, NULL, 1.5);
INSERT INTO EQUIPMENT ([ID], [NAME], [TYPE], [COST_COIN], [COST_MIN], [COST_MAX], [WEIGHT]) VALUES (8016, 'Medium shield',			8, 3, 7, NULL, 5);
INSERT INTO EQUIPMENT ([ID], [NAME], [TYPE], [COST_COIN], [COST_MIN], [COST_MAX], [WEIGHT]) VALUES (8017, 'Small shield',			8, 3, 3, NULL, 2.5);
INSERT INTO EQUIPMENT ([ID], [NAME], [TYPE], [COST_COIN], [COST_MIN], [COST_MAX], [WEIGHT]) VALUES (8018, 'Splint mail',			8, 3, 80, NULL, 20);
INSERT INTO EQUIPMENT ([ID], [NAME], [TYPE], [COST_COIN], [COST_MIN], [COST_MAX], [WEIGHT]) VALUES (8019, 'Studded leather',		8, 3, 20, NULL, 14.5);
INSERT INTO EQUIPMENT ([ID], [NAME], [TYPE], [COST_COIN], [COST_MIN], [COST_MAX], [WEIGHT]) VALUES (8020, 'Elven chain mail',		8, 3, 5000, NULL, 1);

INSERT INTO EQUIPMENT ([ID], [NAME], [TYPE], [COST_COIN], [COST_MIN], [COST_MAX], [WEIGHT]) VALUES (9000, 'Arquebus',				9, 3, 500, NULL, 4.5);
INSERT INTO EQUIPMENT ([ID], [NAME], [TYPE], [COST_COIN], [COST_MIN], [COST_MAX], [WEIGHT]) VALUES (9001, 'Battle Axe',				9, 3, 5, NULL, 3.5);
INSERT INTO EQUIPMENT ([ID], [NAME], [TYPE], [COST_COIN], [COST_MIN], [COST_MAX], [WEIGHT]) VALUES (9002, 'Blowgun',				9, 3, 5, NULL, 1);
INSERT INTO EQUIPMENT ([ID], [NAME], [TYPE], [COST_COIN], [COST_MIN], [COST_MAX], [WEIGHT]) VALUES (9003, 'Composite long bow',		9, 3, 100, NULL, 1.5);
INSERT INTO EQUIPMENT ([ID], [NAME], [TYPE], [COST_COIN], [COST_MIN], [COST_MAX], [WEIGHT]) VALUES (9004, 'Composite short bow',	9, 3, 75, NULL, 1);
INSERT INTO EQUIPMENT ([ID], [NAME], [TYPE], [COST_COIN], [COST_MIN], [COST_MAX], [WEIGHT]) VALUES (9005, 'Long bow',				9, 3, 75, NULL, 1.5);
INSERT INTO EQUIPMENT ([ID], [NAME], [TYPE], [COST_COIN], [COST_MIN], [COST_MAX], [WEIGHT]) VALUES (9006, 'Short bow',				9, 3, 30, NULL, 1);
INSERT INTO EQUIPMENT ([ID], [NAME], [TYPE], [COST_COIN], [COST_MIN], [COST_MAX], [WEIGHT]) VALUES (9007, 'Club',					9, 3, 0, NULL, 1.5);
INSERT INTO EQUIPMENT ([ID], [NAME], [TYPE], [COST_COIN], [COST_MIN], [COST_MAX], [WEIGHT]) VALUES (9008, 'Hand crossbow',			9, 3, 300, NULL, 1.5);
INSERT INTO EQUIPMENT ([ID], [NAME], [TYPE], [COST_COIN], [COST_MIN], [COST_MAX], [WEIGHT]) VALUES (9009, 'Heavy crossbow',			9, 3, 50, NULL, 7);
INSERT INTO EQUIPMENT ([ID], [NAME], [TYPE], [COST_COIN], [COST_MIN], [COST_MAX], [WEIGHT]) VALUES (9010, 'Light crossbow',			9, 3, 35, NULL, 3.5);
INSERT INTO EQUIPMENT ([ID], [NAME], [TYPE], [COST_COIN], [COST_MIN], [COST_MAX], [WEIGHT]) VALUES (9011, 'Dagger',					9, 3, 2, NULL, 0.5);
INSERT INTO EQUIPMENT ([ID], [NAME], [TYPE], [COST_COIN], [COST_MIN], [COST_MAX], [WEIGHT]) VALUES (9012, 'Dirk',					9, 3, 2, NULL, 0.5);
INSERT INTO EQUIPMENT ([ID], [NAME], [TYPE], [COST_COIN], [COST_MIN], [COST_MAX], [WEIGHT]) VALUES (9013, 'Dart',					9, 1, 5, NULL, 0.3);
INSERT INTO EQUIPMENT ([ID], [NAME], [TYPE], [COST_COIN], [COST_MIN], [COST_MAX], [WEIGHT]) VALUES (9014, 'Footman''s flail',		9, 3, 15, NULL, 7);
INSERT INTO EQUIPMENT ([ID], [NAME], [TYPE], [COST_COIN], [COST_MIN], [COST_MAX], [WEIGHT]) VALUES (9015, 'Footman''s mace',		9, 3, 8, NULL, 4.5);
INSERT INTO EQUIPMENT ([ID], [NAME], [TYPE], [COST_COIN], [COST_MIN], [COST_MAX], [WEIGHT]) VALUES (9016, 'Footman''s pick',		9, 3, 8, NULL, 3);
INSERT INTO EQUIPMENT ([ID], [NAME], [TYPE], [COST_COIN], [COST_MIN], [COST_MAX], [WEIGHT]) VALUES (9017, 'Hand axe',				9, 3, 1, NULL, 2.5);
INSERT INTO EQUIPMENT ([ID], [NAME], [TYPE], [COST_COIN], [COST_MIN], [COST_MAX], [WEIGHT]) VALUES (9018, 'Throwing axe',			9, 3, 1, NULL, 2.5);
INSERT INTO EQUIPMENT ([ID], [NAME], [TYPE], [COST_COIN], [COST_MIN], [COST_MAX], [WEIGHT]) VALUES (9019, 'Harpoon',				9, 3, 20, NULL, 3);
INSERT INTO EQUIPMENT ([ID], [NAME], [TYPE], [COST_COIN], [COST_MIN], [COST_MAX], [WEIGHT]) VALUES (9020, 'Horseman''s flail',		9, 3, 8, NULL, 5);
INSERT INTO EQUIPMENT ([ID], [NAME], [TYPE], [COST_COIN], [COST_MIN], [COST_MAX], [WEIGHT]) VALUES (9021, 'Horseman''s mace',		9, 3, 5, NULL, 3);
INSERT INTO EQUIPMENT ([ID], [NAME], [TYPE], [COST_COIN], [COST_MIN], [COST_MAX], [WEIGHT]) VALUES (9022, 'Horseman''s pick',		9, 3, 7, NULL, 2);
INSERT INTO EQUIPMENT ([ID], [NAME], [TYPE], [COST_COIN], [COST_MIN], [COST_MAX], [WEIGHT]) VALUES (9023, 'Javelin',				9, 1, 5, NULL, 1);
INSERT INTO EQUIPMENT ([ID], [NAME], [TYPE], [COST_COIN], [COST_MIN], [COST_MAX], [WEIGHT]) VALUES (9024, 'Knife',					9, 1, 5, NULL, 0.3);
INSERT INTO EQUIPMENT ([ID], [NAME], [TYPE], [COST_COIN], [COST_MIN], [COST_MAX], [WEIGHT]) VALUES (9025, 'Heavy horse lance',		9, 3, 15, NULL, 7);
INSERT INTO EQUIPMENT ([ID], [NAME], [TYPE], [COST_COIN], [COST_MIN], [COST_MAX], [WEIGHT]) VALUES (9026, 'Light horse lance',		9, 3, 6, NULL, 2.5);
INSERT INTO EQUIPMENT ([ID], [NAME], [TYPE], [COST_COIN], [COST_MIN], [COST_MAX], [WEIGHT]) VALUES (9027, 'Jousting lance',			9, 3, 20, NULL, 9);
INSERT INTO EQUIPMENT ([ID], [NAME], [TYPE], [COST_COIN], [COST_MIN], [COST_MAX], [WEIGHT]) VALUES (9028, 'Medium horse lance',		9, 3, 10, NULL, 4.5);
INSERT INTO EQUIPMENT ([ID], [NAME], [TYPE], [COST_COIN], [COST_MIN], [COST_MAX], [WEIGHT]) VALUES (9029, 'Mancatcher',				9, 3, 30, NULL, 4);
INSERT INTO EQUIPMENT ([ID], [NAME], [TYPE], [COST_COIN], [COST_MIN], [COST_MAX], [WEIGHT]) VALUES (9030, 'Morning star',			9, 3, 10, NULL, 5.5);
INSERT INTO EQUIPMENT ([ID], [NAME], [TYPE], [COST_COIN], [COST_MIN], [COST_MAX], [WEIGHT]) VALUES (9031, 'Awl pike',				9, 3, 5, NULL, 5.5);
INSERT INTO EQUIPMENT ([ID], [NAME], [TYPE], [COST_COIN], [COST_MIN], [COST_MAX], [WEIGHT]) VALUES (9032, 'Bardiche',				9, 3, 7, NULL, 5.5);
INSERT INTO EQUIPMENT ([ID], [NAME], [TYPE], [COST_COIN], [COST_MIN], [COST_MAX], [WEIGHT]) VALUES (9033, 'Bec de corbin',			9, 3, 8, NULL, 4.5);
INSERT INTO EQUIPMENT ([ID], [NAME], [TYPE], [COST_COIN], [COST_MIN], [COST_MAX], [WEIGHT]) VALUES (9034, 'Bill-guisarme',			9, 3, 7, NULL, 7);
INSERT INTO EQUIPMENT ([ID], [NAME], [TYPE], [COST_COIN], [COST_MIN], [COST_MAX], [WEIGHT]) VALUES (9035, 'Fauchard',				9, 3, 5, NULL, 3.5);
INSERT INTO EQUIPMENT ([ID], [NAME], [TYPE], [COST_COIN], [COST_MIN], [COST_MAX], [WEIGHT]) VALUES (9036, 'Fauchard-fork',			9, 3, 8, NULL, 4.5);
INSERT INTO EQUIPMENT ([ID], [NAME], [TYPE], [COST_COIN], [COST_MIN], [COST_MAX], [WEIGHT]) VALUES (9037, 'Glaive',					9, 3, 6, NULL, 4);
INSERT INTO EQUIPMENT ([ID], [NAME], [TYPE], [COST_COIN], [COST_MIN], [COST_MAX], [WEIGHT]) VALUES (9038, 'Glaive-guisarme',		9, 3, 10, NULL, 4.5);
INSERT INTO EQUIPMENT ([ID], [NAME], [TYPE], [COST_COIN], [COST_MIN], [COST_MAX], [WEIGHT]) VALUES (9039, 'Guisarme',				9, 3, 5, NULL, 4);
INSERT INTO EQUIPMENT ([ID], [NAME], [TYPE], [COST_COIN], [COST_MIN], [COST_MAX], [WEIGHT]) VALUES (9040, 'Guisarme-voulge',		9, 3, 8, NULL, 7);
INSERT INTO EQUIPMENT ([ID], [NAME], [TYPE], [COST_COIN], [COST_MIN], [COST_MAX], [WEIGHT]) VALUES (9041, 'Halberd',				9, 3, 10, NULL, 7);
INSERT INTO EQUIPMENT ([ID], [NAME], [TYPE], [COST_COIN], [COST_MIN], [COST_MAX], [WEIGHT]) VALUES (9042, 'Hook fauchard',			9, 3, 10, NULL, 4.5);
INSERT INTO EQUIPMENT ([ID], [NAME], [TYPE], [COST_COIN], [COST_MIN], [COST_MAX], [WEIGHT]) VALUES (9043, 'Lucern hammer',			9, 3, 7, NULL, 7);
INSERT INTO EQUIPMENT ([ID], [NAME], [TYPE], [COST_COIN], [COST_MIN], [COST_MAX], [WEIGHT]) VALUES (9044, 'Military fork',			9, 3, 5, NULL, 3.5);
INSERT INTO EQUIPMENT ([ID], [NAME], [TYPE], [COST_COIN], [COST_MIN], [COST_MAX], [WEIGHT]) VALUES (9045, 'Partisan',				9, 3, 10, NULL, 4);
INSERT INTO EQUIPMENT ([ID], [NAME], [TYPE], [COST_COIN], [COST_MIN], [COST_MAX], [WEIGHT]) VALUES (9046, 'Ranseur',				9, 3, 6, NULL, 3.5);
INSERT INTO EQUIPMENT ([ID], [NAME], [TYPE], [COST_COIN], [COST_MIN], [COST_MAX], [WEIGHT]) VALUES (9047, 'Spetum',					9, 3, 5, NULL, 3.5);
INSERT INTO EQUIPMENT ([ID], [NAME], [TYPE], [COST_COIN], [COST_MIN], [COST_MAX], [WEIGHT]) VALUES (9048, 'Voulge',					9, 3, 5, NULL, 5.5);
INSERT INTO EQUIPMENT ([ID], [NAME], [TYPE], [COST_COIN], [COST_MIN], [COST_MAX], [WEIGHT]) VALUES (9049, 'Quarterstaff',			9, 3, 0, NULL, 2);
INSERT INTO EQUIPMENT ([ID], [NAME], [TYPE], [COST_COIN], [COST_MIN], [COST_MAX], [WEIGHT]) VALUES (9050, 'Scourge',				9, 3, 1, NULL, 1);
INSERT INTO EQUIPMENT ([ID], [NAME], [TYPE], [COST_COIN], [COST_MIN], [COST_MAX], [WEIGHT]) VALUES (9051, 'Sickle',					9, 1, 6, NULL, 0.5);
INSERT INTO EQUIPMENT ([ID], [NAME], [TYPE], [COST_COIN], [COST_MIN], [COST_MAX], [WEIGHT]) VALUES (9052, 'Sling',					9, 0, 5, NULL, 0.1);
INSERT INTO EQUIPMENT ([ID], [NAME], [TYPE], [COST_COIN], [COST_MIN], [COST_MAX], [WEIGHT]) VALUES (9053, 'Spear',					9, 1, 8, NULL, 2.5);
INSERT INTO EQUIPMENT ([ID], [NAME], [TYPE], [COST_COIN], [COST_MIN], [COST_MAX], [WEIGHT]) VALUES (9054, 'Staff sling',			9, 1, 2, NULL, 1);
INSERT INTO EQUIPMENT ([ID], [NAME], [TYPE], [COST_COIN], [COST_MIN], [COST_MAX], [WEIGHT]) VALUES (9055, 'Bastard sword',			9, 3, 25, NULL, 4.5);
INSERT INTO EQUIPMENT ([ID], [NAME], [TYPE], [COST_COIN], [COST_MIN], [COST_MAX], [WEIGHT]) VALUES (9056, 'Broad sword',			9, 3, 10, NULL, 2);
INSERT INTO EQUIPMENT ([ID], [NAME], [TYPE], [COST_COIN], [COST_MIN], [COST_MAX], [WEIGHT]) VALUES (9057, 'Khopesh',				9, 3, 10, NULL, 3.5);
INSERT INTO EQUIPMENT ([ID], [NAME], [TYPE], [COST_COIN], [COST_MIN], [COST_MAX], [WEIGHT]) VALUES (9058, 'Long sword',				9, 3, 15, NULL, 2);
INSERT INTO EQUIPMENT ([ID], [NAME], [TYPE], [COST_COIN], [COST_MIN], [COST_MAX], [WEIGHT]) VALUES (9059, 'Scimitar',				9, 3, 15, NULL, 2);
INSERT INTO EQUIPMENT ([ID], [NAME], [TYPE], [COST_COIN], [COST_MIN], [COST_MAX], [WEIGHT]) VALUES (9060, 'Short sword',			9, 3, 10, NULL, 1.5);
INSERT INTO EQUIPMENT ([ID], [NAME], [TYPE], [COST_COIN], [COST_MIN], [COST_MAX], [WEIGHT]) VALUES (9061, 'Two-handed sword',		9, 3, 50, NULL, 7);
INSERT INTO EQUIPMENT ([ID], [NAME], [TYPE], [COST_COIN], [COST_MIN], [COST_MAX], [WEIGHT]) VALUES (9062, 'Trident',				9, 3, 15, NULL, 2.5);
INSERT INTO EQUIPMENT ([ID], [NAME], [TYPE], [COST_COIN], [COST_MIN], [COST_MAX], [WEIGHT]) VALUES (9063, 'Warhammer',				9, 3, 2, NULL, 3);
INSERT INTO EQUIPMENT ([ID], [NAME], [TYPE], [COST_COIN], [COST_MIN], [COST_MAX], [WEIGHT]) VALUES (9064, 'Whip',					9, 1, 1, NULL, 1);

INSERT INTO EQUIPMENT ([ID], [NAME], [TYPE], [COST_COIN], [COST_MIN], [COST_MAX], [WEIGHT]) VALUES (10000, 'Barbed dart',			10, 1, 1, NULL, 0.05);
INSERT INTO EQUIPMENT ([ID], [NAME], [TYPE], [COST_COIN], [COST_MIN], [COST_MAX], [WEIGHT]) VALUES (10001, 'Needle',				10, 0, 2, NULL, 0.05);
INSERT INTO EQUIPMENT ([ID], [NAME], [TYPE], [COST_COIN], [COST_MIN], [COST_MAX], [WEIGHT]) VALUES (10002, 'Flight arrow',			10, 1, 0.25, NULL, 0.05);
INSERT INTO EQUIPMENT ([ID], [NAME], [TYPE], [COST_COIN], [COST_MIN], [COST_MAX], [WEIGHT]) VALUES (10003, 'Sheaf arrow',			10, 1, 0.5, NULL, 0.05);
INSERT INTO EQUIPMENT ([ID], [NAME], [TYPE], [COST_COIN], [COST_MIN], [COST_MAX], [WEIGHT]) VALUES (10004, 'Hand quarrel',			10, 3, 1, NULL, 0.05);
INSERT INTO EQUIPMENT ([ID], [NAME], [TYPE], [COST_COIN], [COST_MIN], [COST_MAX], [WEIGHT]) VALUES (10005, 'Heavy quarrel',			10, 1, 2, NULL, 0.05);
INSERT INTO EQUIPMENT ([ID], [NAME], [TYPE], [COST_COIN], [COST_MIN], [COST_MAX], [WEIGHT]) VALUES (10006, 'Light quarrel',			10, 1, 1, NULL, 0.05);
INSERT INTO EQUIPMENT ([ID], [NAME], [TYPE], [COST_COIN], [COST_MIN], [COST_MAX], [WEIGHT]) VALUES (10007, 'Sling bullet',			10, 0, 1, NULL, 0);
INSERT INTO EQUIPMENT ([ID], [NAME], [TYPE], [COST_COIN], [COST_MIN], [COST_MAX], [WEIGHT]) VALUES (10008, 'Sling stone',			10, 0, 0, NULL, 0);
INSERT INTO EQUIPMENT ([ID], [NAME], [TYPE], [COST_COIN], [COST_MIN], [COST_MAX], [WEIGHT]) VALUES (10009, 'Gunpowder',				10, 3, 0, NULL, 0.005);

COMMIT TRANSACTION;

-------------------------------------------------------------------------------------------------------------

BEGIN TRANSACTION;

INSERT INTO WEAPON_TYPE ([ID], [TYPE], [DESCRIPTION]) VALUES (0, '-', 'None');
--INSERT INTO WEAPON_TYPE ([ID], [TYPE], [DESCRIPTION]) VALUES (1, 'T', 'Throwing'); -- Non esiste
INSERT INTO WEAPON_TYPE ([ID], [TYPE], [DESCRIPTION]) VALUES (2, 'B', 'Bludgeoning');
INSERT INTO WEAPON_TYPE ([ID], [TYPE], [DESCRIPTION]) VALUES (4, 'P', 'Piercing');
INSERT INTO WEAPON_TYPE ([ID], [TYPE], [DESCRIPTION]) VALUES (8, 'S', 'Slashing');

COMMIT TRANSACTION;

-------------------------------------------------------------------------------------------------------------

BEGIN TRANSACTION;

INSERT INTO WEAPON_SIZE ([ID], [TYPE], [DESCRIPTION]) VALUES (0, 'S', 'Small');
INSERT INTO WEAPON_SIZE ([ID], [TYPE], [DESCRIPTION]) VALUES (1, 'M', 'Medium');
INSERT INTO WEAPON_SIZE ([ID], [TYPE], [DESCRIPTION]) VALUES (2, 'L', 'Large');
INSERT INTO WEAPON_SIZE ([ID], [TYPE], [DESCRIPTION]) VALUES (3, 'G', 'Giant');
INSERT INTO WEAPON_SIZE ([ID], [TYPE], [DESCRIPTION]) VALUES (4, 'H', 'Huge');

COMMIT TRANSACTION;

-------------------------------------------------------------------------------------------------------------

BEGIN TRANSACTION;

INSERT INTO TARGET_SIZE ([TYPE], [DESCRIPTION]) VALUES ('S', 'Small/Medium');
INSERT INTO TARGET_SIZE ([TYPE], [DESCRIPTION]) VALUES ('L', 'Large');
INSERT INTO TARGET_SIZE ([TYPE], [DESCRIPTION]) VALUES ('A', 'All');

COMMIT TRANSACTION;

-------------------------------------------------------------------------------------------------------------

BEGIN TRANSACTION;

INSERT INTO CLOTHING ([EQUIPMENT_ID], [BODY_SLOT]) VALUES (0,	9);
INSERT INTO CLOTHING ([EQUIPMENT_ID], [BODY_SLOT]) VALUES (1,	7);
INSERT INTO CLOTHING ([EQUIPMENT_ID], [BODY_SLOT]) VALUES (2,	7);
INSERT INTO CLOTHING ([EQUIPMENT_ID], [BODY_SLOT]) VALUES (3,	10);
INSERT INTO CLOTHING ([EQUIPMENT_ID], [BODY_SLOT]) VALUES (4,	0);
INSERT INTO CLOTHING ([EQUIPMENT_ID], [BODY_SLOT]) VALUES (5,	8);
INSERT INTO CLOTHING ([EQUIPMENT_ID], [BODY_SLOT]) VALUES (6,	8);
INSERT INTO CLOTHING ([EQUIPMENT_ID], [BODY_SLOT]) VALUES (7,	9);
INSERT INTO CLOTHING ([EQUIPMENT_ID], [BODY_SLOT]) VALUES (8,	4);
INSERT INTO CLOTHING ([EQUIPMENT_ID], [BODY_SLOT]) VALUES (9,	6);
INSERT INTO CLOTHING ([EQUIPMENT_ID], [BODY_SLOT]) VALUES (10,	10);
INSERT INTO CLOTHING ([EQUIPMENT_ID], [BODY_SLOT]) VALUES (11,	9);
INSERT INTO CLOTHING ([EQUIPMENT_ID], [BODY_SLOT]) VALUES (12,	4);
INSERT INTO CLOTHING ([EQUIPMENT_ID], [BODY_SLOT]) VALUES (13,	6);
INSERT INTO CLOTHING ([EQUIPMENT_ID], [BODY_SLOT]) VALUES (14,	6);
INSERT INTO CLOTHING ([EQUIPMENT_ID], [BODY_SLOT]) VALUES (15,	6);
INSERT INTO CLOTHING ([EQUIPMENT_ID], [BODY_SLOT]) VALUES (16,	6);
INSERT INTO CLOTHING ([EQUIPMENT_ID], [BODY_SLOT]) VALUES (17,	7);
INSERT INTO CLOTHING ([EQUIPMENT_ID], [BODY_SLOT]) VALUES (18,	1);
INSERT INTO CLOTHING ([EQUIPMENT_ID], [BODY_SLOT]) VALUES (19,	7);
INSERT INTO CLOTHING ([EQUIPMENT_ID], [BODY_SLOT]) VALUES (20,	6);
INSERT INTO CLOTHING ([EQUIPMENT_ID], [BODY_SLOT]) VALUES (21,	6);
INSERT INTO CLOTHING ([EQUIPMENT_ID], [BODY_SLOT]) VALUES (22,	9);
INSERT INTO CLOTHING ([EQUIPMENT_ID], [BODY_SLOT]) VALUES (23,	6);
INSERT INTO CLOTHING ([EQUIPMENT_ID], [BODY_SLOT]) VALUES (24,	6);
INSERT INTO CLOTHING ([EQUIPMENT_ID], [BODY_SLOT]) VALUES (25,	6);
INSERT INTO CLOTHING ([EQUIPMENT_ID], [BODY_SLOT]) VALUES (26,	6);

COMMIT TRANSACTION;

-------------------------------------------------------------------------------------------------------------

BEGIN TRANSACTION;
				
INSERT INTO ATTACK_TYPE ([ID], [DESCRIPTION]) VALUES (0, 'Melee');
INSERT INTO ATTACK_TYPE ([ID], [DESCRIPTION]) VALUES (1, 'Light bow');
INSERT INTO ATTACK_TYPE ([ID], [DESCRIPTION]) VALUES (2, 'Heavy bow');
INSERT INTO ATTACK_TYPE ([ID], [DESCRIPTION]) VALUES (3, 'Thrown dagger');
INSERT INTO ATTACK_TYPE ([ID], [DESCRIPTION]) VALUES (4, 'Thrown dart');
INSERT INTO ATTACK_TYPE ([ID], [DESCRIPTION]) VALUES (5, 'Missile');

COMMIT TRANSACTION;

-----------------------------------------------------------------------------------------------------------

BEGIN TRANSACTION;

INSERT INTO ATTACK_RESULT ([ACRONYM], [DESCRIPTION]) VALUES ('M', 'Miss');
INSERT INTO ATTACK_RESULT ([ACRONYM], [DESCRIPTION]) VALUES ('H', 'Hit');
INSERT INTO ATTACK_RESULT ([ACRONYM], [DESCRIPTION]) VALUES ('CM', 'Critical miss');
INSERT INTO ATTACK_RESULT ([ACRONYM], [DESCRIPTION]) VALUES ('CH', 'Critical hit');

COMMIT TRANSACTION;

-------------------------------------------------------------------------------------------------------------

BEGIN TRANSACTION;

INSERT INTO WEAPON_GROUP ([ID], [DESCRIPTION]) VALUES (0, 'Axes');
INSERT INTO WEAPON_GROUP ([ID], [DESCRIPTION]) VALUES (1, 'Bows');
INSERT INTO WEAPON_GROUP ([ID], [DESCRIPTION]) VALUES (2, 'Crossbows');
INSERT INTO WEAPON_GROUP ([ID], [DESCRIPTION]) VALUES (3, 'Dagger');
INSERT INTO WEAPON_GROUP ([ID], [DESCRIPTION]) VALUES (4, 'Poles');
INSERT INTO WEAPON_GROUP ([ID], [DESCRIPTION]) VALUES (5, 'Lances');
INSERT INTO WEAPON_GROUP ([ID], [DESCRIPTION]) VALUES (6, 'Forks');
INSERT INTO WEAPON_GROUP ([ID], [DESCRIPTION]) VALUES (7, 'Maces');
INSERT INTO WEAPON_GROUP ([ID], [DESCRIPTION]) VALUES (8, 'Swords');
INSERT INTO WEAPON_GROUP ([ID], [DESCRIPTION]) VALUES (9, 'Slings');

COMMIT TRANSACTION;

-------------------------------------------------------------------------------------------------------------

BEGIN TRANSACTION;

INSERT INTO WEAPON ([EQUIPMENT_ID], [WEAPON_SIZE], [WEAPON_TYPE], [SPEED_FACTOR], [TARGET_SIZE], [DAMAGE_DICE_NUMBER], [DAMAGE_DIE_FACES], [DAMAGE_MODIFIER], [ATTACK_TYPE], [WEAPON_GROUP]) VALUES (9000, 1, 4, 15, 2, 1, 10, NULL, 5, NULL);
INSERT INTO WEAPON ([EQUIPMENT_ID], [WEAPON_SIZE], [WEAPON_TYPE], [SPEED_FACTOR], [TARGET_SIZE], [DAMAGE_DICE_NUMBER], [DAMAGE_DIE_FACES], [DAMAGE_MODIFIER], [ATTACK_TYPE], [WEAPON_GROUP]) VALUES (9001, 1, 8, 7, 2, 1, 8, NULL, 0, 0);
INSERT INTO WEAPON ([EQUIPMENT_ID], [WEAPON_SIZE], [WEAPON_TYPE], [SPEED_FACTOR], [TARGET_SIZE], [DAMAGE_DICE_NUMBER], [DAMAGE_DIE_FACES], [DAMAGE_MODIFIER], [ATTACK_TYPE], [WEAPON_GROUP]) VALUES (9002, 2, 0, 5, 2, NULL, NULL, NULL, 5, NULL);
INSERT INTO WEAPON ([EQUIPMENT_ID], [WEAPON_SIZE], [WEAPON_TYPE], [SPEED_FACTOR], [TARGET_SIZE], [DAMAGE_DICE_NUMBER], [DAMAGE_DIE_FACES], [DAMAGE_MODIFIER], [ATTACK_TYPE], [WEAPON_GROUP]) VALUES (9003, 2, 0, 7, 2, NULL, NULL, NULL, 2, 1);
INSERT INTO WEAPON ([EQUIPMENT_ID], [WEAPON_SIZE], [WEAPON_TYPE], [SPEED_FACTOR], [TARGET_SIZE], [DAMAGE_DICE_NUMBER], [DAMAGE_DIE_FACES], [DAMAGE_MODIFIER], [ATTACK_TYPE], [WEAPON_GROUP]) VALUES (9004, 1, 0, 6, 2, NULL, NULL, NULL, 1, 1);
INSERT INTO WEAPON ([EQUIPMENT_ID], [WEAPON_SIZE], [WEAPON_TYPE], [SPEED_FACTOR], [TARGET_SIZE], [DAMAGE_DICE_NUMBER], [DAMAGE_DIE_FACES], [DAMAGE_MODIFIER], [ATTACK_TYPE], [WEAPON_GROUP]) VALUES (9005, 2, 0, 8, 2, NULL, NULL, NULL, 2, 1);
INSERT INTO WEAPON ([EQUIPMENT_ID], [WEAPON_SIZE], [WEAPON_TYPE], [SPEED_FACTOR], [TARGET_SIZE], [DAMAGE_DICE_NUMBER], [DAMAGE_DIE_FACES], [DAMAGE_MODIFIER], [ATTACK_TYPE], [WEAPON_GROUP]) VALUES (9006, 1, 0, 7, 2, NULL, NULL, NULL, 1, 1);
INSERT INTO WEAPON ([EQUIPMENT_ID], [WEAPON_SIZE], [WEAPON_TYPE], [SPEED_FACTOR], [TARGET_SIZE], [DAMAGE_DICE_NUMBER], [DAMAGE_DIE_FACES], [DAMAGE_MODIFIER], [ATTACK_TYPE], [WEAPON_GROUP]) VALUES (9007, 1, 2, 4, 0, 1, 6, NULL, 0, 7);
INSERT INTO WEAPON ([EQUIPMENT_ID], [WEAPON_SIZE], [WEAPON_TYPE], [SPEED_FACTOR], [TARGET_SIZE], [DAMAGE_DICE_NUMBER], [DAMAGE_DIE_FACES], [DAMAGE_MODIFIER], [ATTACK_TYPE], [WEAPON_GROUP]) VALUES (9007, 1, 2, 4, 1, 1, 3, NULL, 0, 7);
INSERT INTO WEAPON ([EQUIPMENT_ID], [WEAPON_SIZE], [WEAPON_TYPE], [SPEED_FACTOR], [TARGET_SIZE], [DAMAGE_DICE_NUMBER], [DAMAGE_DIE_FACES], [DAMAGE_MODIFIER], [ATTACK_TYPE], [WEAPON_GROUP]) VALUES (9008, 0, 0, 5, 2, NULL, NULL, NULL, 5, 2);
INSERT INTO WEAPON ([EQUIPMENT_ID], [WEAPON_SIZE], [WEAPON_TYPE], [SPEED_FACTOR], [TARGET_SIZE], [DAMAGE_DICE_NUMBER], [DAMAGE_DIE_FACES], [DAMAGE_MODIFIER], [ATTACK_TYPE], [WEAPON_GROUP]) VALUES (9009, 1, 0, 10, 2, NULL, NULL, NULL, 5, 2);
INSERT INTO WEAPON ([EQUIPMENT_ID], [WEAPON_SIZE], [WEAPON_TYPE], [SPEED_FACTOR], [TARGET_SIZE], [DAMAGE_DICE_NUMBER], [DAMAGE_DIE_FACES], [DAMAGE_MODIFIER], [ATTACK_TYPE], [WEAPON_GROUP]) VALUES (9010, 1, 0, 7, 2, NULL, NULL, NULL, 5, 2);
INSERT INTO WEAPON ([EQUIPMENT_ID], [WEAPON_SIZE], [WEAPON_TYPE], [SPEED_FACTOR], [TARGET_SIZE], [DAMAGE_DICE_NUMBER], [DAMAGE_DIE_FACES], [DAMAGE_MODIFIER], [ATTACK_TYPE], [WEAPON_GROUP]) VALUES (9011, 0, 4, 2, 0, 1, 4, NULL, 0, 3);
INSERT INTO WEAPON ([EQUIPMENT_ID], [WEAPON_SIZE], [WEAPON_TYPE], [SPEED_FACTOR], [TARGET_SIZE], [DAMAGE_DICE_NUMBER], [DAMAGE_DIE_FACES], [DAMAGE_MODIFIER], [ATTACK_TYPE], [WEAPON_GROUP]) VALUES (9011, 0, 4, 2, 1, 1, 3, NULL, 0, 3);
INSERT INTO WEAPON ([EQUIPMENT_ID], [WEAPON_SIZE], [WEAPON_TYPE], [SPEED_FACTOR], [TARGET_SIZE], [DAMAGE_DICE_NUMBER], [DAMAGE_DIE_FACES], [DAMAGE_MODIFIER], [ATTACK_TYPE], [WEAPON_GROUP]) VALUES (9012, 0, 4, 2, 0, 1, 4, NULL, 0, 3);
INSERT INTO WEAPON ([EQUIPMENT_ID], [WEAPON_SIZE], [WEAPON_TYPE], [SPEED_FACTOR], [TARGET_SIZE], [DAMAGE_DICE_NUMBER], [DAMAGE_DIE_FACES], [DAMAGE_MODIFIER], [ATTACK_TYPE], [WEAPON_GROUP]) VALUES (9012, 0, 4, 2, 1, 1, 3, NULL, 0, 3);
INSERT INTO WEAPON ([EQUIPMENT_ID], [WEAPON_SIZE], [WEAPON_TYPE], [SPEED_FACTOR], [TARGET_SIZE], [DAMAGE_DICE_NUMBER], [DAMAGE_DIE_FACES], [DAMAGE_MODIFIER], [ATTACK_TYPE], [WEAPON_GROUP]) VALUES (9013, 0, 4, 2, 0, 1, 4, NULL, 0, NULL);
INSERT INTO WEAPON ([EQUIPMENT_ID], [WEAPON_SIZE], [WEAPON_TYPE], [SPEED_FACTOR], [TARGET_SIZE], [DAMAGE_DICE_NUMBER], [DAMAGE_DIE_FACES], [DAMAGE_MODIFIER], [ATTACK_TYPE], [WEAPON_GROUP]) VALUES (9013, 0, 4, 2, 1, 1, 3, NULL, 0, NULL);
INSERT INTO WEAPON ([EQUIPMENT_ID], [WEAPON_SIZE], [WEAPON_TYPE], [SPEED_FACTOR], [TARGET_SIZE], [DAMAGE_DICE_NUMBER], [DAMAGE_DIE_FACES], [DAMAGE_MODIFIER], [ATTACK_TYPE], [WEAPON_GROUP]) VALUES (9014, 1, 2, 7, 0, 1, 6, 1, 0, 7);
INSERT INTO WEAPON ([EQUIPMENT_ID], [WEAPON_SIZE], [WEAPON_TYPE], [SPEED_FACTOR], [TARGET_SIZE], [DAMAGE_DICE_NUMBER], [DAMAGE_DIE_FACES], [DAMAGE_MODIFIER], [ATTACK_TYPE], [WEAPON_GROUP]) VALUES (9014, 1, 2, 7, 1, 2, 4, NULL, 0, 7);
INSERT INTO WEAPON ([EQUIPMENT_ID], [WEAPON_SIZE], [WEAPON_TYPE], [SPEED_FACTOR], [TARGET_SIZE], [DAMAGE_DICE_NUMBER], [DAMAGE_DIE_FACES], [DAMAGE_MODIFIER], [ATTACK_TYPE], [WEAPON_GROUP]) VALUES (9015, 1, 2, 7, 0, 1, 6, 1, 0, 7);
INSERT INTO WEAPON ([EQUIPMENT_ID], [WEAPON_SIZE], [WEAPON_TYPE], [SPEED_FACTOR], [TARGET_SIZE], [DAMAGE_DICE_NUMBER], [DAMAGE_DIE_FACES], [DAMAGE_MODIFIER], [ATTACK_TYPE], [WEAPON_GROUP]) VALUES (9015, 1, 2, 7, 1, 1, 6, NULL, 0, 7);
INSERT INTO WEAPON ([EQUIPMENT_ID], [WEAPON_SIZE], [WEAPON_TYPE], [SPEED_FACTOR], [TARGET_SIZE], [DAMAGE_DICE_NUMBER], [DAMAGE_DIE_FACES], [DAMAGE_MODIFIER], [ATTACK_TYPE], [WEAPON_GROUP]) VALUES (9016, 1, 4, 7, 0, 1, 6, 1, 0, 4);
INSERT INTO WEAPON ([EQUIPMENT_ID], [WEAPON_SIZE], [WEAPON_TYPE], [SPEED_FACTOR], [TARGET_SIZE], [DAMAGE_DICE_NUMBER], [DAMAGE_DIE_FACES], [DAMAGE_MODIFIER], [ATTACK_TYPE], [WEAPON_GROUP]) VALUES (9016, 1, 4, 7, 1, 2, 4, NULL, 0, 4);
INSERT INTO WEAPON ([EQUIPMENT_ID], [WEAPON_SIZE], [WEAPON_TYPE], [SPEED_FACTOR], [TARGET_SIZE], [DAMAGE_DICE_NUMBER], [DAMAGE_DIE_FACES], [DAMAGE_MODIFIER], [ATTACK_TYPE], [WEAPON_GROUP]) VALUES (9017, 1, 8, 4, 0, 1, 6, NULL, 0, 0);
INSERT INTO WEAPON ([EQUIPMENT_ID], [WEAPON_SIZE], [WEAPON_TYPE], [SPEED_FACTOR], [TARGET_SIZE], [DAMAGE_DICE_NUMBER], [DAMAGE_DIE_FACES], [DAMAGE_MODIFIER], [ATTACK_TYPE], [WEAPON_GROUP]) VALUES (9017, 1, 8, 4, 1, 1, 4, NULL, 0, 0);
INSERT INTO WEAPON ([EQUIPMENT_ID], [WEAPON_SIZE], [WEAPON_TYPE], [SPEED_FACTOR], [TARGET_SIZE], [DAMAGE_DICE_NUMBER], [DAMAGE_DIE_FACES], [DAMAGE_MODIFIER], [ATTACK_TYPE], [WEAPON_GROUP]) VALUES (9018, 1, 8, 4, 0, 1, 6, NULL, 5, 0);
INSERT INTO WEAPON ([EQUIPMENT_ID], [WEAPON_SIZE], [WEAPON_TYPE], [SPEED_FACTOR], [TARGET_SIZE], [DAMAGE_DICE_NUMBER], [DAMAGE_DIE_FACES], [DAMAGE_MODIFIER], [ATTACK_TYPE], [WEAPON_GROUP]) VALUES (9018, 1, 8, 4, 1, 1, 4, NULL, 5, 0);
INSERT INTO WEAPON ([EQUIPMENT_ID], [WEAPON_SIZE], [WEAPON_TYPE], [SPEED_FACTOR], [TARGET_SIZE], [DAMAGE_DICE_NUMBER], [DAMAGE_DIE_FACES], [DAMAGE_MODIFIER], [ATTACK_TYPE], [WEAPON_GROUP]) VALUES (9019, 2, 4, 7, 0, 2, 4, NULL, 5, 5);
INSERT INTO WEAPON ([EQUIPMENT_ID], [WEAPON_SIZE], [WEAPON_TYPE], [SPEED_FACTOR], [TARGET_SIZE], [DAMAGE_DICE_NUMBER], [DAMAGE_DIE_FACES], [DAMAGE_MODIFIER], [ATTACK_TYPE], [WEAPON_GROUP]) VALUES (9019, 2, 4, 7, 1, 2, 6, NULL, 5, 5);
INSERT INTO WEAPON ([EQUIPMENT_ID], [WEAPON_SIZE], [WEAPON_TYPE], [SPEED_FACTOR], [TARGET_SIZE], [DAMAGE_DICE_NUMBER], [DAMAGE_DIE_FACES], [DAMAGE_MODIFIER], [ATTACK_TYPE], [WEAPON_GROUP]) VALUES (9020, 1, 2, 6, 2, 1, 4, 1, 6, 7);
INSERT INTO WEAPON ([EQUIPMENT_ID], [WEAPON_SIZE], [WEAPON_TYPE], [SPEED_FACTOR], [TARGET_SIZE], [DAMAGE_DICE_NUMBER], [DAMAGE_DIE_FACES], [DAMAGE_MODIFIER], [ATTACK_TYPE], [WEAPON_GROUP]) VALUES (9021, 1, 2, 6, 0, 1, 6, NULL, 6, 7);
INSERT INTO WEAPON ([EQUIPMENT_ID], [WEAPON_SIZE], [WEAPON_TYPE], [SPEED_FACTOR], [TARGET_SIZE], [DAMAGE_DICE_NUMBER], [DAMAGE_DIE_FACES], [DAMAGE_MODIFIER], [ATTACK_TYPE], [WEAPON_GROUP]) VALUES (9021, 1, 2, 6, 1, 1, 4, NULL, 6, 7);
INSERT INTO WEAPON ([EQUIPMENT_ID], [WEAPON_SIZE], [WEAPON_TYPE], [SPEED_FACTOR], [TARGET_SIZE], [DAMAGE_DICE_NUMBER], [DAMAGE_DIE_FACES], [DAMAGE_MODIFIER], [ATTACK_TYPE], [WEAPON_GROUP]) VALUES (9022, 1, 4, 5, 0, 1, 4, 1, 6, 4);
INSERT INTO WEAPON ([EQUIPMENT_ID], [WEAPON_SIZE], [WEAPON_TYPE], [SPEED_FACTOR], [TARGET_SIZE], [DAMAGE_DICE_NUMBER], [DAMAGE_DIE_FACES], [DAMAGE_MODIFIER], [ATTACK_TYPE], [WEAPON_GROUP]) VALUES (9022, 1, 4, 5, 1, 1, 4, NULL, 6, 4);
INSERT INTO WEAPON ([EQUIPMENT_ID], [WEAPON_SIZE], [WEAPON_TYPE], [SPEED_FACTOR], [TARGET_SIZE], [DAMAGE_DICE_NUMBER], [DAMAGE_DIE_FACES], [DAMAGE_MODIFIER], [ATTACK_TYPE], [WEAPON_GROUP]) VALUES (9023, 1, 4, 4, 2, 1, 6, NULL, 5, 5);
INSERT INTO WEAPON ([EQUIPMENT_ID], [WEAPON_SIZE], [WEAPON_TYPE], [SPEED_FACTOR], [TARGET_SIZE], [DAMAGE_DICE_NUMBER], [DAMAGE_DIE_FACES], [DAMAGE_MODIFIER], [ATTACK_TYPE], [WEAPON_GROUP]) VALUES (9024, 0, 12, 2, 0, 1, 3, NULL, 0, 3);
INSERT INTO WEAPON ([EQUIPMENT_ID], [WEAPON_SIZE], [WEAPON_TYPE], [SPEED_FACTOR], [TARGET_SIZE], [DAMAGE_DICE_NUMBER], [DAMAGE_DIE_FACES], [DAMAGE_MODIFIER], [ATTACK_TYPE], [WEAPON_GROUP]) VALUES (9024, 0, 12, 2, 1, 1, 2, NULL, 0, 3);
INSERT INTO WEAPON ([EQUIPMENT_ID], [WEAPON_SIZE], [WEAPON_TYPE], [SPEED_FACTOR], [TARGET_SIZE], [DAMAGE_DICE_NUMBER], [DAMAGE_DIE_FACES], [DAMAGE_MODIFIER], [ATTACK_TYPE], [WEAPON_GROUP]) VALUES (9025, 2, 4, 8, 0, 1, 8, 1, 6, 5);
INSERT INTO WEAPON ([EQUIPMENT_ID], [WEAPON_SIZE], [WEAPON_TYPE], [SPEED_FACTOR], [TARGET_SIZE], [DAMAGE_DICE_NUMBER], [DAMAGE_DIE_FACES], [DAMAGE_MODIFIER], [ATTACK_TYPE], [WEAPON_GROUP]) VALUES (9025, 2, 4, 8, 1, 3, 6, NULL, 6, 5);
INSERT INTO WEAPON ([EQUIPMENT_ID], [WEAPON_SIZE], [WEAPON_TYPE], [SPEED_FACTOR], [TARGET_SIZE], [DAMAGE_DICE_NUMBER], [DAMAGE_DIE_FACES], [DAMAGE_MODIFIER], [ATTACK_TYPE], [WEAPON_GROUP]) VALUES (9026, 2, 4, 6, 0, 1, 6, NULL, 6, 5);
INSERT INTO WEAPON ([EQUIPMENT_ID], [WEAPON_SIZE], [WEAPON_TYPE], [SPEED_FACTOR], [TARGET_SIZE], [DAMAGE_DICE_NUMBER], [DAMAGE_DIE_FACES], [DAMAGE_MODIFIER], [ATTACK_TYPE], [WEAPON_GROUP]) VALUES (9026, 2, 4, 6, 1, 1, 8, NULL, 6, 5);
INSERT INTO WEAPON ([EQUIPMENT_ID], [WEAPON_SIZE], [WEAPON_TYPE], [SPEED_FACTOR], [TARGET_SIZE], [DAMAGE_DICE_NUMBER], [DAMAGE_DIE_FACES], [DAMAGE_MODIFIER], [ATTACK_TYPE], [WEAPON_GROUP]) VALUES (9027, 2, 4, 10, 0, 1, 3, -1, 6, 5);
INSERT INTO WEAPON ([EQUIPMENT_ID], [WEAPON_SIZE], [WEAPON_TYPE], [SPEED_FACTOR], [TARGET_SIZE], [DAMAGE_DICE_NUMBER], [DAMAGE_DIE_FACES], [DAMAGE_MODIFIER], [ATTACK_TYPE], [WEAPON_GROUP]) VALUES (9027, 2, 4, 10, 1, 1, 2, -1, 6, 5);
INSERT INTO WEAPON ([EQUIPMENT_ID], [WEAPON_SIZE], [WEAPON_TYPE], [SPEED_FACTOR], [TARGET_SIZE], [DAMAGE_DICE_NUMBER], [DAMAGE_DIE_FACES], [DAMAGE_MODIFIER], [ATTACK_TYPE], [WEAPON_GROUP]) VALUES (9028, 2, 4, 7, 0, 1, 6, 1, 6, 5);
INSERT INTO WEAPON ([EQUIPMENT_ID], [WEAPON_SIZE], [WEAPON_TYPE], [SPEED_FACTOR], [TARGET_SIZE], [DAMAGE_DICE_NUMBER], [DAMAGE_DIE_FACES], [DAMAGE_MODIFIER], [ATTACK_TYPE], [WEAPON_GROUP]) VALUES (9028, 2, 4, 7, 2, 2, 4, NULL, 6, 4);
INSERT INTO WEAPON ([EQUIPMENT_ID], [WEAPON_SIZE], [WEAPON_TYPE], [SPEED_FACTOR], [TARGET_SIZE], [DAMAGE_DICE_NUMBER], [DAMAGE_DIE_FACES], [DAMAGE_MODIFIER], [ATTACK_TYPE], [WEAPON_GROUP]) VALUES (9029, 2, 0, 7, 2, NULL, NULL, NULL, 0, 44);
INSERT INTO WEAPON ([EQUIPMENT_ID], [WEAPON_SIZE], [WEAPON_TYPE], [SPEED_FACTOR], [TARGET_SIZE], [DAMAGE_DICE_NUMBER], [DAMAGE_DIE_FACES], [DAMAGE_MODIFIER], [ATTACK_TYPE], [WEAPON_GROUP]) VALUES (9030, 1, 2, 7, 0, 2, 4, NULL, 0, 7);
INSERT INTO WEAPON ([EQUIPMENT_ID], [WEAPON_SIZE], [WEAPON_TYPE], [SPEED_FACTOR], [TARGET_SIZE], [DAMAGE_DICE_NUMBER], [DAMAGE_DIE_FACES], [DAMAGE_MODIFIER], [ATTACK_TYPE], [WEAPON_GROUP]) VALUES (9030, 1, 2, 7, 1, 1, 6, 1, 0, 7);
INSERT INTO WEAPON ([EQUIPMENT_ID], [WEAPON_SIZE], [WEAPON_TYPE], [SPEED_FACTOR], [TARGET_SIZE], [DAMAGE_DICE_NUMBER], [DAMAGE_DIE_FACES], [DAMAGE_MODIFIER], [ATTACK_TYPE], [WEAPON_GROUP]) VALUES (9031, 2, 4, 13, 0, 1, 6, NULL, 0, 4);
INSERT INTO WEAPON ([EQUIPMENT_ID], [WEAPON_SIZE], [WEAPON_TYPE], [SPEED_FACTOR], [TARGET_SIZE], [DAMAGE_DICE_NUMBER], [DAMAGE_DIE_FACES], [DAMAGE_MODIFIER], [ATTACK_TYPE], [WEAPON_GROUP]) VALUES (9031, 2, 4, 13, 1, 1, 12, NULL, 0, 4);
INSERT INTO WEAPON ([EQUIPMENT_ID], [WEAPON_SIZE], [WEAPON_TYPE], [SPEED_FACTOR], [TARGET_SIZE], [DAMAGE_DICE_NUMBER], [DAMAGE_DIE_FACES], [DAMAGE_MODIFIER], [ATTACK_TYPE], [WEAPON_GROUP]) VALUES (9032, 2, 8, 9, 0, 2, 4, NULL, 0, 4);
INSERT INTO WEAPON ([EQUIPMENT_ID], [WEAPON_SIZE], [WEAPON_TYPE], [SPEED_FACTOR], [TARGET_SIZE], [DAMAGE_DICE_NUMBER], [DAMAGE_DIE_FACES], [DAMAGE_MODIFIER], [ATTACK_TYPE], [WEAPON_GROUP]) VALUES (9032, 2, 8, 9, 1, 2, 6, NULL, 0, 4);
INSERT INTO WEAPON ([EQUIPMENT_ID], [WEAPON_SIZE], [WEAPON_TYPE], [SPEED_FACTOR], [TARGET_SIZE], [DAMAGE_DICE_NUMBER], [DAMAGE_DIE_FACES], [DAMAGE_MODIFIER], [ATTACK_TYPE], [WEAPON_GROUP]) VALUES (9033, 2, 6, 9, 0, 1, 8, NULL, 0, 4);
INSERT INTO WEAPON ([EQUIPMENT_ID], [WEAPON_SIZE], [WEAPON_TYPE], [SPEED_FACTOR], [TARGET_SIZE], [DAMAGE_DICE_NUMBER], [DAMAGE_DIE_FACES], [DAMAGE_MODIFIER], [ATTACK_TYPE], [WEAPON_GROUP]) VALUES (9033, 2, 6, 9, 1, 1, 6, NULL, 0, 4);
INSERT INTO WEAPON ([EQUIPMENT_ID], [WEAPON_SIZE], [WEAPON_TYPE], [SPEED_FACTOR], [TARGET_SIZE], [DAMAGE_DICE_NUMBER], [DAMAGE_DIE_FACES], [DAMAGE_MODIFIER], [ATTACK_TYPE], [WEAPON_GROUP]) VALUES (9034, 2, 12, 10, 0, 2, 4, NULL, 0, 4);
INSERT INTO WEAPON ([EQUIPMENT_ID], [WEAPON_SIZE], [WEAPON_TYPE], [SPEED_FACTOR], [TARGET_SIZE], [DAMAGE_DICE_NUMBER], [DAMAGE_DIE_FACES], [DAMAGE_MODIFIER], [ATTACK_TYPE], [WEAPON_GROUP]) VALUES (9034, 2, 12, 10, 1, 1, 10, NULL, 0, 4);
INSERT INTO WEAPON ([EQUIPMENT_ID], [WEAPON_SIZE], [WEAPON_TYPE], [SPEED_FACTOR], [TARGET_SIZE], [DAMAGE_DICE_NUMBER], [DAMAGE_DIE_FACES], [DAMAGE_MODIFIER], [ATTACK_TYPE], [WEAPON_GROUP]) VALUES (9035, 2, 12, 8, 0, 1, 6, NULL, 0, 4);
INSERT INTO WEAPON ([EQUIPMENT_ID], [WEAPON_SIZE], [WEAPON_TYPE], [SPEED_FACTOR], [TARGET_SIZE], [DAMAGE_DICE_NUMBER], [DAMAGE_DIE_FACES], [DAMAGE_MODIFIER], [ATTACK_TYPE], [WEAPON_GROUP]) VALUES (9035, 2, 12, 8, 1, 1, 8, NULL, 0, 4);
INSERT INTO WEAPON ([EQUIPMENT_ID], [WEAPON_SIZE], [WEAPON_TYPE], [SPEED_FACTOR], [TARGET_SIZE], [DAMAGE_DICE_NUMBER], [DAMAGE_DIE_FACES], [DAMAGE_MODIFIER], [ATTACK_TYPE], [WEAPON_GROUP]) VALUES (9036, 2, 12, 8, 0, 1, 8, NULL, 0, 4);
INSERT INTO WEAPON ([EQUIPMENT_ID], [WEAPON_SIZE], [WEAPON_TYPE], [SPEED_FACTOR], [TARGET_SIZE], [DAMAGE_DICE_NUMBER], [DAMAGE_DIE_FACES], [DAMAGE_MODIFIER], [ATTACK_TYPE], [WEAPON_GROUP]) VALUES (9036, 2, 12, 8, 1, 1, 10, NULL, 0, 4);
INSERT INTO WEAPON ([EQUIPMENT_ID], [WEAPON_SIZE], [WEAPON_TYPE], [SPEED_FACTOR], [TARGET_SIZE], [DAMAGE_DICE_NUMBER], [DAMAGE_DIE_FACES], [DAMAGE_MODIFIER], [ATTACK_TYPE], [WEAPON_GROUP]) VALUES (9037, 2, 8, 8, 0, 1, 6, NULL, 0, 4);
INSERT INTO WEAPON ([EQUIPMENT_ID], [WEAPON_SIZE], [WEAPON_TYPE], [SPEED_FACTOR], [TARGET_SIZE], [DAMAGE_DICE_NUMBER], [DAMAGE_DIE_FACES], [DAMAGE_MODIFIER], [ATTACK_TYPE], [WEAPON_GROUP]) VALUES (9037, 2, 8, 8, 1, 1, 10, NULL, 0, 4);
INSERT INTO WEAPON ([EQUIPMENT_ID], [WEAPON_SIZE], [WEAPON_TYPE], [SPEED_FACTOR], [TARGET_SIZE], [DAMAGE_DICE_NUMBER], [DAMAGE_DIE_FACES], [DAMAGE_MODIFIER], [ATTACK_TYPE], [WEAPON_GROUP]) VALUES (9038, 2, 12, 9, 0, 2, 4, NULL, 0, 4);
INSERT INTO WEAPON ([EQUIPMENT_ID], [WEAPON_SIZE], [WEAPON_TYPE], [SPEED_FACTOR], [TARGET_SIZE], [DAMAGE_DICE_NUMBER], [DAMAGE_DIE_FACES], [DAMAGE_MODIFIER], [ATTACK_TYPE], [WEAPON_GROUP]) VALUES (9038, 2, 12, 9, 1, 2, 6, NULL, 0, 4);
INSERT INTO WEAPON ([EQUIPMENT_ID], [WEAPON_SIZE], [WEAPON_TYPE], [SPEED_FACTOR], [TARGET_SIZE], [DAMAGE_DICE_NUMBER], [DAMAGE_DIE_FACES], [DAMAGE_MODIFIER], [ATTACK_TYPE], [WEAPON_GROUP]) VALUES (9039, 2, 8, 8, 0, 2, 4, NULL, 0, 4);
INSERT INTO WEAPON ([EQUIPMENT_ID], [WEAPON_SIZE], [WEAPON_TYPE], [SPEED_FACTOR], [TARGET_SIZE], [DAMAGE_DICE_NUMBER], [DAMAGE_DIE_FACES], [DAMAGE_MODIFIER], [ATTACK_TYPE], [WEAPON_GROUP]) VALUES (9039, 2, 8, 8, 1, 1, 8, NULL, 0, 4);
INSERT INTO WEAPON ([EQUIPMENT_ID], [WEAPON_SIZE], [WEAPON_TYPE], [SPEED_FACTOR], [TARGET_SIZE], [DAMAGE_DICE_NUMBER], [DAMAGE_DIE_FACES], [DAMAGE_MODIFIER], [ATTACK_TYPE], [WEAPON_GROUP]) VALUES (9040, 2, 12, 10, 2, 2, 4, NULL, 0, 4);
INSERT INTO WEAPON ([EQUIPMENT_ID], [WEAPON_SIZE], [WEAPON_TYPE], [SPEED_FACTOR], [TARGET_SIZE], [DAMAGE_DICE_NUMBER], [DAMAGE_DIE_FACES], [DAMAGE_MODIFIER], [ATTACK_TYPE], [WEAPON_GROUP]) VALUES (9041, 2, 12, 9, 0, 1, 10, NULL, 0, 4);
INSERT INTO WEAPON ([EQUIPMENT_ID], [WEAPON_SIZE], [WEAPON_TYPE], [SPEED_FACTOR], [TARGET_SIZE], [DAMAGE_DICE_NUMBER], [DAMAGE_DIE_FACES], [DAMAGE_MODIFIER], [ATTACK_TYPE], [WEAPON_GROUP]) VALUES (9041, 2, 12, 9, 1, 2, 6, NULL, 0, 4);
INSERT INTO WEAPON ([EQUIPMENT_ID], [WEAPON_SIZE], [WEAPON_TYPE], [SPEED_FACTOR], [TARGET_SIZE], [DAMAGE_DICE_NUMBER], [DAMAGE_DIE_FACES], [DAMAGE_MODIFIER], [ATTACK_TYPE], [WEAPON_GROUP]) VALUES (9042, 2, 12, 9, 2, 1, 4, NULL, 0, 4);
INSERT INTO WEAPON ([EQUIPMENT_ID], [WEAPON_SIZE], [WEAPON_TYPE], [SPEED_FACTOR], [TARGET_SIZE], [DAMAGE_DICE_NUMBER], [DAMAGE_DIE_FACES], [DAMAGE_MODIFIER], [ATTACK_TYPE], [WEAPON_GROUP]) VALUES (9043, 2, 12, 9, 0, 2, 4, NULL, 0, 4);
INSERT INTO WEAPON ([EQUIPMENT_ID], [WEAPON_SIZE], [WEAPON_TYPE], [SPEED_FACTOR], [TARGET_SIZE], [DAMAGE_DICE_NUMBER], [DAMAGE_DIE_FACES], [DAMAGE_MODIFIER], [ATTACK_TYPE], [WEAPON_GROUP]) VALUES (9043, 2, 12, 9, 1, 1, 6, NULL, 0, 4);
INSERT INTO WEAPON ([EQUIPMENT_ID], [WEAPON_SIZE], [WEAPON_TYPE], [SPEED_FACTOR], [TARGET_SIZE], [DAMAGE_DICE_NUMBER], [DAMAGE_DIE_FACES], [DAMAGE_MODIFIER], [ATTACK_TYPE], [WEAPON_GROUP]) VALUES (9044, 2, 4, 7, 0, 1, 8, NULL, 0, 4);
INSERT INTO WEAPON ([EQUIPMENT_ID], [WEAPON_SIZE], [WEAPON_TYPE], [SPEED_FACTOR], [TARGET_SIZE], [DAMAGE_DICE_NUMBER], [DAMAGE_DIE_FACES], [DAMAGE_MODIFIER], [ATTACK_TYPE], [WEAPON_GROUP]) VALUES (9044, 2, 4, 7, 1, 2, 4, NULL, 0, 4);
INSERT INTO WEAPON ([EQUIPMENT_ID], [WEAPON_SIZE], [WEAPON_TYPE], [SPEED_FACTOR], [TARGET_SIZE], [DAMAGE_DICE_NUMBER], [DAMAGE_DIE_FACES], [DAMAGE_MODIFIER], [ATTACK_TYPE], [WEAPON_GROUP]) VALUES (9045, 2, 4, 9, 0, 1, 6, NULL, 0, 4);
INSERT INTO WEAPON ([EQUIPMENT_ID], [WEAPON_SIZE], [WEAPON_TYPE], [SPEED_FACTOR], [TARGET_SIZE], [DAMAGE_DICE_NUMBER], [DAMAGE_DIE_FACES], [DAMAGE_MODIFIER], [ATTACK_TYPE], [WEAPON_GROUP]) VALUES (9045, 2, 4, 9, 1, 1, 6, 1, 0, 4);
INSERT INTO WEAPON ([EQUIPMENT_ID], [WEAPON_SIZE], [WEAPON_TYPE], [SPEED_FACTOR], [TARGET_SIZE], [DAMAGE_DICE_NUMBER], [DAMAGE_DIE_FACES], [DAMAGE_MODIFIER], [ATTACK_TYPE], [WEAPON_GROUP]) VALUES (9046, 2, 4, 8, 2, 2, 4, NULL, 0, 4);
INSERT INTO WEAPON ([EQUIPMENT_ID], [WEAPON_SIZE], [WEAPON_TYPE], [SPEED_FACTOR], [TARGET_SIZE], [DAMAGE_DICE_NUMBER], [DAMAGE_DIE_FACES], [DAMAGE_MODIFIER], [ATTACK_TYPE], [WEAPON_GROUP]) VALUES (9047, 2, 4, 8, 0, 1, 6, 1, 0, 4);
INSERT INTO WEAPON ([EQUIPMENT_ID], [WEAPON_SIZE], [WEAPON_TYPE], [SPEED_FACTOR], [TARGET_SIZE], [DAMAGE_DICE_NUMBER], [DAMAGE_DIE_FACES], [DAMAGE_MODIFIER], [ATTACK_TYPE], [WEAPON_GROUP]) VALUES (9047, 2, 4, 8, 1, 2, 6, NULL, 0, 4);
INSERT INTO WEAPON ([EQUIPMENT_ID], [WEAPON_SIZE], [WEAPON_TYPE], [SPEED_FACTOR], [TARGET_SIZE], [DAMAGE_DICE_NUMBER], [DAMAGE_DIE_FACES], [DAMAGE_MODIFIER], [ATTACK_TYPE], [WEAPON_GROUP]) VALUES (9048, 2, 8, 10, 2, 2, 4, NULL, 0, 4);
INSERT INTO WEAPON ([EQUIPMENT_ID], [WEAPON_SIZE], [WEAPON_TYPE], [SPEED_FACTOR], [TARGET_SIZE], [DAMAGE_DICE_NUMBER], [DAMAGE_DIE_FACES], [DAMAGE_MODIFIER], [ATTACK_TYPE], [WEAPON_GROUP]) VALUES (9049, 2, 2, 4, 2, 1, 6, NULL, 0, NULL);
INSERT INTO WEAPON ([EQUIPMENT_ID], [WEAPON_SIZE], [WEAPON_TYPE], [SPEED_FACTOR], [TARGET_SIZE], [DAMAGE_DICE_NUMBER], [DAMAGE_DIE_FACES], [DAMAGE_MODIFIER], [ATTACK_TYPE], [WEAPON_GROUP]) VALUES (9050, 0, 0, 5, 0, 1, 4, NULL, 0, NULL);
INSERT INTO WEAPON ([EQUIPMENT_ID], [WEAPON_SIZE], [WEAPON_TYPE], [SPEED_FACTOR], [TARGET_SIZE], [DAMAGE_DICE_NUMBER], [DAMAGE_DIE_FACES], [DAMAGE_MODIFIER], [ATTACK_TYPE], [WEAPON_GROUP]) VALUES (9050, 0, 0, 5, 1, 1, 2, NULL, 0, NULL);
INSERT INTO WEAPON ([EQUIPMENT_ID], [WEAPON_SIZE], [WEAPON_TYPE], [SPEED_FACTOR], [TARGET_SIZE], [DAMAGE_DICE_NUMBER], [DAMAGE_DIE_FACES], [DAMAGE_MODIFIER], [ATTACK_TYPE], [WEAPON_GROUP]) VALUES (9051, 0, 8, 4, 0, 1, 4, 1, 0, NULL);
INSERT INTO WEAPON ([EQUIPMENT_ID], [WEAPON_SIZE], [WEAPON_TYPE], [SPEED_FACTOR], [TARGET_SIZE], [DAMAGE_DICE_NUMBER], [DAMAGE_DIE_FACES], [DAMAGE_MODIFIER], [ATTACK_TYPE], [WEAPON_GROUP]) VALUES (9051, 0, 8, 4, 1, 1, 4, NULL, 0, NULL);
INSERT INTO WEAPON ([EQUIPMENT_ID], [WEAPON_SIZE], [WEAPON_TYPE], [SPEED_FACTOR], [TARGET_SIZE], [DAMAGE_DICE_NUMBER], [DAMAGE_DIE_FACES], [DAMAGE_MODIFIER], [ATTACK_TYPE], [WEAPON_GROUP]) VALUES (9052, 0, 0, 6, 2, NULL, NULL, NULL, 5, 9);
INSERT INTO WEAPON ([EQUIPMENT_ID], [WEAPON_SIZE], [WEAPON_TYPE], [SPEED_FACTOR], [TARGET_SIZE], [DAMAGE_DICE_NUMBER], [DAMAGE_DIE_FACES], [DAMAGE_MODIFIER], [ATTACK_TYPE], [WEAPON_GROUP]) VALUES (9053, 1, 4, 6, 0, 1, 6, NULL, 0, 5);
INSERT INTO WEAPON ([EQUIPMENT_ID], [WEAPON_SIZE], [WEAPON_TYPE], [SPEED_FACTOR], [TARGET_SIZE], [DAMAGE_DICE_NUMBER], [DAMAGE_DIE_FACES], [DAMAGE_MODIFIER], [ATTACK_TYPE], [WEAPON_GROUP]) VALUES (9053, 1, 4, 6, 1, 1, 8, NULL, 0, 5);
INSERT INTO WEAPON ([EQUIPMENT_ID], [WEAPON_SIZE], [WEAPON_TYPE], [SPEED_FACTOR], [TARGET_SIZE], [DAMAGE_DICE_NUMBER], [DAMAGE_DIE_FACES], [DAMAGE_MODIFIER], [ATTACK_TYPE], [WEAPON_GROUP]) VALUES (9054, 1, 0, 11, 0, NULL, NULL, NULL, 5, 9);
INSERT INTO WEAPON ([EQUIPMENT_ID], [WEAPON_SIZE], [WEAPON_TYPE], [SPEED_FACTOR], [TARGET_SIZE], [DAMAGE_DICE_NUMBER], [DAMAGE_DIE_FACES], [DAMAGE_MODIFIER], [ATTACK_TYPE], [WEAPON_GROUP]) VALUES (9054, 1, 0, 11, 1, NULL, NULL, NULL, 5, 9);
INSERT INTO WEAPON ([EQUIPMENT_ID], [WEAPON_SIZE], [WEAPON_TYPE], [SPEED_FACTOR], [TARGET_SIZE], [DAMAGE_DICE_NUMBER], [DAMAGE_DIE_FACES], [DAMAGE_MODIFIER], [ATTACK_TYPE], [WEAPON_GROUP]) VALUES (9055, 1, 8, 6, 0, 1, 8, NULL, 0, 8);
INSERT INTO WEAPON ([EQUIPMENT_ID], [WEAPON_SIZE], [WEAPON_TYPE], [SPEED_FACTOR], [TARGET_SIZE], [DAMAGE_DICE_NUMBER], [DAMAGE_DIE_FACES], [DAMAGE_MODIFIER], [ATTACK_TYPE], [WEAPON_GROUP]) VALUES (9055, 1, 8, 6, 1, 1, 12, NULL, 0, 8);
INSERT INTO WEAPON ([EQUIPMENT_ID], [WEAPON_SIZE], [WEAPON_TYPE], [SPEED_FACTOR], [TARGET_SIZE], [DAMAGE_DICE_NUMBER], [DAMAGE_DIE_FACES], [DAMAGE_MODIFIER], [ATTACK_TYPE], [WEAPON_GROUP]) VALUES (9056, 1, 8, 5, 0, 2, 4, NULL, 0, 8);
INSERT INTO WEAPON ([EQUIPMENT_ID], [WEAPON_SIZE], [WEAPON_TYPE], [SPEED_FACTOR], [TARGET_SIZE], [DAMAGE_DICE_NUMBER], [DAMAGE_DIE_FACES], [DAMAGE_MODIFIER], [ATTACK_TYPE], [WEAPON_GROUP]) VALUES (9056, 1, 8, 5, 1, 1, 6, 1, 0, 8);
INSERT INTO WEAPON ([EQUIPMENT_ID], [WEAPON_SIZE], [WEAPON_TYPE], [SPEED_FACTOR], [TARGET_SIZE], [DAMAGE_DICE_NUMBER], [DAMAGE_DIE_FACES], [DAMAGE_MODIFIER], [ATTACK_TYPE], [WEAPON_GROUP]) VALUES (9057, 1, 8, 9, 0, 2, 4, NULL, 0, 8);
INSERT INTO WEAPON ([EQUIPMENT_ID], [WEAPON_SIZE], [WEAPON_TYPE], [SPEED_FACTOR], [TARGET_SIZE], [DAMAGE_DICE_NUMBER], [DAMAGE_DIE_FACES], [DAMAGE_MODIFIER], [ATTACK_TYPE], [WEAPON_GROUP]) VALUES (9057, 1, 8, 9, 1, 1, 6, NULL, 0, 8);
INSERT INTO WEAPON ([EQUIPMENT_ID], [WEAPON_SIZE], [WEAPON_TYPE], [SPEED_FACTOR], [TARGET_SIZE], [DAMAGE_DICE_NUMBER], [DAMAGE_DIE_FACES], [DAMAGE_MODIFIER], [ATTACK_TYPE], [WEAPON_GROUP]) VALUES (9058, 1, 8, 5, 0, 1, 8, NULL, 0, 8);
INSERT INTO WEAPON ([EQUIPMENT_ID], [WEAPON_SIZE], [WEAPON_TYPE], [SPEED_FACTOR], [TARGET_SIZE], [DAMAGE_DICE_NUMBER], [DAMAGE_DIE_FACES], [DAMAGE_MODIFIER], [ATTACK_TYPE], [WEAPON_GROUP]) VALUES (9058, 1, 8, 5, 1, 1, 12, NULL, 0, 8);
INSERT INTO WEAPON ([EQUIPMENT_ID], [WEAPON_SIZE], [WEAPON_TYPE], [SPEED_FACTOR], [TARGET_SIZE], [DAMAGE_DICE_NUMBER], [DAMAGE_DIE_FACES], [DAMAGE_MODIFIER], [ATTACK_TYPE], [WEAPON_GROUP]) VALUES (9059, 1, 8, 5, 2, 1, 8, NULL, 0, 8);
INSERT INTO WEAPON ([EQUIPMENT_ID], [WEAPON_SIZE], [WEAPON_TYPE], [SPEED_FACTOR], [TARGET_SIZE], [DAMAGE_DICE_NUMBER], [DAMAGE_DIE_FACES], [DAMAGE_MODIFIER], [ATTACK_TYPE], [WEAPON_GROUP]) VALUES (9060, 0, 4, 3, 0, 1, 6, NULL, 0, 8);
INSERT INTO WEAPON ([EQUIPMENT_ID], [WEAPON_SIZE], [WEAPON_TYPE], [SPEED_FACTOR], [TARGET_SIZE], [DAMAGE_DICE_NUMBER], [DAMAGE_DIE_FACES], [DAMAGE_MODIFIER], [ATTACK_TYPE], [WEAPON_GROUP]) VALUES (9060, 0, 4, 3, 1, 1, 8, NULL, 0, 8);
INSERT INTO WEAPON ([EQUIPMENT_ID], [WEAPON_SIZE], [WEAPON_TYPE], [SPEED_FACTOR], [TARGET_SIZE], [DAMAGE_DICE_NUMBER], [DAMAGE_DIE_FACES], [DAMAGE_MODIFIER], [ATTACK_TYPE], [WEAPON_GROUP]) VALUES (9061, 2, 8, 10, 0, 1, 10, NULL, 0, 8);
INSERT INTO WEAPON ([EQUIPMENT_ID], [WEAPON_SIZE], [WEAPON_TYPE], [SPEED_FACTOR], [TARGET_SIZE], [DAMAGE_DICE_NUMBER], [DAMAGE_DIE_FACES], [DAMAGE_MODIFIER], [ATTACK_TYPE], [WEAPON_GROUP]) VALUES (9061, 2, 8, 10, 1, 3, 6, NULL, 0, 8);
INSERT INTO WEAPON ([EQUIPMENT_ID], [WEAPON_SIZE], [WEAPON_TYPE], [SPEED_FACTOR], [TARGET_SIZE], [DAMAGE_DICE_NUMBER], [DAMAGE_DIE_FACES], [DAMAGE_MODIFIER], [ATTACK_TYPE], [WEAPON_GROUP]) VALUES (9062, 2, 4, 7, 0, 1, 6, 1, 0, 6);
INSERT INTO WEAPON ([EQUIPMENT_ID], [WEAPON_SIZE], [WEAPON_TYPE], [SPEED_FACTOR], [TARGET_SIZE], [DAMAGE_DICE_NUMBER], [DAMAGE_DIE_FACES], [DAMAGE_MODIFIER], [ATTACK_TYPE], [WEAPON_GROUP]) VALUES (9062, 2, 4, 7, 1, 3, 4, NULL, 0, 6);
INSERT INTO WEAPON ([EQUIPMENT_ID], [WEAPON_SIZE], [WEAPON_TYPE], [SPEED_FACTOR], [TARGET_SIZE], [DAMAGE_DICE_NUMBER], [DAMAGE_DIE_FACES], [DAMAGE_MODIFIER], [ATTACK_TYPE], [WEAPON_GROUP]) VALUES (9063, 1, 2, 4, 0, 1, 4, 1, 0, 7);
INSERT INTO WEAPON ([EQUIPMENT_ID], [WEAPON_SIZE], [WEAPON_TYPE], [SPEED_FACTOR], [TARGET_SIZE], [DAMAGE_DICE_NUMBER], [DAMAGE_DIE_FACES], [DAMAGE_MODIFIER], [ATTACK_TYPE], [WEAPON_GROUP]) VALUES (9063, 1, 2, 4, 1, 1, 4, NULL, 0, 7);
INSERT INTO WEAPON ([EQUIPMENT_ID], [WEAPON_SIZE], [WEAPON_TYPE], [SPEED_FACTOR], [TARGET_SIZE], [DAMAGE_DICE_NUMBER], [DAMAGE_DIE_FACES], [DAMAGE_MODIFIER], [ATTACK_TYPE], [WEAPON_GROUP]) VALUES (9064, 1, 0, 8, 0, 1, 2, NULL, 0, NULL);
INSERT INTO WEAPON ([EQUIPMENT_ID], [WEAPON_SIZE], [WEAPON_TYPE], [SPEED_FACTOR], [TARGET_SIZE], [DAMAGE_DICE_NUMBER], [DAMAGE_DIE_FACES], [DAMAGE_MODIFIER], [ATTACK_TYPE], [WEAPON_GROUP]) VALUES (9064, 1, 0, 8, 1, 1, 1, NULL, 0, NULL);


INSERT INTO WEAPON ([EQUIPMENT_ID], [WEAPON_SIZE], [WEAPON_TYPE], [SPEED_FACTOR], [TARGET_SIZE], [DAMAGE_DICE_NUMBER], [DAMAGE_DIE_FACES], [DAMAGE_MODIFIER]) VALUES (10000, 0, 4, NULL, 0, 1, 3, NULL);
INSERT INTO WEAPON ([EQUIPMENT_ID], [WEAPON_SIZE], [WEAPON_TYPE], [SPEED_FACTOR], [TARGET_SIZE], [DAMAGE_DICE_NUMBER], [DAMAGE_DIE_FACES], [DAMAGE_MODIFIER]) VALUES (10000, 0, 4, NULL, 1, 1, 2, NULL);
INSERT INTO WEAPON ([EQUIPMENT_ID], [WEAPON_SIZE], [WEAPON_TYPE], [SPEED_FACTOR], [TARGET_SIZE], [DAMAGE_DICE_NUMBER], [DAMAGE_DIE_FACES], [DAMAGE_MODIFIER]) VALUES (10001, 0, 4, NULL, 2, 1, 1, NULL);
INSERT INTO WEAPON ([EQUIPMENT_ID], [WEAPON_SIZE], [WEAPON_TYPE], [SPEED_FACTOR], [TARGET_SIZE], [DAMAGE_DICE_NUMBER], [DAMAGE_DIE_FACES], [DAMAGE_MODIFIER]) VALUES (10002, 0, 4, NULL, 2, 1, 6, NULL);
INSERT INTO WEAPON ([EQUIPMENT_ID], [WEAPON_SIZE], [WEAPON_TYPE], [SPEED_FACTOR], [TARGET_SIZE], [DAMAGE_DICE_NUMBER], [DAMAGE_DIE_FACES], [DAMAGE_MODIFIER]) VALUES (10003, 0, 4, NULL, 2, 1, 8, NULL);
INSERT INTO WEAPON ([EQUIPMENT_ID], [WEAPON_SIZE], [WEAPON_TYPE], [SPEED_FACTOR], [TARGET_SIZE], [DAMAGE_DICE_NUMBER], [DAMAGE_DIE_FACES], [DAMAGE_MODIFIER]) VALUES (10004, 0, 4, NULL, 0, 1, 3, NULL);
INSERT INTO WEAPON ([EQUIPMENT_ID], [WEAPON_SIZE], [WEAPON_TYPE], [SPEED_FACTOR], [TARGET_SIZE], [DAMAGE_DICE_NUMBER], [DAMAGE_DIE_FACES], [DAMAGE_MODIFIER]) VALUES (10004, 0, 4, NULL, 1, 1, 2, NULL);
INSERT INTO WEAPON ([EQUIPMENT_ID], [WEAPON_SIZE], [WEAPON_TYPE], [SPEED_FACTOR], [TARGET_SIZE], [DAMAGE_DICE_NUMBER], [DAMAGE_DIE_FACES], [DAMAGE_MODIFIER]) VALUES (10005, 0, 4, NULL, 0, 1, 4, 1);
INSERT INTO WEAPON ([EQUIPMENT_ID], [WEAPON_SIZE], [WEAPON_TYPE], [SPEED_FACTOR], [TARGET_SIZE], [DAMAGE_DICE_NUMBER], [DAMAGE_DIE_FACES], [DAMAGE_MODIFIER]) VALUES (10005, 0, 4, NULL, 1, 1, 6, 1);
INSERT INTO WEAPON ([EQUIPMENT_ID], [WEAPON_SIZE], [WEAPON_TYPE], [SPEED_FACTOR], [TARGET_SIZE], [DAMAGE_DICE_NUMBER], [DAMAGE_DIE_FACES], [DAMAGE_MODIFIER]) VALUES (10006, 0, 4, NULL, 2, 1, 4, NULL);
INSERT INTO WEAPON ([EQUIPMENT_ID], [WEAPON_SIZE], [WEAPON_TYPE], [SPEED_FACTOR], [TARGET_SIZE], [DAMAGE_DICE_NUMBER], [DAMAGE_DIE_FACES], [DAMAGE_MODIFIER]) VALUES (10007, 0, 2, NULL, 0, 1, 4, 1);
INSERT INTO WEAPON ([EQUIPMENT_ID], [WEAPON_SIZE], [WEAPON_TYPE], [SPEED_FACTOR], [TARGET_SIZE], [DAMAGE_DICE_NUMBER], [DAMAGE_DIE_FACES], [DAMAGE_MODIFIER]) VALUES (10007, 0, 2, NULL, 1, 1, 6, 1);
INSERT INTO WEAPON ([EQUIPMENT_ID], [WEAPON_SIZE], [WEAPON_TYPE], [SPEED_FACTOR], [TARGET_SIZE], [DAMAGE_DICE_NUMBER], [DAMAGE_DIE_FACES], [DAMAGE_MODIFIER]) VALUES (10008, 0, 2, NULL, 2, 1, 4, NULL);
INSERT INTO WEAPON ([EQUIPMENT_ID], [WEAPON_SIZE], [WEAPON_TYPE], [SPEED_FACTOR], [TARGET_SIZE], [DAMAGE_DICE_NUMBER], [DAMAGE_DIE_FACES], [DAMAGE_MODIFIER]) VALUES (10009, 0, 2, NULL, 2, NULL, NULL, NULL);

COMMIT TRANSACTION;

-------------------------------------------------------------------------------------------------------------

BEGIN TRANSACTION;

INSERT INTO WEAPON_EXT ([EQUIPMENT_ID], [USAGE], [WEAPON_TYPE], [SPEED_FACTOR], [TARGET_SIZE], [DAMAGE_DICE_NUMBER], [DAMAGE_DIE_FACES], [DAMAGE_MODIFIER]) VALUES (9055, 4, 8, 8, 0, 2, 4, NULL);
INSERT INTO WEAPON_EXT ([EQUIPMENT_ID], [USAGE], [WEAPON_TYPE], [SPEED_FACTOR], [TARGET_SIZE], [DAMAGE_DICE_NUMBER], [DAMAGE_DIE_FACES], [DAMAGE_MODIFIER]) VALUES (9055, 4, 8, 8, 1, 2, 8, NULL);

COMMIT TRANSACTION;

-------------------------------------------------------------------------------------------------------------

BEGIN TRANSACTION;

INSERT INTO WEAPON_PROJECTILE ([WEAPON_ID], [PROJECTILE_ID]) VALUES (9002, 10000);
INSERT INTO WEAPON_PROJECTILE ([WEAPON_ID], [PROJECTILE_ID]) VALUES (9002, 10001);

INSERT INTO WEAPON_PROJECTILE ([WEAPON_ID], [PROJECTILE_ID]) VALUES (9008, 10004);
INSERT INTO WEAPON_PROJECTILE ([WEAPON_ID], [PROJECTILE_ID]) VALUES (9009, 10005);
INSERT INTO WEAPON_PROJECTILE ([WEAPON_ID], [PROJECTILE_ID]) VALUES (9010, 10006);
INSERT INTO WEAPON_PROJECTILE ([WEAPON_ID], [PROJECTILE_ID]) VALUES (9003, 10002);
INSERT INTO WEAPON_PROJECTILE ([WEAPON_ID], [PROJECTILE_ID]) VALUES (9003, 10003);
INSERT INTO WEAPON_PROJECTILE ([WEAPON_ID], [PROJECTILE_ID]) VALUES (9004, 10002);
INSERT INTO WEAPON_PROJECTILE ([WEAPON_ID], [PROJECTILE_ID]) VALUES (9004, 10003);
INSERT INTO WEAPON_PROJECTILE ([WEAPON_ID], [PROJECTILE_ID]) VALUES (9005, 10002);
INSERT INTO WEAPON_PROJECTILE ([WEAPON_ID], [PROJECTILE_ID]) VALUES (9005, 10003);
INSERT INTO WEAPON_PROJECTILE ([WEAPON_ID], [PROJECTILE_ID]) VALUES (9006, 10002);
INSERT INTO WEAPON_PROJECTILE ([WEAPON_ID], [PROJECTILE_ID]) VALUES (9006, 10003);

INSERT INTO WEAPON_PROJECTILE ([WEAPON_ID], [PROJECTILE_ID]) VALUES (9052, 10007);
INSERT INTO WEAPON_PROJECTILE ([WEAPON_ID], [PROJECTILE_ID]) VALUES (9052, 10008);

COMMIT TRANSACTION;

-------------------------------------------------------------------------------------------------------------

BEGIN TRANSACTION;

INSERT INTO ARMOUR_PROTECTION_SIDE ([ID], [DESCRIPTION]) VALUES (0, 'None');
INSERT INTO ARMOUR_PROTECTION_SIDE ([ID], [DESCRIPTION]) VALUES (1, 'Front');
INSERT INTO ARMOUR_PROTECTION_SIDE ([ID], [DESCRIPTION]) VALUES (2, 'Front/flanks');
INSERT INTO ARMOUR_PROTECTION_SIDE ([ID], [DESCRIPTION]) VALUES (4, 'Flanks');
INSERT INTO ARMOUR_PROTECTION_SIDE ([ID], [DESCRIPTION]) VALUES (8, 'Rear');
INSERT INTO ARMOUR_PROTECTION_SIDE ([ID], [DESCRIPTION]) VALUES (16, 'Top');
INSERT INTO ARMOUR_PROTECTION_SIDE ([ID], [DESCRIPTION]) VALUES (32, 'Bottom');

COMMIT TRANSACTION;

-------------------------------------------------------------------------------------------------------------

BEGIN TRANSACTION;

INSERT INTO ARMOUR ([EQUIPMENT_ID], [BODY_SLOT], [AC_BONUS_MELEE], [AC_BONUS_MISSILE], [NUMBER_OF_ATTACKS_PROTECTION], [PROTECTION_SIDE], [ALLOWS_WEAPON]) VALUES (8000, 6,  6, 6, NULL, 63, 'Y');
INSERT INTO ARMOUR ([EQUIPMENT_ID], [BODY_SLOT], [AC_BONUS_MELEE], [AC_BONUS_MISSILE], [NUMBER_OF_ATTACKS_PROTECTION], [PROTECTION_SIDE], [ALLOWS_WEAPON]) VALUES (8001, 6,  4, 4, NULL, 63, 'Y');
INSERT INTO ARMOUR ([EQUIPMENT_ID], [BODY_SLOT], [AC_BONUS_MELEE], [AC_BONUS_MISSILE], [NUMBER_OF_ATTACKS_PROTECTION], [PROTECTION_SIDE], [ALLOWS_WEAPON]) VALUES (8002, 6,  6, 6, NULL, 63, 'Y');
INSERT INTO ARMOUR ([EQUIPMENT_ID], [BODY_SLOT], [AC_BONUS_MELEE], [AC_BONUS_MISSILE], [NUMBER_OF_ATTACKS_PROTECTION], [PROTECTION_SIDE], [ALLOWS_WEAPON]) VALUES (8003, 6,  5, 5, NULL, 63, 'Y');
INSERT INTO ARMOUR ([EQUIPMENT_ID], [BODY_SLOT], [AC_BONUS_MELEE], [AC_BONUS_MISSILE], [NUMBER_OF_ATTACKS_PROTECTION], [PROTECTION_SIDE], [ALLOWS_WEAPON]) VALUES (8004, 6,  8, 8, NULL, 63, 'Y');
INSERT INTO ARMOUR ([EQUIPMENT_ID], [BODY_SLOT], [AC_BONUS_MELEE], [AC_BONUS_MISSILE], [NUMBER_OF_ATTACKS_PROTECTION], [PROTECTION_SIDE], [ALLOWS_WEAPON]) VALUES (8005, 6,  9, 9, NULL, 63, 'Y');
INSERT INTO ARMOUR ([EQUIPMENT_ID], [BODY_SLOT], [AC_BONUS_MELEE], [AC_BONUS_MISSILE], [NUMBER_OF_ATTACKS_PROTECTION], [PROTECTION_SIDE], [ALLOWS_WEAPON]) VALUES (8006, 0,  0, 0, NULL, 63, 'Y');
INSERT INTO ARMOUR ([EQUIPMENT_ID], [BODY_SLOT], [AC_BONUS_MELEE], [AC_BONUS_MISSILE], [NUMBER_OF_ATTACKS_PROTECTION], [PROTECTION_SIDE], [ALLOWS_WEAPON]) VALUES (8007, 0,  0, 0, NULL, 63, 'Y');
INSERT INTO ARMOUR ([EQUIPMENT_ID], [BODY_SLOT], [AC_BONUS_MELEE], [AC_BONUS_MISSILE], [NUMBER_OF_ATTACKS_PROTECTION], [PROTECTION_SIDE], [ALLOWS_WEAPON]) VALUES (8008, 6,  4, 4, NULL, 63, 'Y');
INSERT INTO ARMOUR ([EQUIPMENT_ID], [BODY_SLOT], [AC_BONUS_MELEE], [AC_BONUS_MISSILE], [NUMBER_OF_ATTACKS_PROTECTION], [PROTECTION_SIDE], [ALLOWS_WEAPON]) VALUES (8009, 6, 2, 2, NULL, 63, 'Y');
INSERT INTO ARMOUR ([EQUIPMENT_ID], [BODY_SLOT], [AC_BONUS_MELEE], [AC_BONUS_MISSILE], [NUMBER_OF_ATTACKS_PROTECTION], [PROTECTION_SIDE], [ALLOWS_WEAPON]) VALUES (8010, 6, 2, 2, NULL, 63, 'Y');
INSERT INTO ARMOUR ([EQUIPMENT_ID], [BODY_SLOT], [AC_BONUS_MELEE], [AC_BONUS_MISSILE], [NUMBER_OF_ATTACKS_PROTECTION], [PROTECTION_SIDE], [ALLOWS_WEAPON]) VALUES (8011, 6, 7, 7, NULL, 63, 'Y');
INSERT INTO ARMOUR ([EQUIPMENT_ID], [BODY_SLOT], [AC_BONUS_MELEE], [AC_BONUS_MISSILE], [NUMBER_OF_ATTACKS_PROTECTION], [PROTECTION_SIDE], [ALLOWS_WEAPON]) VALUES (8012, 6, 3, 3, NULL, 63, 'Y');
INSERT INTO ARMOUR ([EQUIPMENT_ID], [BODY_SLOT], [AC_BONUS_MELEE], [AC_BONUS_MISSILE], [NUMBER_OF_ATTACKS_PROTECTION], [PROTECTION_SIDE], [ALLOWS_WEAPON]) VALUES (8013, 6, 4, 4, NULL, 63, 'Y');
INSERT INTO ARMOUR ([EQUIPMENT_ID], [BODY_SLOT], [AC_BONUS_MELEE], [AC_BONUS_MISSILE], [NUMBER_OF_ATTACKS_PROTECTION], [PROTECTION_SIDE], [ALLOWS_WEAPON]) VALUES (8014, 4, 1, 2, NULL, 3, 'N');
INSERT INTO ARMOUR ([EQUIPMENT_ID], [BODY_SLOT], [AC_BONUS_MELEE], [AC_BONUS_MISSILE], [NUMBER_OF_ATTACKS_PROTECTION], [PROTECTION_SIDE], [ALLOWS_WEAPON]) VALUES (8015, 5, 1, 0, 1, 1, 'Y');
INSERT INTO ARMOUR ([EQUIPMENT_ID], [BODY_SLOT], [AC_BONUS_MELEE], [AC_BONUS_MISSILE], [NUMBER_OF_ATTACKS_PROTECTION], [PROTECTION_SIDE], [ALLOWS_WEAPON]) VALUES (8016, 4, 1, 0, NULL, 7, 'N');
INSERT INTO ARMOUR ([EQUIPMENT_ID], [BODY_SLOT], [AC_BONUS_MELEE], [AC_BONUS_MISSILE], [NUMBER_OF_ATTACKS_PROTECTION], [PROTECTION_SIDE], [ALLOWS_WEAPON]) VALUES (8017, 4, 1, 0, 2, 1, 'N');
INSERT INTO ARMOUR ([EQUIPMENT_ID], [BODY_SLOT], [AC_BONUS_MELEE], [AC_BONUS_MISSILE], [NUMBER_OF_ATTACKS_PROTECTION], [PROTECTION_SIDE], [ALLOWS_WEAPON]) VALUES (8018, 6, 6, 6, NULL, 63, 'Y');
INSERT INTO ARMOUR ([EQUIPMENT_ID], [BODY_SLOT], [AC_BONUS_MELEE], [AC_BONUS_MISSILE], [NUMBER_OF_ATTACKS_PROTECTION], [PROTECTION_SIDE], [ALLOWS_WEAPON]) VALUES (8019, 6, 3, 3, NULL, 63, 'Y');
INSERT INTO ARMOUR ([EQUIPMENT_ID], [BODY_SLOT], [AC_BONUS_MELEE], [AC_BONUS_MISSILE], [NUMBER_OF_ATTACKS_PROTECTION], [PROTECTION_SIDE], [ALLOWS_WEAPON]) VALUES (8020, 6, 5, 5, NULL, 63, 'Y');

COMMIT TRANSACTION;

-------------------------------------------------------------------------------------------------------------

BEGIN TRANSACTION;

INSERT INTO WEAPON_TYPE_VS_ARMOUR_MODIFIERS ([ARMOUR_ID], [WEAPON_TYPE_ID], [ARMOUR_MODIFIER]) VALUES (8000, 8, 2);
INSERT INTO WEAPON_TYPE_VS_ARMOUR_MODIFIERS ([ARMOUR_ID], [WEAPON_TYPE_ID], [ARMOUR_MODIFIER]) VALUES (8000, 4, 0);
INSERT INTO WEAPON_TYPE_VS_ARMOUR_MODIFIERS ([ARMOUR_ID], [WEAPON_TYPE_ID], [ARMOUR_MODIFIER]) VALUES (8000, 2, 1);
INSERT INTO WEAPON_TYPE_VS_ARMOUR_MODIFIERS ([ARMOUR_ID], [WEAPON_TYPE_ID], [ARMOUR_MODIFIER]) VALUES (8001, 8, 1);
INSERT INTO WEAPON_TYPE_VS_ARMOUR_MODIFIERS ([ARMOUR_ID], [WEAPON_TYPE_ID], [ARMOUR_MODIFIER]) VALUES (8001, 4, 1);
INSERT INTO WEAPON_TYPE_VS_ARMOUR_MODIFIERS ([ARMOUR_ID], [WEAPON_TYPE_ID], [ARMOUR_MODIFIER]) VALUES (8001, 2, 0);
INSERT INTO WEAPON_TYPE_VS_ARMOUR_MODIFIERS ([ARMOUR_ID], [WEAPON_TYPE_ID], [ARMOUR_MODIFIER]) VALUES (8002, 8, 2);
INSERT INTO WEAPON_TYPE_VS_ARMOUR_MODIFIERS ([ARMOUR_ID], [WEAPON_TYPE_ID], [ARMOUR_MODIFIER]) VALUES (8002, 4, 0);
INSERT INTO WEAPON_TYPE_VS_ARMOUR_MODIFIERS ([ARMOUR_ID], [WEAPON_TYPE_ID], [ARMOUR_MODIFIER]) VALUES (8002, 2, -2);
INSERT INTO WEAPON_TYPE_VS_ARMOUR_MODIFIERS ([ARMOUR_ID], [WEAPON_TYPE_ID], [ARMOUR_MODIFIER]) VALUES (8003, 8, 2);
INSERT INTO WEAPON_TYPE_VS_ARMOUR_MODIFIERS ([ARMOUR_ID], [WEAPON_TYPE_ID], [ARMOUR_MODIFIER]) VALUES (8003, 4, 0);
INSERT INTO WEAPON_TYPE_VS_ARMOUR_MODIFIERS ([ARMOUR_ID], [WEAPON_TYPE_ID], [ARMOUR_MODIFIER]) VALUES (8003, 2, -2);
INSERT INTO WEAPON_TYPE_VS_ARMOUR_MODIFIERS ([ARMOUR_ID], [WEAPON_TYPE_ID], [ARMOUR_MODIFIER]) VALUES (8004, 8, 3);
INSERT INTO WEAPON_TYPE_VS_ARMOUR_MODIFIERS ([ARMOUR_ID], [WEAPON_TYPE_ID], [ARMOUR_MODIFIER]) VALUES (8004, 4, 1);
INSERT INTO WEAPON_TYPE_VS_ARMOUR_MODIFIERS ([ARMOUR_ID], [WEAPON_TYPE_ID], [ARMOUR_MODIFIER]) VALUES (8004, 2, 0);
INSERT INTO WEAPON_TYPE_VS_ARMOUR_MODIFIERS ([ARMOUR_ID], [WEAPON_TYPE_ID], [ARMOUR_MODIFIER]) VALUES (8005, 8, 4);
INSERT INTO WEAPON_TYPE_VS_ARMOUR_MODIFIERS ([ARMOUR_ID], [WEAPON_TYPE_ID], [ARMOUR_MODIFIER]) VALUES (8005, 4, 3);
INSERT INTO WEAPON_TYPE_VS_ARMOUR_MODIFIERS ([ARMOUR_ID], [WEAPON_TYPE_ID], [ARMOUR_MODIFIER]) VALUES (8005, 2, 0);
INSERT INTO WEAPON_TYPE_VS_ARMOUR_MODIFIERS ([ARMOUR_ID], [WEAPON_TYPE_ID], [ARMOUR_MODIFIER]) VALUES (8008, 8, 0);
INSERT INTO WEAPON_TYPE_VS_ARMOUR_MODIFIERS ([ARMOUR_ID], [WEAPON_TYPE_ID], [ARMOUR_MODIFIER]) VALUES (8008, 4, -2);
INSERT INTO WEAPON_TYPE_VS_ARMOUR_MODIFIERS ([ARMOUR_ID], [WEAPON_TYPE_ID], [ARMOUR_MODIFIER]) VALUES (8008, 2, 0);
INSERT INTO WEAPON_TYPE_VS_ARMOUR_MODIFIERS ([ARMOUR_ID], [WEAPON_TYPE_ID], [ARMOUR_MODIFIER]) VALUES (8009, 8, 0);
INSERT INTO WEAPON_TYPE_VS_ARMOUR_MODIFIERS ([ARMOUR_ID], [WEAPON_TYPE_ID], [ARMOUR_MODIFIER]) VALUES (8009, 4, -2);
INSERT INTO WEAPON_TYPE_VS_ARMOUR_MODIFIERS ([ARMOUR_ID], [WEAPON_TYPE_ID], [ARMOUR_MODIFIER]) VALUES (8009, 2, 0);
INSERT INTO WEAPON_TYPE_VS_ARMOUR_MODIFIERS ([ARMOUR_ID], [WEAPON_TYPE_ID], [ARMOUR_MODIFIER]) VALUES (8010, 8, 0);
INSERT INTO WEAPON_TYPE_VS_ARMOUR_MODIFIERS ([ARMOUR_ID], [WEAPON_TYPE_ID], [ARMOUR_MODIFIER]) VALUES (8010, 4, -2);
INSERT INTO WEAPON_TYPE_VS_ARMOUR_MODIFIERS ([ARMOUR_ID], [WEAPON_TYPE_ID], [ARMOUR_MODIFIER]) VALUES (8010, 2, 0);
INSERT INTO WEAPON_TYPE_VS_ARMOUR_MODIFIERS ([ARMOUR_ID], [WEAPON_TYPE_ID], [ARMOUR_MODIFIER]) VALUES (8011, 8, 3);
INSERT INTO WEAPON_TYPE_VS_ARMOUR_MODIFIERS ([ARMOUR_ID], [WEAPON_TYPE_ID], [ARMOUR_MODIFIER]) VALUES (8011, 4, 0);
INSERT INTO WEAPON_TYPE_VS_ARMOUR_MODIFIERS ([ARMOUR_ID], [WEAPON_TYPE_ID], [ARMOUR_MODIFIER]) VALUES (8011, 2, 0);
INSERT INTO WEAPON_TYPE_VS_ARMOUR_MODIFIERS ([ARMOUR_ID], [WEAPON_TYPE_ID], [ARMOUR_MODIFIER]) VALUES (8012, 8, 1);
INSERT INTO WEAPON_TYPE_VS_ARMOUR_MODIFIERS ([ARMOUR_ID], [WEAPON_TYPE_ID], [ARMOUR_MODIFIER]) VALUES (8012, 4, 1);
INSERT INTO WEAPON_TYPE_VS_ARMOUR_MODIFIERS ([ARMOUR_ID], [WEAPON_TYPE_ID], [ARMOUR_MODIFIER]) VALUES (8012, 2, 0);
INSERT INTO WEAPON_TYPE_VS_ARMOUR_MODIFIERS ([ARMOUR_ID], [WEAPON_TYPE_ID], [ARMOUR_MODIFIER]) VALUES (8013, 8, 0);
INSERT INTO WEAPON_TYPE_VS_ARMOUR_MODIFIERS ([ARMOUR_ID], [WEAPON_TYPE_ID], [ARMOUR_MODIFIER]) VALUES (8013, 4, 1);
INSERT INTO WEAPON_TYPE_VS_ARMOUR_MODIFIERS ([ARMOUR_ID], [WEAPON_TYPE_ID], [ARMOUR_MODIFIER]) VALUES (8013, 2, 0);
INSERT INTO WEAPON_TYPE_VS_ARMOUR_MODIFIERS ([ARMOUR_ID], [WEAPON_TYPE_ID], [ARMOUR_MODIFIER]) VALUES (8018, 8, 0);
INSERT INTO WEAPON_TYPE_VS_ARMOUR_MODIFIERS ([ARMOUR_ID], [WEAPON_TYPE_ID], [ARMOUR_MODIFIER]) VALUES (8018, 4, 1);
INSERT INTO WEAPON_TYPE_VS_ARMOUR_MODIFIERS ([ARMOUR_ID], [WEAPON_TYPE_ID], [ARMOUR_MODIFIER]) VALUES (8018, 2, 2);
INSERT INTO WEAPON_TYPE_VS_ARMOUR_MODIFIERS ([ARMOUR_ID], [WEAPON_TYPE_ID], [ARMOUR_MODIFIER]) VALUES (8019, 8, 2);
INSERT INTO WEAPON_TYPE_VS_ARMOUR_MODIFIERS ([ARMOUR_ID], [WEAPON_TYPE_ID], [ARMOUR_MODIFIER]) VALUES (8019, 4, 1);
INSERT INTO WEAPON_TYPE_VS_ARMOUR_MODIFIERS ([ARMOUR_ID], [WEAPON_TYPE_ID], [ARMOUR_MODIFIER]) VALUES (8019, 2, 0);

COMMIT TRANSACTION;

-------------------------------------------------------------------------------------------------------------

BEGIN TRANSACTION;

INSERT INTO MORAL_ORDER ([ID], [NAME], [ACRONYM]) VALUES (256, 'Lawful', 'L');
INSERT INTO MORAL_ORDER ([ID], [NAME], [ACRONYM]) VALUES (512, 'Neutral', 'N');
INSERT INTO MORAL_ORDER ([ID], [NAME], [ACRONYM]) VALUES (1024, 'Chaotic', 'C');

COMMIT TRANSACTION;

-------------------------------------------------------------------------------------------------------------

BEGIN TRANSACTION;

INSERT INTO MORAL_VIEW ([ID], [NAME], [ACRONYM]) VALUES (1, 'Good', 'G');
INSERT INTO MORAL_VIEW ([ID], [NAME], [ACRONYM]) VALUES (2, 'Neutral', 'N');
INSERT INTO MORAL_VIEW ([ID], [NAME], [ACRONYM]) VALUES (4, 'Evil', 'E');

COMMIT TRANSACTION;

-------------------------------------------------------------------------------------------------------------

BEGIN TRANSACTION;

INSERT INTO MORAL_ALIGNMENT ([ID], [NAME], [ACRONYM]) VALUES (256+1, 'Lawful good', 'LG');
INSERT INTO MORAL_ALIGNMENT ([ID], [NAME], [ACRONYM]) VALUES (256+2, 'Lawful neutral', 'LN');
INSERT INTO MORAL_ALIGNMENT ([ID], [NAME], [ACRONYM]) VALUES (256+4, 'Lawful evil', 'LE');
INSERT INTO MORAL_ALIGNMENT ([ID], [NAME], [ACRONYM]) VALUES (512+1, 'Neutral good', 'NG');
INSERT INTO MORAL_ALIGNMENT ([ID], [NAME], [ACRONYM]) VALUES (512+2, 'True neutral', 'TN');
INSERT INTO MORAL_ALIGNMENT ([ID], [NAME], [ACRONYM]) VALUES (512+4, 'Neutral evil', 'NE');
INSERT INTO MORAL_ALIGNMENT ([ID], [NAME], [ACRONYM]) VALUES (1024+1, 'Chaotic good', 'CG');
INSERT INTO MORAL_ALIGNMENT ([ID], [NAME], [ACRONYM]) VALUES (1024+2, 'Chaotic neutral', 'CN');
INSERT INTO MORAL_ALIGNMENT ([ID], [NAME], [ACRONYM]) VALUES (1024+4, 'Chaotic evil', 'CE');

COMMIT TRANSACTION;

-------------------------------------------------------------------------------------------------------------

BEGIN TRANSACTION;

--Fighter
INSERT INTO MORAL_ALIGNMENT_PER_CLASS ([CLASS_ID], [ALIGNMENT_ID]) VALUES (1, 257);
INSERT INTO MORAL_ALIGNMENT_PER_CLASS ([CLASS_ID], [ALIGNMENT_ID]) VALUES (1, 258);
INSERT INTO MORAL_ALIGNMENT_PER_CLASS ([CLASS_ID], [ALIGNMENT_ID]) VALUES (1, 260);
INSERT INTO MORAL_ALIGNMENT_PER_CLASS ([CLASS_ID], [ALIGNMENT_ID]) VALUES (1, 513);
INSERT INTO MORAL_ALIGNMENT_PER_CLASS ([CLASS_ID], [ALIGNMENT_ID]) VALUES (1, 514);
INSERT INTO MORAL_ALIGNMENT_PER_CLASS ([CLASS_ID], [ALIGNMENT_ID]) VALUES (1, 516);
INSERT INTO MORAL_ALIGNMENT_PER_CLASS ([CLASS_ID], [ALIGNMENT_ID]) VALUES (1, 1025);
INSERT INTO MORAL_ALIGNMENT_PER_CLASS ([CLASS_ID], [ALIGNMENT_ID]) VALUES (1, 1026);
INSERT INTO MORAL_ALIGNMENT_PER_CLASS ([CLASS_ID], [ALIGNMENT_ID]) VALUES (1, 1028);

--Paladin
INSERT INTO MORAL_ALIGNMENT_PER_CLASS ([CLASS_ID], [ALIGNMENT_ID]) VALUES (2, 257);

--Ranger
INSERT INTO MORAL_ALIGNMENT_PER_CLASS ([CLASS_ID], [ALIGNMENT_ID]) VALUES (4, 257);
INSERT INTO MORAL_ALIGNMENT_PER_CLASS ([CLASS_ID], [ALIGNMENT_ID]) VALUES (4, 513);
INSERT INTO MORAL_ALIGNMENT_PER_CLASS ([CLASS_ID], [ALIGNMENT_ID]) VALUES (4, 1025);	

--Mage
INSERT INTO MORAL_ALIGNMENT_PER_CLASS ([CLASS_ID], [ALIGNMENT_ID]) VALUES (8, 257);
INSERT INTO MORAL_ALIGNMENT_PER_CLASS ([CLASS_ID], [ALIGNMENT_ID]) VALUES (8, 258);
INSERT INTO MORAL_ALIGNMENT_PER_CLASS ([CLASS_ID], [ALIGNMENT_ID]) VALUES (8, 260);
INSERT INTO MORAL_ALIGNMENT_PER_CLASS ([CLASS_ID], [ALIGNMENT_ID]) VALUES (8, 513);
INSERT INTO MORAL_ALIGNMENT_PER_CLASS ([CLASS_ID], [ALIGNMENT_ID]) VALUES (8, 514);
INSERT INTO MORAL_ALIGNMENT_PER_CLASS ([CLASS_ID], [ALIGNMENT_ID]) VALUES (8, 516);
INSERT INTO MORAL_ALIGNMENT_PER_CLASS ([CLASS_ID], [ALIGNMENT_ID]) VALUES (8, 1025);
INSERT INTO MORAL_ALIGNMENT_PER_CLASS ([CLASS_ID], [ALIGNMENT_ID]) VALUES (8, 1026);
INSERT INTO MORAL_ALIGNMENT_PER_CLASS ([CLASS_ID], [ALIGNMENT_ID]) VALUES (8, 1028);

--Abjurer
INSERT INTO MORAL_ALIGNMENT_PER_CLASS ([CLASS_ID], [ALIGNMENT_ID]) VALUES (16, 257);
INSERT INTO MORAL_ALIGNMENT_PER_CLASS ([CLASS_ID], [ALIGNMENT_ID]) VALUES (16, 258);
INSERT INTO MORAL_ALIGNMENT_PER_CLASS ([CLASS_ID], [ALIGNMENT_ID]) VALUES (16, 260);
INSERT INTO MORAL_ALIGNMENT_PER_CLASS ([CLASS_ID], [ALIGNMENT_ID]) VALUES (16, 513);
INSERT INTO MORAL_ALIGNMENT_PER_CLASS ([CLASS_ID], [ALIGNMENT_ID]) VALUES (16, 514);
INSERT INTO MORAL_ALIGNMENT_PER_CLASS ([CLASS_ID], [ALIGNMENT_ID]) VALUES (16, 516);
INSERT INTO MORAL_ALIGNMENT_PER_CLASS ([CLASS_ID], [ALIGNMENT_ID]) VALUES (16, 1025);
INSERT INTO MORAL_ALIGNMENT_PER_CLASS ([CLASS_ID], [ALIGNMENT_ID]) VALUES (16, 1026);
INSERT INTO MORAL_ALIGNMENT_PER_CLASS ([CLASS_ID], [ALIGNMENT_ID]) VALUES (16, 1028);

--Conjurer
INSERT INTO MORAL_ALIGNMENT_PER_CLASS ([CLASS_ID], [ALIGNMENT_ID]) VALUES (32, 257);
INSERT INTO MORAL_ALIGNMENT_PER_CLASS ([CLASS_ID], [ALIGNMENT_ID]) VALUES (32, 258);
INSERT INTO MORAL_ALIGNMENT_PER_CLASS ([CLASS_ID], [ALIGNMENT_ID]) VALUES (32, 260);
INSERT INTO MORAL_ALIGNMENT_PER_CLASS ([CLASS_ID], [ALIGNMENT_ID]) VALUES (32, 513);
INSERT INTO MORAL_ALIGNMENT_PER_CLASS ([CLASS_ID], [ALIGNMENT_ID]) VALUES (32, 514);
INSERT INTO MORAL_ALIGNMENT_PER_CLASS ([CLASS_ID], [ALIGNMENT_ID]) VALUES (32, 516);
INSERT INTO MORAL_ALIGNMENT_PER_CLASS ([CLASS_ID], [ALIGNMENT_ID]) VALUES (32, 1025);
INSERT INTO MORAL_ALIGNMENT_PER_CLASS ([CLASS_ID], [ALIGNMENT_ID]) VALUES (32, 1026);
INSERT INTO MORAL_ALIGNMENT_PER_CLASS ([CLASS_ID], [ALIGNMENT_ID]) VALUES (32, 1028);

--Diviner
INSERT INTO MORAL_ALIGNMENT_PER_CLASS ([CLASS_ID], [ALIGNMENT_ID]) VALUES (64, 257);
INSERT INTO MORAL_ALIGNMENT_PER_CLASS ([CLASS_ID], [ALIGNMENT_ID]) VALUES (64, 258);
INSERT INTO MORAL_ALIGNMENT_PER_CLASS ([CLASS_ID], [ALIGNMENT_ID]) VALUES (64, 260);
INSERT INTO MORAL_ALIGNMENT_PER_CLASS ([CLASS_ID], [ALIGNMENT_ID]) VALUES (64, 513);
INSERT INTO MORAL_ALIGNMENT_PER_CLASS ([CLASS_ID], [ALIGNMENT_ID]) VALUES (64, 514);
INSERT INTO MORAL_ALIGNMENT_PER_CLASS ([CLASS_ID], [ALIGNMENT_ID]) VALUES (64, 516);
INSERT INTO MORAL_ALIGNMENT_PER_CLASS ([CLASS_ID], [ALIGNMENT_ID]) VALUES (64, 1025);
INSERT INTO MORAL_ALIGNMENT_PER_CLASS ([CLASS_ID], [ALIGNMENT_ID]) VALUES (64, 1026);
INSERT INTO MORAL_ALIGNMENT_PER_CLASS ([CLASS_ID], [ALIGNMENT_ID]) VALUES (64, 1028);

--Enchanter
INSERT INTO MORAL_ALIGNMENT_PER_CLASS ([CLASS_ID], [ALIGNMENT_ID]) VALUES (128, 257);
INSERT INTO MORAL_ALIGNMENT_PER_CLASS ([CLASS_ID], [ALIGNMENT_ID]) VALUES (128, 258);
INSERT INTO MORAL_ALIGNMENT_PER_CLASS ([CLASS_ID], [ALIGNMENT_ID]) VALUES (128, 260);
INSERT INTO MORAL_ALIGNMENT_PER_CLASS ([CLASS_ID], [ALIGNMENT_ID]) VALUES (128, 513);
INSERT INTO MORAL_ALIGNMENT_PER_CLASS ([CLASS_ID], [ALIGNMENT_ID]) VALUES (128, 514);
INSERT INTO MORAL_ALIGNMENT_PER_CLASS ([CLASS_ID], [ALIGNMENT_ID]) VALUES (128, 516);
INSERT INTO MORAL_ALIGNMENT_PER_CLASS ([CLASS_ID], [ALIGNMENT_ID]) VALUES (128, 1025);
INSERT INTO MORAL_ALIGNMENT_PER_CLASS ([CLASS_ID], [ALIGNMENT_ID]) VALUES (128, 1026);
INSERT INTO MORAL_ALIGNMENT_PER_CLASS ([CLASS_ID], [ALIGNMENT_ID]) VALUES (128, 1028);

--Illusionist
INSERT INTO MORAL_ALIGNMENT_PER_CLASS ([CLASS_ID], [ALIGNMENT_ID]) VALUES (256, 257);
INSERT INTO MORAL_ALIGNMENT_PER_CLASS ([CLASS_ID], [ALIGNMENT_ID]) VALUES (256, 258);
INSERT INTO MORAL_ALIGNMENT_PER_CLASS ([CLASS_ID], [ALIGNMENT_ID]) VALUES (256, 260);
INSERT INTO MORAL_ALIGNMENT_PER_CLASS ([CLASS_ID], [ALIGNMENT_ID]) VALUES (256, 513);
INSERT INTO MORAL_ALIGNMENT_PER_CLASS ([CLASS_ID], [ALIGNMENT_ID]) VALUES (256, 514);
INSERT INTO MORAL_ALIGNMENT_PER_CLASS ([CLASS_ID], [ALIGNMENT_ID]) VALUES (256, 516);
INSERT INTO MORAL_ALIGNMENT_PER_CLASS ([CLASS_ID], [ALIGNMENT_ID]) VALUES (256, 1025);
INSERT INTO MORAL_ALIGNMENT_PER_CLASS ([CLASS_ID], [ALIGNMENT_ID]) VALUES (256, 1026);
INSERT INTO MORAL_ALIGNMENT_PER_CLASS ([CLASS_ID], [ALIGNMENT_ID]) VALUES (256, 1028);

--Invoker
INSERT INTO MORAL_ALIGNMENT_PER_CLASS ([CLASS_ID], [ALIGNMENT_ID]) VALUES (512, 257);
INSERT INTO MORAL_ALIGNMENT_PER_CLASS ([CLASS_ID], [ALIGNMENT_ID]) VALUES (512, 258);
INSERT INTO MORAL_ALIGNMENT_PER_CLASS ([CLASS_ID], [ALIGNMENT_ID]) VALUES (512, 260);
INSERT INTO MORAL_ALIGNMENT_PER_CLASS ([CLASS_ID], [ALIGNMENT_ID]) VALUES (512, 513);
INSERT INTO MORAL_ALIGNMENT_PER_CLASS ([CLASS_ID], [ALIGNMENT_ID]) VALUES (512, 514);
INSERT INTO MORAL_ALIGNMENT_PER_CLASS ([CLASS_ID], [ALIGNMENT_ID]) VALUES (512, 516);
INSERT INTO MORAL_ALIGNMENT_PER_CLASS ([CLASS_ID], [ALIGNMENT_ID]) VALUES (512, 1025);
INSERT INTO MORAL_ALIGNMENT_PER_CLASS ([CLASS_ID], [ALIGNMENT_ID]) VALUES (512, 1026);
INSERT INTO MORAL_ALIGNMENT_PER_CLASS ([CLASS_ID], [ALIGNMENT_ID]) VALUES (512, 1028);

--Necromancer
INSERT INTO MORAL_ALIGNMENT_PER_CLASS ([CLASS_ID], [ALIGNMENT_ID]) VALUES (1024, 257);
INSERT INTO MORAL_ALIGNMENT_PER_CLASS ([CLASS_ID], [ALIGNMENT_ID]) VALUES (1024, 258);
INSERT INTO MORAL_ALIGNMENT_PER_CLASS ([CLASS_ID], [ALIGNMENT_ID]) VALUES (1024, 260);
INSERT INTO MORAL_ALIGNMENT_PER_CLASS ([CLASS_ID], [ALIGNMENT_ID]) VALUES (1024, 513);
INSERT INTO MORAL_ALIGNMENT_PER_CLASS ([CLASS_ID], [ALIGNMENT_ID]) VALUES (1024, 514);
INSERT INTO MORAL_ALIGNMENT_PER_CLASS ([CLASS_ID], [ALIGNMENT_ID]) VALUES (1024, 516);
INSERT INTO MORAL_ALIGNMENT_PER_CLASS ([CLASS_ID], [ALIGNMENT_ID]) VALUES (1024, 1025);
INSERT INTO MORAL_ALIGNMENT_PER_CLASS ([CLASS_ID], [ALIGNMENT_ID]) VALUES (1024, 1026);
INSERT INTO MORAL_ALIGNMENT_PER_CLASS ([CLASS_ID], [ALIGNMENT_ID]) VALUES (1024, 1028);

--Transmuter
INSERT INTO MORAL_ALIGNMENT_PER_CLASS ([CLASS_ID], [ALIGNMENT_ID]) VALUES (2048, 257);
INSERT INTO MORAL_ALIGNMENT_PER_CLASS ([CLASS_ID], [ALIGNMENT_ID]) VALUES (2048, 258);
INSERT INTO MORAL_ALIGNMENT_PER_CLASS ([CLASS_ID], [ALIGNMENT_ID]) VALUES (2048, 260);
INSERT INTO MORAL_ALIGNMENT_PER_CLASS ([CLASS_ID], [ALIGNMENT_ID]) VALUES (2048, 513);
INSERT INTO MORAL_ALIGNMENT_PER_CLASS ([CLASS_ID], [ALIGNMENT_ID]) VALUES (2048, 514);
INSERT INTO MORAL_ALIGNMENT_PER_CLASS ([CLASS_ID], [ALIGNMENT_ID]) VALUES (2048, 516);
INSERT INTO MORAL_ALIGNMENT_PER_CLASS ([CLASS_ID], [ALIGNMENT_ID]) VALUES (2048, 1025);
INSERT INTO MORAL_ALIGNMENT_PER_CLASS ([CLASS_ID], [ALIGNMENT_ID]) VALUES (2048, 1026);
INSERT INTO MORAL_ALIGNMENT_PER_CLASS ([CLASS_ID], [ALIGNMENT_ID]) VALUES (2048, 1028);

--Cleric
INSERT INTO MORAL_ALIGNMENT_PER_CLASS ([CLASS_ID], [ALIGNMENT_ID]) VALUES (4096, 257);
INSERT INTO MORAL_ALIGNMENT_PER_CLASS ([CLASS_ID], [ALIGNMENT_ID]) VALUES (4096, 258);
INSERT INTO MORAL_ALIGNMENT_PER_CLASS ([CLASS_ID], [ALIGNMENT_ID]) VALUES (4096, 260);
INSERT INTO MORAL_ALIGNMENT_PER_CLASS ([CLASS_ID], [ALIGNMENT_ID]) VALUES (4096, 513);
INSERT INTO MORAL_ALIGNMENT_PER_CLASS ([CLASS_ID], [ALIGNMENT_ID]) VALUES (4096, 514);
INSERT INTO MORAL_ALIGNMENT_PER_CLASS ([CLASS_ID], [ALIGNMENT_ID]) VALUES (4096, 516);
INSERT INTO MORAL_ALIGNMENT_PER_CLASS ([CLASS_ID], [ALIGNMENT_ID]) VALUES (4096, 1025);
INSERT INTO MORAL_ALIGNMENT_PER_CLASS ([CLASS_ID], [ALIGNMENT_ID]) VALUES (4096, 1026);
INSERT INTO MORAL_ALIGNMENT_PER_CLASS ([CLASS_ID], [ALIGNMENT_ID]) VALUES (4096, 1028);

--Druid
INSERT INTO MORAL_ALIGNMENT_PER_CLASS ([CLASS_ID], [ALIGNMENT_ID]) VALUES (8192, 258);
INSERT INTO MORAL_ALIGNMENT_PER_CLASS ([CLASS_ID], [ALIGNMENT_ID]) VALUES (8192, 514);
INSERT INTO MORAL_ALIGNMENT_PER_CLASS ([CLASS_ID], [ALIGNMENT_ID]) VALUES (8192, 1026);

--Preist of Specific Mythos
INSERT INTO MORAL_ALIGNMENT_PER_CLASS ([CLASS_ID], [ALIGNMENT_ID]) VALUES (16384, 257);
INSERT INTO MORAL_ALIGNMENT_PER_CLASS ([CLASS_ID], [ALIGNMENT_ID]) VALUES (16384, 258);
INSERT INTO MORAL_ALIGNMENT_PER_CLASS ([CLASS_ID], [ALIGNMENT_ID]) VALUES (16384, 260);
INSERT INTO MORAL_ALIGNMENT_PER_CLASS ([CLASS_ID], [ALIGNMENT_ID]) VALUES (16384, 513);
INSERT INTO MORAL_ALIGNMENT_PER_CLASS ([CLASS_ID], [ALIGNMENT_ID]) VALUES (16384, 514);
INSERT INTO MORAL_ALIGNMENT_PER_CLASS ([CLASS_ID], [ALIGNMENT_ID]) VALUES (16384, 516);
INSERT INTO MORAL_ALIGNMENT_PER_CLASS ([CLASS_ID], [ALIGNMENT_ID]) VALUES (16384, 1025);
INSERT INTO MORAL_ALIGNMENT_PER_CLASS ([CLASS_ID], [ALIGNMENT_ID]) VALUES (16384, 1026);
INSERT INTO MORAL_ALIGNMENT_PER_CLASS ([CLASS_ID], [ALIGNMENT_ID]) VALUES (16384, 1028);

--Thief 
INSERT INTO MORAL_ALIGNMENT_PER_CLASS ([CLASS_ID], [ALIGNMENT_ID]) VALUES (32768, 258);
INSERT INTO MORAL_ALIGNMENT_PER_CLASS ([CLASS_ID], [ALIGNMENT_ID]) VALUES (32768, 260);
INSERT INTO MORAL_ALIGNMENT_PER_CLASS ([CLASS_ID], [ALIGNMENT_ID]) VALUES (32768, 513);
INSERT INTO MORAL_ALIGNMENT_PER_CLASS ([CLASS_ID], [ALIGNMENT_ID]) VALUES (32768, 514);
INSERT INTO MORAL_ALIGNMENT_PER_CLASS ([CLASS_ID], [ALIGNMENT_ID]) VALUES (32768, 516);
INSERT INTO MORAL_ALIGNMENT_PER_CLASS ([CLASS_ID], [ALIGNMENT_ID]) VALUES (32768, 1025);
INSERT INTO MORAL_ALIGNMENT_PER_CLASS ([CLASS_ID], [ALIGNMENT_ID]) VALUES (32768, 1026);
INSERT INTO MORAL_ALIGNMENT_PER_CLASS ([CLASS_ID], [ALIGNMENT_ID]) VALUES (32768, 1028);

--Bard
INSERT INTO MORAL_ALIGNMENT_PER_CLASS ([CLASS_ID], [ALIGNMENT_ID]) VALUES (65536, 257);
INSERT INTO MORAL_ALIGNMENT_PER_CLASS ([CLASS_ID], [ALIGNMENT_ID]) VALUES (65536, 260);
INSERT INTO MORAL_ALIGNMENT_PER_CLASS ([CLASS_ID], [ALIGNMENT_ID]) VALUES (65536, 513);
INSERT INTO MORAL_ALIGNMENT_PER_CLASS ([CLASS_ID], [ALIGNMENT_ID]) VALUES (65536, 516);
INSERT INTO MORAL_ALIGNMENT_PER_CLASS ([CLASS_ID], [ALIGNMENT_ID]) VALUES (65536, 1025);
INSERT INTO MORAL_ALIGNMENT_PER_CLASS ([CLASS_ID], [ALIGNMENT_ID]) VALUES (65536, 1028);

COMMIT TRANSACTION;

-------------------------------------------------------------------------------------------------------------

BEGIN TRANSACTION;

INSERT INTO PRIME_REQUISITE_BONUSES ([ABILITY_SCORE], [ADDITIONAL_LEVELS]) VALUES (1, 0);
INSERT INTO PRIME_REQUISITE_BONUSES ([ABILITY_SCORE], [ADDITIONAL_LEVELS]) VALUES (14, 1);
INSERT INTO PRIME_REQUISITE_BONUSES ([ABILITY_SCORE], [ADDITIONAL_LEVELS]) VALUES (15, 1);
INSERT INTO PRIME_REQUISITE_BONUSES ([ABILITY_SCORE], [ADDITIONAL_LEVELS]) VALUES (16, 2);
INSERT INTO PRIME_REQUISITE_BONUSES ([ABILITY_SCORE], [ADDITIONAL_LEVELS]) VALUES (17, 2);
INSERT INTO PRIME_REQUISITE_BONUSES ([ABILITY_SCORE], [ADDITIONAL_LEVELS]) VALUES (18, 3);
INSERT INTO PRIME_REQUISITE_BONUSES ([ABILITY_SCORE], [ADDITIONAL_LEVELS]) VALUES (19, 4);

COMMIT TRANSACTION;

-------------------------------------------------------------------------------------------------------------

BEGIN TRANSACTION;

INSERT INTO ENCUMBRANCE ([STRENGTH_FROM], [EXC_STRENGTH_FROM], [STRENGTH_TO], [EXC_STRENGTH_TO], [UNENCUMBERED], [LIGHT], [MODERATE], [HEAVY], [SEVERE]) VALUES (2, NULL,	2, NULL,	0.5,	1,		1.5,	2,		3);
INSERT INTO ENCUMBRANCE ([STRENGTH_FROM], [EXC_STRENGTH_FROM], [STRENGTH_TO], [EXC_STRENGTH_TO], [UNENCUMBERED], [LIGHT], [MODERATE], [HEAVY], [SEVERE]) VALUES (3, NULL,	3, NULL,	2.2,	2.5,	3,		4,		4.5);
INSERT INTO ENCUMBRANCE ([STRENGTH_FROM], [EXC_STRENGTH_FROM], [STRENGTH_TO], [EXC_STRENGTH_TO], [UNENCUMBERED], [LIGHT], [MODERATE], [HEAVY], [SEVERE]) VALUES (4, NULL,	5, NULL,	4.5,	6,		7,		8.5,	11.5);
INSERT INTO ENCUMBRANCE ([STRENGTH_FROM], [EXC_STRENGTH_FROM], [STRENGTH_TO], [EXC_STRENGTH_TO], [UNENCUMBERED], [LIGHT], [MODERATE], [HEAVY], [SEVERE]) VALUES (6, NULL,	7, NULL,	9,		13,		17,		21,		25);
INSERT INTO ENCUMBRANCE ([STRENGTH_FROM], [EXC_STRENGTH_FROM], [STRENGTH_TO], [EXC_STRENGTH_TO], [UNENCUMBERED], [LIGHT], [MODERATE], [HEAVY], [SEVERE]) VALUES (8, NULL,	9, NULL,	16,		23,		29.5,	36,		41);
INSERT INTO ENCUMBRANCE ([STRENGTH_FROM], [EXC_STRENGTH_FROM], [STRENGTH_TO], [EXC_STRENGTH_TO], [UNENCUMBERED], [LIGHT], [MODERATE], [HEAVY], [SEVERE]) VALUES (10, NULL,	11, NULL,	18,		26,		34.5,	43.5,	50);
INSERT INTO ENCUMBRANCE ([STRENGTH_FROM], [EXC_STRENGTH_FROM], [STRENGTH_TO], [EXC_STRENGTH_TO], [UNENCUMBERED], [LIGHT], [MODERATE], [HEAVY], [SEVERE]) VALUES (12, NULL,	13, NULL,	20,		31,		42,		53,		63.5);
INSERT INTO ENCUMBRANCE ([STRENGTH_FROM], [EXC_STRENGTH_FROM], [STRENGTH_TO], [EXC_STRENGTH_TO], [UNENCUMBERED], [LIGHT], [MODERATE], [HEAVY], [SEVERE]) VALUES (14, NULL,	15, NULL,	25,		38.5,	52,		66,		77);
INSERT INTO ENCUMBRANCE ([STRENGTH_FROM], [EXC_STRENGTH_FROM], [STRENGTH_TO], [EXC_STRENGTH_TO], [UNENCUMBERED], [LIGHT], [MODERATE], [HEAVY], [SEVERE]) VALUES (16, NULL,	16, NULL,	32,		45,		59,		72.5,	88.5);
INSERT INTO ENCUMBRANCE ([STRENGTH_FROM], [EXC_STRENGTH_FROM], [STRENGTH_TO], [EXC_STRENGTH_TO], [UNENCUMBERED], [LIGHT], [MODERATE], [HEAVY], [SEVERE]) VALUES (17, NULL,	17, NULL,	38.5,	55,		71,		87.5,	100);
INSERT INTO ENCUMBRANCE ([STRENGTH_FROM], [EXC_STRENGTH_FROM], [STRENGTH_TO], [EXC_STRENGTH_TO], [UNENCUMBERED], [LIGHT], [MODERATE], [HEAVY], [SEVERE]) VALUES (18, NULL,	18, NULL,	50,		67.5,	85,		103,	115.5);
INSERT INTO ENCUMBRANCE ([STRENGTH_FROM], [EXC_STRENGTH_FROM], [STRENGTH_TO], [EXC_STRENGTH_TO], [UNENCUMBERED], [LIGHT], [MODERATE], [HEAVY], [SEVERE]) VALUES (18, 1,		18, 50,		61,		79,		96.5,	114,	127);
INSERT INTO ENCUMBRANCE ([STRENGTH_FROM], [EXC_STRENGTH_FROM], [STRENGTH_TO], [EXC_STRENGTH_TO], [UNENCUMBERED], [LIGHT], [MODERATE], [HEAVY], [SEVERE]) VALUES (18, 51,	18, 75,		72.5,	90,		108,	125.5,	138);
INSERT INTO ENCUMBRANCE ([STRENGTH_FROM], [EXC_STRENGTH_FROM], [STRENGTH_TO], [EXC_STRENGTH_TO], [UNENCUMBERED], [LIGHT], [MODERATE], [HEAVY], [SEVERE]) VALUES (18, 76,	18, 90,		84,		101.5,	119,	137,	149.5);
INSERT INTO ENCUMBRANCE ([STRENGTH_FROM], [EXC_STRENGTH_FROM], [STRENGTH_TO], [EXC_STRENGTH_TO], [UNENCUMBERED], [LIGHT], [MODERATE], [HEAVY], [SEVERE]) VALUES (18, 91,	18, 99,		106.5,	124,	142,	159.5,	172);
INSERT INTO ENCUMBRANCE ([STRENGTH_FROM], [EXC_STRENGTH_FROM], [STRENGTH_TO], [EXC_STRENGTH_TO], [UNENCUMBERED], [LIGHT], [MODERATE], [HEAVY], [SEVERE]) VALUES (18, 100,	18, 100,	152,	270,	187,	205,	217.5);

COMMIT TRANSACTION;

-------------------------------------------------------------------------------------------------------------

BEGIN TRANSACTION;

INSERT INTO MODIFIED_MOVEMENT_RATES ([STRENGTH_FROM], [EXC_STRENGTH_FROM], [STRENGTH_TO], [EXC_STRENGTH_TO], [LOAD], [MOVEMENT_RATE_1], [MOVEMENT_RATE_2]) VALUES (2, NULL,	2, NULL,	0.5,	6,	12);
--INSERT INTO MODIFIED_MOVEMENT_RATES ([STRENGTH_FROM], [EXC_STRENGTH_FROM], [STRENGTH_TO], [EXC_STRENGTH_TO], [LOAD], [MOVEMENT_RATE_1], [MOVEMENT_RATE_2]) VALUES (2, NULL,	2, NULL,	LOAD,	5,	11);
INSERT INTO MODIFIED_MOVEMENT_RATES ([STRENGTH_FROM], [EXC_STRENGTH_FROM], [STRENGTH_TO], [EXC_STRENGTH_TO], [LOAD], [MOVEMENT_RATE_1], [MOVEMENT_RATE_2]) VALUES (2, NULL,	2, NULL,	1,	5,	10);
--INSERT INTO MODIFIED_MOVEMENT_RATES ([STRENGTH_FROM], [EXC_STRENGTH_FROM], [STRENGTH_TO], [EXC_STRENGTH_TO], [LOAD], [MOVEMENT_RATE_1], [MOVEMENT_RATE_2]) VALUES (2, NULL,	2, NULL,	LOAD,	4,	 9);
--INSERT INTO MODIFIED_MOVEMENT_RATES ([STRENGTH_FROM], [EXC_STRENGTH_FROM], [STRENGTH_TO], [EXC_STRENGTH_TO], [LOAD], [MOVEMENT_RATE_1], [MOVEMENT_RATE_2]) VALUES (2, NULL,	2, NULL,	LOAD,	4,	 8);
INSERT INTO MODIFIED_MOVEMENT_RATES ([STRENGTH_FROM], [EXC_STRENGTH_FROM], [STRENGTH_TO], [EXC_STRENGTH_TO], [LOAD], [MOVEMENT_RATE_1], [MOVEMENT_RATE_2]) VALUES (2, NULL,	2, NULL,	1.5,	3,	 7);
--INSERT INTO MODIFIED_MOVEMENT_RATES ([STRENGTH_FROM], [EXC_STRENGTH_FROM], [STRENGTH_TO], [EXC_STRENGTH_TO], [LOAD], [MOVEMENT_RATE_1], [MOVEMENT_RATE_2]) VALUES (2, NULL,	2, NULL,	LOAD,	3,	 6);
--INSERT INTO MODIFIED_MOVEMENT_RATES ([STRENGTH_FROM], [EXC_STRENGTH_FROM], [STRENGTH_TO], [EXC_STRENGTH_TO], [LOAD], [MOVEMENT_RATE_1], [MOVEMENT_RATE_2]) VALUES (2, NULL,	2, NULL,	LOAD,	2,	 5);
INSERT INTO MODIFIED_MOVEMENT_RATES ([STRENGTH_FROM], [EXC_STRENGTH_FROM], [STRENGTH_TO], [EXC_STRENGTH_TO], [LOAD], [MOVEMENT_RATE_1], [MOVEMENT_RATE_2]) VALUES (2, NULL,	2, NULL,	2,	2,	 4);
--INSERT INTO MODIFIED_MOVEMENT_RATES ([STRENGTH_FROM], [EXC_STRENGTH_FROM], [STRENGTH_TO], [EXC_STRENGTH_TO], [LOAD], [MOVEMENT_RATE_1], [MOVEMENT_RATE_2]) VALUES (2, NULL,	2, NULL,	LOAD,	1,	 3);
--INSERT INTO MODIFIED_MOVEMENT_RATES ([STRENGTH_FROM], [EXC_STRENGTH_FROM], [STRENGTH_TO], [EXC_STRENGTH_TO], [LOAD], [MOVEMENT_RATE_1], [MOVEMENT_RATE_2]) VALUES (2, NULL,	2, NULL,	LOAD,	1,	 2);
INSERT INTO MODIFIED_MOVEMENT_RATES ([STRENGTH_FROM], [EXC_STRENGTH_FROM], [STRENGTH_TO], [EXC_STRENGTH_TO], [LOAD], [MOVEMENT_RATE_1], [MOVEMENT_RATE_2]) VALUES (2, NULL,	2, NULL,	2.5,	1,	 1);

INSERT INTO MODIFIED_MOVEMENT_RATES ([STRENGTH_FROM], [EXC_STRENGTH_FROM], [STRENGTH_TO], [EXC_STRENGTH_TO], [LOAD], [MOVEMENT_RATE_1], [MOVEMENT_RATE_2]) VALUES (3, NULL,	3, NULL,	2.2,	6,	12);
--INSERT INTO MODIFIED_MOVEMENT_RATES ([STRENGTH_FROM], [EXC_STRENGTH_FROM], [STRENGTH_TO], [EXC_STRENGTH_TO], [LOAD], [MOVEMENT_RATE_1], [MOVEMENT_RATE_2]) VALUES (3, NULL,	3, NULL,	LOAD,	5,	11);
--INSERT INTO MODIFIED_MOVEMENT_RATES ([STRENGTH_FROM], [EXC_STRENGTH_FROM], [STRENGTH_TO], [EXC_STRENGTH_TO], [LOAD], [MOVEMENT_RATE_1], [MOVEMENT_RATE_2]) VALUES (3, NULL,	3, NULL,	LOAD,	5,	10);
--INSERT INTO MODIFIED_MOVEMENT_RATES ([STRENGTH_FROM], [EXC_STRENGTH_FROM], [STRENGTH_TO], [EXC_STRENGTH_TO], [LOAD], [MOVEMENT_RATE_1], [MOVEMENT_RATE_2]) VALUES (3, NULL,	3, NULL,	LOAD,	4,	 9);
INSERT INTO MODIFIED_MOVEMENT_RATES ([STRENGTH_FROM], [EXC_STRENGTH_FROM], [STRENGTH_TO], [EXC_STRENGTH_TO], [LOAD], [MOVEMENT_RATE_1], [MOVEMENT_RATE_2]) VALUES (3, NULL,	3, NULL,	3,		4,	 8);
--INSERT INTO MODIFIED_MOVEMENT_RATES ([STRENGTH_FROM], [EXC_STRENGTH_FROM], [STRENGTH_TO], [EXC_STRENGTH_TO], [LOAD], [MOVEMENT_RATE_1], [MOVEMENT_RATE_2]) VALUES (3, NULL,	3, NULL,	LOAD,	3,	 7);
--INSERT INTO MODIFIED_MOVEMENT_RATES ([STRENGTH_FROM], [EXC_STRENGTH_FROM], [STRENGTH_TO], [EXC_STRENGTH_TO], [LOAD], [MOVEMENT_RATE_1], [MOVEMENT_RATE_2]) VALUES (3, NULL,	3, NULL,	LOAD,	3,	 6);
INSERT INTO MODIFIED_MOVEMENT_RATES ([STRENGTH_FROM], [EXC_STRENGTH_FROM], [STRENGTH_TO], [EXC_STRENGTH_TO], [LOAD], [MOVEMENT_RATE_1], [MOVEMENT_RATE_2]) VALUES (3, NULL,	3, NULL,	3.5,	2,	 5);
--INSERT INTO MODIFIED_MOVEMENT_RATES ([STRENGTH_FROM], [EXC_STRENGTH_FROM], [STRENGTH_TO], [EXC_STRENGTH_TO], [LOAD], [MOVEMENT_RATE_1], [MOVEMENT_RATE_2]) VALUES (3, NULL,	3, NULL,	LOAD,	2,	 4);
--INSERT INTO MODIFIED_MOVEMENT_RATES ([STRENGTH_FROM], [EXC_STRENGTH_FROM], [STRENGTH_TO], [EXC_STRENGTH_TO], [LOAD], [MOVEMENT_RATE_1], [MOVEMENT_RATE_2]) VALUES (3, NULL,	3, NULL,	LOAD,	1,	 3);
--INSERT INTO MODIFIED_MOVEMENT_RATES ([STRENGTH_FROM], [EXC_STRENGTH_FROM], [STRENGTH_TO], [EXC_STRENGTH_TO], [LOAD], [MOVEMENT_RATE_1], [MOVEMENT_RATE_2]) VALUES (3, NULL,	3, NULL,	LOAD,	1,	 2);
INSERT INTO MODIFIED_MOVEMENT_RATES ([STRENGTH_FROM], [EXC_STRENGTH_FROM], [STRENGTH_TO], [EXC_STRENGTH_TO], [LOAD], [MOVEMENT_RATE_1], [MOVEMENT_RATE_2]) VALUES (3, NULL,	3, NULL,	4,		1,	 1);

INSERT INTO MODIFIED_MOVEMENT_RATES ([STRENGTH_FROM], [EXC_STRENGTH_FROM], [STRENGTH_TO], [EXC_STRENGTH_TO], [LOAD], [MOVEMENT_RATE_1], [MOVEMENT_RATE_2]) VALUES (4, NULL,	5, NULL,	4.5,	6,	12);
INSERT INTO MODIFIED_MOVEMENT_RATES ([STRENGTH_FROM], [EXC_STRENGTH_FROM], [STRENGTH_TO], [EXC_STRENGTH_TO], [LOAD], [MOVEMENT_RATE_1], [MOVEMENT_RATE_2]) VALUES (4, NULL,	5, NULL,	5,	5,	11);
INSERT INTO MODIFIED_MOVEMENT_RATES ([STRENGTH_FROM], [EXC_STRENGTH_FROM], [STRENGTH_TO], [EXC_STRENGTH_TO], [LOAD], [MOVEMENT_RATE_1], [MOVEMENT_RATE_2]) VALUES (4, NULL,	5, NULL,	5.5,	5,	10);
INSERT INTO MODIFIED_MOVEMENT_RATES ([STRENGTH_FROM], [EXC_STRENGTH_FROM], [STRENGTH_TO], [EXC_STRENGTH_TO], [LOAD], [MOVEMENT_RATE_1], [MOVEMENT_RATE_2]) VALUES (4, NULL,	5, NULL,	6,	4,	 9);
INSERT INTO MODIFIED_MOVEMENT_RATES ([STRENGTH_FROM], [EXC_STRENGTH_FROM], [STRENGTH_TO], [EXC_STRENGTH_TO], [LOAD], [MOVEMENT_RATE_1], [MOVEMENT_RATE_2]) VALUES (4, NULL,	5, NULL,	6.5,	4,	 8);
--INSERT INTO MODIFIED_MOVEMENT_RATES ([STRENGTH_FROM], [EXC_STRENGTH_FROM], [STRENGTH_TO], [EXC_STRENGTH_TO], [LOAD], [MOVEMENT_RATE_1], [MOVEMENT_RATE_2]) VALUES (4, NULL,	5, NULL,	LOAD,	3,	 7);
INSERT INTO MODIFIED_MOVEMENT_RATES ([STRENGTH_FROM], [EXC_STRENGTH_FROM], [STRENGTH_TO], [EXC_STRENGTH_TO], [LOAD], [MOVEMENT_RATE_1], [MOVEMENT_RATE_2]) VALUES (4, NULL,	5, NULL,	7,	3,	 6);
INSERT INTO MODIFIED_MOVEMENT_RATES ([STRENGTH_FROM], [EXC_STRENGTH_FROM], [STRENGTH_TO], [EXC_STRENGTH_TO], [LOAD], [MOVEMENT_RATE_1], [MOVEMENT_RATE_2]) VALUES (4, NULL,	5, NULL,	7.5,	2,	 5);
INSERT INTO MODIFIED_MOVEMENT_RATES ([STRENGTH_FROM], [EXC_STRENGTH_FROM], [STRENGTH_TO], [EXC_STRENGTH_TO], [LOAD], [MOVEMENT_RATE_1], [MOVEMENT_RATE_2]) VALUES (4, NULL,	5, NULL,	8,	2,	 4);
INSERT INTO MODIFIED_MOVEMENT_RATES ([STRENGTH_FROM], [EXC_STRENGTH_FROM], [STRENGTH_TO], [EXC_STRENGTH_TO], [LOAD], [MOVEMENT_RATE_1], [MOVEMENT_RATE_2]) VALUES (4, NULL,	5, NULL,	8.5,	1,	 3);
INSERT INTO MODIFIED_MOVEMENT_RATES ([STRENGTH_FROM], [EXC_STRENGTH_FROM], [STRENGTH_TO], [EXC_STRENGTH_TO], [LOAD], [MOVEMENT_RATE_1], [MOVEMENT_RATE_2]) VALUES (4, NULL,	5, NULL,	9,	1,	 2);
INSERT INTO MODIFIED_MOVEMENT_RATES ([STRENGTH_FROM], [EXC_STRENGTH_FROM], [STRENGTH_TO], [EXC_STRENGTH_TO], [LOAD], [MOVEMENT_RATE_1], [MOVEMENT_RATE_2]) VALUES (4, NULL,	5, NULL,	9.5,	1,	 1);

INSERT INTO MODIFIED_MOVEMENT_RATES ([STRENGTH_FROM], [EXC_STRENGTH_FROM], [STRENGTH_TO], [EXC_STRENGTH_TO], [LOAD], [MOVEMENT_RATE_1], [MOVEMENT_RATE_2]) VALUES (6, NULL,	7, NULL,	9,		6,	12);
INSERT INTO MODIFIED_MOVEMENT_RATES ([STRENGTH_FROM], [EXC_STRENGTH_FROM], [STRENGTH_TO], [EXC_STRENGTH_TO], [LOAD], [MOVEMENT_RATE_1], [MOVEMENT_RATE_2]) VALUES (6, NULL,	7, NULL,	10.5,	5,	11);
INSERT INTO MODIFIED_MOVEMENT_RATES ([STRENGTH_FROM], [EXC_STRENGTH_FROM], [STRENGTH_TO], [EXC_STRENGTH_TO], [LOAD], [MOVEMENT_RATE_1], [MOVEMENT_RATE_2]) VALUES (6, NULL,	7, NULL,	12,		5,	10);
INSERT INTO MODIFIED_MOVEMENT_RATES ([STRENGTH_FROM], [EXC_STRENGTH_FROM], [STRENGTH_TO], [EXC_STRENGTH_TO], [LOAD], [MOVEMENT_RATE_1], [MOVEMENT_RATE_2]) VALUES (6, NULL,	7, NULL,	13,		4,	 9);
INSERT INTO MODIFIED_MOVEMENT_RATES ([STRENGTH_FROM], [EXC_STRENGTH_FROM], [STRENGTH_TO], [EXC_STRENGTH_TO], [LOAD], [MOVEMENT_RATE_1], [MOVEMENT_RATE_2]) VALUES (6, NULL,	7, NULL,	14.5,	4,	 8);
INSERT INTO MODIFIED_MOVEMENT_RATES ([STRENGTH_FROM], [EXC_STRENGTH_FROM], [STRENGTH_TO], [EXC_STRENGTH_TO], [LOAD], [MOVEMENT_RATE_1], [MOVEMENT_RATE_2]) VALUES (6, NULL,	7, NULL,	16,		3,	 7);
INSERT INTO MODIFIED_MOVEMENT_RATES ([STRENGTH_FROM], [EXC_STRENGTH_FROM], [STRENGTH_TO], [EXC_STRENGTH_TO], [LOAD], [MOVEMENT_RATE_1], [MOVEMENT_RATE_2]) VALUES (6, NULL,	7, NULL,	17,		3,	 6);
INSERT INTO MODIFIED_MOVEMENT_RATES ([STRENGTH_FROM], [EXC_STRENGTH_FROM], [STRENGTH_TO], [EXC_STRENGTH_TO], [LOAD], [MOVEMENT_RATE_1], [MOVEMENT_RATE_2]) VALUES (6, NULL,	7, NULL,	18.5,	2,	 5);
INSERT INTO MODIFIED_MOVEMENT_RATES ([STRENGTH_FROM], [EXC_STRENGTH_FROM], [STRENGTH_TO], [EXC_STRENGTH_TO], [LOAD], [MOVEMENT_RATE_1], [MOVEMENT_RATE_2]) VALUES (6, NULL,	7, NULL,	20,		2,	 4);
INSERT INTO MODIFIED_MOVEMENT_RATES ([STRENGTH_FROM], [EXC_STRENGTH_FROM], [STRENGTH_TO], [EXC_STRENGTH_TO], [LOAD], [MOVEMENT_RATE_1], [MOVEMENT_RATE_2]) VALUES (6, NULL,	7, NULL,	21.5,	1,	 3);
INSERT INTO MODIFIED_MOVEMENT_RATES ([STRENGTH_FROM], [EXC_STRENGTH_FROM], [STRENGTH_TO], [EXC_STRENGTH_TO], [LOAD], [MOVEMENT_RATE_1], [MOVEMENT_RATE_2]) VALUES (6, NULL,	7, NULL,	22.5,	1,	 2);
INSERT INTO MODIFIED_MOVEMENT_RATES ([STRENGTH_FROM], [EXC_STRENGTH_FROM], [STRENGTH_TO], [EXC_STRENGTH_TO], [LOAD], [MOVEMENT_RATE_1], [MOVEMENT_RATE_2]) VALUES (6, NULL,	7, NULL,	24,		1,	 1);

INSERT INTO MODIFIED_MOVEMENT_RATES ([STRENGTH_FROM], [EXC_STRENGTH_FROM], [STRENGTH_TO], [EXC_STRENGTH_TO], [LOAD], [MOVEMENT_RATE_1], [MOVEMENT_RATE_2]) VALUES (8, NULL,	9, NULL,	16,	6,	12);
INSERT INTO MODIFIED_MOVEMENT_RATES ([STRENGTH_FROM], [EXC_STRENGTH_FROM], [STRENGTH_TO], [EXC_STRENGTH_TO], [LOAD], [MOVEMENT_RATE_1], [MOVEMENT_RATE_2]) VALUES (8, NULL,	9, NULL,	18,	5,	11);
INSERT INTO MODIFIED_MOVEMENT_RATES ([STRENGTH_FROM], [EXC_STRENGTH_FROM], [STRENGTH_TO], [EXC_STRENGTH_TO], [LOAD], [MOVEMENT_RATE_1], [MOVEMENT_RATE_2]) VALUES (8, NULL,	9, NULL,	20.5,	5,	10);
INSERT INTO MODIFIED_MOVEMENT_RATES ([STRENGTH_FROM], [EXC_STRENGTH_FROM], [STRENGTH_TO], [EXC_STRENGTH_TO], [LOAD], [MOVEMENT_RATE_1], [MOVEMENT_RATE_2]) VALUES (8, NULL,	9, NULL,	22.5,	4,	 9);
INSERT INTO MODIFIED_MOVEMENT_RATES ([STRENGTH_FROM], [EXC_STRENGTH_FROM], [STRENGTH_TO], [EXC_STRENGTH_TO], [LOAD], [MOVEMENT_RATE_1], [MOVEMENT_RATE_2]) VALUES (8, NULL,	9, NULL,	25,	4,	 8);
INSERT INTO MODIFIED_MOVEMENT_RATES ([STRENGTH_FROM], [EXC_STRENGTH_FROM], [STRENGTH_TO], [EXC_STRENGTH_TO], [LOAD], [MOVEMENT_RATE_1], [MOVEMENT_RATE_2]) VALUES (8, NULL,	9, NULL,	27,	3,	 7);
INSERT INTO MODIFIED_MOVEMENT_RATES ([STRENGTH_FROM], [EXC_STRENGTH_FROM], [STRENGTH_TO], [EXC_STRENGTH_TO], [LOAD], [MOVEMENT_RATE_1], [MOVEMENT_RATE_2]) VALUES (8, NULL,	9, NULL,	29.5,	3,	 6);
INSERT INTO MODIFIED_MOVEMENT_RATES ([STRENGTH_FROM], [EXC_STRENGTH_FROM], [STRENGTH_TO], [EXC_STRENGTH_TO], [LOAD], [MOVEMENT_RATE_1], [MOVEMENT_RATE_2]) VALUES (8, NULL,	9, NULL,	31.5,	2,	 5);
INSERT INTO MODIFIED_MOVEMENT_RATES ([STRENGTH_FROM], [EXC_STRENGTH_FROM], [STRENGTH_TO], [EXC_STRENGTH_TO], [LOAD], [MOVEMENT_RATE_1], [MOVEMENT_RATE_2]) VALUES (8, NULL,	9, NULL,	34,	2,	 4);
INSERT INTO MODIFIED_MOVEMENT_RATES ([STRENGTH_FROM], [EXC_STRENGTH_FROM], [STRENGTH_TO], [EXC_STRENGTH_TO], [LOAD], [MOVEMENT_RATE_1], [MOVEMENT_RATE_2]) VALUES (8, NULL,	9, NULL,	36,	1,	 3);
INSERT INTO MODIFIED_MOVEMENT_RATES ([STRENGTH_FROM], [EXC_STRENGTH_FROM], [STRENGTH_TO], [EXC_STRENGTH_TO], [LOAD], [MOVEMENT_RATE_1], [MOVEMENT_RATE_2]) VALUES (8, NULL,	9, NULL,	38.5,	1,	 2);
INSERT INTO MODIFIED_MOVEMENT_RATES ([STRENGTH_FROM], [EXC_STRENGTH_FROM], [STRENGTH_TO], [EXC_STRENGTH_TO], [LOAD], [MOVEMENT_RATE_1], [MOVEMENT_RATE_2]) VALUES (8, NULL,	9, NULL,	40.5,	1,	 1);

INSERT INTO MODIFIED_MOVEMENT_RATES ([STRENGTH_FROM], [EXC_STRENGTH_FROM], [STRENGTH_TO], [EXC_STRENGTH_TO], [LOAD], [MOVEMENT_RATE_1], [MOVEMENT_RATE_2]) VALUES (10, NULL,	11, NULL,	18,		6,	12);
INSERT INTO MODIFIED_MOVEMENT_RATES ([STRENGTH_FROM], [EXC_STRENGTH_FROM], [STRENGTH_TO], [EXC_STRENGTH_TO], [LOAD], [MOVEMENT_RATE_1], [MOVEMENT_RATE_2]) VALUES (10, NULL,	11, NULL,	21,		5,	11);
INSERT INTO MODIFIED_MOVEMENT_RATES ([STRENGTH_FROM], [EXC_STRENGTH_FROM], [STRENGTH_TO], [EXC_STRENGTH_TO], [LOAD], [MOVEMENT_RATE_1], [MOVEMENT_RATE_2]) VALUES (10, NULL,	11, NULL,	23.5,	5,	10);
INSERT INTO MODIFIED_MOVEMENT_RATES ([STRENGTH_FROM], [EXC_STRENGTH_FROM], [STRENGTH_TO], [EXC_STRENGTH_TO], [LOAD], [MOVEMENT_RATE_1], [MOVEMENT_RATE_2]) VALUES (10, NULL,	11, NULL,	26,		4,	 9);
INSERT INTO MODIFIED_MOVEMENT_RATES ([STRENGTH_FROM], [EXC_STRENGTH_FROM], [STRENGTH_TO], [EXC_STRENGTH_TO], [LOAD], [MOVEMENT_RATE_1], [MOVEMENT_RATE_2]) VALUES (10, NULL,	11, NULL,	29,		4,	 8);
INSERT INTO MODIFIED_MOVEMENT_RATES ([STRENGTH_FROM], [EXC_STRENGTH_FROM], [STRENGTH_TO], [EXC_STRENGTH_TO], [LOAD], [MOVEMENT_RATE_1], [MOVEMENT_RATE_2]) VALUES (10, NULL,	11, NULL,	32,		3,	 7);
INSERT INTO MODIFIED_MOVEMENT_RATES ([STRENGTH_FROM], [EXC_STRENGTH_FROM], [STRENGTH_TO], [EXC_STRENGTH_TO], [LOAD], [MOVEMENT_RATE_1], [MOVEMENT_RATE_2]) VALUES (10, NULL,	11, NULL,	34.5,	3,	 6);
INSERT INTO MODIFIED_MOVEMENT_RATES ([STRENGTH_FROM], [EXC_STRENGTH_FROM], [STRENGTH_TO], [EXC_STRENGTH_TO], [LOAD], [MOVEMENT_RATE_1], [MOVEMENT_RATE_2]) VALUES (10, NULL,	11, NULL,	37,		2,	 5);
INSERT INTO MODIFIED_MOVEMENT_RATES ([STRENGTH_FROM], [EXC_STRENGTH_FROM], [STRENGTH_TO], [EXC_STRENGTH_TO], [LOAD], [MOVEMENT_RATE_1], [MOVEMENT_RATE_2]) VALUES (10, NULL,	11, NULL,	40,		2,	 4);
INSERT INTO MODIFIED_MOVEMENT_RATES ([STRENGTH_FROM], [EXC_STRENGTH_FROM], [STRENGTH_TO], [EXC_STRENGTH_TO], [LOAD], [MOVEMENT_RATE_1], [MOVEMENT_RATE_2]) VALUES (10, NULL,	11, NULL,	42.5,	1,	 3);
INSERT INTO MODIFIED_MOVEMENT_RATES ([STRENGTH_FROM], [EXC_STRENGTH_FROM], [STRENGTH_TO], [EXC_STRENGTH_TO], [LOAD], [MOVEMENT_RATE_1], [MOVEMENT_RATE_2]) VALUES (10, NULL,	11, NULL,	45.5,	1,	 2);
INSERT INTO MODIFIED_MOVEMENT_RATES ([STRENGTH_FROM], [EXC_STRENGTH_FROM], [STRENGTH_TO], [EXC_STRENGTH_TO], [LOAD], [MOVEMENT_RATE_1], [MOVEMENT_RATE_2]) VALUES (10, NULL,	11, NULL,	48,		1,	 1);

INSERT INTO MODIFIED_MOVEMENT_RATES ([STRENGTH_FROM], [EXC_STRENGTH_FROM], [STRENGTH_TO], [EXC_STRENGTH_TO], [LOAD], [MOVEMENT_RATE_1], [MOVEMENT_RATE_2]) VALUES (12, NULL,	13, NULL,	20,		6,	12);
INSERT INTO MODIFIED_MOVEMENT_RATES ([STRENGTH_FROM], [EXC_STRENGTH_FROM], [STRENGTH_TO], [EXC_STRENGTH_TO], [LOAD], [MOVEMENT_RATE_1], [MOVEMENT_RATE_2]) VALUES (12, NULL,	13, NULL,	24,		5,	11);
INSERT INTO MODIFIED_MOVEMENT_RATES ([STRENGTH_FROM], [EXC_STRENGTH_FROM], [STRENGTH_TO], [EXC_STRENGTH_TO], [LOAD], [MOVEMENT_RATE_1], [MOVEMENT_RATE_2]) VALUES (12, NULL,	13, NULL,	27.5,	5,	10);
INSERT INTO MODIFIED_MOVEMENT_RATES ([STRENGTH_FROM], [EXC_STRENGTH_FROM], [STRENGTH_TO], [EXC_STRENGTH_TO], [LOAD], [MOVEMENT_RATE_1], [MOVEMENT_RATE_2]) VALUES (12, NULL,	13, NULL,	31,		4,	 9);
INSERT INTO MODIFIED_MOVEMENT_RATES ([STRENGTH_FROM], [EXC_STRENGTH_FROM], [STRENGTH_TO], [EXC_STRENGTH_TO], [LOAD], [MOVEMENT_RATE_1], [MOVEMENT_RATE_2]) VALUES (12, NULL,	13, NULL,	35,		4,	 8);
INSERT INTO MODIFIED_MOVEMENT_RATES ([STRENGTH_FROM], [EXC_STRENGTH_FROM], [STRENGTH_TO], [EXC_STRENGTH_TO], [LOAD], [MOVEMENT_RATE_1], [MOVEMENT_RATE_2]) VALUES (12, NULL,	13, NULL,	38.5,	3,	 7);
INSERT INTO MODIFIED_MOVEMENT_RATES ([STRENGTH_FROM], [EXC_STRENGTH_FROM], [STRENGTH_TO], [EXC_STRENGTH_TO], [LOAD], [MOVEMENT_RATE_1], [MOVEMENT_RATE_2]) VALUES (12, NULL,	13, NULL,	42,		3,	 6);
INSERT INTO MODIFIED_MOVEMENT_RATES ([STRENGTH_FROM], [EXC_STRENGTH_FROM], [STRENGTH_TO], [EXC_STRENGTH_TO], [LOAD], [MOVEMENT_RATE_1], [MOVEMENT_RATE_2]) VALUES (12, NULL,	13, NULL,	46,		2,	 5);
INSERT INTO MODIFIED_MOVEMENT_RATES ([STRENGTH_FROM], [EXC_STRENGTH_FROM], [STRENGTH_TO], [EXC_STRENGTH_TO], [LOAD], [MOVEMENT_RATE_1], [MOVEMENT_RATE_2]) VALUES (12, NULL,	13, NULL,	49.5,	2,	 4);
INSERT INTO MODIFIED_MOVEMENT_RATES ([STRENGTH_FROM], [EXC_STRENGTH_FROM], [STRENGTH_TO], [EXC_STRENGTH_TO], [LOAD], [MOVEMENT_RATE_1], [MOVEMENT_RATE_2]) VALUES (12, NULL,	13, NULL,	53,		1,	 3);
INSERT INTO MODIFIED_MOVEMENT_RATES ([STRENGTH_FROM], [EXC_STRENGTH_FROM], [STRENGTH_TO], [EXC_STRENGTH_TO], [LOAD], [MOVEMENT_RATE_1], [MOVEMENT_RATE_2]) VALUES (12, NULL,	13, NULL,	56.5,	1,	 2);
INSERT INTO MODIFIED_MOVEMENT_RATES ([STRENGTH_FROM], [EXC_STRENGTH_FROM], [STRENGTH_TO], [EXC_STRENGTH_TO], [LOAD], [MOVEMENT_RATE_1], [MOVEMENT_RATE_2]) VALUES (12, NULL,	13, NULL,	60,		1,	 1);

INSERT INTO MODIFIED_MOVEMENT_RATES ([STRENGTH_FROM], [EXC_STRENGTH_FROM], [STRENGTH_TO], [EXC_STRENGTH_TO], [LOAD], [MOVEMENT_RATE_1], [MOVEMENT_RATE_2]) VALUES (14, NULL,	15, NULL,	25,		6,	12);
INSERT INTO MODIFIED_MOVEMENT_RATES ([STRENGTH_FROM], [EXC_STRENGTH_FROM], [STRENGTH_TO], [EXC_STRENGTH_TO], [LOAD], [MOVEMENT_RATE_1], [MOVEMENT_RATE_2]) VALUES (14, NULL,	15, NULL,	29.5,	5,	11);
INSERT INTO MODIFIED_MOVEMENT_RATES ([STRENGTH_FROM], [EXC_STRENGTH_FROM], [STRENGTH_TO], [EXC_STRENGTH_TO], [LOAD], [MOVEMENT_RATE_1], [MOVEMENT_RATE_2]) VALUES (14, NULL,	15, NULL,	34,		5,	10);
INSERT INTO MODIFIED_MOVEMENT_RATES ([STRENGTH_FROM], [EXC_STRENGTH_FROM], [STRENGTH_TO], [EXC_STRENGTH_TO], [LOAD], [MOVEMENT_RATE_1], [MOVEMENT_RATE_2]) VALUES (14, NULL,	15, NULL,	38.5,	4,	 9);
INSERT INTO MODIFIED_MOVEMENT_RATES ([STRENGTH_FROM], [EXC_STRENGTH_FROM], [STRENGTH_TO], [EXC_STRENGTH_TO], [LOAD], [MOVEMENT_RATE_1], [MOVEMENT_RATE_2]) VALUES (14, NULL,	15, NULL,	43,		4,	 8);
INSERT INTO MODIFIED_MOVEMENT_RATES ([STRENGTH_FROM], [EXC_STRENGTH_FROM], [STRENGTH_TO], [EXC_STRENGTH_TO], [LOAD], [MOVEMENT_RATE_1], [MOVEMENT_RATE_2]) VALUES (14, NULL,	15, NULL,	47.5,	3,	 7);
INSERT INTO MODIFIED_MOVEMENT_RATES ([STRENGTH_FROM], [EXC_STRENGTH_FROM], [STRENGTH_TO], [EXC_STRENGTH_TO], [LOAD], [MOVEMENT_RATE_1], [MOVEMENT_RATE_2]) VALUES (14, NULL,	15, NULL,	52,		3,	 6);
INSERT INTO MODIFIED_MOVEMENT_RATES ([STRENGTH_FROM], [EXC_STRENGTH_FROM], [STRENGTH_TO], [EXC_STRENGTH_TO], [LOAD], [MOVEMENT_RATE_1], [MOVEMENT_RATE_2]) VALUES (14, NULL,	15, NULL,	56.5,	2,	 5);
INSERT INTO MODIFIED_MOVEMENT_RATES ([STRENGTH_FROM], [EXC_STRENGTH_FROM], [STRENGTH_TO], [EXC_STRENGTH_TO], [LOAD], [MOVEMENT_RATE_1], [MOVEMENT_RATE_2]) VALUES (14, NULL,	15, NULL,	61,		2,	 4);
INSERT INTO MODIFIED_MOVEMENT_RATES ([STRENGTH_FROM], [EXC_STRENGTH_FROM], [STRENGTH_TO], [EXC_STRENGTH_TO], [LOAD], [MOVEMENT_RATE_1], [MOVEMENT_RATE_2]) VALUES (14, NULL,	15, NULL,	65.5,	1,	 3);
INSERT INTO MODIFIED_MOVEMENT_RATES ([STRENGTH_FROM], [EXC_STRENGTH_FROM], [STRENGTH_TO], [EXC_STRENGTH_TO], [LOAD], [MOVEMENT_RATE_1], [MOVEMENT_RATE_2]) VALUES (14, NULL,	15, NULL,	70.5,	1,	 2);
INSERT INTO MODIFIED_MOVEMENT_RATES ([STRENGTH_FROM], [EXC_STRENGTH_FROM], [STRENGTH_TO], [EXC_STRENGTH_TO], [LOAD], [MOVEMENT_RATE_1], [MOVEMENT_RATE_2]) VALUES (14, NULL,	15, NULL,	75,		1,	 1);

INSERT INTO MODIFIED_MOVEMENT_RATES ([STRENGTH_FROM], [EXC_STRENGTH_FROM], [STRENGTH_TO], [EXC_STRENGTH_TO], [LOAD], [MOVEMENT_RATE_1], [MOVEMENT_RATE_2]) VALUES (16, NULL,	16, NULL,	32,		6,	12);
INSERT INTO MODIFIED_MOVEMENT_RATES ([STRENGTH_FROM], [EXC_STRENGTH_FROM], [STRENGTH_TO], [EXC_STRENGTH_TO], [LOAD], [MOVEMENT_RATE_1], [MOVEMENT_RATE_2]) VALUES (16, NULL,	16, NULL,	36,		5,	11);
INSERT INTO MODIFIED_MOVEMENT_RATES ([STRENGTH_FROM], [EXC_STRENGTH_FROM], [STRENGTH_TO], [EXC_STRENGTH_TO], [LOAD], [MOVEMENT_RATE_1], [MOVEMENT_RATE_2]) VALUES (16, NULL,	16, NULL,	41,		5,	10);
INSERT INTO MODIFIED_MOVEMENT_RATES ([STRENGTH_FROM], [EXC_STRENGTH_FROM], [STRENGTH_TO], [EXC_STRENGTH_TO], [LOAD], [MOVEMENT_RATE_1], [MOVEMENT_RATE_2]) VALUES (16, NULL,	16, NULL,	45.5,	4,	 9);
INSERT INTO MODIFIED_MOVEMENT_RATES ([STRENGTH_FROM], [EXC_STRENGTH_FROM], [STRENGTH_TO], [EXC_STRENGTH_TO], [LOAD], [MOVEMENT_RATE_1], [MOVEMENT_RATE_2]) VALUES (16, NULL,	16, NULL,	50,		4,	 8);
INSERT INTO MODIFIED_MOVEMENT_RATES ([STRENGTH_FROM], [EXC_STRENGTH_FROM], [STRENGTH_TO], [EXC_STRENGTH_TO], [LOAD], [MOVEMENT_RATE_1], [MOVEMENT_RATE_2]) VALUES (16, NULL,	16, NULL,	54.5,	3,	 7);
INSERT INTO MODIFIED_MOVEMENT_RATES ([STRENGTH_FROM], [EXC_STRENGTH_FROM], [STRENGTH_TO], [EXC_STRENGTH_TO], [LOAD], [MOVEMENT_RATE_1], [MOVEMENT_RATE_2]) VALUES (16, NULL,	16, NULL,	59,		3,	 6);
INSERT INTO MODIFIED_MOVEMENT_RATES ([STRENGTH_FROM], [EXC_STRENGTH_FROM], [STRENGTH_TO], [EXC_STRENGTH_TO], [LOAD], [MOVEMENT_RATE_1], [MOVEMENT_RATE_2]) VALUES (16, NULL,	16, NULL,	63.5,	2,	 5);
INSERT INTO MODIFIED_MOVEMENT_RATES ([STRENGTH_FROM], [EXC_STRENGTH_FROM], [STRENGTH_TO], [EXC_STRENGTH_TO], [LOAD], [MOVEMENT_RATE_1], [MOVEMENT_RATE_2]) VALUES (16, NULL,	16, NULL,	68,		2,	 4);
INSERT INTO MODIFIED_MOVEMENT_RATES ([STRENGTH_FROM], [EXC_STRENGTH_FROM], [STRENGTH_TO], [EXC_STRENGTH_TO], [LOAD], [MOVEMENT_RATE_1], [MOVEMENT_RATE_2]) VALUES (16, NULL,	16, NULL,	72.5,	1,	 3);
INSERT INTO MODIFIED_MOVEMENT_RATES ([STRENGTH_FROM], [EXC_STRENGTH_FROM], [STRENGTH_TO], [EXC_STRENGTH_TO], [LOAD], [MOVEMENT_RATE_1], [MOVEMENT_RATE_2]) VALUES (16, NULL,	16, NULL,	77,		1,	 2);
INSERT INTO MODIFIED_MOVEMENT_RATES ([STRENGTH_FROM], [EXC_STRENGTH_FROM], [STRENGTH_TO], [EXC_STRENGTH_TO], [LOAD], [MOVEMENT_RATE_1], [MOVEMENT_RATE_2]) VALUES (16, NULL,	16, NULL,	81.5,	1,	 1);

INSERT INTO MODIFIED_MOVEMENT_RATES ([STRENGTH_FROM], [EXC_STRENGTH_FROM], [STRENGTH_TO], [EXC_STRENGTH_TO], [LOAD], [MOVEMENT_RATE_1], [MOVEMENT_RATE_2]) VALUES (17, NULL,	17, NULL,	38.5,	6,	12);
INSERT INTO MODIFIED_MOVEMENT_RATES ([STRENGTH_FROM], [EXC_STRENGTH_FROM], [STRENGTH_TO], [EXC_STRENGTH_TO], [LOAD], [MOVEMENT_RATE_1], [MOVEMENT_RATE_2]) VALUES (17, NULL,	17, NULL,	44,		5,	11);
INSERT INTO MODIFIED_MOVEMENT_RATES ([STRENGTH_FROM], [EXC_STRENGTH_FROM], [STRENGTH_TO], [EXC_STRENGTH_TO], [LOAD], [MOVEMENT_RATE_1], [MOVEMENT_RATE_2]) VALUES (17, NULL,	17, NULL,	49.5,	5,	10);
INSERT INTO MODIFIED_MOVEMENT_RATES ([STRENGTH_FROM], [EXC_STRENGTH_FROM], [STRENGTH_TO], [EXC_STRENGTH_TO], [LOAD], [MOVEMENT_RATE_1], [MOVEMENT_RATE_2]) VALUES (17, NULL,	17, NULL,	55,		4,	 9);
INSERT INTO MODIFIED_MOVEMENT_RATES ([STRENGTH_FROM], [EXC_STRENGTH_FROM], [STRENGTH_TO], [EXC_STRENGTH_TO], [LOAD], [MOVEMENT_RATE_1], [MOVEMENT_RATE_2]) VALUES (17, NULL,	17, NULL,	60,		4,	 8);
INSERT INTO MODIFIED_MOVEMENT_RATES ([STRENGTH_FROM], [EXC_STRENGTH_FROM], [STRENGTH_TO], [EXC_STRENGTH_TO], [LOAD], [MOVEMENT_RATE_1], [MOVEMENT_RATE_2]) VALUES (17, NULL,	17, NULL,	66,		3,	 7);
INSERT INTO MODIFIED_MOVEMENT_RATES ([STRENGTH_FROM], [EXC_STRENGTH_FROM], [STRENGTH_TO], [EXC_STRENGTH_TO], [LOAD], [MOVEMENT_RATE_1], [MOVEMENT_RATE_2]) VALUES (17, NULL,	17, NULL,	71,		3,	 6);
INSERT INTO MODIFIED_MOVEMENT_RATES ([STRENGTH_FROM], [EXC_STRENGTH_FROM], [STRENGTH_TO], [EXC_STRENGTH_TO], [LOAD], [MOVEMENT_RATE_1], [MOVEMENT_RATE_2]) VALUES (17, NULL,	17, NULL,	76.5,	2,	 5);
INSERT INTO MODIFIED_MOVEMENT_RATES ([STRENGTH_FROM], [EXC_STRENGTH_FROM], [STRENGTH_TO], [EXC_STRENGTH_TO], [LOAD], [MOVEMENT_RATE_1], [MOVEMENT_RATE_2]) VALUES (17, NULL,	17, NULL,	82,		2,	 4);
INSERT INTO MODIFIED_MOVEMENT_RATES ([STRENGTH_FROM], [EXC_STRENGTH_FROM], [STRENGTH_TO], [EXC_STRENGTH_TO], [LOAD], [MOVEMENT_RATE_1], [MOVEMENT_RATE_2]) VALUES (17, NULL,	17, NULL,	87.5,	1,	 3);
INSERT INTO MODIFIED_MOVEMENT_RATES ([STRENGTH_FROM], [EXC_STRENGTH_FROM], [STRENGTH_TO], [EXC_STRENGTH_TO], [LOAD], [MOVEMENT_RATE_1], [MOVEMENT_RATE_2]) VALUES (17, NULL,	17, NULL,	93,		1,	 2);
INSERT INTO MODIFIED_MOVEMENT_RATES ([STRENGTH_FROM], [EXC_STRENGTH_FROM], [STRENGTH_TO], [EXC_STRENGTH_TO], [LOAD], [MOVEMENT_RATE_1], [MOVEMENT_RATE_2]) VALUES (17, NULL,	17, NULL,	98.5,	1,	 1);

INSERT INTO MODIFIED_MOVEMENT_RATES ([STRENGTH_FROM], [EXC_STRENGTH_FROM], [STRENGTH_TO], [EXC_STRENGTH_TO], [LOAD], [MOVEMENT_RATE_1], [MOVEMENT_RATE_2]) VALUES (18, NULL,	18, NULL,	50,		6,	12);
INSERT INTO MODIFIED_MOVEMENT_RATES ([STRENGTH_FROM], [EXC_STRENGTH_FROM], [STRENGTH_TO], [EXC_STRENGTH_TO], [LOAD], [MOVEMENT_RATE_1], [MOVEMENT_RATE_2]) VALUES (18, NULL,	18, NULL,	56,		5,	11);
INSERT INTO MODIFIED_MOVEMENT_RATES ([STRENGTH_FROM], [EXC_STRENGTH_FROM], [STRENGTH_TO], [EXC_STRENGTH_TO], [LOAD], [MOVEMENT_RATE_1], [MOVEMENT_RATE_2]) VALUES (18, NULL,	18, NULL,	61.5,	5,	10);
INSERT INTO MODIFIED_MOVEMENT_RATES ([STRENGTH_FROM], [EXC_STRENGTH_FROM], [STRENGTH_TO], [EXC_STRENGTH_TO], [LOAD], [MOVEMENT_RATE_1], [MOVEMENT_RATE_2]) VALUES (18, NULL,	18, NULL,	67.5,	4,	 9);
INSERT INTO MODIFIED_MOVEMENT_RATES ([STRENGTH_FROM], [EXC_STRENGTH_FROM], [STRENGTH_TO], [EXC_STRENGTH_TO], [LOAD], [MOVEMENT_RATE_1], [MOVEMENT_RATE_2]) VALUES (18, NULL,	18, NULL,	73.5,	4,	 8);
INSERT INTO MODIFIED_MOVEMENT_RATES ([STRENGTH_FROM], [EXC_STRENGTH_FROM], [STRENGTH_TO], [EXC_STRENGTH_TO], [LOAD], [MOVEMENT_RATE_1], [MOVEMENT_RATE_2]) VALUES (18, NULL,	18, NULL,	79,		3,	 7);
INSERT INTO MODIFIED_MOVEMENT_RATES ([STRENGTH_FROM], [EXC_STRENGTH_FROM], [STRENGTH_TO], [EXC_STRENGTH_TO], [LOAD], [MOVEMENT_RATE_1], [MOVEMENT_RATE_2]) VALUES (18, NULL,	18, NULL,	85,		3,	 6);
INSERT INTO MODIFIED_MOVEMENT_RATES ([STRENGTH_FROM], [EXC_STRENGTH_FROM], [STRENGTH_TO], [EXC_STRENGTH_TO], [LOAD], [MOVEMENT_RATE_1], [MOVEMENT_RATE_2]) VALUES (18, NULL,	18, NULL,	91,		2,	 5);
INSERT INTO MODIFIED_MOVEMENT_RATES ([STRENGTH_FROM], [EXC_STRENGTH_FROM], [STRENGTH_TO], [EXC_STRENGTH_TO], [LOAD], [MOVEMENT_RATE_1], [MOVEMENT_RATE_2]) VALUES (18, NULL,	18, NULL,	97,		2,	 4);
INSERT INTO MODIFIED_MOVEMENT_RATES ([STRENGTH_FROM], [EXC_STRENGTH_FROM], [STRENGTH_TO], [EXC_STRENGTH_TO], [LOAD], [MOVEMENT_RATE_1], [MOVEMENT_RATE_2]) VALUES (18, NULL,	18, NULL,	103,	1,	 3);
INSERT INTO MODIFIED_MOVEMENT_RATES ([STRENGTH_FROM], [EXC_STRENGTH_FROM], [STRENGTH_TO], [EXC_STRENGTH_TO], [LOAD], [MOVEMENT_RATE_1], [MOVEMENT_RATE_2]) VALUES (18, NULL,	18, NULL,	108.5,	1,	 2);
INSERT INTO MODIFIED_MOVEMENT_RATES ([STRENGTH_FROM], [EXC_STRENGTH_FROM], [STRENGTH_TO], [EXC_STRENGTH_TO], [LOAD], [MOVEMENT_RATE_1], [MOVEMENT_RATE_2]) VALUES (18, NULL,	18, NULL,	114.5,	1,	 1);

INSERT INTO MODIFIED_MOVEMENT_RATES ([STRENGTH_FROM], [EXC_STRENGTH_FROM], [STRENGTH_TO], [EXC_STRENGTH_TO], [LOAD], [MOVEMENT_RATE_1], [MOVEMENT_RATE_2]) VALUES (18, 1,		18, 50,		61,		6,	12);
INSERT INTO MODIFIED_MOVEMENT_RATES ([STRENGTH_FROM], [EXC_STRENGTH_FROM], [STRENGTH_TO], [EXC_STRENGTH_TO], [LOAD], [MOVEMENT_RATE_1], [MOVEMENT_RATE_2]) VALUES (18, 1,		18, 50,		67,		5,	11);
INSERT INTO MODIFIED_MOVEMENT_RATES ([STRENGTH_FROM], [EXC_STRENGTH_FROM], [STRENGTH_TO], [EXC_STRENGTH_TO], [LOAD], [MOVEMENT_RATE_1], [MOVEMENT_RATE_2]) VALUES (18, 1,		18, 50,		73,		5,	10);
INSERT INTO MODIFIED_MOVEMENT_RATES ([STRENGTH_FROM], [EXC_STRENGTH_FROM], [STRENGTH_TO], [EXC_STRENGTH_TO], [LOAD], [MOVEMENT_RATE_1], [MOVEMENT_RATE_2]) VALUES (18, 1,		18, 50,		79,		4,	 9);
INSERT INTO MODIFIED_MOVEMENT_RATES ([STRENGTH_FROM], [EXC_STRENGTH_FROM], [STRENGTH_TO], [EXC_STRENGTH_TO], [LOAD], [MOVEMENT_RATE_1], [MOVEMENT_RATE_2]) VALUES (18, 1,		18, 50,		85,		4,	 8);
INSERT INTO MODIFIED_MOVEMENT_RATES ([STRENGTH_FROM], [EXC_STRENGTH_FROM], [STRENGTH_TO], [EXC_STRENGTH_TO], [LOAD], [MOVEMENT_RATE_1], [MOVEMENT_RATE_2]) VALUES (18, 1,		18, 50,		90.5,	3,	 7);
INSERT INTO MODIFIED_MOVEMENT_RATES ([STRENGTH_FROM], [EXC_STRENGTH_FROM], [STRENGTH_TO], [EXC_STRENGTH_TO], [LOAD], [MOVEMENT_RATE_1], [MOVEMENT_RATE_2]) VALUES (18, 1,		18, 50,		96.5,	3,	 6);
INSERT INTO MODIFIED_MOVEMENT_RATES ([STRENGTH_FROM], [EXC_STRENGTH_FROM], [STRENGTH_TO], [EXC_STRENGTH_TO], [LOAD], [MOVEMENT_RATE_1], [MOVEMENT_RATE_2]) VALUES (18, 1,		18, 50,		102.8,	2,	 5);
INSERT INTO MODIFIED_MOVEMENT_RATES ([STRENGTH_FROM], [EXC_STRENGTH_FROM], [STRENGTH_TO], [EXC_STRENGTH_TO], [LOAD], [MOVEMENT_RATE_1], [MOVEMENT_RATE_2]) VALUES (18, 1,		18, 50,		108,	2,	 4);
INSERT INTO MODIFIED_MOVEMENT_RATES ([STRENGTH_FROM], [EXC_STRENGTH_FROM], [STRENGTH_TO], [EXC_STRENGTH_TO], [LOAD], [MOVEMENT_RATE_1], [MOVEMENT_RATE_2]) VALUES (18, 1,		18, 50,		114,	1,	 3);
INSERT INTO MODIFIED_MOVEMENT_RATES ([STRENGTH_FROM], [EXC_STRENGTH_FROM], [STRENGTH_TO], [EXC_STRENGTH_TO], [LOAD], [MOVEMENT_RATE_1], [MOVEMENT_RATE_2]) VALUES (18, 1,		18, 50,		120,	1,	 2);
INSERT INTO MODIFIED_MOVEMENT_RATES ([STRENGTH_FROM], [EXC_STRENGTH_FROM], [STRENGTH_TO], [EXC_STRENGTH_TO], [LOAD], [MOVEMENT_RATE_1], [MOVEMENT_RATE_2]) VALUES (18, 1,		18, 50,		126,	1,	 1);

INSERT INTO MODIFIED_MOVEMENT_RATES ([STRENGTH_FROM], [EXC_STRENGTH_FROM], [STRENGTH_TO], [EXC_STRENGTH_TO], [LOAD], [MOVEMENT_RATE_1], [MOVEMENT_RATE_2]) VALUES (18, 51,		18, 75,		72.5,	6,	12);
INSERT INTO MODIFIED_MOVEMENT_RATES ([STRENGTH_FROM], [EXC_STRENGTH_FROM], [STRENGTH_TO], [EXC_STRENGTH_TO], [LOAD], [MOVEMENT_RATE_1], [MOVEMENT_RATE_2]) VALUES (18, 51,		18, 75,		78.5,	5,	11);
INSERT INTO MODIFIED_MOVEMENT_RATES ([STRENGTH_FROM], [EXC_STRENGTH_FROM], [STRENGTH_TO], [EXC_STRENGTH_TO], [LOAD], [MOVEMENT_RATE_1], [MOVEMENT_RATE_2]) VALUES (18, 51,		18, 75,		84,		5,	10);
INSERT INTO MODIFIED_MOVEMENT_RATES ([STRENGTH_FROM], [EXC_STRENGTH_FROM], [STRENGTH_TO], [EXC_STRENGTH_TO], [LOAD], [MOVEMENT_RATE_1], [MOVEMENT_RATE_2]) VALUES (18, 51,		18, 75,		90,		4,	 9);
INSERT INTO MODIFIED_MOVEMENT_RATES ([STRENGTH_FROM], [EXC_STRENGTH_FROM], [STRENGTH_TO], [EXC_STRENGTH_TO], [LOAD], [MOVEMENT_RATE_1], [MOVEMENT_RATE_2]) VALUES (18, 51,		18, 75,		96,		4,	 8);
INSERT INTO MODIFIED_MOVEMENT_RATES ([STRENGTH_FROM], [EXC_STRENGTH_FROM], [STRENGTH_TO], [EXC_STRENGTH_TO], [LOAD], [MOVEMENT_RATE_1], [MOVEMENT_RATE_2]) VALUES (18, 51,		18, 75,		102,	3,	 7);
INSERT INTO MODIFIED_MOVEMENT_RATES ([STRENGTH_FROM], [EXC_STRENGTH_FROM], [STRENGTH_TO], [EXC_STRENGTH_TO], [LOAD], [MOVEMENT_RATE_1], [MOVEMENT_RATE_2]) VALUES (18, 51,		18, 75,		108,	3,	 6);
INSERT INTO MODIFIED_MOVEMENT_RATES ([STRENGTH_FROM], [EXC_STRENGTH_FROM], [STRENGTH_TO], [EXC_STRENGTH_TO], [LOAD], [MOVEMENT_RATE_1], [MOVEMENT_RATE_2]) VALUES (18, 51,		18, 75,		113.5,	2,	 5);
INSERT INTO MODIFIED_MOVEMENT_RATES ([STRENGTH_FROM], [EXC_STRENGTH_FROM], [STRENGTH_TO], [EXC_STRENGTH_TO], [LOAD], [MOVEMENT_RATE_1], [MOVEMENT_RATE_2]) VALUES (18, 51,		18, 75,		119.5,	2,	 4);
INSERT INTO MODIFIED_MOVEMENT_RATES ([STRENGTH_FROM], [EXC_STRENGTH_FROM], [STRENGTH_TO], [EXC_STRENGTH_TO], [LOAD], [MOVEMENT_RATE_1], [MOVEMENT_RATE_2]) VALUES (18, 51,		18, 75,		125.5,	1,	 3);
INSERT INTO MODIFIED_MOVEMENT_RATES ([STRENGTH_FROM], [EXC_STRENGTH_FROM], [STRENGTH_TO], [EXC_STRENGTH_TO], [LOAD], [MOVEMENT_RATE_1], [MOVEMENT_RATE_2]) VALUES (18, 51,		18, 75,		131,	1,	 2);
INSERT INTO MODIFIED_MOVEMENT_RATES ([STRENGTH_FROM], [EXC_STRENGTH_FROM], [STRENGTH_TO], [EXC_STRENGTH_TO], [LOAD], [MOVEMENT_RATE_1], [MOVEMENT_RATE_2]) VALUES (18, 51,		18, 75,		137.5,	1,	 1);

INSERT INTO MODIFIED_MOVEMENT_RATES ([STRENGTH_FROM], [EXC_STRENGTH_FROM], [STRENGTH_TO], [EXC_STRENGTH_TO], [LOAD], [MOVEMENT_RATE_1], [MOVEMENT_RATE_2]) VALUES (18, 76,		18, 90,		84,		6,	12);
INSERT INTO MODIFIED_MOVEMENT_RATES ([STRENGTH_FROM], [EXC_STRENGTH_FROM], [STRENGTH_TO], [EXC_STRENGTH_TO], [LOAD], [MOVEMENT_RATE_1], [MOVEMENT_RATE_2]) VALUES (18, 76,		18, 90,		90,		5,	11);
INSERT INTO MODIFIED_MOVEMENT_RATES ([STRENGTH_FROM], [EXC_STRENGTH_FROM], [STRENGTH_TO], [EXC_STRENGTH_TO], [LOAD], [MOVEMENT_RATE_1], [MOVEMENT_RATE_2]) VALUES (18, 76,		18, 90,		95.5,	5,	10);
INSERT INTO MODIFIED_MOVEMENT_RATES ([STRENGTH_FROM], [EXC_STRENGTH_FROM], [STRENGTH_TO], [EXC_STRENGTH_TO], [LOAD], [MOVEMENT_RATE_1], [MOVEMENT_RATE_2]) VALUES (18, 76,		18, 90,		101.5,	4,	 9);
INSERT INTO MODIFIED_MOVEMENT_RATES ([STRENGTH_FROM], [EXC_STRENGTH_FROM], [STRENGTH_TO], [EXC_STRENGTH_TO], [LOAD], [MOVEMENT_RATE_1], [MOVEMENT_RATE_2]) VALUES (18, 76,		18, 90,		107.5,	4,	 8);
INSERT INTO MODIFIED_MOVEMENT_RATES ([STRENGTH_FROM], [EXC_STRENGTH_FROM], [STRENGTH_TO], [EXC_STRENGTH_TO], [LOAD], [MOVEMENT_RATE_1], [MOVEMENT_RATE_2]) VALUES (18, 76,		18, 90,		113,	3,	 7);
INSERT INTO MODIFIED_MOVEMENT_RATES ([STRENGTH_FROM], [EXC_STRENGTH_FROM], [STRENGTH_TO], [EXC_STRENGTH_TO], [LOAD], [MOVEMENT_RATE_1], [MOVEMENT_RATE_2]) VALUES (18, 76,		18, 90,		119,	3,	 6);
INSERT INTO MODIFIED_MOVEMENT_RATES ([STRENGTH_FROM], [EXC_STRENGTH_FROM], [STRENGTH_TO], [EXC_STRENGTH_TO], [LOAD], [MOVEMENT_RATE_1], [MOVEMENT_RATE_2]) VALUES (18, 76,		18, 90,		125,	2,	 5);
INSERT INTO MODIFIED_MOVEMENT_RATES ([STRENGTH_FROM], [EXC_STRENGTH_FROM], [STRENGTH_TO], [EXC_STRENGTH_TO], [LOAD], [MOVEMENT_RATE_1], [MOVEMENT_RATE_2]) VALUES (18, 76,		18, 90,		131.5,	2,	 4);
INSERT INTO MODIFIED_MOVEMENT_RATES ([STRENGTH_FROM], [EXC_STRENGTH_FROM], [STRENGTH_TO], [EXC_STRENGTH_TO], [LOAD], [MOVEMENT_RATE_1], [MOVEMENT_RATE_2]) VALUES (18, 76,		18, 90,		137,	1,	 3);
INSERT INTO MODIFIED_MOVEMENT_RATES ([STRENGTH_FROM], [EXC_STRENGTH_FROM], [STRENGTH_TO], [EXC_STRENGTH_TO], [LOAD], [MOVEMENT_RATE_1], [MOVEMENT_RATE_2]) VALUES (18, 76,		18, 90,		142.5,	1,	 2);
INSERT INTO MODIFIED_MOVEMENT_RATES ([STRENGTH_FROM], [EXC_STRENGTH_FROM], [STRENGTH_TO], [EXC_STRENGTH_TO], [LOAD], [MOVEMENT_RATE_1], [MOVEMENT_RATE_2]) VALUES (18, 76,		18, 90,		148.5,	1,	 1);

INSERT INTO MODIFIED_MOVEMENT_RATES ([STRENGTH_FROM], [EXC_STRENGTH_FROM], [STRENGTH_TO], [EXC_STRENGTH_TO], [LOAD], [MOVEMENT_RATE_1], [MOVEMENT_RATE_2]) VALUES (18, 91,		18, 99,		106.5,	6,	12);
INSERT INTO MODIFIED_MOVEMENT_RATES ([STRENGTH_FROM], [EXC_STRENGTH_FROM], [STRENGTH_TO], [EXC_STRENGTH_TO], [LOAD], [MOVEMENT_RATE_1], [MOVEMENT_RATE_2]) VALUES (18, 91,		18, 99,		112.5,	5,	11);
INSERT INTO MODIFIED_MOVEMENT_RATES ([STRENGTH_FROM], [EXC_STRENGTH_FROM], [STRENGTH_TO], [EXC_STRENGTH_TO], [LOAD], [MOVEMENT_RATE_1], [MOVEMENT_RATE_2]) VALUES (18, 91,		18, 99,		118,	5,	10);
INSERT INTO MODIFIED_MOVEMENT_RATES ([STRENGTH_FROM], [EXC_STRENGTH_FROM], [STRENGTH_TO], [EXC_STRENGTH_TO], [LOAD], [MOVEMENT_RATE_1], [MOVEMENT_RATE_2]) VALUES (18, 91,		18, 99,		124,	4,	 9);
INSERT INTO MODIFIED_MOVEMENT_RATES ([STRENGTH_FROM], [EXC_STRENGTH_FROM], [STRENGTH_TO], [EXC_STRENGTH_TO], [LOAD], [MOVEMENT_RATE_1], [MOVEMENT_RATE_2]) VALUES (18, 91,		18, 99,		130,	4,	 8);
INSERT INTO MODIFIED_MOVEMENT_RATES ([STRENGTH_FROM], [EXC_STRENGTH_FROM], [STRENGTH_TO], [EXC_STRENGTH_TO], [LOAD], [MOVEMENT_RATE_1], [MOVEMENT_RATE_2]) VALUES (18, 91,		18, 99,		136,	3,	 7);
INSERT INTO MODIFIED_MOVEMENT_RATES ([STRENGTH_FROM], [EXC_STRENGTH_FROM], [STRENGTH_TO], [EXC_STRENGTH_TO], [LOAD], [MOVEMENT_RATE_1], [MOVEMENT_RATE_2]) VALUES (18, 91,		18, 99,		142,	3,	 6);
INSERT INTO MODIFIED_MOVEMENT_RATES ([STRENGTH_FROM], [EXC_STRENGTH_FROM], [STRENGTH_TO], [EXC_STRENGTH_TO], [LOAD], [MOVEMENT_RATE_1], [MOVEMENT_RATE_2]) VALUES (18, 91,		18, 99,		147.5,	2,	 5);
INSERT INTO MODIFIED_MOVEMENT_RATES ([STRENGTH_FROM], [EXC_STRENGTH_FROM], [STRENGTH_TO], [EXC_STRENGTH_TO], [LOAD], [MOVEMENT_RATE_1], [MOVEMENT_RATE_2]) VALUES (18, 91,		18, 99,		153.5,	2,	 4);
INSERT INTO MODIFIED_MOVEMENT_RATES ([STRENGTH_FROM], [EXC_STRENGTH_FROM], [STRENGTH_TO], [EXC_STRENGTH_TO], [LOAD], [MOVEMENT_RATE_1], [MOVEMENT_RATE_2]) VALUES (18, 91,		18, 99,		159.5,	1,	 3);
INSERT INTO MODIFIED_MOVEMENT_RATES ([STRENGTH_FROM], [EXC_STRENGTH_FROM], [STRENGTH_TO], [EXC_STRENGTH_TO], [LOAD], [MOVEMENT_RATE_1], [MOVEMENT_RATE_2]) VALUES (18, 91,		18, 99,		165.5,	1,	 2);
INSERT INTO MODIFIED_MOVEMENT_RATES ([STRENGTH_FROM], [EXC_STRENGTH_FROM], [STRENGTH_TO], [EXC_STRENGTH_TO], [LOAD], [MOVEMENT_RATE_1], [MOVEMENT_RATE_2]) VALUES (18, 91,		18, 99,		171,	1,	 1);

INSERT INTO MODIFIED_MOVEMENT_RATES ([STRENGTH_FROM], [EXC_STRENGTH_FROM], [STRENGTH_TO], [EXC_STRENGTH_TO], [LOAD], [MOVEMENT_RATE_1], [MOVEMENT_RATE_2]) VALUES (18, 100,		18, 100,	152,	6,	12);
INSERT INTO MODIFIED_MOVEMENT_RATES ([STRENGTH_FROM], [EXC_STRENGTH_FROM], [STRENGTH_TO], [EXC_STRENGTH_TO], [LOAD], [MOVEMENT_RATE_1], [MOVEMENT_RATE_2]) VALUES (18, 100,		18, 100,	158,	5,	11);
INSERT INTO MODIFIED_MOVEMENT_RATES ([STRENGTH_FROM], [EXC_STRENGTH_FROM], [STRENGTH_TO], [EXC_STRENGTH_TO], [LOAD], [MOVEMENT_RATE_1], [MOVEMENT_RATE_2]) VALUES (18, 100,		18, 100,	163.5,	5,	10);
INSERT INTO MODIFIED_MOVEMENT_RATES ([STRENGTH_FROM], [EXC_STRENGTH_FROM], [STRENGTH_TO], [EXC_STRENGTH_TO], [LOAD], [MOVEMENT_RATE_1], [MOVEMENT_RATE_2]) VALUES (18, 100,		18, 100,	169.5,	4,	 9);
INSERT INTO MODIFIED_MOVEMENT_RATES ([STRENGTH_FROM], [EXC_STRENGTH_FROM], [STRENGTH_TO], [EXC_STRENGTH_TO], [LOAD], [MOVEMENT_RATE_1], [MOVEMENT_RATE_2]) VALUES (18, 100,		18, 100,	175.5,	4,	 8);
INSERT INTO MODIFIED_MOVEMENT_RATES ([STRENGTH_FROM], [EXC_STRENGTH_FROM], [STRENGTH_TO], [EXC_STRENGTH_TO], [LOAD], [MOVEMENT_RATE_1], [MOVEMENT_RATE_2]) VALUES (18, 100,		18, 100,	181,	3,	 7);
INSERT INTO MODIFIED_MOVEMENT_RATES ([STRENGTH_FROM], [EXC_STRENGTH_FROM], [STRENGTH_TO], [EXC_STRENGTH_TO], [LOAD], [MOVEMENT_RATE_1], [MOVEMENT_RATE_2]) VALUES (18, 100,		18, 100,	187,	3,	 6);
INSERT INTO MODIFIED_MOVEMENT_RATES ([STRENGTH_FROM], [EXC_STRENGTH_FROM], [STRENGTH_TO], [EXC_STRENGTH_TO], [LOAD], [MOVEMENT_RATE_1], [MOVEMENT_RATE_2]) VALUES (18, 100,		18, 100,	193,	2,	 5);
INSERT INTO MODIFIED_MOVEMENT_RATES ([STRENGTH_FROM], [EXC_STRENGTH_FROM], [STRENGTH_TO], [EXC_STRENGTH_TO], [LOAD], [MOVEMENT_RATE_1], [MOVEMENT_RATE_2]) VALUES (18, 100,		18, 100,	199,	2,	 4);
INSERT INTO MODIFIED_MOVEMENT_RATES ([STRENGTH_FROM], [EXC_STRENGTH_FROM], [STRENGTH_TO], [EXC_STRENGTH_TO], [LOAD], [MOVEMENT_RATE_1], [MOVEMENT_RATE_2]) VALUES (18, 100,		18, 100,	205,	1,	 3);
INSERT INTO MODIFIED_MOVEMENT_RATES ([STRENGTH_FROM], [EXC_STRENGTH_FROM], [STRENGTH_TO], [EXC_STRENGTH_TO], [LOAD], [MOVEMENT_RATE_1], [MOVEMENT_RATE_2]) VALUES (18, 100,		18, 100,	210.5,	1,	 2);
INSERT INTO MODIFIED_MOVEMENT_RATES ([STRENGTH_FROM], [EXC_STRENGTH_FROM], [STRENGTH_TO], [EXC_STRENGTH_TO], [LOAD], [MOVEMENT_RATE_1], [MOVEMENT_RATE_2]) VALUES (18, 100,		18, 100,	216.5,	1,	 1);


INSERT INTO MODIFIED_MOVEMENT_RATES ([STRENGTH_FROM], [EXC_STRENGTH_FROM], [STRENGTH_TO], [EXC_STRENGTH_TO], [LOAD], [MOVEMENT_RATE_1], [MOVEMENT_RATE_2]) VALUES (19, NULL,	19, NULL,	225,	6,	 12);
INSERT INTO MODIFIED_MOVEMENT_RATES ([STRENGTH_FROM], [EXC_STRENGTH_FROM], [STRENGTH_TO], [EXC_STRENGTH_TO], [LOAD], [MOVEMENT_RATE_1], [MOVEMENT_RATE_2]) VALUES (19, NULL,	19, NULL,	231,	5,	 11);
INSERT INTO MODIFIED_MOVEMENT_RATES ([STRENGTH_FROM], [EXC_STRENGTH_FROM], [STRENGTH_TO], [EXC_STRENGTH_TO], [LOAD], [MOVEMENT_RATE_1], [MOVEMENT_RATE_2]) VALUES (19, NULL,	19, NULL,	237,	5,	 10);
INSERT INTO MODIFIED_MOVEMENT_RATES ([STRENGTH_FROM], [EXC_STRENGTH_FROM], [STRENGTH_TO], [EXC_STRENGTH_TO], [LOAD], [MOVEMENT_RATE_1], [MOVEMENT_RATE_2]) VALUES (19, NULL,	19, NULL,	243,	4,	  9);
INSERT INTO MODIFIED_MOVEMENT_RATES ([STRENGTH_FROM], [EXC_STRENGTH_FROM], [STRENGTH_TO], [EXC_STRENGTH_TO], [LOAD], [MOVEMENT_RATE_1], [MOVEMENT_RATE_2]) VALUES (19, NULL,	19, NULL,	248.5,	4,	  8);
INSERT INTO MODIFIED_MOVEMENT_RATES ([STRENGTH_FROM], [EXC_STRENGTH_FROM], [STRENGTH_TO], [EXC_STRENGTH_TO], [LOAD], [MOVEMENT_RATE_1], [MOVEMENT_RATE_2]) VALUES (19, NULL,	19, NULL,	254.5,	3,	  7);
INSERT INTO MODIFIED_MOVEMENT_RATES ([STRENGTH_FROM], [EXC_STRENGTH_FROM], [STRENGTH_TO], [EXC_STRENGTH_TO], [LOAD], [MOVEMENT_RATE_1], [MOVEMENT_RATE_2]) VALUES (19, NULL,	19, NULL,	260.5,	3,	  6);
INSERT INTO MODIFIED_MOVEMENT_RATES ([STRENGTH_FROM], [EXC_STRENGTH_FROM], [STRENGTH_TO], [EXC_STRENGTH_TO], [LOAD], [MOVEMENT_RATE_1], [MOVEMENT_RATE_2]) VALUES (19, NULL,	19, NULL,	266.5,	2,	  5);
INSERT INTO MODIFIED_MOVEMENT_RATES ([STRENGTH_FROM], [EXC_STRENGTH_FROM], [STRENGTH_TO], [EXC_STRENGTH_TO], [LOAD], [MOVEMENT_RATE_1], [MOVEMENT_RATE_2]) VALUES (19, NULL,	19, NULL,	272,	2,	  4);
INSERT INTO MODIFIED_MOVEMENT_RATES ([STRENGTH_FROM], [EXC_STRENGTH_FROM], [STRENGTH_TO], [EXC_STRENGTH_TO], [LOAD], [MOVEMENT_RATE_1], [MOVEMENT_RATE_2]) VALUES (19, NULL,	19, NULL,	278,	1,	  3);
INSERT INTO MODIFIED_MOVEMENT_RATES ([STRENGTH_FROM], [EXC_STRENGTH_FROM], [STRENGTH_TO], [EXC_STRENGTH_TO], [LOAD], [MOVEMENT_RATE_1], [MOVEMENT_RATE_2]) VALUES (19, NULL,	19, NULL,	284,	1,	  2);
INSERT INTO MODIFIED_MOVEMENT_RATES ([STRENGTH_FROM], [EXC_STRENGTH_FROM], [STRENGTH_TO], [EXC_STRENGTH_TO], [LOAD], [MOVEMENT_RATE_1], [MOVEMENT_RATE_2]) VALUES (19, NULL,	19, NULL,	290,	1,	  1);

INSERT INTO MODIFIED_MOVEMENT_RATES ([STRENGTH_FROM], [EXC_STRENGTH_FROM], [STRENGTH_TO], [EXC_STRENGTH_TO], [LOAD], [MOVEMENT_RATE_1], [MOVEMENT_RATE_2]) VALUES (20, NULL,	20, NULL,	248.5,	6,	 12);
INSERT INTO MODIFIED_MOVEMENT_RATES ([STRENGTH_FROM], [EXC_STRENGTH_FROM], [STRENGTH_TO], [EXC_STRENGTH_TO], [LOAD], [MOVEMENT_RATE_1], [MOVEMENT_RATE_2]) VALUES (20, NULL,	20, NULL,	254.5,	5,	 11);
INSERT INTO MODIFIED_MOVEMENT_RATES ([STRENGTH_FROM], [EXC_STRENGTH_FROM], [STRENGTH_TO], [EXC_STRENGTH_TO], [LOAD], [MOVEMENT_RATE_1], [MOVEMENT_RATE_2]) VALUES (20, NULL,	20, NULL,	261,	5,	 10);
INSERT INTO MODIFIED_MOVEMENT_RATES ([STRENGTH_FROM], [EXC_STRENGTH_FROM], [STRENGTH_TO], [EXC_STRENGTH_TO], [LOAD], [MOVEMENT_RATE_1], [MOVEMENT_RATE_2]) VALUES (20, NULL,	20, NULL,	267,	4,	  9);
INSERT INTO MODIFIED_MOVEMENT_RATES ([STRENGTH_FROM], [EXC_STRENGTH_FROM], [STRENGTH_TO], [EXC_STRENGTH_TO], [LOAD], [MOVEMENT_RATE_1], [MOVEMENT_RATE_2]) VALUES (20, NULL,	20, NULL,	273.5,	4,	  8);
INSERT INTO MODIFIED_MOVEMENT_RATES ([STRENGTH_FROM], [EXC_STRENGTH_FROM], [STRENGTH_TO], [EXC_STRENGTH_TO], [LOAD], [MOVEMENT_RATE_1], [MOVEMENT_RATE_2]) VALUES (20, NULL,	20, NULL,	279.5,	3,	  7);
INSERT INTO MODIFIED_MOVEMENT_RATES ([STRENGTH_FROM], [EXC_STRENGTH_FROM], [STRENGTH_TO], [EXC_STRENGTH_TO], [LOAD], [MOVEMENT_RATE_1], [MOVEMENT_RATE_2]) VALUES (20, NULL,	20, NULL,	285.5,	3,	  6);
INSERT INTO MODIFIED_MOVEMENT_RATES ([STRENGTH_FROM], [EXC_STRENGTH_FROM], [STRENGTH_TO], [EXC_STRENGTH_TO], [LOAD], [MOVEMENT_RATE_1], [MOVEMENT_RATE_2]) VALUES (20, NULL,	20, NULL,	292,	2,	  5);
INSERT INTO MODIFIED_MOVEMENT_RATES ([STRENGTH_FROM], [EXC_STRENGTH_FROM], [STRENGTH_TO], [EXC_STRENGTH_TO], [LOAD], [MOVEMENT_RATE_1], [MOVEMENT_RATE_2]) VALUES (20, NULL,	20, NULL,	298,	2,	  4);
INSERT INTO MODIFIED_MOVEMENT_RATES ([STRENGTH_FROM], [EXC_STRENGTH_FROM], [STRENGTH_TO], [EXC_STRENGTH_TO], [LOAD], [MOVEMENT_RATE_1], [MOVEMENT_RATE_2]) VALUES (20, NULL,	20, NULL,	304.5,	1,	  3);
INSERT INTO MODIFIED_MOVEMENT_RATES ([STRENGTH_FROM], [EXC_STRENGTH_FROM], [STRENGTH_TO], [EXC_STRENGTH_TO], [LOAD], [MOVEMENT_RATE_1], [MOVEMENT_RATE_2]) VALUES (20, NULL,	20, NULL,	310.5,	1,	  2);
INSERT INTO MODIFIED_MOVEMENT_RATES ([STRENGTH_FROM], [EXC_STRENGTH_FROM], [STRENGTH_TO], [EXC_STRENGTH_TO], [LOAD], [MOVEMENT_RATE_1], [MOVEMENT_RATE_2]) VALUES (20, NULL,	20, NULL,	317,	1,	  1);

INSERT INTO MODIFIED_MOVEMENT_RATES ([STRENGTH_FROM], [EXC_STRENGTH_FROM], [STRENGTH_TO], [EXC_STRENGTH_TO], [LOAD], [MOVEMENT_RATE_1], [MOVEMENT_RATE_2]) VALUES (21, NULL,	21, NULL,	294,	6,	 12);
INSERT INTO MODIFIED_MOVEMENT_RATES ([STRENGTH_FROM], [EXC_STRENGTH_FROM], [STRENGTH_TO], [EXC_STRENGTH_TO], [LOAD], [MOVEMENT_RATE_1], [MOVEMENT_RATE_2]) VALUES (21, NULL,	21, NULL,	300.5,	5,	 11);
INSERT INTO MODIFIED_MOVEMENT_RATES ([STRENGTH_FROM], [EXC_STRENGTH_FROM], [STRENGTH_TO], [EXC_STRENGTH_TO], [LOAD], [MOVEMENT_RATE_1], [MOVEMENT_RATE_2]) VALUES (21, NULL,	21, NULL,	307,	5,	 10);
INSERT INTO MODIFIED_MOVEMENT_RATES ([STRENGTH_FROM], [EXC_STRENGTH_FROM], [STRENGTH_TO], [EXC_STRENGTH_TO], [LOAD], [MOVEMENT_RATE_1], [MOVEMENT_RATE_2]) VALUES (21, NULL,	21, NULL,	314,	4,	  9);
INSERT INTO MODIFIED_MOVEMENT_RATES ([STRENGTH_FROM], [EXC_STRENGTH_FROM], [STRENGTH_TO], [EXC_STRENGTH_TO], [LOAD], [MOVEMENT_RATE_1], [MOVEMENT_RATE_2]) VALUES (21, NULL,	21, NULL,	320.5,	4,	  8);
INSERT INTO MODIFIED_MOVEMENT_RATES ([STRENGTH_FROM], [EXC_STRENGTH_FROM], [STRENGTH_TO], [EXC_STRENGTH_TO], [LOAD], [MOVEMENT_RATE_1], [MOVEMENT_RATE_2]) VALUES (21, NULL,	21, NULL,	327,	3,	  7);
INSERT INTO MODIFIED_MOVEMENT_RATES ([STRENGTH_FROM], [EXC_STRENGTH_FROM], [STRENGTH_TO], [EXC_STRENGTH_TO], [LOAD], [MOVEMENT_RATE_1], [MOVEMENT_RATE_2]) VALUES (21, NULL,	21, NULL,	333.5,	3,	  6);
INSERT INTO MODIFIED_MOVEMENT_RATES ([STRENGTH_FROM], [EXC_STRENGTH_FROM], [STRENGTH_TO], [EXC_STRENGTH_TO], [LOAD], [MOVEMENT_RATE_1], [MOVEMENT_RATE_2]) VALUES (21, NULL,	21, NULL,	340.5,	2,	  5);
INSERT INTO MODIFIED_MOVEMENT_RATES ([STRENGTH_FROM], [EXC_STRENGTH_FROM], [STRENGTH_TO], [EXC_STRENGTH_TO], [LOAD], [MOVEMENT_RATE_1], [MOVEMENT_RATE_2]) VALUES (21, NULL,	21, NULL,	347,	2,	  4);
INSERT INTO MODIFIED_MOVEMENT_RATES ([STRENGTH_FROM], [EXC_STRENGTH_FROM], [STRENGTH_TO], [EXC_STRENGTH_TO], [LOAD], [MOVEMENT_RATE_1], [MOVEMENT_RATE_2]) VALUES (21, NULL,	21, NULL,	353.5,	1,	  3);
INSERT INTO MODIFIED_MOVEMENT_RATES ([STRENGTH_FROM], [EXC_STRENGTH_FROM], [STRENGTH_TO], [EXC_STRENGTH_TO], [LOAD], [MOVEMENT_RATE_1], [MOVEMENT_RATE_2]) VALUES (21, NULL,	21, NULL,	360,	1,	  2);
INSERT INTO MODIFIED_MOVEMENT_RATES ([STRENGTH_FROM], [EXC_STRENGTH_FROM], [STRENGTH_TO], [EXC_STRENGTH_TO], [LOAD], [MOVEMENT_RATE_1], [MOVEMENT_RATE_2]) VALUES (21, NULL,	21, NULL,	367,	1,	  1);

INSERT INTO MODIFIED_MOVEMENT_RATES ([STRENGTH_FROM], [EXC_STRENGTH_FROM], [STRENGTH_TO], [EXC_STRENGTH_TO], [LOAD], [MOVEMENT_RATE_1], [MOVEMENT_RATE_2]) VALUES (22, NULL,	22, NULL,	362.5,	6,	 12);
INSERT INTO MODIFIED_MOVEMENT_RATES ([STRENGTH_FROM], [EXC_STRENGTH_FROM], [STRENGTH_TO], [EXC_STRENGTH_TO], [LOAD], [MOVEMENT_RATE_1], [MOVEMENT_RATE_2]) VALUES (22, NULL,	22, NULL,	369.5,	5,	 11);
INSERT INTO MODIFIED_MOVEMENT_RATES ([STRENGTH_FROM], [EXC_STRENGTH_FROM], [STRENGTH_TO], [EXC_STRENGTH_TO], [LOAD], [MOVEMENT_RATE_1], [MOVEMENT_RATE_2]) VALUES (22, NULL,	22, NULL,	376.5,	5,	 10);
INSERT INTO MODIFIED_MOVEMENT_RATES ([STRENGTH_FROM], [EXC_STRENGTH_FROM], [STRENGTH_TO], [EXC_STRENGTH_TO], [LOAD], [MOVEMENT_RATE_1], [MOVEMENT_RATE_2]) VALUES (22, NULL,	22, NULL,	383.5,	4,	  9);
INSERT INTO MODIFIED_MOVEMENT_RATES ([STRENGTH_FROM], [EXC_STRENGTH_FROM], [STRENGTH_TO], [EXC_STRENGTH_TO], [LOAD], [MOVEMENT_RATE_1], [MOVEMENT_RATE_2]) VALUES (22, NULL,	22, NULL,	390.5,	4,	  8);
INSERT INTO MODIFIED_MOVEMENT_RATES ([STRENGTH_FROM], [EXC_STRENGTH_FROM], [STRENGTH_TO], [EXC_STRENGTH_TO], [LOAD], [MOVEMENT_RATE_1], [MOVEMENT_RATE_2]) VALUES (22, NULL,	22, NULL,	397.5,	3,	  7);
INSERT INTO MODIFIED_MOVEMENT_RATES ([STRENGTH_FROM], [EXC_STRENGTH_FROM], [STRENGTH_TO], [EXC_STRENGTH_TO], [LOAD], [MOVEMENT_RATE_1], [MOVEMENT_RATE_2]) VALUES (22, NULL,	22, NULL,	404.5,	3,	  6);
INSERT INTO MODIFIED_MOVEMENT_RATES ([STRENGTH_FROM], [EXC_STRENGTH_FROM], [STRENGTH_TO], [EXC_STRENGTH_TO], [LOAD], [MOVEMENT_RATE_1], [MOVEMENT_RATE_2]) VALUES (22, NULL,	22, NULL,	411.5,	2,	  5);
INSERT INTO MODIFIED_MOVEMENT_RATES ([STRENGTH_FROM], [EXC_STRENGTH_FROM], [STRENGTH_TO], [EXC_STRENGTH_TO], [LOAD], [MOVEMENT_RATE_1], [MOVEMENT_RATE_2]) VALUES (22, NULL,	22, NULL,	418.5,	2,	  4);
INSERT INTO MODIFIED_MOVEMENT_RATES ([STRENGTH_FROM], [EXC_STRENGTH_FROM], [STRENGTH_TO], [EXC_STRENGTH_TO], [LOAD], [MOVEMENT_RATE_1], [MOVEMENT_RATE_2]) VALUES (22, NULL,	22, NULL,	425.5,	1,	  3);
INSERT INTO MODIFIED_MOVEMENT_RATES ([STRENGTH_FROM], [EXC_STRENGTH_FROM], [STRENGTH_TO], [EXC_STRENGTH_TO], [LOAD], [MOVEMENT_RATE_1], [MOVEMENT_RATE_2]) VALUES (22, NULL,	22, NULL,	432.5,	1,	  2);
INSERT INTO MODIFIED_MOVEMENT_RATES ([STRENGTH_FROM], [EXC_STRENGTH_FROM], [STRENGTH_TO], [EXC_STRENGTH_TO], [LOAD], [MOVEMENT_RATE_1], [MOVEMENT_RATE_2]) VALUES (22, NULL,	22, NULL,	439.5,	1,	  1);

INSERT INTO MODIFIED_MOVEMENT_RATES ([STRENGTH_FROM], [EXC_STRENGTH_FROM], [STRENGTH_TO], [EXC_STRENGTH_TO], [LOAD], [MOVEMENT_RATE_1], [MOVEMENT_RATE_2]) VALUES (23, NULL,	23, NULL,	430.5,	6,	 12);
INSERT INTO MODIFIED_MOVEMENT_RATES ([STRENGTH_FROM], [EXC_STRENGTH_FROM], [STRENGTH_TO], [EXC_STRENGTH_TO], [LOAD], [MOVEMENT_RATE_1], [MOVEMENT_RATE_2]) VALUES (23, NULL,	23, NULL,	438,	5,	 11);
INSERT INTO MODIFIED_MOVEMENT_RATES ([STRENGTH_FROM], [EXC_STRENGTH_FROM], [STRENGTH_TO], [EXC_STRENGTH_TO], [LOAD], [MOVEMENT_RATE_1], [MOVEMENT_RATE_2]) VALUES (23, NULL,	23, NULL,	445.5,	5,	 10);
INSERT INTO MODIFIED_MOVEMENT_RATES ([STRENGTH_FROM], [EXC_STRENGTH_FROM], [STRENGTH_TO], [EXC_STRENGTH_TO], [LOAD], [MOVEMENT_RATE_1], [MOVEMENT_RATE_2]) VALUES (23, NULL,	23, NULL,	453,	4,	  9);
INSERT INTO MODIFIED_MOVEMENT_RATES ([STRENGTH_FROM], [EXC_STRENGTH_FROM], [STRENGTH_TO], [EXC_STRENGTH_TO], [LOAD], [MOVEMENT_RATE_1], [MOVEMENT_RATE_2]) VALUES (23, NULL,	23, NULL,	460,	4,	  8);
INSERT INTO MODIFIED_MOVEMENT_RATES ([STRENGTH_FROM], [EXC_STRENGTH_FROM], [STRENGTH_TO], [EXC_STRENGTH_TO], [LOAD], [MOVEMENT_RATE_1], [MOVEMENT_RATE_2]) VALUES (23, NULL,	23, NULL,	467.5,	3,	  7);
INSERT INTO MODIFIED_MOVEMENT_RATES ([STRENGTH_FROM], [EXC_STRENGTH_FROM], [STRENGTH_TO], [EXC_STRENGTH_TO], [LOAD], [MOVEMENT_RATE_1], [MOVEMENT_RATE_2]) VALUES (23, NULL,	23, NULL,	475,	3,	  6);
INSERT INTO MODIFIED_MOVEMENT_RATES ([STRENGTH_FROM], [EXC_STRENGTH_FROM], [STRENGTH_TO], [EXC_STRENGTH_TO], [LOAD], [MOVEMENT_RATE_1], [MOVEMENT_RATE_2]) VALUES (23, NULL,	23, NULL,	482.5,	2,	  5);
INSERT INTO MODIFIED_MOVEMENT_RATES ([STRENGTH_FROM], [EXC_STRENGTH_FROM], [STRENGTH_TO], [EXC_STRENGTH_TO], [LOAD], [MOVEMENT_RATE_1], [MOVEMENT_RATE_2]) VALUES (23, NULL,	23, NULL,	489.5,	2,	  4);
INSERT INTO MODIFIED_MOVEMENT_RATES ([STRENGTH_FROM], [EXC_STRENGTH_FROM], [STRENGTH_TO], [EXC_STRENGTH_TO], [LOAD], [MOVEMENT_RATE_1], [MOVEMENT_RATE_2]) VALUES (23, NULL,	23, NULL,	497,	1,	  3);
INSERT INTO MODIFIED_MOVEMENT_RATES ([STRENGTH_FROM], [EXC_STRENGTH_FROM], [STRENGTH_TO], [EXC_STRENGTH_TO], [LOAD], [MOVEMENT_RATE_1], [MOVEMENT_RATE_2]) VALUES (23, NULL,	23, NULL,	504.5,	1,	  2);
INSERT INTO MODIFIED_MOVEMENT_RATES ([STRENGTH_FROM], [EXC_STRENGTH_FROM], [STRENGTH_TO], [EXC_STRENGTH_TO], [LOAD], [MOVEMENT_RATE_1], [MOVEMENT_RATE_2]) VALUES (23, NULL,	23, NULL,	512,	1,	  1);

INSERT INTO MODIFIED_MOVEMENT_RATES ([STRENGTH_FROM], [EXC_STRENGTH_FROM], [STRENGTH_TO], [EXC_STRENGTH_TO], [LOAD], [MOVEMENT_RATE_1], [MOVEMENT_RATE_2]) VALUES (24, NULL,	24, NULL,	567,	6,	 12);
INSERT INTO MODIFIED_MOVEMENT_RATES ([STRENGTH_FROM], [EXC_STRENGTH_FROM], [STRENGTH_TO], [EXC_STRENGTH_TO], [LOAD], [MOVEMENT_RATE_1], [MOVEMENT_RATE_2]) VALUES (24, NULL,	24, NULL,	575,	5,	 11);
INSERT INTO MODIFIED_MOVEMENT_RATES ([STRENGTH_FROM], [EXC_STRENGTH_FROM], [STRENGTH_TO], [EXC_STRENGTH_TO], [LOAD], [MOVEMENT_RATE_1], [MOVEMENT_RATE_2]) VALUES (24, NULL,	24, NULL,	582.5,	5,	 10);
INSERT INTO MODIFIED_MOVEMENT_RATES ([STRENGTH_FROM], [EXC_STRENGTH_FROM], [STRENGTH_TO], [EXC_STRENGTH_TO], [LOAD], [MOVEMENT_RATE_1], [MOVEMENT_RATE_2]) VALUES (24, NULL,	24, NULL,	590.5,	4,	  9);
INSERT INTO MODIFIED_MOVEMENT_RATES ([STRENGTH_FROM], [EXC_STRENGTH_FROM], [STRENGTH_TO], [EXC_STRENGTH_TO], [LOAD], [MOVEMENT_RATE_1], [MOVEMENT_RATE_2]) VALUES (24, NULL,	24, NULL,	598,	4,	  8);
INSERT INTO MODIFIED_MOVEMENT_RATES ([STRENGTH_FROM], [EXC_STRENGTH_FROM], [STRENGTH_TO], [EXC_STRENGTH_TO], [LOAD], [MOVEMENT_RATE_1], [MOVEMENT_RATE_2]) VALUES (24, NULL,	24, NULL,	606,	3,	  7);
INSERT INTO MODIFIED_MOVEMENT_RATES ([STRENGTH_FROM], [EXC_STRENGTH_FROM], [STRENGTH_TO], [EXC_STRENGTH_TO], [LOAD], [MOVEMENT_RATE_1], [MOVEMENT_RATE_2]) VALUES (24, NULL,	24, NULL,	613.5,	3,	  6);
INSERT INTO MODIFIED_MOVEMENT_RATES ([STRENGTH_FROM], [EXC_STRENGTH_FROM], [STRENGTH_TO], [EXC_STRENGTH_TO], [LOAD], [MOVEMENT_RATE_1], [MOVEMENT_RATE_2]) VALUES (24, NULL,	24, NULL,	621.5,	2,	  5);
INSERT INTO MODIFIED_MOVEMENT_RATES ([STRENGTH_FROM], [EXC_STRENGTH_FROM], [STRENGTH_TO], [EXC_STRENGTH_TO], [LOAD], [MOVEMENT_RATE_1], [MOVEMENT_RATE_2]) VALUES (24, NULL,	24, NULL,	629,	2,	  4);
INSERT INTO MODIFIED_MOVEMENT_RATES ([STRENGTH_FROM], [EXC_STRENGTH_FROM], [STRENGTH_TO], [EXC_STRENGTH_TO], [LOAD], [MOVEMENT_RATE_1], [MOVEMENT_RATE_2]) VALUES (24, NULL,	24, NULL,	637,	1,	  3);
INSERT INTO MODIFIED_MOVEMENT_RATES ([STRENGTH_FROM], [EXC_STRENGTH_FROM], [STRENGTH_TO], [EXC_STRENGTH_TO], [LOAD], [MOVEMENT_RATE_1], [MOVEMENT_RATE_2]) VALUES (24, NULL,	24, NULL,	644.5,	1,	  2);
INSERT INTO MODIFIED_MOVEMENT_RATES ([STRENGTH_FROM], [EXC_STRENGTH_FROM], [STRENGTH_TO], [EXC_STRENGTH_TO], [LOAD], [MOVEMENT_RATE_1], [MOVEMENT_RATE_2]) VALUES (24, NULL,	24, NULL,	652.5,	1,	  1);

INSERT INTO MODIFIED_MOVEMENT_RATES ([STRENGTH_FROM], [EXC_STRENGTH_FROM], [STRENGTH_TO], [EXC_STRENGTH_TO], [LOAD], [MOVEMENT_RATE_1], [MOVEMENT_RATE_2]) VALUES (25, NULL,	25, NULL,	703.5,	6,	 12);
INSERT INTO MODIFIED_MOVEMENT_RATES ([STRENGTH_FROM], [EXC_STRENGTH_FROM], [STRENGTH_TO], [EXC_STRENGTH_TO], [LOAD], [MOVEMENT_RATE_1], [MOVEMENT_RATE_2]) VALUES (25, NULL,	25, NULL,	711.5,	5,	 11);
INSERT INTO MODIFIED_MOVEMENT_RATES ([STRENGTH_FROM], [EXC_STRENGTH_FROM], [STRENGTH_TO], [EXC_STRENGTH_TO], [LOAD], [MOVEMENT_RATE_1], [MOVEMENT_RATE_2]) VALUES (25, NULL,	25, NULL,	719.5,	5,	 10);
INSERT INTO MODIFIED_MOVEMENT_RATES ([STRENGTH_FROM], [EXC_STRENGTH_FROM], [STRENGTH_TO], [EXC_STRENGTH_TO], [LOAD], [MOVEMENT_RATE_1], [MOVEMENT_RATE_2]) VALUES (25, NULL,	25, NULL,	728,	4,	  9);
INSERT INTO MODIFIED_MOVEMENT_RATES ([STRENGTH_FROM], [EXC_STRENGTH_FROM], [STRENGTH_TO], [EXC_STRENGTH_TO], [LOAD], [MOVEMENT_RATE_1], [MOVEMENT_RATE_2]) VALUES (25, NULL,	25, NULL,	736,	4,	  8);
INSERT INTO MODIFIED_MOVEMENT_RATES ([STRENGTH_FROM], [EXC_STRENGTH_FROM], [STRENGTH_TO], [EXC_STRENGTH_TO], [LOAD], [MOVEMENT_RATE_1], [MOVEMENT_RATE_2]) VALUES (25, NULL,	25, NULL,	744,	3,	  7);
INSERT INTO MODIFIED_MOVEMENT_RATES ([STRENGTH_FROM], [EXC_STRENGTH_FROM], [STRENGTH_TO], [EXC_STRENGTH_TO], [LOAD], [MOVEMENT_RATE_1], [MOVEMENT_RATE_2]) VALUES (25, NULL,	25, NULL,	752,	3,	  6);
INSERT INTO MODIFIED_MOVEMENT_RATES ([STRENGTH_FROM], [EXC_STRENGTH_FROM], [STRENGTH_TO], [EXC_STRENGTH_TO], [LOAD], [MOVEMENT_RATE_1], [MOVEMENT_RATE_2]) VALUES (25, NULL,	25, NULL,	760.5,	2,	  5);
INSERT INTO MODIFIED_MOVEMENT_RATES ([STRENGTH_FROM], [EXC_STRENGTH_FROM], [STRENGTH_TO], [EXC_STRENGTH_TO], [LOAD], [MOVEMENT_RATE_1], [MOVEMENT_RATE_2]) VALUES (25, NULL,	25, NULL,	768.5,	2,	  4);
INSERT INTO MODIFIED_MOVEMENT_RATES ([STRENGTH_FROM], [EXC_STRENGTH_FROM], [STRENGTH_TO], [EXC_STRENGTH_TO], [LOAD], [MOVEMENT_RATE_1], [MOVEMENT_RATE_2]) VALUES (25, NULL,	25, NULL,	776.5,	1,	  3);
INSERT INTO MODIFIED_MOVEMENT_RATES ([STRENGTH_FROM], [EXC_STRENGTH_FROM], [STRENGTH_TO], [EXC_STRENGTH_TO], [LOAD], [MOVEMENT_RATE_1], [MOVEMENT_RATE_2]) VALUES (25, NULL,	25, NULL,	784.5,	1,	  2);
INSERT INTO MODIFIED_MOVEMENT_RATES ([STRENGTH_FROM], [EXC_STRENGTH_FROM], [STRENGTH_TO], [EXC_STRENGTH_TO], [LOAD], [MOVEMENT_RATE_1], [MOVEMENT_RATE_2]) VALUES (25, NULL,	25, NULL,	793,	1,	  1);

COMMIT TRANSACTION;

-----------------------------------------------------------------------------------------------------------

BEGIN TRANSACTION;

--Warrior - armours
INSERT INTO ITEM_CAPABILITIES_PER_CHARACTER_CLASS ([CLASS_TYPE_ID], [CLASS_ID], [EQUIPMENT_ID]) VALUES (1, NULL, 8000);		--banded_mail
INSERT INTO ITEM_CAPABILITIES_PER_CHARACTER_CLASS ([CLASS_TYPE_ID], [CLASS_ID], [EQUIPMENT_ID]) VALUES (1, NULL, 8001);		--brigandine
INSERT INTO ITEM_CAPABILITIES_PER_CHARACTER_CLASS ([CLASS_TYPE_ID], [CLASS_ID], [EQUIPMENT_ID]) VALUES (1, NULL, 8002);		--bronze_plate_mail
INSERT INTO ITEM_CAPABILITIES_PER_CHARACTER_CLASS ([CLASS_TYPE_ID], [CLASS_ID], [EQUIPMENT_ID]) VALUES (1, NULL, 8003);		--chain_mail
INSERT INTO ITEM_CAPABILITIES_PER_CHARACTER_CLASS ([CLASS_TYPE_ID], [CLASS_ID], [EQUIPMENT_ID]) VALUES (1, NULL, 8004);		--field_plate
INSERT INTO ITEM_CAPABILITIES_PER_CHARACTER_CLASS ([CLASS_TYPE_ID], [CLASS_ID], [EQUIPMENT_ID]) VALUES (1, NULL, 8005);		--full_plate
INSERT INTO ITEM_CAPABILITIES_PER_CHARACTER_CLASS ([CLASS_TYPE_ID], [CLASS_ID], [EQUIPMENT_ID]) VALUES (1, NULL, 8006);		--great_helm
INSERT INTO ITEM_CAPABILITIES_PER_CHARACTER_CLASS ([CLASS_TYPE_ID], [CLASS_ID], [EQUIPMENT_ID]) VALUES (1, NULL, 8007);		--basinet
INSERT INTO ITEM_CAPABILITIES_PER_CHARACTER_CLASS ([CLASS_TYPE_ID], [CLASS_ID], [EQUIPMENT_ID]) VALUES (1, NULL, 8008);		--hide
INSERT INTO ITEM_CAPABILITIES_PER_CHARACTER_CLASS ([CLASS_TYPE_ID], [CLASS_ID], [EQUIPMENT_ID]) VALUES (1, NULL, 8009);		--leather
INSERT INTO ITEM_CAPABILITIES_PER_CHARACTER_CLASS ([CLASS_TYPE_ID], [CLASS_ID], [EQUIPMENT_ID]) VALUES (1, NULL, 8010);		--padded
INSERT INTO ITEM_CAPABILITIES_PER_CHARACTER_CLASS ([CLASS_TYPE_ID], [CLASS_ID], [EQUIPMENT_ID]) VALUES (1, NULL, 8011);		--plate_mail
INSERT INTO ITEM_CAPABILITIES_PER_CHARACTER_CLASS ([CLASS_TYPE_ID], [CLASS_ID], [EQUIPMENT_ID]) VALUES (1, NULL, 8012);		--ring_mail
INSERT INTO ITEM_CAPABILITIES_PER_CHARACTER_CLASS ([CLASS_TYPE_ID], [CLASS_ID], [EQUIPMENT_ID]) VALUES (1, NULL, 8013);		--scale_mail
INSERT INTO ITEM_CAPABILITIES_PER_CHARACTER_CLASS ([CLASS_TYPE_ID], [CLASS_ID], [EQUIPMENT_ID]) VALUES (1, NULL, 8014);		--body_shield
INSERT INTO ITEM_CAPABILITIES_PER_CHARACTER_CLASS ([CLASS_TYPE_ID], [CLASS_ID], [EQUIPMENT_ID]) VALUES (1, NULL, 8015);		--buckler
INSERT INTO ITEM_CAPABILITIES_PER_CHARACTER_CLASS ([CLASS_TYPE_ID], [CLASS_ID], [EQUIPMENT_ID]) VALUES (1, NULL, 8016);		--medium_shield
INSERT INTO ITEM_CAPABILITIES_PER_CHARACTER_CLASS ([CLASS_TYPE_ID], [CLASS_ID], [EQUIPMENT_ID]) VALUES (1, NULL, 8017);		--small_shield
INSERT INTO ITEM_CAPABILITIES_PER_CHARACTER_CLASS ([CLASS_TYPE_ID], [CLASS_ID], [EQUIPMENT_ID]) VALUES (1, NULL, 8018);		--splint_mail
INSERT INTO ITEM_CAPABILITIES_PER_CHARACTER_CLASS ([CLASS_TYPE_ID], [CLASS_ID], [EQUIPMENT_ID]) VALUES (1, NULL, 8019);		--studded_leather
INSERT INTO ITEM_CAPABILITIES_PER_CHARACTER_CLASS ([CLASS_TYPE_ID], [CLASS_ID], [EQUIPMENT_ID]) VALUES (1, NULL, 8020);		--elven_chain_mail

--Warrior - weapons
INSERT INTO ITEM_CAPABILITIES_PER_CHARACTER_CLASS ([CLASS_TYPE_ID], [CLASS_ID], [EQUIPMENT_ID]) VALUES (1, NULL, 9000);		 --arquebus
INSERT INTO ITEM_CAPABILITIES_PER_CHARACTER_CLASS ([CLASS_TYPE_ID], [CLASS_ID], [EQUIPMENT_ID]) VALUES (1, NULL, 9001);		 --battle_axe
INSERT INTO ITEM_CAPABILITIES_PER_CHARACTER_CLASS ([CLASS_TYPE_ID], [CLASS_ID], [EQUIPMENT_ID]) VALUES (1, NULL, 9002);		 --blowgun
INSERT INTO ITEM_CAPABILITIES_PER_CHARACTER_CLASS ([CLASS_TYPE_ID], [CLASS_ID], [EQUIPMENT_ID]) VALUES (1, NULL, 9003);		 --composite_long_bow
INSERT INTO ITEM_CAPABILITIES_PER_CHARACTER_CLASS ([CLASS_TYPE_ID], [CLASS_ID], [EQUIPMENT_ID]) VALUES (1, NULL, 9004);		 --composite_short_bow
INSERT INTO ITEM_CAPABILITIES_PER_CHARACTER_CLASS ([CLASS_TYPE_ID], [CLASS_ID], [EQUIPMENT_ID]) VALUES (1, NULL, 9005);		 --long_bow
INSERT INTO ITEM_CAPABILITIES_PER_CHARACTER_CLASS ([CLASS_TYPE_ID], [CLASS_ID], [EQUIPMENT_ID]) VALUES (1, NULL, 9006);		 --short_bow
INSERT INTO ITEM_CAPABILITIES_PER_CHARACTER_CLASS ([CLASS_TYPE_ID], [CLASS_ID], [EQUIPMENT_ID]) VALUES (1, NULL, 9007);		 --club
INSERT INTO ITEM_CAPABILITIES_PER_CHARACTER_CLASS ([CLASS_TYPE_ID], [CLASS_ID], [EQUIPMENT_ID]) VALUES (1, NULL, 9008);		 --hand_crossbow
INSERT INTO ITEM_CAPABILITIES_PER_CHARACTER_CLASS ([CLASS_TYPE_ID], [CLASS_ID], [EQUIPMENT_ID]) VALUES (1, NULL, 9009);		 --heavy_crossbow
INSERT INTO ITEM_CAPABILITIES_PER_CHARACTER_CLASS ([CLASS_TYPE_ID], [CLASS_ID], [EQUIPMENT_ID]) VALUES (1, NULL, 9010);		 --light_crossbow
INSERT INTO ITEM_CAPABILITIES_PER_CHARACTER_CLASS ([CLASS_TYPE_ID], [CLASS_ID], [EQUIPMENT_ID]) VALUES (1, NULL, 9011);		 --dagger
INSERT INTO ITEM_CAPABILITIES_PER_CHARACTER_CLASS ([CLASS_TYPE_ID], [CLASS_ID], [EQUIPMENT_ID]) VALUES (1, NULL, 9012);		 --dirk
INSERT INTO ITEM_CAPABILITIES_PER_CHARACTER_CLASS ([CLASS_TYPE_ID], [CLASS_ID], [EQUIPMENT_ID]) VALUES (1, NULL, 9013);		 --dart
INSERT INTO ITEM_CAPABILITIES_PER_CHARACTER_CLASS ([CLASS_TYPE_ID], [CLASS_ID], [EQUIPMENT_ID]) VALUES (1, NULL, 9014);		 --footmans_flail
INSERT INTO ITEM_CAPABILITIES_PER_CHARACTER_CLASS ([CLASS_TYPE_ID], [CLASS_ID], [EQUIPMENT_ID]) VALUES (1, NULL, 9015);		 --footmans_mace
INSERT INTO ITEM_CAPABILITIES_PER_CHARACTER_CLASS ([CLASS_TYPE_ID], [CLASS_ID], [EQUIPMENT_ID]) VALUES (1, NULL, 9016);		 --footmans_pick
INSERT INTO ITEM_CAPABILITIES_PER_CHARACTER_CLASS ([CLASS_TYPE_ID], [CLASS_ID], [EQUIPMENT_ID]) VALUES (1, NULL, 9017);		 --hand_axe
INSERT INTO ITEM_CAPABILITIES_PER_CHARACTER_CLASS ([CLASS_TYPE_ID], [CLASS_ID], [EQUIPMENT_ID]) VALUES (1, NULL, 9018);		 --throwing_axe
INSERT INTO ITEM_CAPABILITIES_PER_CHARACTER_CLASS ([CLASS_TYPE_ID], [CLASS_ID], [EQUIPMENT_ID]) VALUES (1, NULL, 9019);		 --harpoon
INSERT INTO ITEM_CAPABILITIES_PER_CHARACTER_CLASS ([CLASS_TYPE_ID], [CLASS_ID], [EQUIPMENT_ID]) VALUES (1, NULL, 9020);		 --horsemans_flail
INSERT INTO ITEM_CAPABILITIES_PER_CHARACTER_CLASS ([CLASS_TYPE_ID], [CLASS_ID], [EQUIPMENT_ID]) VALUES (1, NULL, 9021);		 --horsemans_mace
INSERT INTO ITEM_CAPABILITIES_PER_CHARACTER_CLASS ([CLASS_TYPE_ID], [CLASS_ID], [EQUIPMENT_ID]) VALUES (1, NULL, 9022);		 --horsemans_pick
INSERT INTO ITEM_CAPABILITIES_PER_CHARACTER_CLASS ([CLASS_TYPE_ID], [CLASS_ID], [EQUIPMENT_ID]) VALUES (1, NULL, 9023);		 --javelin
INSERT INTO ITEM_CAPABILITIES_PER_CHARACTER_CLASS ([CLASS_TYPE_ID], [CLASS_ID], [EQUIPMENT_ID]) VALUES (1, NULL, 9024);		 --knife
INSERT INTO ITEM_CAPABILITIES_PER_CHARACTER_CLASS ([CLASS_TYPE_ID], [CLASS_ID], [EQUIPMENT_ID]) VALUES (1, NULL, 9025);		 --heavy_horse_lance
INSERT INTO ITEM_CAPABILITIES_PER_CHARACTER_CLASS ([CLASS_TYPE_ID], [CLASS_ID], [EQUIPMENT_ID]) VALUES (1, NULL, 9026);		 --light_horse_lance
INSERT INTO ITEM_CAPABILITIES_PER_CHARACTER_CLASS ([CLASS_TYPE_ID], [CLASS_ID], [EQUIPMENT_ID]) VALUES (1, NULL, 9027);		 --jousting_lance
INSERT INTO ITEM_CAPABILITIES_PER_CHARACTER_CLASS ([CLASS_TYPE_ID], [CLASS_ID], [EQUIPMENT_ID]) VALUES (1, NULL, 9028);		 --medium_horse_lance
INSERT INTO ITEM_CAPABILITIES_PER_CHARACTER_CLASS ([CLASS_TYPE_ID], [CLASS_ID], [EQUIPMENT_ID]) VALUES (1, NULL, 9029);		 --mancatcher
INSERT INTO ITEM_CAPABILITIES_PER_CHARACTER_CLASS ([CLASS_TYPE_ID], [CLASS_ID], [EQUIPMENT_ID]) VALUES (1, NULL, 9030);		 --morning_star
INSERT INTO ITEM_CAPABILITIES_PER_CHARACTER_CLASS ([CLASS_TYPE_ID], [CLASS_ID], [EQUIPMENT_ID]) VALUES (1, NULL, 9031);		 --awl_pike
INSERT INTO ITEM_CAPABILITIES_PER_CHARACTER_CLASS ([CLASS_TYPE_ID], [CLASS_ID], [EQUIPMENT_ID]) VALUES (1, NULL, 9032);		 --bardiche
INSERT INTO ITEM_CAPABILITIES_PER_CHARACTER_CLASS ([CLASS_TYPE_ID], [CLASS_ID], [EQUIPMENT_ID]) VALUES (1, NULL, 9033);		 --bec_de_corbin
INSERT INTO ITEM_CAPABILITIES_PER_CHARACTER_CLASS ([CLASS_TYPE_ID], [CLASS_ID], [EQUIPMENT_ID]) VALUES (1, NULL, 9034);		 --bill_guisarme
INSERT INTO ITEM_CAPABILITIES_PER_CHARACTER_CLASS ([CLASS_TYPE_ID], [CLASS_ID], [EQUIPMENT_ID]) VALUES (1, NULL, 9035);		 --fauchard
INSERT INTO ITEM_CAPABILITIES_PER_CHARACTER_CLASS ([CLASS_TYPE_ID], [CLASS_ID], [EQUIPMENT_ID]) VALUES (1, NULL, 9036);		 --fauchard_fork
INSERT INTO ITEM_CAPABILITIES_PER_CHARACTER_CLASS ([CLASS_TYPE_ID], [CLASS_ID], [EQUIPMENT_ID]) VALUES (1, NULL, 9037);		 --glaive
INSERT INTO ITEM_CAPABILITIES_PER_CHARACTER_CLASS ([CLASS_TYPE_ID], [CLASS_ID], [EQUIPMENT_ID]) VALUES (1, NULL, 9038);		 --glaive_guisarme
INSERT INTO ITEM_CAPABILITIES_PER_CHARACTER_CLASS ([CLASS_TYPE_ID], [CLASS_ID], [EQUIPMENT_ID]) VALUES (1, NULL, 9039);		 --guisarme
INSERT INTO ITEM_CAPABILITIES_PER_CHARACTER_CLASS ([CLASS_TYPE_ID], [CLASS_ID], [EQUIPMENT_ID]) VALUES (1, NULL, 9040);		 --guisarme_voulge
INSERT INTO ITEM_CAPABILITIES_PER_CHARACTER_CLASS ([CLASS_TYPE_ID], [CLASS_ID], [EQUIPMENT_ID]) VALUES (1, NULL, 9041);		 --halberd
INSERT INTO ITEM_CAPABILITIES_PER_CHARACTER_CLASS ([CLASS_TYPE_ID], [CLASS_ID], [EQUIPMENT_ID]) VALUES (1, NULL, 9042);		 --hook_fauchard
INSERT INTO ITEM_CAPABILITIES_PER_CHARACTER_CLASS ([CLASS_TYPE_ID], [CLASS_ID], [EQUIPMENT_ID]) VALUES (1, NULL, 9043);		 --lucern_hammer
INSERT INTO ITEM_CAPABILITIES_PER_CHARACTER_CLASS ([CLASS_TYPE_ID], [CLASS_ID], [EQUIPMENT_ID]) VALUES (1, NULL, 9044);		 --military_fork
INSERT INTO ITEM_CAPABILITIES_PER_CHARACTER_CLASS ([CLASS_TYPE_ID], [CLASS_ID], [EQUIPMENT_ID]) VALUES (1, NULL, 9045);		 --partisan
INSERT INTO ITEM_CAPABILITIES_PER_CHARACTER_CLASS ([CLASS_TYPE_ID], [CLASS_ID], [EQUIPMENT_ID]) VALUES (1, NULL, 9046);		 --ranseur
INSERT INTO ITEM_CAPABILITIES_PER_CHARACTER_CLASS ([CLASS_TYPE_ID], [CLASS_ID], [EQUIPMENT_ID]) VALUES (1, NULL, 9047);		 --spetum
INSERT INTO ITEM_CAPABILITIES_PER_CHARACTER_CLASS ([CLASS_TYPE_ID], [CLASS_ID], [EQUIPMENT_ID]) VALUES (1, NULL, 9048);		 --voulge
INSERT INTO ITEM_CAPABILITIES_PER_CHARACTER_CLASS ([CLASS_TYPE_ID], [CLASS_ID], [EQUIPMENT_ID]) VALUES (1, NULL, 9049);		 --quarterstaff
INSERT INTO ITEM_CAPABILITIES_PER_CHARACTER_CLASS ([CLASS_TYPE_ID], [CLASS_ID], [EQUIPMENT_ID]) VALUES (1, NULL, 9050);		 --scourge
INSERT INTO ITEM_CAPABILITIES_PER_CHARACTER_CLASS ([CLASS_TYPE_ID], [CLASS_ID], [EQUIPMENT_ID]) VALUES (1, NULL, 9051);		 --sickle
INSERT INTO ITEM_CAPABILITIES_PER_CHARACTER_CLASS ([CLASS_TYPE_ID], [CLASS_ID], [EQUIPMENT_ID]) VALUES (1, NULL, 9052);		 --sling
INSERT INTO ITEM_CAPABILITIES_PER_CHARACTER_CLASS ([CLASS_TYPE_ID], [CLASS_ID], [EQUIPMENT_ID]) VALUES (1, NULL, 9053);		 --spear
INSERT INTO ITEM_CAPABILITIES_PER_CHARACTER_CLASS ([CLASS_TYPE_ID], [CLASS_ID], [EQUIPMENT_ID]) VALUES (1, NULL, 9054);		 --staff_sling
INSERT INTO ITEM_CAPABILITIES_PER_CHARACTER_CLASS ([CLASS_TYPE_ID], [CLASS_ID], [EQUIPMENT_ID]) VALUES (1, NULL, 9055);		 --bastard_sword
INSERT INTO ITEM_CAPABILITIES_PER_CHARACTER_CLASS ([CLASS_TYPE_ID], [CLASS_ID], [EQUIPMENT_ID]) VALUES (1, NULL, 9056);		 --broad_sword
INSERT INTO ITEM_CAPABILITIES_PER_CHARACTER_CLASS ([CLASS_TYPE_ID], [CLASS_ID], [EQUIPMENT_ID]) VALUES (1, NULL, 9057);		 --khopesh
INSERT INTO ITEM_CAPABILITIES_PER_CHARACTER_CLASS ([CLASS_TYPE_ID], [CLASS_ID], [EQUIPMENT_ID]) VALUES (1, NULL, 9058);		 --long_sword
INSERT INTO ITEM_CAPABILITIES_PER_CHARACTER_CLASS ([CLASS_TYPE_ID], [CLASS_ID], [EQUIPMENT_ID]) VALUES (1, NULL, 9059);		 --scimitar
INSERT INTO ITEM_CAPABILITIES_PER_CHARACTER_CLASS ([CLASS_TYPE_ID], [CLASS_ID], [EQUIPMENT_ID]) VALUES (1, NULL, 9060);		 --short_sword
INSERT INTO ITEM_CAPABILITIES_PER_CHARACTER_CLASS ([CLASS_TYPE_ID], [CLASS_ID], [EQUIPMENT_ID]) VALUES (1, NULL, 9061);		 --two_handed_sword
INSERT INTO ITEM_CAPABILITIES_PER_CHARACTER_CLASS ([CLASS_TYPE_ID], [CLASS_ID], [EQUIPMENT_ID]) VALUES (1, NULL, 9062);		 --trident
INSERT INTO ITEM_CAPABILITIES_PER_CHARACTER_CLASS ([CLASS_TYPE_ID], [CLASS_ID], [EQUIPMENT_ID]) VALUES (1, NULL, 9063);		 --warhammer
INSERT INTO ITEM_CAPABILITIES_PER_CHARACTER_CLASS ([CLASS_TYPE_ID], [CLASS_ID], [EQUIPMENT_ID]) VALUES (1, NULL, 9064);		 --whip
																										 
--Warrior - projectiles																					 
INSERT INTO ITEM_CAPABILITIES_PER_CHARACTER_CLASS ([CLASS_TYPE_ID], [CLASS_ID], [EQUIPMENT_ID]) VALUES (1, NULL, 10000);		 --barbed_dart
INSERT INTO ITEM_CAPABILITIES_PER_CHARACTER_CLASS ([CLASS_TYPE_ID], [CLASS_ID], [EQUIPMENT_ID]) VALUES (1, NULL, 10001);		 --needle
INSERT INTO ITEM_CAPABILITIES_PER_CHARACTER_CLASS ([CLASS_TYPE_ID], [CLASS_ID], [EQUIPMENT_ID]) VALUES (1, NULL, 10002);		 --flight_arrow
INSERT INTO ITEM_CAPABILITIES_PER_CHARACTER_CLASS ([CLASS_TYPE_ID], [CLASS_ID], [EQUIPMENT_ID]) VALUES (1, NULL, 10003);		 --sheaf_arrow
INSERT INTO ITEM_CAPABILITIES_PER_CHARACTER_CLASS ([CLASS_TYPE_ID], [CLASS_ID], [EQUIPMENT_ID]) VALUES (1, NULL, 10004);		 --hand_quarrel
INSERT INTO ITEM_CAPABILITIES_PER_CHARACTER_CLASS ([CLASS_TYPE_ID], [CLASS_ID], [EQUIPMENT_ID]) VALUES (1, NULL, 10005);		 --heavy_quarrel
INSERT INTO ITEM_CAPABILITIES_PER_CHARACTER_CLASS ([CLASS_TYPE_ID], [CLASS_ID], [EQUIPMENT_ID]) VALUES (1, NULL, 10006);		 --light_quarrel
INSERT INTO ITEM_CAPABILITIES_PER_CHARACTER_CLASS ([CLASS_TYPE_ID], [CLASS_ID], [EQUIPMENT_ID]) VALUES (1, NULL, 10007);		 --sling_bullet
INSERT INTO ITEM_CAPABILITIES_PER_CHARACTER_CLASS ([CLASS_TYPE_ID], [CLASS_ID], [EQUIPMENT_ID]) VALUES (1, NULL, 10008);		 --sling_stone
INSERT INTO ITEM_CAPABILITIES_PER_CHARACTER_CLASS ([CLASS_TYPE_ID], [CLASS_ID], [EQUIPMENT_ID]) VALUES (1, NULL, 10009);		 --gunpowder


--Wizard - armours

--Wizard - weapons
INSERT INTO ITEM_CAPABILITIES_PER_CHARACTER_CLASS ([CLASS_TYPE_ID], [CLASS_ID], [EQUIPMENT_ID]) VALUES (2, NULL, 9011);		 --dagger
INSERT INTO ITEM_CAPABILITIES_PER_CHARACTER_CLASS ([CLASS_TYPE_ID], [CLASS_ID], [EQUIPMENT_ID]) VALUES (2, NULL, 9012);		 --dirk
INSERT INTO ITEM_CAPABILITIES_PER_CHARACTER_CLASS ([CLASS_TYPE_ID], [CLASS_ID], [EQUIPMENT_ID]) VALUES (2, NULL, 9013);		 --dart
INSERT INTO ITEM_CAPABILITIES_PER_CHARACTER_CLASS ([CLASS_TYPE_ID], [CLASS_ID], [EQUIPMENT_ID]) VALUES (2, NULL, 9024);		 --knife
INSERT INTO ITEM_CAPABILITIES_PER_CHARACTER_CLASS ([CLASS_TYPE_ID], [CLASS_ID], [EQUIPMENT_ID]) VALUES (2, NULL, 9049);		 --quarterstaff
INSERT INTO ITEM_CAPABILITIES_PER_CHARACTER_CLASS ([CLASS_TYPE_ID], [CLASS_ID], [EQUIPMENT_ID]) VALUES (2, NULL, 9052);		 --sling

--Wizard - projectiles
INSERT INTO ITEM_CAPABILITIES_PER_CHARACTER_CLASS ([CLASS_TYPE_ID], [CLASS_ID], [EQUIPMENT_ID]) VALUES (2, NULL, 10007);		 --sling_bullet
INSERT INTO ITEM_CAPABILITIES_PER_CHARACTER_CLASS ([CLASS_TYPE_ID], [CLASS_ID], [EQUIPMENT_ID]) VALUES (2, NULL, 10008);		 --sling_stone

--Cleric - armours
INSERT INTO ITEM_CAPABILITIES_PER_CHARACTER_CLASS ([CLASS_TYPE_ID], [CLASS_ID], [EQUIPMENT_ID]) VALUES (NULL, 4096, 8000);		--banded_mail
INSERT INTO ITEM_CAPABILITIES_PER_CHARACTER_CLASS ([CLASS_TYPE_ID], [CLASS_ID], [EQUIPMENT_ID]) VALUES (NULL, 4096, 8001);		--brigandine
INSERT INTO ITEM_CAPABILITIES_PER_CHARACTER_CLASS ([CLASS_TYPE_ID], [CLASS_ID], [EQUIPMENT_ID]) VALUES (NULL, 4096, 8002);		--bronze_plate_mail
INSERT INTO ITEM_CAPABILITIES_PER_CHARACTER_CLASS ([CLASS_TYPE_ID], [CLASS_ID], [EQUIPMENT_ID]) VALUES (NULL, 4096, 8003);		--chain_mail
INSERT INTO ITEM_CAPABILITIES_PER_CHARACTER_CLASS ([CLASS_TYPE_ID], [CLASS_ID], [EQUIPMENT_ID]) VALUES (NULL, 4096, 8004);		--field_plate
INSERT INTO ITEM_CAPABILITIES_PER_CHARACTER_CLASS ([CLASS_TYPE_ID], [CLASS_ID], [EQUIPMENT_ID]) VALUES (NULL, 4096, 8005);		--full_plate
INSERT INTO ITEM_CAPABILITIES_PER_CHARACTER_CLASS ([CLASS_TYPE_ID], [CLASS_ID], [EQUIPMENT_ID]) VALUES (NULL, 4096, 8006);		--great_helm
INSERT INTO ITEM_CAPABILITIES_PER_CHARACTER_CLASS ([CLASS_TYPE_ID], [CLASS_ID], [EQUIPMENT_ID]) VALUES (NULL, 4096, 8007);		--basinet
INSERT INTO ITEM_CAPABILITIES_PER_CHARACTER_CLASS ([CLASS_TYPE_ID], [CLASS_ID], [EQUIPMENT_ID]) VALUES (NULL, 4096, 8008);		--hide
INSERT INTO ITEM_CAPABILITIES_PER_CHARACTER_CLASS ([CLASS_TYPE_ID], [CLASS_ID], [EQUIPMENT_ID]) VALUES (NULL, 4096, 8009);		--leather
INSERT INTO ITEM_CAPABILITIES_PER_CHARACTER_CLASS ([CLASS_TYPE_ID], [CLASS_ID], [EQUIPMENT_ID]) VALUES (NULL, 4096, 8010);		--padded
INSERT INTO ITEM_CAPABILITIES_PER_CHARACTER_CLASS ([CLASS_TYPE_ID], [CLASS_ID], [EQUIPMENT_ID]) VALUES (NULL, 4096, 8011);		--plate_mail
INSERT INTO ITEM_CAPABILITIES_PER_CHARACTER_CLASS ([CLASS_TYPE_ID], [CLASS_ID], [EQUIPMENT_ID]) VALUES (NULL, 4096, 8012);		--ring_mail
INSERT INTO ITEM_CAPABILITIES_PER_CHARACTER_CLASS ([CLASS_TYPE_ID], [CLASS_ID], [EQUIPMENT_ID]) VALUES (NULL, 4096, 8013);		--scale_mail
INSERT INTO ITEM_CAPABILITIES_PER_CHARACTER_CLASS ([CLASS_TYPE_ID], [CLASS_ID], [EQUIPMENT_ID]) VALUES (NULL, 4096, 8014);		--body_shield
INSERT INTO ITEM_CAPABILITIES_PER_CHARACTER_CLASS ([CLASS_TYPE_ID], [CLASS_ID], [EQUIPMENT_ID]) VALUES (NULL, 4096, 8015);		--buckler
INSERT INTO ITEM_CAPABILITIES_PER_CHARACTER_CLASS ([CLASS_TYPE_ID], [CLASS_ID], [EQUIPMENT_ID]) VALUES (NULL, 4096, 8016);		--medium_shield
INSERT INTO ITEM_CAPABILITIES_PER_CHARACTER_CLASS ([CLASS_TYPE_ID], [CLASS_ID], [EQUIPMENT_ID]) VALUES (NULL, 4096, 8017);		--small_shield
INSERT INTO ITEM_CAPABILITIES_PER_CHARACTER_CLASS ([CLASS_TYPE_ID], [CLASS_ID], [EQUIPMENT_ID]) VALUES (NULL, 4096, 8018);		--splint_mail
INSERT INTO ITEM_CAPABILITIES_PER_CHARACTER_CLASS ([CLASS_TYPE_ID], [CLASS_ID], [EQUIPMENT_ID]) VALUES (NULL, 4096, 8019);		--studded_leather
INSERT INTO ITEM_CAPABILITIES_PER_CHARACTER_CLASS ([CLASS_TYPE_ID], [CLASS_ID], [EQUIPMENT_ID]) VALUES (NULL, 4096, 8020);		--elven_chain_mail

--Druid - armours
INSERT INTO ITEM_CAPABILITIES_PER_CHARACTER_CLASS ([CLASS_TYPE_ID], [CLASS_ID], [EQUIPMENT_ID]) VALUES (NULL, 8192, 8008);		--hide
INSERT INTO ITEM_CAPABILITIES_PER_CHARACTER_CLASS ([CLASS_TYPE_ID], [CLASS_ID], [EQUIPMENT_ID]) VALUES (NULL, 8192, 8009);		--leather
INSERT INTO ITEM_CAPABILITIES_PER_CHARACTER_CLASS ([CLASS_TYPE_ID], [CLASS_ID], [EQUIPMENT_ID]) VALUES (NULL, 8192, 8010);		--padded

--Preist of Specific Mythos - armours
INSERT INTO ITEM_CAPABILITIES_PER_CHARACTER_CLASS ([CLASS_TYPE_ID], [CLASS_ID], [EQUIPMENT_ID]) VALUES (NULL, 16384, 8000);		--banded_mail
INSERT INTO ITEM_CAPABILITIES_PER_CHARACTER_CLASS ([CLASS_TYPE_ID], [CLASS_ID], [EQUIPMENT_ID]) VALUES (NULL, 16384, 8001);		--brigandine
INSERT INTO ITEM_CAPABILITIES_PER_CHARACTER_CLASS ([CLASS_TYPE_ID], [CLASS_ID], [EQUIPMENT_ID]) VALUES (NULL, 16384, 8002);		--bronze_plate_mail
INSERT INTO ITEM_CAPABILITIES_PER_CHARACTER_CLASS ([CLASS_TYPE_ID], [CLASS_ID], [EQUIPMENT_ID]) VALUES (NULL, 16384, 8003);		--chain_mail
INSERT INTO ITEM_CAPABILITIES_PER_CHARACTER_CLASS ([CLASS_TYPE_ID], [CLASS_ID], [EQUIPMENT_ID]) VALUES (NULL, 16384, 8004);		--field_plate
INSERT INTO ITEM_CAPABILITIES_PER_CHARACTER_CLASS ([CLASS_TYPE_ID], [CLASS_ID], [EQUIPMENT_ID]) VALUES (NULL, 16384, 8005);		--full_plate
INSERT INTO ITEM_CAPABILITIES_PER_CHARACTER_CLASS ([CLASS_TYPE_ID], [CLASS_ID], [EQUIPMENT_ID]) VALUES (NULL, 16384, 8006);		--great_helm
INSERT INTO ITEM_CAPABILITIES_PER_CHARACTER_CLASS ([CLASS_TYPE_ID], [CLASS_ID], [EQUIPMENT_ID]) VALUES (NULL, 16384, 8007);		--basinet
INSERT INTO ITEM_CAPABILITIES_PER_CHARACTER_CLASS ([CLASS_TYPE_ID], [CLASS_ID], [EQUIPMENT_ID]) VALUES (NULL, 16384, 8008);		--hide
INSERT INTO ITEM_CAPABILITIES_PER_CHARACTER_CLASS ([CLASS_TYPE_ID], [CLASS_ID], [EQUIPMENT_ID]) VALUES (NULL, 16384, 8009);		--leather
INSERT INTO ITEM_CAPABILITIES_PER_CHARACTER_CLASS ([CLASS_TYPE_ID], [CLASS_ID], [EQUIPMENT_ID]) VALUES (NULL, 16384, 8010);		--padded
INSERT INTO ITEM_CAPABILITIES_PER_CHARACTER_CLASS ([CLASS_TYPE_ID], [CLASS_ID], [EQUIPMENT_ID]) VALUES (NULL, 16384, 8011);		--plate_mail
INSERT INTO ITEM_CAPABILITIES_PER_CHARACTER_CLASS ([CLASS_TYPE_ID], [CLASS_ID], [EQUIPMENT_ID]) VALUES (NULL, 16384, 8012);		--ring_mail
INSERT INTO ITEM_CAPABILITIES_PER_CHARACTER_CLASS ([CLASS_TYPE_ID], [CLASS_ID], [EQUIPMENT_ID]) VALUES (NULL, 16384, 8013);		--scale_mail
INSERT INTO ITEM_CAPABILITIES_PER_CHARACTER_CLASS ([CLASS_TYPE_ID], [CLASS_ID], [EQUIPMENT_ID]) VALUES (NULL, 16384, 8014);		--body_shield
INSERT INTO ITEM_CAPABILITIES_PER_CHARACTER_CLASS ([CLASS_TYPE_ID], [CLASS_ID], [EQUIPMENT_ID]) VALUES (NULL, 16384, 8015);		--buckler
INSERT INTO ITEM_CAPABILITIES_PER_CHARACTER_CLASS ([CLASS_TYPE_ID], [CLASS_ID], [EQUIPMENT_ID]) VALUES (NULL, 16384, 8016);		--medium_shield
INSERT INTO ITEM_CAPABILITIES_PER_CHARACTER_CLASS ([CLASS_TYPE_ID], [CLASS_ID], [EQUIPMENT_ID]) VALUES (NULL, 16384, 8017);		--small_shield
INSERT INTO ITEM_CAPABILITIES_PER_CHARACTER_CLASS ([CLASS_TYPE_ID], [CLASS_ID], [EQUIPMENT_ID]) VALUES (NULL, 16384, 8018);		--splint_mail
INSERT INTO ITEM_CAPABILITIES_PER_CHARACTER_CLASS ([CLASS_TYPE_ID], [CLASS_ID], [EQUIPMENT_ID]) VALUES (NULL, 16384, 8019);		--studded_leather
INSERT INTO ITEM_CAPABILITIES_PER_CHARACTER_CLASS ([CLASS_TYPE_ID], [CLASS_ID], [EQUIPMENT_ID]) VALUES (NULL, 16384, 8020);		--elven_chain_mail

--Cleric - weapons
INSERT INTO ITEM_CAPABILITIES_PER_CHARACTER_CLASS ([CLASS_TYPE_ID], [CLASS_ID], [EQUIPMENT_ID]) VALUES (NULL, 4096, 9007);		 --club
INSERT INTO ITEM_CAPABILITIES_PER_CHARACTER_CLASS ([CLASS_TYPE_ID], [CLASS_ID], [EQUIPMENT_ID]) VALUES (NULL, 4096, 9030);		 --morning_star
INSERT INTO ITEM_CAPABILITIES_PER_CHARACTER_CLASS ([CLASS_TYPE_ID], [CLASS_ID], [EQUIPMENT_ID]) VALUES (NULL, 4096, 9049);		 --quarterstaff
INSERT INTO ITEM_CAPABILITIES_PER_CHARACTER_CLASS ([CLASS_TYPE_ID], [CLASS_ID], [EQUIPMENT_ID]) VALUES (NULL, 4096, 9052);		 --sling
INSERT INTO ITEM_CAPABILITIES_PER_CHARACTER_CLASS ([CLASS_TYPE_ID], [CLASS_ID], [EQUIPMENT_ID]) VALUES (NULL, 4096, 9063);		 --warhammer

--Druid - weapons
INSERT INTO ITEM_CAPABILITIES_PER_CHARACTER_CLASS ([CLASS_TYPE_ID], [CLASS_ID], [EQUIPMENT_ID]) VALUES (NULL, 8192, 9007);		 --club
INSERT INTO ITEM_CAPABILITIES_PER_CHARACTER_CLASS ([CLASS_TYPE_ID], [CLASS_ID], [EQUIPMENT_ID]) VALUES (NULL, 8192, 9011);		 --dagger
INSERT INTO ITEM_CAPABILITIES_PER_CHARACTER_CLASS ([CLASS_TYPE_ID], [CLASS_ID], [EQUIPMENT_ID]) VALUES (NULL, 8192, 9012);		 --dirk
INSERT INTO ITEM_CAPABILITIES_PER_CHARACTER_CLASS ([CLASS_TYPE_ID], [CLASS_ID], [EQUIPMENT_ID]) VALUES (NULL, 8192, 9013);		 --dart
INSERT INTO ITEM_CAPABILITIES_PER_CHARACTER_CLASS ([CLASS_TYPE_ID], [CLASS_ID], [EQUIPMENT_ID]) VALUES (NULL, 8192, 9049);		 --quarterstaff
INSERT INTO ITEM_CAPABILITIES_PER_CHARACTER_CLASS ([CLASS_TYPE_ID], [CLASS_ID], [EQUIPMENT_ID]) VALUES (NULL, 8192, 9051);		 --sickle
INSERT INTO ITEM_CAPABILITIES_PER_CHARACTER_CLASS ([CLASS_TYPE_ID], [CLASS_ID], [EQUIPMENT_ID]) VALUES (NULL, 8192, 9052);		 --sling
INSERT INTO ITEM_CAPABILITIES_PER_CHARACTER_CLASS ([CLASS_TYPE_ID], [CLASS_ID], [EQUIPMENT_ID]) VALUES (NULL, 8192, 9053);		 --spear
INSERT INTO ITEM_CAPABILITIES_PER_CHARACTER_CLASS ([CLASS_TYPE_ID], [CLASS_ID], [EQUIPMENT_ID]) VALUES (NULL, 8192, 9059);		 --scimitar

--Preist of Specific Mythos - weapons
INSERT INTO ITEM_CAPABILITIES_PER_CHARACTER_CLASS ([CLASS_TYPE_ID], [CLASS_ID], [EQUIPMENT_ID]) VALUES (NULL, 16384, 9007);		 --club
INSERT INTO ITEM_CAPABILITIES_PER_CHARACTER_CLASS ([CLASS_TYPE_ID], [CLASS_ID], [EQUIPMENT_ID]) VALUES (NULL, 16384, 9030);		 --morning_star
INSERT INTO ITEM_CAPABILITIES_PER_CHARACTER_CLASS ([CLASS_TYPE_ID], [CLASS_ID], [EQUIPMENT_ID]) VALUES (NULL, 16384, 9049);		 --quarterstaff
INSERT INTO ITEM_CAPABILITIES_PER_CHARACTER_CLASS ([CLASS_TYPE_ID], [CLASS_ID], [EQUIPMENT_ID]) VALUES (NULL, 16384, 9052);		 --sling
INSERT INTO ITEM_CAPABILITIES_PER_CHARACTER_CLASS ([CLASS_TYPE_ID], [CLASS_ID], [EQUIPMENT_ID]) VALUES (NULL, 16384, 9063);		 --warhammer

																										 
--Priest - projectiles
INSERT INTO ITEM_CAPABILITIES_PER_CHARACTER_CLASS ([CLASS_TYPE_ID], [CLASS_ID], [EQUIPMENT_ID]) VALUES (4, NULL, 10007);		 --sling_bullet
INSERT INTO ITEM_CAPABILITIES_PER_CHARACTER_CLASS ([CLASS_TYPE_ID], [CLASS_ID], [EQUIPMENT_ID]) VALUES (4, NULL, 10008);		 --sling_stone


--Thief - armours
INSERT INTO ITEM_CAPABILITIES_PER_CHARACTER_CLASS ([CLASS_TYPE_ID], [CLASS_ID], [EQUIPMENT_ID]) VALUES (NULL, 32768, 8009);		--leather
INSERT INTO ITEM_CAPABILITIES_PER_CHARACTER_CLASS ([CLASS_TYPE_ID], [CLASS_ID], [EQUIPMENT_ID]) VALUES (NULL, 32768, 8010);		--padded
INSERT INTO ITEM_CAPABILITIES_PER_CHARACTER_CLASS ([CLASS_TYPE_ID], [CLASS_ID], [EQUIPMENT_ID]) VALUES (NULL, 32768, 8019);		--studded_leather
INSERT INTO ITEM_CAPABILITIES_PER_CHARACTER_CLASS ([CLASS_TYPE_ID], [CLASS_ID], [EQUIPMENT_ID]) VALUES (NULL, 32768, 8020);		--elven_chain_mail

--Thief - weapons
INSERT INTO ITEM_CAPABILITIES_PER_CHARACTER_CLASS ([CLASS_TYPE_ID], [CLASS_ID], [EQUIPMENT_ID]) VALUES (NULL, 32768, 9006);		 --short_bow
INSERT INTO ITEM_CAPABILITIES_PER_CHARACTER_CLASS ([CLASS_TYPE_ID], [CLASS_ID], [EQUIPMENT_ID]) VALUES (NULL, 32768, 9007);		 --club
INSERT INTO ITEM_CAPABILITIES_PER_CHARACTER_CLASS ([CLASS_TYPE_ID], [CLASS_ID], [EQUIPMENT_ID]) VALUES (NULL, 32768, 9008);		 --hand_crossbow
INSERT INTO ITEM_CAPABILITIES_PER_CHARACTER_CLASS ([CLASS_TYPE_ID], [CLASS_ID], [EQUIPMENT_ID]) VALUES (NULL, 32768, 9011);		 --dagger
INSERT INTO ITEM_CAPABILITIES_PER_CHARACTER_CLASS ([CLASS_TYPE_ID], [CLASS_ID], [EQUIPMENT_ID]) VALUES (NULL, 32768, 9013);		 --dart
INSERT INTO ITEM_CAPABILITIES_PER_CHARACTER_CLASS ([CLASS_TYPE_ID], [CLASS_ID], [EQUIPMENT_ID]) VALUES (NULL, 32768, 9024);		 --knife
INSERT INTO ITEM_CAPABILITIES_PER_CHARACTER_CLASS ([CLASS_TYPE_ID], [CLASS_ID], [EQUIPMENT_ID]) VALUES (NULL, 32768, 9049);		 --quarterstaff
INSERT INTO ITEM_CAPABILITIES_PER_CHARACTER_CLASS ([CLASS_TYPE_ID], [CLASS_ID], [EQUIPMENT_ID]) VALUES (NULL, 32768, 9052);		 --sling
INSERT INTO ITEM_CAPABILITIES_PER_CHARACTER_CLASS ([CLASS_TYPE_ID], [CLASS_ID], [EQUIPMENT_ID]) VALUES (NULL, 32768, 9056);		 --broad_sword
INSERT INTO ITEM_CAPABILITIES_PER_CHARACTER_CLASS ([CLASS_TYPE_ID], [CLASS_ID], [EQUIPMENT_ID]) VALUES (NULL, 32768, 9058);		 --long_sword
INSERT INTO ITEM_CAPABILITIES_PER_CHARACTER_CLASS ([CLASS_TYPE_ID], [CLASS_ID], [EQUIPMENT_ID]) VALUES (NULL, 32768, 9060);		 --short_sword
																										 
--Thief - projectiles																					 
INSERT INTO ITEM_CAPABILITIES_PER_CHARACTER_CLASS ([CLASS_TYPE_ID], [CLASS_ID], [EQUIPMENT_ID]) VALUES (NULL, 32768, 10002);		 --flight_arrow
INSERT INTO ITEM_CAPABILITIES_PER_CHARACTER_CLASS ([CLASS_TYPE_ID], [CLASS_ID], [EQUIPMENT_ID]) VALUES (NULL, 32768, 10003);		 --sheaf_arrow
INSERT INTO ITEM_CAPABILITIES_PER_CHARACTER_CLASS ([CLASS_TYPE_ID], [CLASS_ID], [EQUIPMENT_ID]) VALUES (NULL, 32768, 10004);		 --hand_quarrel
INSERT INTO ITEM_CAPABILITIES_PER_CHARACTER_CLASS ([CLASS_TYPE_ID], [CLASS_ID], [EQUIPMENT_ID]) VALUES (NULL, 32768, 10007);		 --sling_bullet
INSERT INTO ITEM_CAPABILITIES_PER_CHARACTER_CLASS ([CLASS_TYPE_ID], [CLASS_ID], [EQUIPMENT_ID]) VALUES (NULL, 32768, 10008);		 --sling_stone

--Bard - armours
INSERT INTO ITEM_CAPABILITIES_PER_CHARACTER_CLASS ([CLASS_TYPE_ID], [CLASS_ID], [EQUIPMENT_ID]) VALUES (NULL, 65536, 8001);		--brigandine
INSERT INTO ITEM_CAPABILITIES_PER_CHARACTER_CLASS ([CLASS_TYPE_ID], [CLASS_ID], [EQUIPMENT_ID]) VALUES (NULL, 65536, 8003);		--chain_mail
INSERT INTO ITEM_CAPABILITIES_PER_CHARACTER_CLASS ([CLASS_TYPE_ID], [CLASS_ID], [EQUIPMENT_ID]) VALUES (NULL, 65536, 8006);		--great_helm
INSERT INTO ITEM_CAPABILITIES_PER_CHARACTER_CLASS ([CLASS_TYPE_ID], [CLASS_ID], [EQUIPMENT_ID]) VALUES (NULL, 65536, 8007);		--basinet
INSERT INTO ITEM_CAPABILITIES_PER_CHARACTER_CLASS ([CLASS_TYPE_ID], [CLASS_ID], [EQUIPMENT_ID]) VALUES (NULL, 65536, 8008);		--hide
INSERT INTO ITEM_CAPABILITIES_PER_CHARACTER_CLASS ([CLASS_TYPE_ID], [CLASS_ID], [EQUIPMENT_ID]) VALUES (NULL, 65536, 8009);		--leather
INSERT INTO ITEM_CAPABILITIES_PER_CHARACTER_CLASS ([CLASS_TYPE_ID], [CLASS_ID], [EQUIPMENT_ID]) VALUES (NULL, 65536, 8010);		--padded
INSERT INTO ITEM_CAPABILITIES_PER_CHARACTER_CLASS ([CLASS_TYPE_ID], [CLASS_ID], [EQUIPMENT_ID]) VALUES (NULL, 65536, 8012);		--ring_mail
INSERT INTO ITEM_CAPABILITIES_PER_CHARACTER_CLASS ([CLASS_TYPE_ID], [CLASS_ID], [EQUIPMENT_ID]) VALUES (NULL, 65536, 8013);		--scale_mail
INSERT INTO ITEM_CAPABILITIES_PER_CHARACTER_CLASS ([CLASS_TYPE_ID], [CLASS_ID], [EQUIPMENT_ID]) VALUES (NULL, 65536, 8014);		--body_shield
INSERT INTO ITEM_CAPABILITIES_PER_CHARACTER_CLASS ([CLASS_TYPE_ID], [CLASS_ID], [EQUIPMENT_ID]) VALUES (NULL, 65536, 8019);		--studded_leather
INSERT INTO ITEM_CAPABILITIES_PER_CHARACTER_CLASS ([CLASS_TYPE_ID], [CLASS_ID], [EQUIPMENT_ID]) VALUES (NULL, 65536, 8020);		--elven_chain_mail

--Bard - weapons
INSERT INTO ITEM_CAPABILITIES_PER_CHARACTER_CLASS ([CLASS_TYPE_ID], [CLASS_ID], [EQUIPMENT_ID]) VALUES (NULL, 65536, 9000);		 --arquebus
INSERT INTO ITEM_CAPABILITIES_PER_CHARACTER_CLASS ([CLASS_TYPE_ID], [CLASS_ID], [EQUIPMENT_ID]) VALUES (NULL, 65536, 9001);		 --battle_axe
INSERT INTO ITEM_CAPABILITIES_PER_CHARACTER_CLASS ([CLASS_TYPE_ID], [CLASS_ID], [EQUIPMENT_ID]) VALUES (NULL, 65536, 9002);		 --blowgun
INSERT INTO ITEM_CAPABILITIES_PER_CHARACTER_CLASS ([CLASS_TYPE_ID], [CLASS_ID], [EQUIPMENT_ID]) VALUES (NULL, 65536, 9003);		 --composite_long_bow
INSERT INTO ITEM_CAPABILITIES_PER_CHARACTER_CLASS ([CLASS_TYPE_ID], [CLASS_ID], [EQUIPMENT_ID]) VALUES (NULL, 65536, 9004);		 --composite_short_bow
INSERT INTO ITEM_CAPABILITIES_PER_CHARACTER_CLASS ([CLASS_TYPE_ID], [CLASS_ID], [EQUIPMENT_ID]) VALUES (NULL, 65536, 9005);		 --long_bow
INSERT INTO ITEM_CAPABILITIES_PER_CHARACTER_CLASS ([CLASS_TYPE_ID], [CLASS_ID], [EQUIPMENT_ID]) VALUES (NULL, 65536, 9006);		 --short_bow
INSERT INTO ITEM_CAPABILITIES_PER_CHARACTER_CLASS ([CLASS_TYPE_ID], [CLASS_ID], [EQUIPMENT_ID]) VALUES (NULL, 65536, 9007);		 --club
INSERT INTO ITEM_CAPABILITIES_PER_CHARACTER_CLASS ([CLASS_TYPE_ID], [CLASS_ID], [EQUIPMENT_ID]) VALUES (NULL, 65536, 9008);		 --hand_crossbow
INSERT INTO ITEM_CAPABILITIES_PER_CHARACTER_CLASS ([CLASS_TYPE_ID], [CLASS_ID], [EQUIPMENT_ID]) VALUES (NULL, 65536, 9009);		 --heavy_crossbow
INSERT INTO ITEM_CAPABILITIES_PER_CHARACTER_CLASS ([CLASS_TYPE_ID], [CLASS_ID], [EQUIPMENT_ID]) VALUES (NULL, 65536, 9010);		 --light_crossbow
INSERT INTO ITEM_CAPABILITIES_PER_CHARACTER_CLASS ([CLASS_TYPE_ID], [CLASS_ID], [EQUIPMENT_ID]) VALUES (NULL, 65536, 9011);		 --dagger
INSERT INTO ITEM_CAPABILITIES_PER_CHARACTER_CLASS ([CLASS_TYPE_ID], [CLASS_ID], [EQUIPMENT_ID]) VALUES (NULL, 65536, 9012);		 --dirk
INSERT INTO ITEM_CAPABILITIES_PER_CHARACTER_CLASS ([CLASS_TYPE_ID], [CLASS_ID], [EQUIPMENT_ID]) VALUES (NULL, 65536, 9013);		 --dart
INSERT INTO ITEM_CAPABILITIES_PER_CHARACTER_CLASS ([CLASS_TYPE_ID], [CLASS_ID], [EQUIPMENT_ID]) VALUES (NULL, 65536, 9014);		 --footmans_flail
INSERT INTO ITEM_CAPABILITIES_PER_CHARACTER_CLASS ([CLASS_TYPE_ID], [CLASS_ID], [EQUIPMENT_ID]) VALUES (NULL, 65536, 9015);		 --footmans_mace
INSERT INTO ITEM_CAPABILITIES_PER_CHARACTER_CLASS ([CLASS_TYPE_ID], [CLASS_ID], [EQUIPMENT_ID]) VALUES (NULL, 65536, 9016);		 --footmans_pick
INSERT INTO ITEM_CAPABILITIES_PER_CHARACTER_CLASS ([CLASS_TYPE_ID], [CLASS_ID], [EQUIPMENT_ID]) VALUES (NULL, 65536, 9017);		 --hand_axe
INSERT INTO ITEM_CAPABILITIES_PER_CHARACTER_CLASS ([CLASS_TYPE_ID], [CLASS_ID], [EQUIPMENT_ID]) VALUES (NULL, 65536, 9018);		 --throwing_axe
INSERT INTO ITEM_CAPABILITIES_PER_CHARACTER_CLASS ([CLASS_TYPE_ID], [CLASS_ID], [EQUIPMENT_ID]) VALUES (NULL, 65536, 9019);		 --harpoon
INSERT INTO ITEM_CAPABILITIES_PER_CHARACTER_CLASS ([CLASS_TYPE_ID], [CLASS_ID], [EQUIPMENT_ID]) VALUES (NULL, 65536, 9020);		 --horsemans_flail
INSERT INTO ITEM_CAPABILITIES_PER_CHARACTER_CLASS ([CLASS_TYPE_ID], [CLASS_ID], [EQUIPMENT_ID]) VALUES (NULL, 65536, 9021);		 --horsemans_mace
INSERT INTO ITEM_CAPABILITIES_PER_CHARACTER_CLASS ([CLASS_TYPE_ID], [CLASS_ID], [EQUIPMENT_ID]) VALUES (NULL, 65536, 9022);		 --horsemans_pick
INSERT INTO ITEM_CAPABILITIES_PER_CHARACTER_CLASS ([CLASS_TYPE_ID], [CLASS_ID], [EQUIPMENT_ID]) VALUES (NULL, 65536, 9023);		 --javelin
INSERT INTO ITEM_CAPABILITIES_PER_CHARACTER_CLASS ([CLASS_TYPE_ID], [CLASS_ID], [EQUIPMENT_ID]) VALUES (NULL, 65536, 9024);		 --knife
INSERT INTO ITEM_CAPABILITIES_PER_CHARACTER_CLASS ([CLASS_TYPE_ID], [CLASS_ID], [EQUIPMENT_ID]) VALUES (NULL, 65536, 9025);		 --heavy_horse_lance
INSERT INTO ITEM_CAPABILITIES_PER_CHARACTER_CLASS ([CLASS_TYPE_ID], [CLASS_ID], [EQUIPMENT_ID]) VALUES (NULL, 65536, 9026);		 --light_horse_lance
INSERT INTO ITEM_CAPABILITIES_PER_CHARACTER_CLASS ([CLASS_TYPE_ID], [CLASS_ID], [EQUIPMENT_ID]) VALUES (NULL, 65536, 9027);		 --jousting_lance
INSERT INTO ITEM_CAPABILITIES_PER_CHARACTER_CLASS ([CLASS_TYPE_ID], [CLASS_ID], [EQUIPMENT_ID]) VALUES (NULL, 65536, 9028);		 --medium_horse_lance
INSERT INTO ITEM_CAPABILITIES_PER_CHARACTER_CLASS ([CLASS_TYPE_ID], [CLASS_ID], [EQUIPMENT_ID]) VALUES (NULL, 65536, 9029);		 --mancatcher
INSERT INTO ITEM_CAPABILITIES_PER_CHARACTER_CLASS ([CLASS_TYPE_ID], [CLASS_ID], [EQUIPMENT_ID]) VALUES (NULL, 65536, 9030);		 --morning_star
INSERT INTO ITEM_CAPABILITIES_PER_CHARACTER_CLASS ([CLASS_TYPE_ID], [CLASS_ID], [EQUIPMENT_ID]) VALUES (NULL, 65536, 9031);		 --awl_pike
INSERT INTO ITEM_CAPABILITIES_PER_CHARACTER_CLASS ([CLASS_TYPE_ID], [CLASS_ID], [EQUIPMENT_ID]) VALUES (NULL, 65536, 9032);		 --bardiche
INSERT INTO ITEM_CAPABILITIES_PER_CHARACTER_CLASS ([CLASS_TYPE_ID], [CLASS_ID], [EQUIPMENT_ID]) VALUES (NULL, 65536, 9033);		 --bec_de_corbin
INSERT INTO ITEM_CAPABILITIES_PER_CHARACTER_CLASS ([CLASS_TYPE_ID], [CLASS_ID], [EQUIPMENT_ID]) VALUES (NULL, 65536, 9034);		 --bill_guisarme
INSERT INTO ITEM_CAPABILITIES_PER_CHARACTER_CLASS ([CLASS_TYPE_ID], [CLASS_ID], [EQUIPMENT_ID]) VALUES (NULL, 65536, 9035);		 --fauchard
INSERT INTO ITEM_CAPABILITIES_PER_CHARACTER_CLASS ([CLASS_TYPE_ID], [CLASS_ID], [EQUIPMENT_ID]) VALUES (NULL, 65536, 9036);		 --fauchard_fork
INSERT INTO ITEM_CAPABILITIES_PER_CHARACTER_CLASS ([CLASS_TYPE_ID], [CLASS_ID], [EQUIPMENT_ID]) VALUES (NULL, 65536, 9037);		 --glaive
INSERT INTO ITEM_CAPABILITIES_PER_CHARACTER_CLASS ([CLASS_TYPE_ID], [CLASS_ID], [EQUIPMENT_ID]) VALUES (NULL, 65536, 9038);		 --glaive_guisarme
INSERT INTO ITEM_CAPABILITIES_PER_CHARACTER_CLASS ([CLASS_TYPE_ID], [CLASS_ID], [EQUIPMENT_ID]) VALUES (NULL, 65536, 9039);		 --guisarme
INSERT INTO ITEM_CAPABILITIES_PER_CHARACTER_CLASS ([CLASS_TYPE_ID], [CLASS_ID], [EQUIPMENT_ID]) VALUES (NULL, 65536, 9040);		 --guisarme_voulge
INSERT INTO ITEM_CAPABILITIES_PER_CHARACTER_CLASS ([CLASS_TYPE_ID], [CLASS_ID], [EQUIPMENT_ID]) VALUES (NULL, 65536, 9041);		 --halberd
INSERT INTO ITEM_CAPABILITIES_PER_CHARACTER_CLASS ([CLASS_TYPE_ID], [CLASS_ID], [EQUIPMENT_ID]) VALUES (NULL, 65536, 9042);		 --hook_fauchard
INSERT INTO ITEM_CAPABILITIES_PER_CHARACTER_CLASS ([CLASS_TYPE_ID], [CLASS_ID], [EQUIPMENT_ID]) VALUES (NULL, 65536, 9043);		 --lucern_hammer
INSERT INTO ITEM_CAPABILITIES_PER_CHARACTER_CLASS ([CLASS_TYPE_ID], [CLASS_ID], [EQUIPMENT_ID]) VALUES (NULL, 65536, 9044);		 --military_fork
INSERT INTO ITEM_CAPABILITIES_PER_CHARACTER_CLASS ([CLASS_TYPE_ID], [CLASS_ID], [EQUIPMENT_ID]) VALUES (NULL, 65536, 9045);		 --partisan
INSERT INTO ITEM_CAPABILITIES_PER_CHARACTER_CLASS ([CLASS_TYPE_ID], [CLASS_ID], [EQUIPMENT_ID]) VALUES (NULL, 65536, 9046);		 --ranseur
INSERT INTO ITEM_CAPABILITIES_PER_CHARACTER_CLASS ([CLASS_TYPE_ID], [CLASS_ID], [EQUIPMENT_ID]) VALUES (NULL, 65536, 9047);		 --spetum
INSERT INTO ITEM_CAPABILITIES_PER_CHARACTER_CLASS ([CLASS_TYPE_ID], [CLASS_ID], [EQUIPMENT_ID]) VALUES (NULL, 65536, 9048);		 --voulge
INSERT INTO ITEM_CAPABILITIES_PER_CHARACTER_CLASS ([CLASS_TYPE_ID], [CLASS_ID], [EQUIPMENT_ID]) VALUES (NULL, 65536, 9049);		 --quarterstaff
INSERT INTO ITEM_CAPABILITIES_PER_CHARACTER_CLASS ([CLASS_TYPE_ID], [CLASS_ID], [EQUIPMENT_ID]) VALUES (NULL, 65536, 9050);		 --scourge
INSERT INTO ITEM_CAPABILITIES_PER_CHARACTER_CLASS ([CLASS_TYPE_ID], [CLASS_ID], [EQUIPMENT_ID]) VALUES (NULL, 65536, 9051);		 --sickle
INSERT INTO ITEM_CAPABILITIES_PER_CHARACTER_CLASS ([CLASS_TYPE_ID], [CLASS_ID], [EQUIPMENT_ID]) VALUES (NULL, 65536, 9052);		 --sling
INSERT INTO ITEM_CAPABILITIES_PER_CHARACTER_CLASS ([CLASS_TYPE_ID], [CLASS_ID], [EQUIPMENT_ID]) VALUES (NULL, 65536, 9053);		 --spear
INSERT INTO ITEM_CAPABILITIES_PER_CHARACTER_CLASS ([CLASS_TYPE_ID], [CLASS_ID], [EQUIPMENT_ID]) VALUES (NULL, 65536, 9054);		 --staff_sling
INSERT INTO ITEM_CAPABILITIES_PER_CHARACTER_CLASS ([CLASS_TYPE_ID], [CLASS_ID], [EQUIPMENT_ID]) VALUES (NULL, 65536, 9055);		 --bastard_sword
INSERT INTO ITEM_CAPABILITIES_PER_CHARACTER_CLASS ([CLASS_TYPE_ID], [CLASS_ID], [EQUIPMENT_ID]) VALUES (NULL, 65536, 9056);		 --broad_sword
INSERT INTO ITEM_CAPABILITIES_PER_CHARACTER_CLASS ([CLASS_TYPE_ID], [CLASS_ID], [EQUIPMENT_ID]) VALUES (NULL, 65536, 9057);		 --khopesh
INSERT INTO ITEM_CAPABILITIES_PER_CHARACTER_CLASS ([CLASS_TYPE_ID], [CLASS_ID], [EQUIPMENT_ID]) VALUES (NULL, 65536, 9058);		 --long_sword
INSERT INTO ITEM_CAPABILITIES_PER_CHARACTER_CLASS ([CLASS_TYPE_ID], [CLASS_ID], [EQUIPMENT_ID]) VALUES (NULL, 65536, 9059);		 --scimitar
INSERT INTO ITEM_CAPABILITIES_PER_CHARACTER_CLASS ([CLASS_TYPE_ID], [CLASS_ID], [EQUIPMENT_ID]) VALUES (NULL, 65536, 9060);		 --short_sword
INSERT INTO ITEM_CAPABILITIES_PER_CHARACTER_CLASS ([CLASS_TYPE_ID], [CLASS_ID], [EQUIPMENT_ID]) VALUES (NULL, 65536, 9061);		 --two_handed_sword
INSERT INTO ITEM_CAPABILITIES_PER_CHARACTER_CLASS ([CLASS_TYPE_ID], [CLASS_ID], [EQUIPMENT_ID]) VALUES (NULL, 65536, 9062);		 --trident
INSERT INTO ITEM_CAPABILITIES_PER_CHARACTER_CLASS ([CLASS_TYPE_ID], [CLASS_ID], [EQUIPMENT_ID]) VALUES (NULL, 65536, 9063);		 --warhammer
INSERT INTO ITEM_CAPABILITIES_PER_CHARACTER_CLASS ([CLASS_TYPE_ID], [CLASS_ID], [EQUIPMENT_ID]) VALUES (NULL, 65536, 9064);		 --whip
																										 
--Bard - projectiles																					 
INSERT INTO ITEM_CAPABILITIES_PER_CHARACTER_CLASS ([CLASS_TYPE_ID], [CLASS_ID], [EQUIPMENT_ID]) VALUES (NULL, 65536, 10000);		 --barbed_dart
INSERT INTO ITEM_CAPABILITIES_PER_CHARACTER_CLASS ([CLASS_TYPE_ID], [CLASS_ID], [EQUIPMENT_ID]) VALUES (NULL, 65536, 10001);		 --needle
INSERT INTO ITEM_CAPABILITIES_PER_CHARACTER_CLASS ([CLASS_TYPE_ID], [CLASS_ID], [EQUIPMENT_ID]) VALUES (NULL, 65536, 10002);		 --flight_arrow
INSERT INTO ITEM_CAPABILITIES_PER_CHARACTER_CLASS ([CLASS_TYPE_ID], [CLASS_ID], [EQUIPMENT_ID]) VALUES (NULL, 65536, 10003);		 --sheaf_arrow
INSERT INTO ITEM_CAPABILITIES_PER_CHARACTER_CLASS ([CLASS_TYPE_ID], [CLASS_ID], [EQUIPMENT_ID]) VALUES (NULL, 65536, 10004);		 --hand_quarrel
INSERT INTO ITEM_CAPABILITIES_PER_CHARACTER_CLASS ([CLASS_TYPE_ID], [CLASS_ID], [EQUIPMENT_ID]) VALUES (NULL, 65536, 10005);		 --heavy_quarrel
INSERT INTO ITEM_CAPABILITIES_PER_CHARACTER_CLASS ([CLASS_TYPE_ID], [CLASS_ID], [EQUIPMENT_ID]) VALUES (NULL, 65536, 10006);		 --light_quarrel
INSERT INTO ITEM_CAPABILITIES_PER_CHARACTER_CLASS ([CLASS_TYPE_ID], [CLASS_ID], [EQUIPMENT_ID]) VALUES (NULL, 65536, 10007);		 --sling_bullet
INSERT INTO ITEM_CAPABILITIES_PER_CHARACTER_CLASS ([CLASS_TYPE_ID], [CLASS_ID], [EQUIPMENT_ID]) VALUES (NULL, 65536, 10008);		 --sling_stone
INSERT INTO ITEM_CAPABILITIES_PER_CHARACTER_CLASS ([CLASS_TYPE_ID], [CLASS_ID], [EQUIPMENT_ID]) VALUES (NULL, 65536, 10009);		 --gunpowder

COMMIT TRANSACTION;

-----------------------------------------------------------------------------------------------------------

BEGIN TRANSACTION;

INSERT INTO DEITY_RANK ([ID], [DESCRIPTION]) VALUES (0, 'Quasi-deity');
INSERT INTO DEITY_RANK ([ID], [DESCRIPTION]) VALUES (1, 'Demigod');
INSERT INTO DEITY_RANK ([ID], [DESCRIPTION]) VALUES (2, 'Lesser deity');
INSERT INTO DEITY_RANK ([ID], [DESCRIPTION]) VALUES (3, 'Intermediate deity');
INSERT INTO DEITY_RANK ([ID], [DESCRIPTION]) VALUES (4, 'Greater deity');
INSERT INTO DEITY_RANK ([ID], [DESCRIPTION]) VALUES (5, 'Overdeity');

COMMIT TRANSACTION;

-----------------------------------------------------------------------------------------------------------

BEGIN TRANSACTION;

INSERT INTO PLANE_RANK ([NAME]) VALUES ('Inner');
INSERT INTO PLANE_RANK ([NAME]) VALUES ('Outer');

COMMIT TRANSACTION;

-----------------------------------------------------------------------------------------------------------

BEGIN TRANSACTION;

INSERT INTO PLANE_GROUP ([NAME]) VALUES ('Material');
INSERT INTO PLANE_GROUP ([NAME]) VALUES ('Elemental');
INSERT INTO PLANE_GROUP ([NAME]) VALUES ('Para-elemental');
INSERT INTO PLANE_GROUP ([NAME]) VALUES ('Quasi-elemental positive');
INSERT INTO PLANE_GROUP ([NAME]) VALUES ('Quasi-elemental negative');
INSERT INTO PLANE_GROUP ([NAME]) VALUES ('Energy');

COMMIT TRANSACTION;

-----------------------------------------------------------------------------------------------------------

BEGIN TRANSACTION;

INSERT INTO PLANE_NATURE ([NAME]) VALUES ('Plane');
INSERT INTO PLANE_NATURE ([NAME]) VALUES ('Demi-plane');

COMMIT TRANSACTION;

-----------------------------------------------------------------------------------------------------------

BEGIN TRANSACTION;

INSERT INTO PLANE_OF_EXISTENCE ([ID], [NAME], [DESCRIPTION], [RANK], [GROUP], [NATURE]) VALUES (0, 'Prime Material', '',	0, 0, 0);
INSERT INTO PLANE_OF_EXISTENCE ([ID], [NAME], [DESCRIPTION], [RANK], [GROUP], [NATURE]) VALUES (1, 'Fire', '',	0, 1, 0);
INSERT INTO PLANE_OF_EXISTENCE ([ID], [NAME], [DESCRIPTION], [RANK], [GROUP], [NATURE]) VALUES (2, 'Earth', '',	0, 1, 0);
INSERT INTO PLANE_OF_EXISTENCE ([ID], [NAME], [DESCRIPTION], [RANK], [GROUP], [NATURE]) VALUES (3, 'Air', '',		0, 1, 0);
INSERT INTO PLANE_OF_EXISTENCE ([ID], [NAME], [DESCRIPTION], [RANK], [GROUP], [NATURE]) VALUES (4, 'Water', '',	0, 1, 0);
INSERT INTO PLANE_OF_EXISTENCE ([ID], [NAME], [DESCRIPTION], [RANK], [GROUP], [NATURE]) VALUES (5, 'Smoke', '',	0, 2, 0);
INSERT INTO PLANE_OF_EXISTENCE ([ID], [NAME], [DESCRIPTION], [RANK], [GROUP], [NATURE]) VALUES (6, 'Ice', '',	0, 2, 0);
INSERT INTO PLANE_OF_EXISTENCE ([ID], [NAME], [DESCRIPTION], [RANK], [GROUP], [NATURE]) VALUES (7, 'Ooze', '',		0, 2, 0);
INSERT INTO PLANE_OF_EXISTENCE ([ID], [NAME], [DESCRIPTION], [RANK], [GROUP], [NATURE]) VALUES (8, 'Magma', '',	0, 2, 0);
INSERT INTO PLANE_OF_EXISTENCE ([ID], [NAME], [DESCRIPTION], [RANK], [GROUP], [NATURE]) VALUES (9, 'Lightning', '',	0, 3, 0);
INSERT INTO PLANE_OF_EXISTENCE ([ID], [NAME], [DESCRIPTION], [RANK], [GROUP], [NATURE]) VALUES (10, 'Minerals', '',	0, 3, 0);
INSERT INTO PLANE_OF_EXISTENCE ([ID], [NAME], [DESCRIPTION], [RANK], [GROUP], [NATURE]) VALUES (11, 'Radiance', '',	0, 3, 0);
INSERT INTO PLANE_OF_EXISTENCE ([ID], [NAME], [DESCRIPTION], [RANK], [GROUP], [NATURE]) VALUES (12, 'Steam', '',	0, 3, 0);
INSERT INTO PLANE_OF_EXISTENCE ([ID], [NAME], [DESCRIPTION], [RANK], [GROUP], [NATURE]) VALUES (13, 'Vacuum', '',	0, 4, 0);
INSERT INTO PLANE_OF_EXISTENCE ([ID], [NAME], [DESCRIPTION], [RANK], [GROUP], [NATURE]) VALUES (14, 'Dust', '',	0, 4, 0);
INSERT INTO PLANE_OF_EXISTENCE ([ID], [NAME], [DESCRIPTION], [RANK], [GROUP], [NATURE]) VALUES (15, 'Ash', '',	0, 4, 0);
INSERT INTO PLANE_OF_EXISTENCE ([ID], [NAME], [DESCRIPTION], [RANK], [GROUP], [NATURE]) VALUES (16, 'Salt', '',	0, 4, 0);
INSERT INTO PLANE_OF_EXISTENCE ([ID], [NAME], [DESCRIPTION], [RANK], [GROUP], [NATURE]) VALUES (17, 'Positive energy', '',	0, 5, 0);
INSERT INTO PLANE_OF_EXISTENCE ([ID], [NAME], [DESCRIPTION], [RANK], [GROUP], [NATURE]) VALUES (18, 'Negative energy', '',	0, 5, 0);
INSERT INTO PLANE_OF_EXISTENCE ([ID], [NAME], [DESCRIPTION], [RANK], [GROUP], [NATURE]) VALUES (19, 'Ethereal', '',			0, NULL, 0);
INSERT INTO PLANE_OF_EXISTENCE ([ID], [NAME], [DESCRIPTION], [RANK], [GROUP], [NATURE]) VALUES (20, 'Astral', '',			0, NULL, 0);
INSERT INTO PLANE_OF_EXISTENCE ([ID], [NAME], [DESCRIPTION], [RANK], [GROUP], [NATURE]) VALUES (21, 'Nirvana', '',			1, NULL, 1);
INSERT INTO PLANE_OF_EXISTENCE ([ID], [NAME], [DESCRIPTION], [RANK], [GROUP], [NATURE]) VALUES (22, 'Arcadia', '',			1, NULL, 1);
INSERT INTO PLANE_OF_EXISTENCE ([ID], [NAME], [DESCRIPTION], [RANK], [GROUP], [NATURE]) VALUES (23, 'Seven Heavens', '',			1, NULL, 1);
INSERT INTO PLANE_OF_EXISTENCE ([ID], [NAME], [DESCRIPTION], [RANK], [GROUP], [NATURE]) VALUES (24, 'Twin Paradises', '',			1, NULL, 1);
INSERT INTO PLANE_OF_EXISTENCE ([ID], [NAME], [DESCRIPTION], [RANK], [GROUP], [NATURE]) VALUES (25, 'Elysium', '',			1, NULL, 1);
INSERT INTO PLANE_OF_EXISTENCE ([ID], [NAME], [DESCRIPTION], [RANK], [GROUP], [NATURE]) VALUES (26, 'Happy Hunting Grouds', '',			1, NULL, 1);
INSERT INTO PLANE_OF_EXISTENCE ([ID], [NAME], [DESCRIPTION], [RANK], [GROUP], [NATURE]) VALUES (27, 'Olympus', '',			1, NULL, 1);
INSERT INTO PLANE_OF_EXISTENCE ([ID], [NAME], [DESCRIPTION], [RANK], [GROUP], [NATURE]) VALUES (28, 'Gladsheim', '',			1, NULL, 1);
INSERT INTO PLANE_OF_EXISTENCE ([ID], [NAME], [DESCRIPTION], [RANK], [GROUP], [NATURE]) VALUES (29, 'Limbo', '',			1, NULL, 1);
INSERT INTO PLANE_OF_EXISTENCE ([ID], [NAME], [DESCRIPTION], [RANK], [GROUP], [NATURE]) VALUES (30, 'Pandemonium', '',			1, NULL, 1);
INSERT INTO PLANE_OF_EXISTENCE ([ID], [NAME], [DESCRIPTION], [RANK], [GROUP], [NATURE]) VALUES (31, 'The Abyss', '',			1, NULL, 1);
INSERT INTO PLANE_OF_EXISTENCE ([ID], [NAME], [DESCRIPTION], [RANK], [GROUP], [NATURE]) VALUES (32, 'Tarterus', '',			1, NULL, 1);
INSERT INTO PLANE_OF_EXISTENCE ([ID], [NAME], [DESCRIPTION], [RANK], [GROUP], [NATURE]) VALUES (33, 'Hades', '',			1, NULL, 1);
INSERT INTO PLANE_OF_EXISTENCE ([ID], [NAME], [DESCRIPTION], [RANK], [GROUP], [NATURE]) VALUES (34, 'Gehenna', '',			1, NULL, 1);
INSERT INTO PLANE_OF_EXISTENCE ([ID], [NAME], [DESCRIPTION], [RANK], [GROUP], [NATURE]) VALUES (35, 'The Nine Hells', '',			1, NULL, 1);
INSERT INTO PLANE_OF_EXISTENCE ([ID], [NAME], [DESCRIPTION], [RANK], [GROUP], [NATURE]) VALUES (36, 'Acheron', '',			1, NULL, 1);
INSERT INTO PLANE_OF_EXISTENCE ([ID], [NAME], [DESCRIPTION], [RANK], [GROUP], [NATURE]) VALUES (37, 'Concordant Opposition', '',			1, NULL, 1);

COMMIT TRANSACTION;

-----------------------------------------------------------------------------------------------------------

BEGIN TRANSACTION;

INSERT INTO REALM ([ID], [NAME], [PLANE_ID]) VALUES (0, 'Black Bastion', 36);
INSERT INTO REALM ([ID], [NAME], [PLANE_ID]) VALUES (1, 'Morninglory', 25);
INSERT INTO REALM ([ID], [NAME], [PLANE_ID]) VALUES (2, 'Everwatch', 21);
INSERT INTO REALM ([ID], [NAME], [PLANE_ID]) VALUES (3, 'Knight''s Rest', 29);
INSERT INTO REALM ([ID], [NAME], [PLANE_ID]) VALUES (4, 'Gates of the Moon', 28);
INSERT INTO REALM ([ID], [NAME], [PLANE_ID]) VALUES (5, 'The Demonweb Pits', 31);
INSERT INTO REALM ([ID], [NAME], [PLANE_ID]) VALUES (6, 'Martyrdomain', 24);
INSERT INTO REALM ([ID], [NAME], [PLANE_ID]) VALUES (7, 'The Court, Lunia', 23);
INSERT INTO REALM ([ID], [NAME], [PLANE_ID]) VALUES (8, 'Great Mother''s Garden', 25);
INSERT INTO REALM ([ID], [NAME], [PLANE_ID]) VALUES (9, 'Dweomertor', 29);
INSERT INTO REALM ([ID], [NAME], [PLANE_ID]) VALUES (10, 'Erackinor', 23);
INSERT INTO REALM ([ID], [NAME], [PLANE_ID]) VALUES (11, 'House of Knowledge', 37);
INSERT INTO REALM ([ID], [NAME], [PLANE_ID]) VALUES (12, 'Brightwater', 27);
INSERT INTO REALM ([ID], [NAME], [PLANE_ID]) VALUES (13, 'Towers of Ruin', 30);
INSERT INTO REALM ([ID], [NAME], [PLANE_ID]) VALUES (14, 'Trueheart', 23);
INSERT INTO REALM ([ID], [NAME], [PLANE_ID]) VALUES (15, 'Shattered Castle', 30);
INSERT INTO REALM ([ID], [NAME], [PLANE_ID]) VALUES (16, 'Arvandor', 27);

COMMIT TRANSACTION;

-----------------------------------------------------------------------------------------------------------

--BEGIN TRANSACTION;

--INSERT INTO PLANE_ALIGNMENT ([ID], [PLANE_ID] [MORAL_ALIGNMENT]) VALUES ()

--COMMIT TRANSACTION;

-----------------------------------------------------------------------------------------------------------

BEGIN TRANSACTION;

INSERT INTO DEITY ([ID], [NAME], [RANK], [MORAL_ALIGNMENT], [REALM]) VALUES (0, 'Bane', 4, 260, 0);
INSERT INTO DEITY ([ID], [NAME], [RANK], [MORAL_ALIGNMENT], [REALM]) VALUES (1, 'Lathander', 4, 513, 1);
INSERT INTO DEITY ([ID], [NAME], [RANK], [MORAL_ALIGNMENT], [REALM]) VALUES (2, 'Helm', 2, 258, 2);
INSERT INTO DEITY ([ID], [NAME], [RANK], [MORAL_ALIGNMENT], [REALM]) VALUES (3, 'Tempus', 4, 1026, 3);
INSERT INTO DEITY ([ID], [NAME], [RANK], [MORAL_ALIGNMENT], [REALM]) VALUES (4, 'Selune', 4, 1025, 4);
INSERT INTO DEITY ([ID], [NAME], [RANK], [MORAL_ALIGNMENT], [REALM]) VALUES (5, 'Lolth', 3, 1028, 5);
INSERT INTO DEITY ([ID], [NAME], [RANK], [MORAL_ALIGNMENT], [REALM]) VALUES (6, 'Ilmater', 3, 257, 6);
INSERT INTO DEITY ([ID], [NAME], [RANK], [MORAL_ALIGNMENT], [REALM]) VALUES (7, 'Tyr', 4, 257, 7);
INSERT INTO DEITY ([ID], [NAME], [RANK], [MORAL_ALIGNMENT], [REALM]) VALUES (8, 'Chauntea', 4, 513, 8);
INSERT INTO DEITY ([ID], [NAME], [RANK], [MORAL_ALIGNMENT], [REALM]) VALUES (9, 'Mystryl', 4, 258, 9);
INSERT INTO DEITY ([ID], [NAME], [RANK], [MORAL_ALIGNMENT], [REALM]) VALUES (10, 'Moradin', 4, 257, 10);
INSERT INTO DEITY ([ID], [NAME], [RANK], [MORAL_ALIGNMENT], [REALM]) VALUES (11, 'Oghma', 4, 514, 11);
INSERT INTO DEITY ([ID], [NAME], [RANK], [MORAL_ALIGNMENT], [REALM]) VALUES (12, 'Sune', 4, 1025, 12);
INSERT INTO DEITY ([ID], [NAME], [RANK], [MORAL_ALIGNMENT], [REALM]) VALUES (13, 'Talos', 4, 1028, 13);
INSERT INTO DEITY ([ID], [NAME], [RANK], [MORAL_ALIGNMENT], [REALM]) VALUES (14, 'Torm', 2, 257, 14);
INSERT INTO DEITY ([ID], [NAME], [RANK], [MORAL_ALIGNMENT], [REALM]) VALUES (15, 'Cyric', 4, 1028, 15);
INSERT INTO DEITY ([ID], [NAME], [RANK], [MORAL_ALIGNMENT], [REALM]) VALUES (16, 'Corellon', 4, 1025, 16);

COMMIT TRANSACTION;

-----------------------------------------------------------------------------------------------------------

BEGIN TRANSACTION;

INSERT INTO DEITY_TITLE ([DEITY_ID], [TITLE]) VALUES (0, 'Lord Bane');
INSERT INTO DEITY_TITLE ([DEITY_ID], [TITLE]) VALUES (0, 'The Black Lord');
INSERT INTO DEITY_TITLE ([DEITY_ID], [TITLE]) VALUES (0, 'Lord of Darkness');
INSERT INTO DEITY_TITLE ([DEITY_ID], [TITLE]) VALUES (0, 'The Black Hand');
INSERT INTO DEITY_TITLE ([DEITY_ID], [TITLE]) VALUES (0, 'The Dark One');

INSERT INTO DEITY_TITLE ([DEITY_ID], [TITLE]) VALUES (1, 'Morninglord');
INSERT INTO DEITY_TITLE ([DEITY_ID], [TITLE]) VALUES (1, 'Commander of Creativity');
INSERT INTO DEITY_TITLE ([DEITY_ID], [TITLE]) VALUES (1, 'Inspiration''s Dawn');
INSERT INTO DEITY_TITLE ([DEITY_ID], [TITLE]) VALUES (1, 'The Rose-and-Gold God');

INSERT INTO DEITY_TITLE ([DEITY_ID], [TITLE]) VALUES (2, 'He of the Unsleeping Eyes');
INSERT INTO DEITY_TITLE ([DEITY_ID], [TITLE]) VALUES (2, 'God of Guardians');
INSERT INTO DEITY_TITLE ([DEITY_ID], [TITLE]) VALUES (2, 'The Watcher');
INSERT INTO DEITY_TITLE ([DEITY_ID], [TITLE]) VALUES (2, 'The Vigilant');
INSERT INTO DEITY_TITLE ([DEITY_ID], [TITLE]) VALUES (2, 'The Vgilant One');
INSERT INTO DEITY_TITLE ([DEITY_ID], [TITLE]) VALUES (2, 'The Great Guard');

INSERT INTO DEITY_TITLE ([DEITY_ID], [TITLE]) VALUES (3, 'Foehammer');
INSERT INTO DEITY_TITLE ([DEITY_ID], [TITLE]) VALUES (3, 'Lord of Battles');

INSERT INTO DEITY_TITLE ([DEITY_ID], [TITLE]) VALUES (4, 'Our Lady of Silver');
INSERT INTO DEITY_TITLE ([DEITY_ID], [TITLE]) VALUES (4, 'The Moonmaiden');
INSERT INTO DEITY_TITLE ([DEITY_ID], [TITLE]) VALUES (4, 'The Night White Lady');
INSERT INTO DEITY_TITLE ([DEITY_ID], [TITLE]) VALUES (4, 'She Who Guides');

INSERT INTO DEITY_TITLE ([DEITY_ID], [TITLE]) VALUES (5, 'Queen of Spiders');
INSERT INTO DEITY_TITLE ([DEITY_ID], [TITLE]) VALUES (5, 'Queen of the Demonweb Pits');
INSERT INTO DEITY_TITLE ([DEITY_ID], [TITLE]) VALUES (5, 'Dark Mother');
INSERT INTO DEITY_TITLE ([DEITY_ID], [TITLE]) VALUES (5, 'Mother of Lusts');
INSERT INTO DEITY_TITLE ([DEITY_ID], [TITLE]) VALUES (5, 'The Lady of Chaos');
INSERT INTO DEITY_TITLE ([DEITY_ID], [TITLE]) VALUES (5, 'Spider Bitch');
INSERT INTO DEITY_TITLE ([DEITY_ID], [TITLE]) VALUES (5, 'Weaver of Destiny');

INSERT INTO DEITY_TITLE ([DEITY_ID], [TITLE]) VALUES (6, 'The Crying God');
INSERT INTO DEITY_TITLE ([DEITY_ID], [TITLE]) VALUES (6, 'The Broken God');
INSERT INTO DEITY_TITLE ([DEITY_ID], [TITLE]) VALUES (6, 'The Lord on the Rack');
INSERT INTO DEITY_TITLE ([DEITY_ID], [TITLE]) VALUES (6, 'The One Who Endures');
INSERT INTO DEITY_TITLE ([DEITY_ID], [TITLE]) VALUES (6, 'The Rack-Broken Lord');

INSERT INTO DEITY_TITLE ([DEITY_ID], [TITLE]) VALUES (7, 'God of Justice');
INSERT INTO DEITY_TITLE ([DEITY_ID], [TITLE]) VALUES (7, 'Grimjaws');
INSERT INTO DEITY_TITLE ([DEITY_ID], [TITLE]) VALUES (7, 'The Even-Handed');
INSERT INTO DEITY_TITLE ([DEITY_ID], [TITLE]) VALUES (7, 'The Maimed God');
INSERT INTO DEITY_TITLE ([DEITY_ID], [TITLE]) VALUES (7, 'Blind, Blind Tyr');
INSERT INTO DEITY_TITLE ([DEITY_ID], [TITLE]) VALUES (7, 'The Blind Overlord');
INSERT INTO DEITY_TITLE ([DEITY_ID], [TITLE]) VALUES (7, 'The Wounded One');
INSERT INTO DEITY_TITLE ([DEITY_ID], [TITLE]) VALUES (7, 'The Just God');

INSERT INTO DEITY_TITLE ([DEITY_ID], [TITLE]) VALUES (8, 'She Who Shapes All');
INSERT INTO DEITY_TITLE ([DEITY_ID], [TITLE]) VALUES (8, 'The Grain Goddess');
INSERT INTO DEITY_TITLE ([DEITY_ID], [TITLE]) VALUES (8, 'The Great Mother');

INSERT INTO DEITY_TITLE ([DEITY_ID], [TITLE]) VALUES (9, 'The Lady of Mysteries');
INSERT INTO DEITY_TITLE ([DEITY_ID], [TITLE]) VALUES (9, 'The Mother of All Magic');
INSERT INTO DEITY_TITLE ([DEITY_ID], [TITLE]) VALUES (9, 'Our Lady of Spells');
INSERT INTO DEITY_TITLE ([DEITY_ID], [TITLE]) VALUES (9, 'The Hidden One');

INSERT INTO DEITY_TITLE ([DEITY_ID], [TITLE]) VALUES (10, 'All-Father');
INSERT INTO DEITY_TITLE ([DEITY_ID], [TITLE]) VALUES (10, 'The Creator');
INSERT INTO DEITY_TITLE ([DEITY_ID], [TITLE]) VALUES (10, 'Dwarffather');
INSERT INTO DEITY_TITLE ([DEITY_ID], [TITLE]) VALUES (10, 'Soul Forger');

COMMIT TRANSACTION;

-----------------------------------------------------------------------------------------------------------

BEGIN TRANSACTION;

INSERT INTO AREA_OF_CONTROL ([DESCRIPTION]) VALUES ('Strife');
INSERT INTO AREA_OF_CONTROL ([DESCRIPTION]) VALUES ('Hatred');
INSERT INTO AREA_OF_CONTROL ([DESCRIPTION]) VALUES ('Tyranny');
INSERT INTO AREA_OF_CONTROL ([DESCRIPTION]) VALUES ('Athletics');
INSERT INTO AREA_OF_CONTROL ([DESCRIPTION]) VALUES ('Birth');
INSERT INTO AREA_OF_CONTROL ([DESCRIPTION]) VALUES ('Creativity');
INSERT INTO AREA_OF_CONTROL ([DESCRIPTION]) VALUES ('Dawn');
INSERT INTO AREA_OF_CONTROL ([DESCRIPTION]) VALUES ('Renewal');
INSERT INTO AREA_OF_CONTROL ([DESCRIPTION]) VALUES ('Self-perfection');
INSERT INTO AREA_OF_CONTROL ([DESCRIPTION]) VALUES ('Spring');
INSERT INTO AREA_OF_CONTROL ([DESCRIPTION]) VALUES ('Vitality');
INSERT INTO AREA_OF_CONTROL ([DESCRIPTION]) VALUES ('Youth');
INSERT INTO AREA_OF_CONTROL ([DESCRIPTION]) VALUES ('Guardians');
INSERT INTO AREA_OF_CONTROL ([DESCRIPTION]) VALUES ('Protectors');
INSERT INTO AREA_OF_CONTROL ([DESCRIPTION]) VALUES ('Protection');
INSERT INTO AREA_OF_CONTROL ([DESCRIPTION]) VALUES ('War');
INSERT INTO AREA_OF_CONTROL ([DESCRIPTION]) VALUES ('Battle');
INSERT INTO AREA_OF_CONTROL ([DESCRIPTION]) VALUES ('Warriors');
INSERT INTO AREA_OF_CONTROL ([DESCRIPTION]) VALUES ('The moon');
INSERT INTO AREA_OF_CONTROL ([DESCRIPTION]) VALUES ('Stars');
INSERT INTO AREA_OF_CONTROL ([DESCRIPTION]) VALUES ('Navigation');
INSERT INTO AREA_OF_CONTROL ([DESCRIPTION]) VALUES ('Navigators');
INSERT INTO AREA_OF_CONTROL ([DESCRIPTION]) VALUES ('Wanderers');
INSERT INTO AREA_OF_CONTROL ([DESCRIPTION]) VALUES ('Seekers');
INSERT INTO AREA_OF_CONTROL ([DESCRIPTION]) VALUES ('Good lycanthropes');
INSERT INTO AREA_OF_CONTROL ([DESCRIPTION]) VALUES ('Neutral lycanthropes');
INSERT INTO AREA_OF_CONTROL ([DESCRIPTION]) VALUES ('Spiders');
INSERT INTO AREA_OF_CONTROL ([DESCRIPTION]) VALUES ('Evil');
INSERT INTO AREA_OF_CONTROL ([DESCRIPTION]) VALUES ('Darkness');
INSERT INTO AREA_OF_CONTROL ([DESCRIPTION]) VALUES ('Chaos');
INSERT INTO AREA_OF_CONTROL ([DESCRIPTION]) VALUES ('Assassins');
INSERT INTO AREA_OF_CONTROL ([DESCRIPTION]) VALUES ('The Drow Race');
INSERT INTO AREA_OF_CONTROL ([DESCRIPTION]) VALUES ('Endurance');
INSERT INTO AREA_OF_CONTROL ([DESCRIPTION]) VALUES ('Martyrdom');
INSERT INTO AREA_OF_CONTROL ([DESCRIPTION]) VALUES ('Perseverance');
INSERT INTO AREA_OF_CONTROL ([DESCRIPTION]) VALUES ('Suffering');
INSERT INTO AREA_OF_CONTROL ([DESCRIPTION]) VALUES ('Justice');
INSERT INTO AREA_OF_CONTROL ([DESCRIPTION]) VALUES ('Agricolture');
INSERT INTO AREA_OF_CONTROL ([DESCRIPTION]) VALUES ('Crops');
INSERT INTO AREA_OF_CONTROL ([DESCRIPTION]) VALUES ('Farmers');
INSERT INTO AREA_OF_CONTROL ([DESCRIPTION]) VALUES ('Gardeners');
INSERT INTO AREA_OF_CONTROL ([DESCRIPTION]) VALUES ('Summer');
INSERT INTO AREA_OF_CONTROL ([DESCRIPTION]) VALUES ('Magic');
INSERT INTO AREA_OF_CONTROL ([DESCRIPTION]) VALUES ('Spells');
INSERT INTO AREA_OF_CONTROL ([DESCRIPTION]) VALUES ('The Weave');
INSERT INTO AREA_OF_CONTROL ([DESCRIPTION]) VALUES ('Wizards');
INSERT INTO AREA_OF_CONTROL ([DESCRIPTION]) VALUES ('Spellcasters');
INSERT INTO AREA_OF_CONTROL ([DESCRIPTION]) VALUES ('Energy');
INSERT INTO AREA_OF_CONTROL ([DESCRIPTION]) VALUES ('Knowledge');
INSERT INTO AREA_OF_CONTROL ([DESCRIPTION]) VALUES ('Invention');
INSERT INTO AREA_OF_CONTROL ([DESCRIPTION]) VALUES ('Song');
INSERT INTO AREA_OF_CONTROL ([DESCRIPTION]) VALUES ('Time');
--INSERT INTO AREA_OF_CONTROL ([DESCRIPTION]) VALUES ('Spring');
INSERT INTO AREA_OF_CONTROL ([DESCRIPTION]) VALUES ('Dwarves');
INSERT INTO AREA_OF_CONTROL ([DESCRIPTION]) VALUES ('Creation');
INSERT INTO AREA_OF_CONTROL ([DESCRIPTION]) VALUES ('Smithing');
INSERT INTO AREA_OF_CONTROL ([DESCRIPTION]) VALUES ('Craftsmanship');
--INSERT INTO AREA_OF_CONTROL ([DESCRIPTION]) VALUES ('War');
INSERT INTO AREA_OF_CONTROL ([DESCRIPTION]) VALUES ('Metalcraft');
INSERT INTO AREA_OF_CONTROL ([DESCRIPTION]) VALUES ('Stonework');
INSERT INTO AREA_OF_CONTROL ([DESCRIPTION]) VALUES ('Engineering');

COMMIT TRANSACTION;

-----------------------------------------------------------------------------------------------------------

BEGIN TRANSACTION;

INSERT INTO DEITY_AREA_OF_CONTROL ([DEITY_ID], [AREA_OR_CONTROL]) VALUES (0, 0);
INSERT INTO DEITY_AREA_OF_CONTROL ([DEITY_ID], [AREA_OR_CONTROL]) VALUES (0, 1);
INSERT INTO DEITY_AREA_OF_CONTROL ([DEITY_ID], [AREA_OR_CONTROL]) VALUES (0, 2);
INSERT INTO DEITY_AREA_OF_CONTROL ([DEITY_ID], [AREA_OR_CONTROL]) VALUES (1, 3);
INSERT INTO DEITY_AREA_OF_CONTROL ([DEITY_ID], [AREA_OR_CONTROL]) VALUES (1, 4);
INSERT INTO DEITY_AREA_OF_CONTROL ([DEITY_ID], [AREA_OR_CONTROL]) VALUES (1, 5);
INSERT INTO DEITY_AREA_OF_CONTROL ([DEITY_ID], [AREA_OR_CONTROL]) VALUES (1, 6);
INSERT INTO DEITY_AREA_OF_CONTROL ([DEITY_ID], [AREA_OR_CONTROL]) VALUES (1, 7);
INSERT INTO DEITY_AREA_OF_CONTROL ([DEITY_ID], [AREA_OR_CONTROL]) VALUES (1, 8);
INSERT INTO DEITY_AREA_OF_CONTROL ([DEITY_ID], [AREA_OR_CONTROL]) VALUES (1, 9);
INSERT INTO DEITY_AREA_OF_CONTROL ([DEITY_ID], [AREA_OR_CONTROL]) VALUES (1, 10);
INSERT INTO DEITY_AREA_OF_CONTROL ([DEITY_ID], [AREA_OR_CONTROL]) VALUES (1, 11);
INSERT INTO DEITY_AREA_OF_CONTROL ([DEITY_ID], [AREA_OR_CONTROL]) VALUES (2, 12);
INSERT INTO DEITY_AREA_OF_CONTROL ([DEITY_ID], [AREA_OR_CONTROL]) VALUES (2, 13);
INSERT INTO DEITY_AREA_OF_CONTROL ([DEITY_ID], [AREA_OR_CONTROL]) VALUES (2, 14);
INSERT INTO DEITY_AREA_OF_CONTROL ([DEITY_ID], [AREA_OR_CONTROL]) VALUES (3, 15);
INSERT INTO DEITY_AREA_OF_CONTROL ([DEITY_ID], [AREA_OR_CONTROL]) VALUES (3, 16);
INSERT INTO DEITY_AREA_OF_CONTROL ([DEITY_ID], [AREA_OR_CONTROL]) VALUES (3, 17);
INSERT INTO DEITY_AREA_OF_CONTROL ([DEITY_ID], [AREA_OR_CONTROL]) VALUES (4, 18);
INSERT INTO DEITY_AREA_OF_CONTROL ([DEITY_ID], [AREA_OR_CONTROL]) VALUES (4, 19);
INSERT INTO DEITY_AREA_OF_CONTROL ([DEITY_ID], [AREA_OR_CONTROL]) VALUES (4, 20);
INSERT INTO DEITY_AREA_OF_CONTROL ([DEITY_ID], [AREA_OR_CONTROL]) VALUES (4, 21);
INSERT INTO DEITY_AREA_OF_CONTROL ([DEITY_ID], [AREA_OR_CONTROL]) VALUES (4, 22);
INSERT INTO DEITY_AREA_OF_CONTROL ([DEITY_ID], [AREA_OR_CONTROL]) VALUES (4, 23);
INSERT INTO DEITY_AREA_OF_CONTROL ([DEITY_ID], [AREA_OR_CONTROL]) VALUES (4, 24);
INSERT INTO DEITY_AREA_OF_CONTROL ([DEITY_ID], [AREA_OR_CONTROL]) VALUES (4, 25);
INSERT INTO DEITY_AREA_OF_CONTROL ([DEITY_ID], [AREA_OR_CONTROL]) VALUES (5, 26);
INSERT INTO DEITY_AREA_OF_CONTROL ([DEITY_ID], [AREA_OR_CONTROL]) VALUES (5, 27);
INSERT INTO DEITY_AREA_OF_CONTROL ([DEITY_ID], [AREA_OR_CONTROL]) VALUES (5, 28);
INSERT INTO DEITY_AREA_OF_CONTROL ([DEITY_ID], [AREA_OR_CONTROL]) VALUES (5, 29);
INSERT INTO DEITY_AREA_OF_CONTROL ([DEITY_ID], [AREA_OR_CONTROL]) VALUES (5, 30);
INSERT INTO DEITY_AREA_OF_CONTROL ([DEITY_ID], [AREA_OR_CONTROL]) VALUES (5, 31);
INSERT INTO DEITY_AREA_OF_CONTROL ([DEITY_ID], [AREA_OR_CONTROL]) VALUES (6, 32);
INSERT INTO DEITY_AREA_OF_CONTROL ([DEITY_ID], [AREA_OR_CONTROL]) VALUES (6, 33);
INSERT INTO DEITY_AREA_OF_CONTROL ([DEITY_ID], [AREA_OR_CONTROL]) VALUES (6, 34);
INSERT INTO DEITY_AREA_OF_CONTROL ([DEITY_ID], [AREA_OR_CONTROL]) VALUES (6, 35);
INSERT INTO DEITY_AREA_OF_CONTROL ([DEITY_ID], [AREA_OR_CONTROL]) VALUES (7, 36);
INSERT INTO DEITY_AREA_OF_CONTROL ([DEITY_ID], [AREA_OR_CONTROL]) VALUES (8, 37);
INSERT INTO DEITY_AREA_OF_CONTROL ([DEITY_ID], [AREA_OR_CONTROL]) VALUES (8, 38);
INSERT INTO DEITY_AREA_OF_CONTROL ([DEITY_ID], [AREA_OR_CONTROL]) VALUES (8, 39);
INSERT INTO DEITY_AREA_OF_CONTROL ([DEITY_ID], [AREA_OR_CONTROL]) VALUES (8, 40);
INSERT INTO DEITY_AREA_OF_CONTROL ([DEITY_ID], [AREA_OR_CONTROL]) VALUES (8, 41);
INSERT INTO DEITY_AREA_OF_CONTROL ([DEITY_ID], [AREA_OR_CONTROL]) VALUES (9, 42);
INSERT INTO DEITY_AREA_OF_CONTROL ([DEITY_ID], [AREA_OR_CONTROL]) VALUES (9, 43);
INSERT INTO DEITY_AREA_OF_CONTROL ([DEITY_ID], [AREA_OR_CONTROL]) VALUES (9, 44);
INSERT INTO DEITY_AREA_OF_CONTROL ([DEITY_ID], [AREA_OR_CONTROL]) VALUES (9, 45);
INSERT INTO DEITY_AREA_OF_CONTROL ([DEITY_ID], [AREA_OR_CONTROL]) VALUES (9, 46);
INSERT INTO DEITY_AREA_OF_CONTROL ([DEITY_ID], [AREA_OR_CONTROL]) VALUES (9, 47);
INSERT INTO DEITY_AREA_OF_CONTROL ([DEITY_ID], [AREA_OR_CONTROL]) VALUES (9, 5);
INSERT INTO DEITY_AREA_OF_CONTROL ([DEITY_ID], [AREA_OR_CONTROL]) VALUES (9, 48);
INSERT INTO DEITY_AREA_OF_CONTROL ([DEITY_ID], [AREA_OR_CONTROL]) VALUES (9, 49);
INSERT INTO DEITY_AREA_OF_CONTROL ([DEITY_ID], [AREA_OR_CONTROL]) VALUES (9, 50);
INSERT INTO DEITY_AREA_OF_CONTROL ([DEITY_ID], [AREA_OR_CONTROL]) VALUES (9, 51);
INSERT INTO DEITY_AREA_OF_CONTROL ([DEITY_ID], [AREA_OR_CONTROL]) VALUES (9, 9);
INSERT INTO DEITY_AREA_OF_CONTROL ([DEITY_ID], [AREA_OR_CONTROL]) VALUES (10, 52);
INSERT INTO DEITY_AREA_OF_CONTROL ([DEITY_ID], [AREA_OR_CONTROL]) VALUES (10, 53);
INSERT INTO DEITY_AREA_OF_CONTROL ([DEITY_ID], [AREA_OR_CONTROL]) VALUES (10, 54);
INSERT INTO DEITY_AREA_OF_CONTROL ([DEITY_ID], [AREA_OR_CONTROL]) VALUES (10, 55);
INSERT INTO DEITY_AREA_OF_CONTROL ([DEITY_ID], [AREA_OR_CONTROL]) VALUES (10, 15);
INSERT INTO DEITY_AREA_OF_CONTROL ([DEITY_ID], [AREA_OR_CONTROL]) VALUES (10, 14);
INSERT INTO DEITY_AREA_OF_CONTROL ([DEITY_ID], [AREA_OR_CONTROL]) VALUES (10, 56);
INSERT INTO DEITY_AREA_OF_CONTROL ([DEITY_ID], [AREA_OR_CONTROL]) VALUES (10, 57);
INSERT INTO DEITY_AREA_OF_CONTROL ([DEITY_ID], [AREA_OR_CONTROL]) VALUES (10, 58);

COMMIT TRANSACTION;

-----------------------------------------------------------------------------------------------------------

BEGIN TRANSACTION;

INSERT INTO WORSHIPPER_ALIGNMENT ([DEITY_ID], [MORAL_ALIGNMENT]) VALUES (0, 260);
INSERT INTO WORSHIPPER_ALIGNMENT ([DEITY_ID], [MORAL_ALIGNMENT]) VALUES (0, 516);
INSERT INTO WORSHIPPER_ALIGNMENT ([DEITY_ID], [MORAL_ALIGNMENT]) VALUES (0, 1028);
INSERT INTO WORSHIPPER_ALIGNMENT ([DEITY_ID], [MORAL_ALIGNMENT]) VALUES (1, 257);
INSERT INTO WORSHIPPER_ALIGNMENT ([DEITY_ID], [MORAL_ALIGNMENT]) VALUES (1, 258);
INSERT INTO WORSHIPPER_ALIGNMENT ([DEITY_ID], [MORAL_ALIGNMENT]) VALUES (1, 513);
INSERT INTO WORSHIPPER_ALIGNMENT ([DEITY_ID], [MORAL_ALIGNMENT]) VALUES (1, 1025);
INSERT INTO WORSHIPPER_ALIGNMENT ([DEITY_ID], [MORAL_ALIGNMENT]) VALUES (2, 257);
INSERT INTO WORSHIPPER_ALIGNMENT ([DEITY_ID], [MORAL_ALIGNMENT]) VALUES (2, 258);
INSERT INTO WORSHIPPER_ALIGNMENT ([DEITY_ID], [MORAL_ALIGNMENT]) VALUES (2, 513);
INSERT INTO WORSHIPPER_ALIGNMENT ([DEITY_ID], [MORAL_ALIGNMENT]) VALUES (2, 514);
INSERT INTO WORSHIPPER_ALIGNMENT ([DEITY_ID], [MORAL_ALIGNMENT]) VALUES (2, 1025);
INSERT INTO WORSHIPPER_ALIGNMENT ([DEITY_ID], [MORAL_ALIGNMENT]) VALUES (2, 1026);
INSERT INTO WORSHIPPER_ALIGNMENT ([DEITY_ID], [MORAL_ALIGNMENT]) VALUES (3, 257);
INSERT INTO WORSHIPPER_ALIGNMENT ([DEITY_ID], [MORAL_ALIGNMENT]) VALUES (3, 258);
INSERT INTO WORSHIPPER_ALIGNMENT ([DEITY_ID], [MORAL_ALIGNMENT]) VALUES (3, 260);
INSERT INTO WORSHIPPER_ALIGNMENT ([DEITY_ID], [MORAL_ALIGNMENT]) VALUES (3, 513);
INSERT INTO WORSHIPPER_ALIGNMENT ([DEITY_ID], [MORAL_ALIGNMENT]) VALUES (3, 514);
INSERT INTO WORSHIPPER_ALIGNMENT ([DEITY_ID], [MORAL_ALIGNMENT]) VALUES (3, 516);
INSERT INTO WORSHIPPER_ALIGNMENT ([DEITY_ID], [MORAL_ALIGNMENT]) VALUES (3, 1025);
INSERT INTO WORSHIPPER_ALIGNMENT ([DEITY_ID], [MORAL_ALIGNMENT]) VALUES (3, 1026);
INSERT INTO WORSHIPPER_ALIGNMENT ([DEITY_ID], [MORAL_ALIGNMENT]) VALUES (3, 1028);
INSERT INTO WORSHIPPER_ALIGNMENT ([DEITY_ID], [MORAL_ALIGNMENT]) VALUES (4, 257);
INSERT INTO WORSHIPPER_ALIGNMENT ([DEITY_ID], [MORAL_ALIGNMENT]) VALUES (4, 258);
INSERT INTO WORSHIPPER_ALIGNMENT ([DEITY_ID], [MORAL_ALIGNMENT]) VALUES (4, 513);
INSERT INTO WORSHIPPER_ALIGNMENT ([DEITY_ID], [MORAL_ALIGNMENT]) VALUES (4, 514);
INSERT INTO WORSHIPPER_ALIGNMENT ([DEITY_ID], [MORAL_ALIGNMENT]) VALUES (4, 1025);
INSERT INTO WORSHIPPER_ALIGNMENT ([DEITY_ID], [MORAL_ALIGNMENT]) VALUES (4, 1026);
INSERT INTO WORSHIPPER_ALIGNMENT ([DEITY_ID], [MORAL_ALIGNMENT]) VALUES (5, 260);
INSERT INTO WORSHIPPER_ALIGNMENT ([DEITY_ID], [MORAL_ALIGNMENT]) VALUES (5, 516);
INSERT INTO WORSHIPPER_ALIGNMENT ([DEITY_ID], [MORAL_ALIGNMENT]) VALUES (5, 1026);
INSERT INTO WORSHIPPER_ALIGNMENT ([DEITY_ID], [MORAL_ALIGNMENT]) VALUES (5, 1028);
INSERT INTO WORSHIPPER_ALIGNMENT ([DEITY_ID], [MORAL_ALIGNMENT]) VALUES (6, 257);
INSERT INTO WORSHIPPER_ALIGNMENT ([DEITY_ID], [MORAL_ALIGNMENT]) VALUES (6, 258);
INSERT INTO WORSHIPPER_ALIGNMENT ([DEITY_ID], [MORAL_ALIGNMENT]) VALUES (6, 513);
INSERT INTO WORSHIPPER_ALIGNMENT ([DEITY_ID], [MORAL_ALIGNMENT]) VALUES (6, 1025);
INSERT INTO WORSHIPPER_ALIGNMENT ([DEITY_ID], [MORAL_ALIGNMENT]) VALUES (7, 257);
INSERT INTO WORSHIPPER_ALIGNMENT ([DEITY_ID], [MORAL_ALIGNMENT]) VALUES (7, 258);
INSERT INTO WORSHIPPER_ALIGNMENT ([DEITY_ID], [MORAL_ALIGNMENT]) VALUES (7, 513);
INSERT INTO WORSHIPPER_ALIGNMENT ([DEITY_ID], [MORAL_ALIGNMENT]) VALUES (8, 257);
INSERT INTO WORSHIPPER_ALIGNMENT ([DEITY_ID], [MORAL_ALIGNMENT]) VALUES (8, 258);
INSERT INTO WORSHIPPER_ALIGNMENT ([DEITY_ID], [MORAL_ALIGNMENT]) VALUES (8, 513);
INSERT INTO WORSHIPPER_ALIGNMENT ([DEITY_ID], [MORAL_ALIGNMENT]) VALUES (8, 514);
INSERT INTO WORSHIPPER_ALIGNMENT ([DEITY_ID], [MORAL_ALIGNMENT]) VALUES (8, 1025);
INSERT INTO WORSHIPPER_ALIGNMENT ([DEITY_ID], [MORAL_ALIGNMENT]) VALUES (8, 1026);

INSERT INTO WORSHIPPER_ALIGNMENT ([DEITY_ID], [MORAL_ALIGNMENT]) VALUES (9, 257);
INSERT INTO WORSHIPPER_ALIGNMENT ([DEITY_ID], [MORAL_ALIGNMENT]) VALUES (9, 258);
INSERT INTO WORSHIPPER_ALIGNMENT ([DEITY_ID], [MORAL_ALIGNMENT]) VALUES (9, 260);
INSERT INTO WORSHIPPER_ALIGNMENT ([DEITY_ID], [MORAL_ALIGNMENT]) VALUES (9, 513);
INSERT INTO WORSHIPPER_ALIGNMENT ([DEITY_ID], [MORAL_ALIGNMENT]) VALUES (9, 514);
INSERT INTO WORSHIPPER_ALIGNMENT ([DEITY_ID], [MORAL_ALIGNMENT]) VALUES (9, 516);
INSERT INTO WORSHIPPER_ALIGNMENT ([DEITY_ID], [MORAL_ALIGNMENT]) VALUES (9, 1025);
INSERT INTO WORSHIPPER_ALIGNMENT ([DEITY_ID], [MORAL_ALIGNMENT]) VALUES (9, 1026);
INSERT INTO WORSHIPPER_ALIGNMENT ([DEITY_ID], [MORAL_ALIGNMENT]) VALUES (9, 1028);

INSERT INTO WORSHIPPER_ALIGNMENT ([DEITY_ID], [MORAL_ALIGNMENT]) VALUES (10, 257);
INSERT INTO WORSHIPPER_ALIGNMENT ([DEITY_ID], [MORAL_ALIGNMENT]) VALUES (10, 258);
INSERT INTO WORSHIPPER_ALIGNMENT ([DEITY_ID], [MORAL_ALIGNMENT]) VALUES (10, 513);
INSERT INTO WORSHIPPER_ALIGNMENT ([DEITY_ID], [MORAL_ALIGNMENT]) VALUES (10, 514);
INSERT INTO WORSHIPPER_ALIGNMENT ([DEITY_ID], [MORAL_ALIGNMENT]) VALUES (10, 1025);
INSERT INTO WORSHIPPER_ALIGNMENT ([DEITY_ID], [MORAL_ALIGNMENT]) VALUES (10, 1026);

INSERT INTO WORSHIPPER_ALIGNMENT ([DEITY_ID], [MORAL_ALIGNMENT]) VALUES (11, 258);
INSERT INTO WORSHIPPER_ALIGNMENT ([DEITY_ID], [MORAL_ALIGNMENT]) VALUES (11, 514);
INSERT INTO WORSHIPPER_ALIGNMENT ([DEITY_ID], [MORAL_ALIGNMENT]) VALUES (11, 1026);

INSERT INTO WORSHIPPER_ALIGNMENT ([DEITY_ID], [MORAL_ALIGNMENT]) VALUES (12, 257);
INSERT INTO WORSHIPPER_ALIGNMENT ([DEITY_ID], [MORAL_ALIGNMENT]) VALUES (12, 258);
INSERT INTO WORSHIPPER_ALIGNMENT ([DEITY_ID], [MORAL_ALIGNMENT]) VALUES (12, 513);
INSERT INTO WORSHIPPER_ALIGNMENT ([DEITY_ID], [MORAL_ALIGNMENT]) VALUES (12, 514);
INSERT INTO WORSHIPPER_ALIGNMENT ([DEITY_ID], [MORAL_ALIGNMENT]) VALUES (12, 1025);
INSERT INTO WORSHIPPER_ALIGNMENT ([DEITY_ID], [MORAL_ALIGNMENT]) VALUES (12, 1026);

INSERT INTO WORSHIPPER_ALIGNMENT ([DEITY_ID], [MORAL_ALIGNMENT]) VALUES (13, 1028);

INSERT INTO WORSHIPPER_ALIGNMENT ([DEITY_ID], [MORAL_ALIGNMENT]) VALUES (14, 257);
INSERT INTO WORSHIPPER_ALIGNMENT ([DEITY_ID], [MORAL_ALIGNMENT]) VALUES (14, 258);
INSERT INTO WORSHIPPER_ALIGNMENT ([DEITY_ID], [MORAL_ALIGNMENT]) VALUES (14, 513);

INSERT INTO WORSHIPPER_ALIGNMENT ([DEITY_ID], [MORAL_ALIGNMENT]) VALUES (15, 258);
INSERT INTO WORSHIPPER_ALIGNMENT ([DEITY_ID], [MORAL_ALIGNMENT]) VALUES (15, 260);
INSERT INTO WORSHIPPER_ALIGNMENT ([DEITY_ID], [MORAL_ALIGNMENT]) VALUES (15, 514);
INSERT INTO WORSHIPPER_ALIGNMENT ([DEITY_ID], [MORAL_ALIGNMENT]) VALUES (15, 516);
INSERT INTO WORSHIPPER_ALIGNMENT ([DEITY_ID], [MORAL_ALIGNMENT]) VALUES (15, 1026);
INSERT INTO WORSHIPPER_ALIGNMENT ([DEITY_ID], [MORAL_ALIGNMENT]) VALUES (15, 1028);

INSERT INTO WORSHIPPER_ALIGNMENT ([DEITY_ID], [MORAL_ALIGNMENT]) VALUES (16, 257);
INSERT INTO WORSHIPPER_ALIGNMENT ([DEITY_ID], [MORAL_ALIGNMENT]) VALUES (16, 258);
INSERT INTO WORSHIPPER_ALIGNMENT ([DEITY_ID], [MORAL_ALIGNMENT]) VALUES (16, 260);
INSERT INTO WORSHIPPER_ALIGNMENT ([DEITY_ID], [MORAL_ALIGNMENT]) VALUES (16, 513);
INSERT INTO WORSHIPPER_ALIGNMENT ([DEITY_ID], [MORAL_ALIGNMENT]) VALUES (16, 514);
INSERT INTO WORSHIPPER_ALIGNMENT ([DEITY_ID], [MORAL_ALIGNMENT]) VALUES (16, 516);
INSERT INTO WORSHIPPER_ALIGNMENT ([DEITY_ID], [MORAL_ALIGNMENT]) VALUES (16, 1025);
INSERT INTO WORSHIPPER_ALIGNMENT ([DEITY_ID], [MORAL_ALIGNMENT]) VALUES (16, 1026);
INSERT INTO WORSHIPPER_ALIGNMENT ([DEITY_ID], [MORAL_ALIGNMENT]) VALUES (16, 1028);

COMMIT TRANSACTION;

-----------------------------------------------------------------------------------------------------------

BEGIN TRANSACTION;

-- Bane
INSERT INTO DEITY_SPHERE_OF_INFLUENCE ([DEITY_ID], [SPHERE_ID], [ACCESS_LEVEL], [MODE]) VALUES (0, 0, NULL, NULL);		--All
INSERT INTO DEITY_SPHERE_OF_INFLUENCE ([DEITY_ID], [SPHERE_ID], [ACCESS_LEVEL], [MODE]) VALUES (0, 4, NULL, NULL);		--Combat
INSERT INTO DEITY_SPHERE_OF_INFLUENCE ([DEITY_ID], [SPHERE_ID], [ACCESS_LEVEL], [MODE]) VALUES (0, 5,    1, NULL);		--Creation
INSERT INTO DEITY_SPHERE_OF_INFLUENCE ([DEITY_ID], [SPHERE_ID], [ACCESS_LEVEL], [MODE]) VALUES (0, 6, NULL, NULL);		--Divination
INSERT INTO DEITY_SPHERE_OF_INFLUENCE ([DEITY_ID], [SPHERE_ID], [ACCESS_LEVEL], [MODE]) VALUES (0, 7, NULL, NULL);		--Elemental
INSERT INTO DEITY_SPHERE_OF_INFLUENCE ([DEITY_ID], [SPHERE_ID], [ACCESS_LEVEL], [MODE]) VALUES (0, 8, NULL, NULL);		--Guardian
INSERT INTO DEITY_SPHERE_OF_INFLUENCE ([DEITY_ID], [SPHERE_ID], [ACCESS_LEVEL], [MODE]) VALUES (0, 9, NULL, NULL);		--Healing
INSERT INTO DEITY_SPHERE_OF_INFLUENCE ([DEITY_ID], [SPHERE_ID], [ACCESS_LEVEL], [MODE]) VALUES (0, 10, NULL, NULL);		--Law
INSERT INTO DEITY_SPHERE_OF_INFLUENCE ([DEITY_ID], [SPHERE_ID], [ACCESS_LEVEL], [MODE]) VALUES (0, 11, NULL, NULL);		--Necromantic
INSERT INTO DEITY_SPHERE_OF_INFLUENCE ([DEITY_ID], [SPHERE_ID], [ACCESS_LEVEL], [MODE]) VALUES (0, 12,    1, NULL);		--Numbers
INSERT INTO DEITY_SPHERE_OF_INFLUENCE ([DEITY_ID], [SPHERE_ID], [ACCESS_LEVEL], [MODE]) VALUES (0, 15, NULL, NULL);		--Summoning
INSERT INTO DEITY_SPHERE_OF_INFLUENCE ([DEITY_ID], [SPHERE_ID], [ACCESS_LEVEL], [MODE]) VALUES (0, 18,    1,    1);		--Sun
INSERT INTO DEITY_SPHERE_OF_INFLUENCE ([DEITY_ID], [SPHERE_ID], [ACCESS_LEVEL], [MODE]) VALUES (0, 19, NULL, NULL);		--War

-- Lathander
INSERT INTO DEITY_SPHERE_OF_INFLUENCE ([DEITY_ID], [SPHERE_ID], [ACCESS_LEVEL], [MODE]) VALUES (1, 0,  NULL, NULL);	--All
INSERT INTO DEITY_SPHERE_OF_INFLUENCE ([DEITY_ID], [SPHERE_ID], [ACCESS_LEVEL], [MODE]) VALUES (1, 2,  NULL, NULL);	--Astral
INSERT INTO DEITY_SPHERE_OF_INFLUENCE ([DEITY_ID], [SPHERE_ID], [ACCESS_LEVEL], [MODE]) VALUES (1, 3,  NULL, NULL);	--Charm
INSERT INTO DEITY_SPHERE_OF_INFLUENCE ([DEITY_ID], [SPHERE_ID], [ACCESS_LEVEL], [MODE]) VALUES (1, 4,     1, NULL);	--Combat
INSERT INTO DEITY_SPHERE_OF_INFLUENCE ([DEITY_ID], [SPHERE_ID], [ACCESS_LEVEL], [MODE]) VALUES (1, 5,  NULL, NULL);	--Creation
INSERT INTO DEITY_SPHERE_OF_INFLUENCE ([DEITY_ID], [SPHERE_ID], [ACCESS_LEVEL], [MODE]) VALUES (1, 6,     1, NULL);	--Divination
INSERT INTO DEITY_SPHERE_OF_INFLUENCE ([DEITY_ID], [SPHERE_ID], [ACCESS_LEVEL], [MODE]) VALUES (1, 7,  NULL, NULL);	--Elemental
INSERT INTO DEITY_SPHERE_OF_INFLUENCE ([DEITY_ID], [SPHERE_ID], [ACCESS_LEVEL], [MODE]) VALUES (1, 8,     1, NULL);	--Guardian
INSERT INTO DEITY_SPHERE_OF_INFLUENCE ([DEITY_ID], [SPHERE_ID], [ACCESS_LEVEL], [MODE]) VALUES (1, 9,  NULL, NULL);	--Healing
INSERT INTO DEITY_SPHERE_OF_INFLUENCE ([DEITY_ID], [SPHERE_ID], [ACCESS_LEVEL], [MODE]) VALUES (1, 11, NULL, NULL);	--Necromantic --???TODO Vedere note
INSERT INTO DEITY_SPHERE_OF_INFLUENCE ([DEITY_ID], [SPHERE_ID], [ACCESS_LEVEL], [MODE]) VALUES (1, 13, NULL, NULL);	--Plant
INSERT INTO DEITY_SPHERE_OF_INFLUENCE ([DEITY_ID], [SPHERE_ID], [ACCESS_LEVEL], [MODE]) VALUES (1, 16, NULL, NULL);	--Thought
INSERT INTO DEITY_SPHERE_OF_INFLUENCE ([DEITY_ID], [SPHERE_ID], [ACCESS_LEVEL], [MODE]) VALUES (1, 17, NULL, NULL);	--Time
INSERT INTO DEITY_SPHERE_OF_INFLUENCE ([DEITY_ID], [SPHERE_ID], [ACCESS_LEVEL], [MODE]) VALUES (1, 18, NULL, NULL);	--Sun
INSERT INTO DEITY_SPHERE_OF_INFLUENCE ([DEITY_ID], [SPHERE_ID], [ACCESS_LEVEL], [MODE]) VALUES (1, 20, NULL, NULL);	--Wards
INSERT INTO DEITY_SPHERE_OF_INFLUENCE ([DEITY_ID], [SPHERE_ID], [ACCESS_LEVEL], [MODE]) VALUES (1, 21, NULL, NULL);	--Wheather

-- Helm
--INSERT INTO DEITY_SPHERE_OF_INFLUENCE ([DEITY_ID], [SPHERE_ID], [ACCESS_LEVEL], [MODE]) VALUES (2, 0,  NULL, NULL);	--All
--INSERT INTO DEITY_SPHERE_OF_INFLUENCE ([DEITY_ID], [SPHERE_ID], [ACCESS_LEVEL], [MODE]) VALUES (2, 1,  NULL, NULL);	--Animal
--INSERT INTO DEITY_SPHERE_OF_INFLUENCE ([DEITY_ID], [SPHERE_ID], [ACCESS_LEVEL], [MODE]) VALUES (2, 2,  NULL, NULL);	--Astral
--INSERT INTO DEITY_SPHERE_OF_INFLUENCE ([DEITY_ID], [SPHERE_ID], [ACCESS_LEVEL], [MODE]) VALUES (2, 3,  NULL, NULL);	--Charm
--INSERT INTO DEITY_SPHERE_OF_INFLUENCE ([DEITY_ID], [SPHERE_ID], [ACCESS_LEVEL], [MODE]) VALUES (2, 4,  NULL, NULL);	--Combat
--INSERT INTO DEITY_SPHERE_OF_INFLUENCE ([DEITY_ID], [SPHERE_ID], [ACCESS_LEVEL], [MODE]) VALUES (2, 5,  NULL, NULL);	--Creation
--INSERT INTO DEITY_SPHERE_OF_INFLUENCE ([DEITY_ID], [SPHERE_ID], [ACCESS_LEVEL], [MODE]) VALUES (2, 6,  NULL, NULL);	--Divination
--INSERT INTO DEITY_SPHERE_OF_INFLUENCE ([DEITY_ID], [SPHERE_ID], [ACCESS_LEVEL], [MODE]) VALUES (2, 7,  NULL, NULL);	--Elemental
--INSERT INTO DEITY_SPHERE_OF_INFLUENCE ([DEITY_ID], [SPHERE_ID], [ACCESS_LEVEL], [MODE]) VALUES (2, 8,  NULL, NULL);	--Guardian
--INSERT INTO DEITY_SPHERE_OF_INFLUENCE ([DEITY_ID], [SPHERE_ID], [ACCESS_LEVEL], [MODE]) VALUES (2, 9,  NULL, NULL);	--Healing
--INSERT INTO DEITY_SPHERE_OF_INFLUENCE ([DEITY_ID], [SPHERE_ID], [ACCESS_LEVEL], [MODE]) VALUES (2, 10, NULL, NULL);	--Law
--INSERT INTO DEITY_SPHERE_OF_INFLUENCE ([DEITY_ID], [SPHERE_ID], [ACCESS_LEVEL], [MODE]) VALUES (2, 11, NULL, NULL);	--Necromantic
--INSERT INTO DEITY_SPHERE_OF_INFLUENCE ([DEITY_ID], [SPHERE_ID], [ACCESS_LEVEL], [MODE]) VALUES (2, 12, NULL, NULL);	--Numbers
--INSERT INTO DEITY_SPHERE_OF_INFLUENCE ([DEITY_ID], [SPHERE_ID], [ACCESS_LEVEL], [MODE]) VALUES (2, 13, NULL, NULL);	--Plant
--INSERT INTO DEITY_SPHERE_OF_INFLUENCE ([DEITY_ID], [SPHERE_ID], [ACCESS_LEVEL], [MODE]) VALUES (2, 14, NULL, NULL);	--Protection
--INSERT INTO DEITY_SPHERE_OF_INFLUENCE ([DEITY_ID], [SPHERE_ID], [ACCESS_LEVEL], [MODE]) VALUES (2, 15, NULL, NULL);	--Summoning
--INSERT INTO DEITY_SPHERE_OF_INFLUENCE ([DEITY_ID], [SPHERE_ID], [ACCESS_LEVEL], [MODE]) VALUES (2, 16, NULL, NULL);	--Thought
--INSERT INTO DEITY_SPHERE_OF_INFLUENCE ([DEITY_ID], [SPHERE_ID], [ACCESS_LEVEL], [MODE]) VALUES (2, 17, NULL, NULL);	--Time
--INSERT INTO DEITY_SPHERE_OF_INFLUENCE ([DEITY_ID], [SPHERE_ID], [ACCESS_LEVEL], [MODE]) VALUES (2, 18, NULL, NULL);	--Sun
--INSERT INTO DEITY_SPHERE_OF_INFLUENCE ([DEITY_ID], [SPHERE_ID], [ACCESS_LEVEL], [MODE]) VALUES (2, 19, NULL, NULL);	--War
--INSERT INTO DEITY_SPHERE_OF_INFLUENCE ([DEITY_ID], [SPHERE_ID], [ACCESS_LEVEL], [MODE]) VALUES (2, 20, NULL, NULL);	--Wards
--INSERT INTO DEITY_SPHERE_OF_INFLUENCE ([DEITY_ID], [SPHERE_ID], [ACCESS_LEVEL], [MODE]) VALUES (2, 21, NULL, NULL);	--Wheather

-- Tempus
--INSERT INTO DEITY_SPHERE_OF_INFLUENCE ([DEITY_ID], [SPHERE_ID], [ACCESS_LEVEL], [MODE]) VALUES (3, 0,  NULL, NULL);	--All
--INSERT INTO DEITY_SPHERE_OF_INFLUENCE ([DEITY_ID], [SPHERE_ID], [ACCESS_LEVEL], [MODE]) VALUES (3, 1,  NULL, NULL);	--Animal
--INSERT INTO DEITY_SPHERE_OF_INFLUENCE ([DEITY_ID], [SPHERE_ID], [ACCESS_LEVEL], [MODE]) VALUES (3, 2,  NULL, NULL);	--Astral
--INSERT INTO DEITY_SPHERE_OF_INFLUENCE ([DEITY_ID], [SPHERE_ID], [ACCESS_LEVEL], [MODE]) VALUES (3, 3,  NULL, NULL);	--Charm
--INSERT INTO DEITY_SPHERE_OF_INFLUENCE ([DEITY_ID], [SPHERE_ID], [ACCESS_LEVEL], [MODE]) VALUES (3, 4,  NULL, NULL);	--Combat
--INSERT INTO DEITY_SPHERE_OF_INFLUENCE ([DEITY_ID], [SPHERE_ID], [ACCESS_LEVEL], [MODE]) VALUES (3, 5,  NULL, NULL);	--Creation
--INSERT INTO DEITY_SPHERE_OF_INFLUENCE ([DEITY_ID], [SPHERE_ID], [ACCESS_LEVEL], [MODE]) VALUES (3, 6,  NULL, NULL);	--Divination
--INSERT INTO DEITY_SPHERE_OF_INFLUENCE ([DEITY_ID], [SPHERE_ID], [ACCESS_LEVEL], [MODE]) VALUES (3, 7,  NULL, NULL);	--Elemental
--INSERT INTO DEITY_SPHERE_OF_INFLUENCE ([DEITY_ID], [SPHERE_ID], [ACCESS_LEVEL], [MODE]) VALUES (3, 8,  NULL, NULL);	--Guardian
--INSERT INTO DEITY_SPHERE_OF_INFLUENCE ([DEITY_ID], [SPHERE_ID], [ACCESS_LEVEL], [MODE]) VALUES (3, 9,  NULL, NULL);	--Healing
--INSERT INTO DEITY_SPHERE_OF_INFLUENCE ([DEITY_ID], [SPHERE_ID], [ACCESS_LEVEL], [MODE]) VALUES (3, 10, NULL, NULL);	--Law
--INSERT INTO DEITY_SPHERE_OF_INFLUENCE ([DEITY_ID], [SPHERE_ID], [ACCESS_LEVEL], [MODE]) VALUES (3, 11, NULL, NULL);	--Necromantic
--INSERT INTO DEITY_SPHERE_OF_INFLUENCE ([DEITY_ID], [SPHERE_ID], [ACCESS_LEVEL], [MODE]) VALUES (3, 12, NULL, NULL);	--Numbers
--INSERT INTO DEITY_SPHERE_OF_INFLUENCE ([DEITY_ID], [SPHERE_ID], [ACCESS_LEVEL], [MODE]) VALUES (3, 13, NULL, NULL);	--Plant
--INSERT INTO DEITY_SPHERE_OF_INFLUENCE ([DEITY_ID], [SPHERE_ID], [ACCESS_LEVEL], [MODE]) VALUES (3, 14, NULL, NULL);	--Protection
--INSERT INTO DEITY_SPHERE_OF_INFLUENCE ([DEITY_ID], [SPHERE_ID], [ACCESS_LEVEL], [MODE]) VALUES (3, 15, NULL, NULL);	--Summoning
--INSERT INTO DEITY_SPHERE_OF_INFLUENCE ([DEITY_ID], [SPHERE_ID], [ACCESS_LEVEL], [MODE]) VALUES (3, 16, NULL, NULL);	--Thought
--INSERT INTO DEITY_SPHERE_OF_INFLUENCE ([DEITY_ID], [SPHERE_ID], [ACCESS_LEVEL], [MODE]) VALUES (3, 17, NULL, NULL);	--Time
--INSERT INTO DEITY_SPHERE_OF_INFLUENCE ([DEITY_ID], [SPHERE_ID], [ACCESS_LEVEL], [MODE]) VALUES (3, 18, NULL, NULL);	--Sun
--INSERT INTO DEITY_SPHERE_OF_INFLUENCE ([DEITY_ID], [SPHERE_ID], [ACCESS_LEVEL], [MODE]) VALUES (3, 19, NULL, NULL);	--War
--INSERT INTO DEITY_SPHERE_OF_INFLUENCE ([DEITY_ID], [SPHERE_ID], [ACCESS_LEVEL], [MODE]) VALUES (3, 20, NULL, NULL);	--Wards
--INSERT INTO DEITY_SPHERE_OF_INFLUENCE ([DEITY_ID], [SPHERE_ID], [ACCESS_LEVEL], [MODE]) VALUES (3, 21, NULL, NULL);	--Wheather

-- Selune
--INSERT INTO DEITY_SPHERE_OF_INFLUENCE ([DEITY_ID], [SPHERE_ID], [ACCESS_LEVEL], [MODE]) VALUES (4, 0,  NULL, NULL);	--All
--INSERT INTO DEITY_SPHERE_OF_INFLUENCE ([DEITY_ID], [SPHERE_ID], [ACCESS_LEVEL], [MODE]) VALUES (4, 1,  NULL, NULL);	--Animal
--INSERT INTO DEITY_SPHERE_OF_INFLUENCE ([DEITY_ID], [SPHERE_ID], [ACCESS_LEVEL], [MODE]) VALUES (4, 2,  NULL, NULL);	--Astral
--INSERT INTO DEITY_SPHERE_OF_INFLUENCE ([DEITY_ID], [SPHERE_ID], [ACCESS_LEVEL], [MODE]) VALUES (4, 3,  NULL, NULL);	--Charm
--INSERT INTO DEITY_SPHERE_OF_INFLUENCE ([DEITY_ID], [SPHERE_ID], [ACCESS_LEVEL], [MODE]) VALUES (4, 4,  NULL, NULL);	--Combat
--INSERT INTO DEITY_SPHERE_OF_INFLUENCE ([DEITY_ID], [SPHERE_ID], [ACCESS_LEVEL], [MODE]) VALUES (4, 5,  NULL, NULL);	--Creation
--INSERT INTO DEITY_SPHERE_OF_INFLUENCE ([DEITY_ID], [SPHERE_ID], [ACCESS_LEVEL], [MODE]) VALUES (4, 6,  NULL, NULL);	--Divination
--INSERT INTO DEITY_SPHERE_OF_INFLUENCE ([DEITY_ID], [SPHERE_ID], [ACCESS_LEVEL], [MODE]) VALUES (4, 7,  NULL, NULL);	--Elemental
--INSERT INTO DEITY_SPHERE_OF_INFLUENCE ([DEITY_ID], [SPHERE_ID], [ACCESS_LEVEL], [MODE]) VALUES (4, 8,  NULL, NULL);	--Guardian
--INSERT INTO DEITY_SPHERE_OF_INFLUENCE ([DEITY_ID], [SPHERE_ID], [ACCESS_LEVEL], [MODE]) VALUES (4, 9,  NULL, NULL);	--Healing
--INSERT INTO DEITY_SPHERE_OF_INFLUENCE ([DEITY_ID], [SPHERE_ID], [ACCESS_LEVEL], [MODE]) VALUES (4, 10, NULL, NULL);	--Law
--INSERT INTO DEITY_SPHERE_OF_INFLUENCE ([DEITY_ID], [SPHERE_ID], [ACCESS_LEVEL], [MODE]) VALUES (4, 11, NULL, NULL);	--Necromantic
--INSERT INTO DEITY_SPHERE_OF_INFLUENCE ([DEITY_ID], [SPHERE_ID], [ACCESS_LEVEL], [MODE]) VALUES (4, 12, NULL, NULL);	--Numbers
--INSERT INTO DEITY_SPHERE_OF_INFLUENCE ([DEITY_ID], [SPHERE_ID], [ACCESS_LEVEL], [MODE]) VALUES (4, 13, NULL, NULL);	--Plant
--INSERT INTO DEITY_SPHERE_OF_INFLUENCE ([DEITY_ID], [SPHERE_ID], [ACCESS_LEVEL], [MODE]) VALUES (4, 14, NULL, NULL);	--Protection
--INSERT INTO DEITY_SPHERE_OF_INFLUENCE ([DEITY_ID], [SPHERE_ID], [ACCESS_LEVEL], [MODE]) VALUES (4, 15, NULL, NULL);	--Summoning
--INSERT INTO DEITY_SPHERE_OF_INFLUENCE ([DEITY_ID], [SPHERE_ID], [ACCESS_LEVEL], [MODE]) VALUES (4, 16, NULL, NULL);	--Thought
--INSERT INTO DEITY_SPHERE_OF_INFLUENCE ([DEITY_ID], [SPHERE_ID], [ACCESS_LEVEL], [MODE]) VALUES (4, 17, NULL, NULL);	--Time
--INSERT INTO DEITY_SPHERE_OF_INFLUENCE ([DEITY_ID], [SPHERE_ID], [ACCESS_LEVEL], [MODE]) VALUES (4, 18, NULL, NULL);	--Sun
--INSERT INTO DEITY_SPHERE_OF_INFLUENCE ([DEITY_ID], [SPHERE_ID], [ACCESS_LEVEL], [MODE]) VALUES (4, 19, NULL, NULL);	--War
--INSERT INTO DEITY_SPHERE_OF_INFLUENCE ([DEITY_ID], [SPHERE_ID], [ACCESS_LEVEL], [MODE]) VALUES (4, 20, NULL, NULL);	--Wards
--INSERT INTO DEITY_SPHERE_OF_INFLUENCE ([DEITY_ID], [SPHERE_ID], [ACCESS_LEVEL], [MODE]) VALUES (4, 21, NULL, NULL);	--Wheather

-- Lolth
--INSERT INTO DEITY_SPHERE_OF_INFLUENCE ([DEITY_ID], [SPHERE_ID], [ACCESS_LEVEL], [MODE]) VALUES (5, 0,  NULL, NULL);	--All
--INSERT INTO DEITY_SPHERE_OF_INFLUENCE ([DEITY_ID], [SPHERE_ID], [ACCESS_LEVEL], [MODE]) VALUES (5, 1,  NULL, NULL);	--Animal
--INSERT INTO DEITY_SPHERE_OF_INFLUENCE ([DEITY_ID], [SPHERE_ID], [ACCESS_LEVEL], [MODE]) VALUES (5, 2,  NULL, NULL);	--Astral
--INSERT INTO DEITY_SPHERE_OF_INFLUENCE ([DEITY_ID], [SPHERE_ID], [ACCESS_LEVEL], [MODE]) VALUES (5, 3,  NULL, NULL);	--Charm
--INSERT INTO DEITY_SPHERE_OF_INFLUENCE ([DEITY_ID], [SPHERE_ID], [ACCESS_LEVEL], [MODE]) VALUES (5, 4,  NULL, NULL);	--Combat
--INSERT INTO DEITY_SPHERE_OF_INFLUENCE ([DEITY_ID], [SPHERE_ID], [ACCESS_LEVEL], [MODE]) VALUES (5, 5,  NULL, NULL);	--Creation
--INSERT INTO DEITY_SPHERE_OF_INFLUENCE ([DEITY_ID], [SPHERE_ID], [ACCESS_LEVEL], [MODE]) VALUES (5, 6,  NULL, NULL);	--Divination
--INSERT INTO DEITY_SPHERE_OF_INFLUENCE ([DEITY_ID], [SPHERE_ID], [ACCESS_LEVEL], [MODE]) VALUES (5, 7,  NULL, NULL);	--Elemental
--INSERT INTO DEITY_SPHERE_OF_INFLUENCE ([DEITY_ID], [SPHERE_ID], [ACCESS_LEVEL], [MODE]) VALUES (5, 8,  NULL, NULL);	--Guardian
--INSERT INTO DEITY_SPHERE_OF_INFLUENCE ([DEITY_ID], [SPHERE_ID], [ACCESS_LEVEL], [MODE]) VALUES (5, 9,  NULL, NULL);	--Healing
--INSERT INTO DEITY_SPHERE_OF_INFLUENCE ([DEITY_ID], [SPHERE_ID], [ACCESS_LEVEL], [MODE]) VALUES (5, 10, NULL, NULL);	--Law
--INSERT INTO DEITY_SPHERE_OF_INFLUENCE ([DEITY_ID], [SPHERE_ID], [ACCESS_LEVEL], [MODE]) VALUES (5, 11, NULL, NULL);	--Necromantic
--INSERT INTO DEITY_SPHERE_OF_INFLUENCE ([DEITY_ID], [SPHERE_ID], [ACCESS_LEVEL], [MODE]) VALUES (5, 12, NULL, NULL);	--Numbers
--INSERT INTO DEITY_SPHERE_OF_INFLUENCE ([DEITY_ID], [SPHERE_ID], [ACCESS_LEVEL], [MODE]) VALUES (5, 13, NULL, NULL);	--Plant
--INSERT INTO DEITY_SPHERE_OF_INFLUENCE ([DEITY_ID], [SPHERE_ID], [ACCESS_LEVEL], [MODE]) VALUES (5, 14, NULL, NULL);	--Protection
--INSERT INTO DEITY_SPHERE_OF_INFLUENCE ([DEITY_ID], [SPHERE_ID], [ACCESS_LEVEL], [MODE]) VALUES (5, 15, NULL, NULL);	--Summoning
--INSERT INTO DEITY_SPHERE_OF_INFLUENCE ([DEITY_ID], [SPHERE_ID], [ACCESS_LEVEL], [MODE]) VALUES (5, 16, NULL, NULL);	--Thought
--INSERT INTO DEITY_SPHERE_OF_INFLUENCE ([DEITY_ID], [SPHERE_ID], [ACCESS_LEVEL], [MODE]) VALUES (5, 17, NULL, NULL);	--Time
--INSERT INTO DEITY_SPHERE_OF_INFLUENCE ([DEITY_ID], [SPHERE_ID], [ACCESS_LEVEL], [MODE]) VALUES (5, 18, NULL, NULL);	--Sun
--INSERT INTO DEITY_SPHERE_OF_INFLUENCE ([DEITY_ID], [SPHERE_ID], [ACCESS_LEVEL], [MODE]) VALUES (5, 19, NULL, NULL);	--War
--INSERT INTO DEITY_SPHERE_OF_INFLUENCE ([DEITY_ID], [SPHERE_ID], [ACCESS_LEVEL], [MODE]) VALUES (5, 20, NULL, NULL);	--Wards
--INSERT INTO DEITY_SPHERE_OF_INFLUENCE ([DEITY_ID], [SPHERE_ID], [ACCESS_LEVEL], [MODE]) VALUES (5, 21, NULL, NULL);	--Wheather

-- Ilmater
--INSERT INTO DEITY_SPHERE_OF_INFLUENCE ([DEITY_ID], [SPHERE_ID], [ACCESS_LEVEL], [MODE]) VALUES (6, 0,  NULL, NULL);	--All
--INSERT INTO DEITY_SPHERE_OF_INFLUENCE ([DEITY_ID], [SPHERE_ID], [ACCESS_LEVEL], [MODE]) VALUES (6, 1,  NULL, NULL);	--Animal
--INSERT INTO DEITY_SPHERE_OF_INFLUENCE ([DEITY_ID], [SPHERE_ID], [ACCESS_LEVEL], [MODE]) VALUES (6, 2,  NULL, NULL);	--Astral
--INSERT INTO DEITY_SPHERE_OF_INFLUENCE ([DEITY_ID], [SPHERE_ID], [ACCESS_LEVEL], [MODE]) VALUES (6, 3,  NULL, NULL);	--Charm
--INSERT INTO DEITY_SPHERE_OF_INFLUENCE ([DEITY_ID], [SPHERE_ID], [ACCESS_LEVEL], [MODE]) VALUES (6, 4,  NULL, NULL);	--Combat
--INSERT INTO DEITY_SPHERE_OF_INFLUENCE ([DEITY_ID], [SPHERE_ID], [ACCESS_LEVEL], [MODE]) VALUES (6, 5,  NULL, NULL);	--Creation
--INSERT INTO DEITY_SPHERE_OF_INFLUENCE ([DEITY_ID], [SPHERE_ID], [ACCESS_LEVEL], [MODE]) VALUES (6, 6,  NULL, NULL);	--Divination
--INSERT INTO DEITY_SPHERE_OF_INFLUENCE ([DEITY_ID], [SPHERE_ID], [ACCESS_LEVEL], [MODE]) VALUES (6, 7,  NULL, NULL);	--Elemental
--INSERT INTO DEITY_SPHERE_OF_INFLUENCE ([DEITY_ID], [SPHERE_ID], [ACCESS_LEVEL], [MODE]) VALUES (6, 8,  NULL, NULL);	--Guardian
--INSERT INTO DEITY_SPHERE_OF_INFLUENCE ([DEITY_ID], [SPHERE_ID], [ACCESS_LEVEL], [MODE]) VALUES (6, 9,  NULL, NULL);	--Healing
--INSERT INTO DEITY_SPHERE_OF_INFLUENCE ([DEITY_ID], [SPHERE_ID], [ACCESS_LEVEL], [MODE]) VALUES (6, 10, NULL, NULL);	--Law
--INSERT INTO DEITY_SPHERE_OF_INFLUENCE ([DEITY_ID], [SPHERE_ID], [ACCESS_LEVEL], [MODE]) VALUES (6, 11, NULL, NULL);	--Necromantic
--INSERT INTO DEITY_SPHERE_OF_INFLUENCE ([DEITY_ID], [SPHERE_ID], [ACCESS_LEVEL], [MODE]) VALUES (6, 12, NULL, NULL);	--Numbers
--INSERT INTO DEITY_SPHERE_OF_INFLUENCE ([DEITY_ID], [SPHERE_ID], [ACCESS_LEVEL], [MODE]) VALUES (6, 13, NULL, NULL);	--Plant
--INSERT INTO DEITY_SPHERE_OF_INFLUENCE ([DEITY_ID], [SPHERE_ID], [ACCESS_LEVEL], [MODE]) VALUES (6, 14, NULL, NULL);	--Protection
--INSERT INTO DEITY_SPHERE_OF_INFLUENCE ([DEITY_ID], [SPHERE_ID], [ACCESS_LEVEL], [MODE]) VALUES (6, 15, NULL, NULL);	--Summoning
--INSERT INTO DEITY_SPHERE_OF_INFLUENCE ([DEITY_ID], [SPHERE_ID], [ACCESS_LEVEL], [MODE]) VALUES (6, 16, NULL, NULL);	--Thought
--INSERT INTO DEITY_SPHERE_OF_INFLUENCE ([DEITY_ID], [SPHERE_ID], [ACCESS_LEVEL], [MODE]) VALUES (6, 17, NULL, NULL);	--Time
--INSERT INTO DEITY_SPHERE_OF_INFLUENCE ([DEITY_ID], [SPHERE_ID], [ACCESS_LEVEL], [MODE]) VALUES (6, 18, NULL, NULL);	--Sun
--INSERT INTO DEITY_SPHERE_OF_INFLUENCE ([DEITY_ID], [SPHERE_ID], [ACCESS_LEVEL], [MODE]) VALUES (6, 19, NULL, NULL);	--War
--INSERT INTO DEITY_SPHERE_OF_INFLUENCE ([DEITY_ID], [SPHERE_ID], [ACCESS_LEVEL], [MODE]) VALUES (6, 20, NULL, NULL);	--Wards
--INSERT INTO DEITY_SPHERE_OF_INFLUENCE ([DEITY_ID], [SPHERE_ID], [ACCESS_LEVEL], [MODE]) VALUES (6, 21, NULL, NULL);	--Wheather

-- Tyr
--INSERT INTO DEITY_SPHERE_OF_INFLUENCE ([DEITY_ID], [SPHERE_ID], [ACCESS_LEVEL], [MODE]) VALUES (7, 0,  NULL, NULL);	--All
--INSERT INTO DEITY_SPHERE_OF_INFLUENCE ([DEITY_ID], [SPHERE_ID], [ACCESS_LEVEL], [MODE]) VALUES (7, 1,  NULL, NULL);	--Animal
--INSERT INTO DEITY_SPHERE_OF_INFLUENCE ([DEITY_ID], [SPHERE_ID], [ACCESS_LEVEL], [MODE]) VALUES (7, 2,  NULL, NULL);	--Astral
--INSERT INTO DEITY_SPHERE_OF_INFLUENCE ([DEITY_ID], [SPHERE_ID], [ACCESS_LEVEL], [MODE]) VALUES (7, 3,  NULL, NULL);	--Charm
--INSERT INTO DEITY_SPHERE_OF_INFLUENCE ([DEITY_ID], [SPHERE_ID], [ACCESS_LEVEL], [MODE]) VALUES (7, 4,  NULL, NULL);	--Combat
--INSERT INTO DEITY_SPHERE_OF_INFLUENCE ([DEITY_ID], [SPHERE_ID], [ACCESS_LEVEL], [MODE]) VALUES (7, 5,  NULL, NULL);	--Creation
--INSERT INTO DEITY_SPHERE_OF_INFLUENCE ([DEITY_ID], [SPHERE_ID], [ACCESS_LEVEL], [MODE]) VALUES (7, 6,  NULL, NULL);	--Divination
--INSERT INTO DEITY_SPHERE_OF_INFLUENCE ([DEITY_ID], [SPHERE_ID], [ACCESS_LEVEL], [MODE]) VALUES (7, 7,  NULL, NULL);	--Elemental
--INSERT INTO DEITY_SPHERE_OF_INFLUENCE ([DEITY_ID], [SPHERE_ID], [ACCESS_LEVEL], [MODE]) VALUES (7, 8,  NULL, NULL);	--Guardian
--INSERT INTO DEITY_SPHERE_OF_INFLUENCE ([DEITY_ID], [SPHERE_ID], [ACCESS_LEVEL], [MODE]) VALUES (7, 9,  NULL, NULL);	--Healing
--INSERT INTO DEITY_SPHERE_OF_INFLUENCE ([DEITY_ID], [SPHERE_ID], [ACCESS_LEVEL], [MODE]) VALUES (7, 10, NULL, NULL);	--Law
--INSERT INTO DEITY_SPHERE_OF_INFLUENCE ([DEITY_ID], [SPHERE_ID], [ACCESS_LEVEL], [MODE]) VALUES (7, 11, NULL, NULL);	--Necromantic
--INSERT INTO DEITY_SPHERE_OF_INFLUENCE ([DEITY_ID], [SPHERE_ID], [ACCESS_LEVEL], [MODE]) VALUES (7, 12, NULL, NULL);	--Numbers
--INSERT INTO DEITY_SPHERE_OF_INFLUENCE ([DEITY_ID], [SPHERE_ID], [ACCESS_LEVEL], [MODE]) VALUES (7, 13, NULL, NULL);	--Plant
--INSERT INTO DEITY_SPHERE_OF_INFLUENCE ([DEITY_ID], [SPHERE_ID], [ACCESS_LEVEL], [MODE]) VALUES (7, 14, NULL, NULL);	--Protection
--INSERT INTO DEITY_SPHERE_OF_INFLUENCE ([DEITY_ID], [SPHERE_ID], [ACCESS_LEVEL], [MODE]) VALUES (7, 15, NULL, NULL);	--Summoning
--INSERT INTO DEITY_SPHERE_OF_INFLUENCE ([DEITY_ID], [SPHERE_ID], [ACCESS_LEVEL], [MODE]) VALUES (7, 16, NULL, NULL);	--Thought
--INSERT INTO DEITY_SPHERE_OF_INFLUENCE ([DEITY_ID], [SPHERE_ID], [ACCESS_LEVEL], [MODE]) VALUES (7, 17, NULL, NULL);	--Time
--INSERT INTO DEITY_SPHERE_OF_INFLUENCE ([DEITY_ID], [SPHERE_ID], [ACCESS_LEVEL], [MODE]) VALUES (7, 18, NULL, NULL);	--Sun
--INSERT INTO DEITY_SPHERE_OF_INFLUENCE ([DEITY_ID], [SPHERE_ID], [ACCESS_LEVEL], [MODE]) VALUES (7, 19, NULL, NULL);	--War
--INSERT INTO DEITY_SPHERE_OF_INFLUENCE ([DEITY_ID], [SPHERE_ID], [ACCESS_LEVEL], [MODE]) VALUES (7, 20, NULL, NULL);	--Wards
--INSERT INTO DEITY_SPHERE_OF_INFLUENCE ([DEITY_ID], [SPHERE_ID], [ACCESS_LEVEL], [MODE]) VALUES (7, 21, NULL, NULL);	--Wheather

-- Chauntea
--INSERT INTO DEITY_SPHERE_OF_INFLUENCE ([DEITY_ID], [SPHERE_ID], [ACCESS_LEVEL], [MODE]) VALUES (8, 0,  NULL, NULL);	--All
--INSERT INTO DEITY_SPHERE_OF_INFLUENCE ([DEITY_ID], [SPHERE_ID], [ACCESS_LEVEL], [MODE]) VALUES (8, 1,  NULL, NULL);	--Animal
--INSERT INTO DEITY_SPHERE_OF_INFLUENCE ([DEITY_ID], [SPHERE_ID], [ACCESS_LEVEL], [MODE]) VALUES (8, 2,  NULL, NULL);	--Astral
--INSERT INTO DEITY_SPHERE_OF_INFLUENCE ([DEITY_ID], [SPHERE_ID], [ACCESS_LEVEL], [MODE]) VALUES (8, 3,  NULL, NULL);	--Charm
--INSERT INTO DEITY_SPHERE_OF_INFLUENCE ([DEITY_ID], [SPHERE_ID], [ACCESS_LEVEL], [MODE]) VALUES (8, 4,  NULL, NULL);	--Combat
--INSERT INTO DEITY_SPHERE_OF_INFLUENCE ([DEITY_ID], [SPHERE_ID], [ACCESS_LEVEL], [MODE]) VALUES (8, 5,  NULL, NULL);	--Creation
--INSERT INTO DEITY_SPHERE_OF_INFLUENCE ([DEITY_ID], [SPHERE_ID], [ACCESS_LEVEL], [MODE]) VALUES (8, 6,  NULL, NULL);	--Divination
--INSERT INTO DEITY_SPHERE_OF_INFLUENCE ([DEITY_ID], [SPHERE_ID], [ACCESS_LEVEL], [MODE]) VALUES (8, 7,  NULL, NULL);	--Elemental
--INSERT INTO DEITY_SPHERE_OF_INFLUENCE ([DEITY_ID], [SPHERE_ID], [ACCESS_LEVEL], [MODE]) VALUES (8, 8,  NULL, NULL);	--Guardian
--INSERT INTO DEITY_SPHERE_OF_INFLUENCE ([DEITY_ID], [SPHERE_ID], [ACCESS_LEVEL], [MODE]) VALUES (8, 9,  NULL, NULL);	--Healing
--INSERT INTO DEITY_SPHERE_OF_INFLUENCE ([DEITY_ID], [SPHERE_ID], [ACCESS_LEVEL], [MODE]) VALUES (8, 10, NULL, NULL);	--Law
--INSERT INTO DEITY_SPHERE_OF_INFLUENCE ([DEITY_ID], [SPHERE_ID], [ACCESS_LEVEL], [MODE]) VALUES (8, 11, NULL, NULL);	--Necromantic
--INSERT INTO DEITY_SPHERE_OF_INFLUENCE ([DEITY_ID], [SPHERE_ID], [ACCESS_LEVEL], [MODE]) VALUES (8, 12, NULL, NULL);	--Numbers
--INSERT INTO DEITY_SPHERE_OF_INFLUENCE ([DEITY_ID], [SPHERE_ID], [ACCESS_LEVEL], [MODE]) VALUES (8, 13, NULL, NULL);	--Plant
--INSERT INTO DEITY_SPHERE_OF_INFLUENCE ([DEITY_ID], [SPHERE_ID], [ACCESS_LEVEL], [MODE]) VALUES (8, 14, NULL, NULL);	--Protection
--INSERT INTO DEITY_SPHERE_OF_INFLUENCE ([DEITY_ID], [SPHERE_ID], [ACCESS_LEVEL], [MODE]) VALUES (8, 15, NULL, NULL);	--Summoning
--INSERT INTO DEITY_SPHERE_OF_INFLUENCE ([DEITY_ID], [SPHERE_ID], [ACCESS_LEVEL], [MODE]) VALUES (8, 16, NULL, NULL);	--Thought
--INSERT INTO DEITY_SPHERE_OF_INFLUENCE ([DEITY_ID], [SPHERE_ID], [ACCESS_LEVEL], [MODE]) VALUES (8, 17, NULL, NULL);	--Time
--INSERT INTO DEITY_SPHERE_OF_INFLUENCE ([DEITY_ID], [SPHERE_ID], [ACCESS_LEVEL], [MODE]) VALUES (8, 18, NULL, NULL);	--Sun
--INSERT INTO DEITY_SPHERE_OF_INFLUENCE ([DEITY_ID], [SPHERE_ID], [ACCESS_LEVEL], [MODE]) VALUES (8, 19, NULL, NULL);	--War
--INSERT INTO DEITY_SPHERE_OF_INFLUENCE ([DEITY_ID], [SPHERE_ID], [ACCESS_LEVEL], [MODE]) VALUES (8, 20, NULL, NULL);	--Wards
--INSERT INTO DEITY_SPHERE_OF_INFLUENCE ([DEITY_ID], [SPHERE_ID], [ACCESS_LEVEL], [MODE]) VALUES (8, 21, NULL, NULL);	--Wheather

-- Mystryl
--INSERT INTO DEITY_SPHERE_OF_INFLUENCE ([DEITY_ID], [SPHERE_ID], [ACCESS_LEVEL], [MODE]) VALUES (9, 0,  NULL, NULL);	--All
--INSERT INTO DEITY_SPHERE_OF_INFLUENCE ([DEITY_ID], [SPHERE_ID], [ACCESS_LEVEL], [MODE]) VALUES (9, 1,  NULL, NULL);	--Animal
--INSERT INTO DEITY_SPHERE_OF_INFLUENCE ([DEITY_ID], [SPHERE_ID], [ACCESS_LEVEL], [MODE]) VALUES (9, 2,  NULL, NULL);	--Astral
--INSERT INTO DEITY_SPHERE_OF_INFLUENCE ([DEITY_ID], [SPHERE_ID], [ACCESS_LEVEL], [MODE]) VALUES (9, 3,  NULL, NULL);	--Charm
--INSERT INTO DEITY_SPHERE_OF_INFLUENCE ([DEITY_ID], [SPHERE_ID], [ACCESS_LEVEL], [MODE]) VALUES (9, 4,  NULL, NULL);	--Combat
--INSERT INTO DEITY_SPHERE_OF_INFLUENCE ([DEITY_ID], [SPHERE_ID], [ACCESS_LEVEL], [MODE]) VALUES (9, 5,  NULL, NULL);	--Creation
--INSERT INTO DEITY_SPHERE_OF_INFLUENCE ([DEITY_ID], [SPHERE_ID], [ACCESS_LEVEL], [MODE]) VALUES (9, 6,  NULL, NULL);	--Divination
--INSERT INTO DEITY_SPHERE_OF_INFLUENCE ([DEITY_ID], [SPHERE_ID], [ACCESS_LEVEL], [MODE]) VALUES (9, 7,  NULL, NULL);	--Elemental
--INSERT INTO DEITY_SPHERE_OF_INFLUENCE ([DEITY_ID], [SPHERE_ID], [ACCESS_LEVEL], [MODE]) VALUES (9, 8,  NULL, NULL);	--Guardian
--INSERT INTO DEITY_SPHERE_OF_INFLUENCE ([DEITY_ID], [SPHERE_ID], [ACCESS_LEVEL], [MODE]) VALUES (9, 9,  NULL, NULL);	--Healing
--INSERT INTO DEITY_SPHERE_OF_INFLUENCE ([DEITY_ID], [SPHERE_ID], [ACCESS_LEVEL], [MODE]) VALUES (9, 10, NULL, NULL);	--Law
--INSERT INTO DEITY_SPHERE_OF_INFLUENCE ([DEITY_ID], [SPHERE_ID], [ACCESS_LEVEL], [MODE]) VALUES (9, 11, NULL, NULL);	--Necromantic
--INSERT INTO DEITY_SPHERE_OF_INFLUENCE ([DEITY_ID], [SPHERE_ID], [ACCESS_LEVEL], [MODE]) VALUES (9, 12, NULL, NULL);	--Numbers
--INSERT INTO DEITY_SPHERE_OF_INFLUENCE ([DEITY_ID], [SPHERE_ID], [ACCESS_LEVEL], [MODE]) VALUES (9, 13, NULL, NULL);	--Plant
--INSERT INTO DEITY_SPHERE_OF_INFLUENCE ([DEITY_ID], [SPHERE_ID], [ACCESS_LEVEL], [MODE]) VALUES (9, 14, NULL, NULL);	--Protection
--INSERT INTO DEITY_SPHERE_OF_INFLUENCE ([DEITY_ID], [SPHERE_ID], [ACCESS_LEVEL], [MODE]) VALUES (9, 15, NULL, NULL);	--Summoning
--INSERT INTO DEITY_SPHERE_OF_INFLUENCE ([DEITY_ID], [SPHERE_ID], [ACCESS_LEVEL], [MODE]) VALUES (9, 16, NULL, NULL);	--Thought
--INSERT INTO DEITY_SPHERE_OF_INFLUENCE ([DEITY_ID], [SPHERE_ID], [ACCESS_LEVEL], [MODE]) VALUES (9, 17, NULL, NULL);	--Time
--INSERT INTO DEITY_SPHERE_OF_INFLUENCE ([DEITY_ID], [SPHERE_ID], [ACCESS_LEVEL], [MODE]) VALUES (9, 18, NULL, NULL);	--Sun
--INSERT INTO DEITY_SPHERE_OF_INFLUENCE ([DEITY_ID], [SPHERE_ID], [ACCESS_LEVEL], [MODE]) VALUES (9, 19, NULL, NULL);	--War
--INSERT INTO DEITY_SPHERE_OF_INFLUENCE ([DEITY_ID], [SPHERE_ID], [ACCESS_LEVEL], [MODE]) VALUES (9, 20, NULL, NULL);	--Wards
--INSERT INTO DEITY_SPHERE_OF_INFLUENCE ([DEITY_ID], [SPHERE_ID], [ACCESS_LEVEL], [MODE]) VALUES (9, 21, NULL, NULL);	--Wheather

-- Moradin
--INSERT INTO DEITY_SPHERE_OF_INFLUENCE ([DEITY_ID], [SPHERE_ID], [ACCESS_LEVEL], [MODE]) VALUES (10, 0,  NULL, NULL);	--All
--INSERT INTO DEITY_SPHERE_OF_INFLUENCE ([DEITY_ID], [SPHERE_ID], [ACCESS_LEVEL], [MODE]) VALUES (10, 1,  NULL, NULL);	--Animal
--INSERT INTO DEITY_SPHERE_OF_INFLUENCE ([DEITY_ID], [SPHERE_ID], [ACCESS_LEVEL], [MODE]) VALUES (10, 2,  NULL, NULL);	--Astral
--INSERT INTO DEITY_SPHERE_OF_INFLUENCE ([DEITY_ID], [SPHERE_ID], [ACCESS_LEVEL], [MODE]) VALUES (10, 3,  NULL, NULL);	--Charm
--INSERT INTO DEITY_SPHERE_OF_INFLUENCE ([DEITY_ID], [SPHERE_ID], [ACCESS_LEVEL], [MODE]) VALUES (10, 4,  NULL, NULL);	--Combat
--INSERT INTO DEITY_SPHERE_OF_INFLUENCE ([DEITY_ID], [SPHERE_ID], [ACCESS_LEVEL], [MODE]) VALUES (10, 5,  NULL, NULL);	--Creation
--INSERT INTO DEITY_SPHERE_OF_INFLUENCE ([DEITY_ID], [SPHERE_ID], [ACCESS_LEVEL], [MODE]) VALUES (10, 6,  NULL, NULL);	--Divination
--INSERT INTO DEITY_SPHERE_OF_INFLUENCE ([DEITY_ID], [SPHERE_ID], [ACCESS_LEVEL], [MODE]) VALUES (10, 7,  NULL, NULL);	--Elemental
--INSERT INTO DEITY_SPHERE_OF_INFLUENCE ([DEITY_ID], [SPHERE_ID], [ACCESS_LEVEL], [MODE]) VALUES (10, 8,  NULL, NULL);	--Guardian
--INSERT INTO DEITY_SPHERE_OF_INFLUENCE ([DEITY_ID], [SPHERE_ID], [ACCESS_LEVEL], [MODE]) VALUES (10, 9,  NULL, NULL);	--Healing
--INSERT INTO DEITY_SPHERE_OF_INFLUENCE ([DEITY_ID], [SPHERE_ID], [ACCESS_LEVEL], [MODE]) VALUES (10, 10, NULL, NULL);	--Law
--INSERT INTO DEITY_SPHERE_OF_INFLUENCE ([DEITY_ID], [SPHERE_ID], [ACCESS_LEVEL], [MODE]) VALUES (10, 11, NULL, NULL);	--Necromantic
--INSERT INTO DEITY_SPHERE_OF_INFLUENCE ([DEITY_ID], [SPHERE_ID], [ACCESS_LEVEL], [MODE]) VALUES (10, 12, NULL, NULL);	--Numbers
--INSERT INTO DEITY_SPHERE_OF_INFLUENCE ([DEITY_ID], [SPHERE_ID], [ACCESS_LEVEL], [MODE]) VALUES (10, 13, NULL, NULL);	--Plant
--INSERT INTO DEITY_SPHERE_OF_INFLUENCE ([DEITY_ID], [SPHERE_ID], [ACCESS_LEVEL], [MODE]) VALUES (10, 14, NULL, NULL);	--Protection
--INSERT INTO DEITY_SPHERE_OF_INFLUENCE ([DEITY_ID], [SPHERE_ID], [ACCESS_LEVEL], [MODE]) VALUES (10, 15, NULL, NULL);	--Summoning
--INSERT INTO DEITY_SPHERE_OF_INFLUENCE ([DEITY_ID], [SPHERE_ID], [ACCESS_LEVEL], [MODE]) VALUES (10, 16, NULL, NULL);	--Thought
--INSERT INTO DEITY_SPHERE_OF_INFLUENCE ([DEITY_ID], [SPHERE_ID], [ACCESS_LEVEL], [MODE]) VALUES (10, 17, NULL, NULL);	--Time
--INSERT INTO DEITY_SPHERE_OF_INFLUENCE ([DEITY_ID], [SPHERE_ID], [ACCESS_LEVEL], [MODE]) VALUES (10, 18, NULL, NULL);	--Sun
--INSERT INTO DEITY_SPHERE_OF_INFLUENCE ([DEITY_ID], [SPHERE_ID], [ACCESS_LEVEL], [MODE]) VALUES (10, 19, NULL, NULL);	--War
--INSERT INTO DEITY_SPHERE_OF_INFLUENCE ([DEITY_ID], [SPHERE_ID], [ACCESS_LEVEL], [MODE]) VALUES (10, 20, NULL, NULL);	--Wards
--INSERT INTO DEITY_SPHERE_OF_INFLUENCE ([DEITY_ID], [SPHERE_ID], [ACCESS_LEVEL], [MODE]) VALUES (10, 21, NULL, NULL);	--Wheather

-- Oghma
--INSERT INTO DEITY_SPHERE_OF_INFLUENCE ([DEITY_ID], [SPHERE_ID], [ACCESS_LEVEL], [MODE]) VALUES (11, 0,  NULL, NULL);	--All
--INSERT INTO DEITY_SPHERE_OF_INFLUENCE ([DEITY_ID], [SPHERE_ID], [ACCESS_LEVEL], [MODE]) VALUES (11, 1,  NULL, NULL);	--Animal
--INSERT INTO DEITY_SPHERE_OF_INFLUENCE ([DEITY_ID], [SPHERE_ID], [ACCESS_LEVEL], [MODE]) VALUES (11, 2,  NULL, NULL);	--Astral
--INSERT INTO DEITY_SPHERE_OF_INFLUENCE ([DEITY_ID], [SPHERE_ID], [ACCESS_LEVEL], [MODE]) VALUES (11, 3,  NULL, NULL);	--Charm
--INSERT INTO DEITY_SPHERE_OF_INFLUENCE ([DEITY_ID], [SPHERE_ID], [ACCESS_LEVEL], [MODE]) VALUES (11, 4,  NULL, NULL);	--Combat
--INSERT INTO DEITY_SPHERE_OF_INFLUENCE ([DEITY_ID], [SPHERE_ID], [ACCESS_LEVEL], [MODE]) VALUES (11, 5,  NULL, NULL);	--Creation
--INSERT INTO DEITY_SPHERE_OF_INFLUENCE ([DEITY_ID], [SPHERE_ID], [ACCESS_LEVEL], [MODE]) VALUES (11, 6,  NULL, NULL);	--Divination
--INSERT INTO DEITY_SPHERE_OF_INFLUENCE ([DEITY_ID], [SPHERE_ID], [ACCESS_LEVEL], [MODE]) VALUES (11, 7,  NULL, NULL);	--Elemental
--INSERT INTO DEITY_SPHERE_OF_INFLUENCE ([DEITY_ID], [SPHERE_ID], [ACCESS_LEVEL], [MODE]) VALUES (11, 8,  NULL, NULL);	--Guardian
--INSERT INTO DEITY_SPHERE_OF_INFLUENCE ([DEITY_ID], [SPHERE_ID], [ACCESS_LEVEL], [MODE]) VALUES (11, 9,  NULL, NULL);	--Healing
--INSERT INTO DEITY_SPHERE_OF_INFLUENCE ([DEITY_ID], [SPHERE_ID], [ACCESS_LEVEL], [MODE]) VALUES (11, 10, NULL, NULL);	--Law
--INSERT INTO DEITY_SPHERE_OF_INFLUENCE ([DEITY_ID], [SPHERE_ID], [ACCESS_LEVEL], [MODE]) VALUES (11, 11, NULL, NULL);	--Necromantic
--INSERT INTO DEITY_SPHERE_OF_INFLUENCE ([DEITY_ID], [SPHERE_ID], [ACCESS_LEVEL], [MODE]) VALUES (11, 12, NULL, NULL);	--Numbers
--INSERT INTO DEITY_SPHERE_OF_INFLUENCE ([DEITY_ID], [SPHERE_ID], [ACCESS_LEVEL], [MODE]) VALUES (11, 13, NULL, NULL);	--Plant
--INSERT INTO DEITY_SPHERE_OF_INFLUENCE ([DEITY_ID], [SPHERE_ID], [ACCESS_LEVEL], [MODE]) VALUES (11, 14, NULL, NULL);	--Protection
--INSERT INTO DEITY_SPHERE_OF_INFLUENCE ([DEITY_ID], [SPHERE_ID], [ACCESS_LEVEL], [MODE]) VALUES (11, 15, NULL, NULL);	--Summoning
--INSERT INTO DEITY_SPHERE_OF_INFLUENCE ([DEITY_ID], [SPHERE_ID], [ACCESS_LEVEL], [MODE]) VALUES (11, 16, NULL, NULL);	--Thought
--INSERT INTO DEITY_SPHERE_OF_INFLUENCE ([DEITY_ID], [SPHERE_ID], [ACCESS_LEVEL], [MODE]) VALUES (11, 17, NULL, NULL);	--Time
--INSERT INTO DEITY_SPHERE_OF_INFLUENCE ([DEITY_ID], [SPHERE_ID], [ACCESS_LEVEL], [MODE]) VALUES (11, 18, NULL, NULL);	--Sun
--INSERT INTO DEITY_SPHERE_OF_INFLUENCE ([DEITY_ID], [SPHERE_ID], [ACCESS_LEVEL], [MODE]) VALUES (11, 19, NULL, NULL);	--War
--INSERT INTO DEITY_SPHERE_OF_INFLUENCE ([DEITY_ID], [SPHERE_ID], [ACCESS_LEVEL], [MODE]) VALUES (11, 20, NULL, NULL);	--Wards
--INSERT INTO DEITY_SPHERE_OF_INFLUENCE ([DEITY_ID], [SPHERE_ID], [ACCESS_LEVEL], [MODE]) VALUES (11, 21, NULL, NULL);	--Wheather

-- Sune
--INSERT INTO DEITY_SPHERE_OF_INFLUENCE ([DEITY_ID], [SPHERE_ID], [ACCESS_LEVEL], [MODE]) VALUES (12, 0,  NULL, NULL);	--All
--INSERT INTO DEITY_SPHERE_OF_INFLUENCE ([DEITY_ID], [SPHERE_ID], [ACCESS_LEVEL], [MODE]) VALUES (12, 1,  NULL, NULL);	--Animal
--INSERT INTO DEITY_SPHERE_OF_INFLUENCE ([DEITY_ID], [SPHERE_ID], [ACCESS_LEVEL], [MODE]) VALUES (12, 2,  NULL, NULL);	--Astral
--INSERT INTO DEITY_SPHERE_OF_INFLUENCE ([DEITY_ID], [SPHERE_ID], [ACCESS_LEVEL], [MODE]) VALUES (12, 3,  NULL, NULL);	--Charm
--INSERT INTO DEITY_SPHERE_OF_INFLUENCE ([DEITY_ID], [SPHERE_ID], [ACCESS_LEVEL], [MODE]) VALUES (12, 4,  NULL, NULL);	--Combat
--INSERT INTO DEITY_SPHERE_OF_INFLUENCE ([DEITY_ID], [SPHERE_ID], [ACCESS_LEVEL], [MODE]) VALUES (12, 5,  NULL, NULL);	--Creation
--INSERT INTO DEITY_SPHERE_OF_INFLUENCE ([DEITY_ID], [SPHERE_ID], [ACCESS_LEVEL], [MODE]) VALUES (12, 6,  NULL, NULL);	--Divination
--INSERT INTO DEITY_SPHERE_OF_INFLUENCE ([DEITY_ID], [SPHERE_ID], [ACCESS_LEVEL], [MODE]) VALUES (12, 7,  NULL, NULL);	--Elemental
--INSERT INTO DEITY_SPHERE_OF_INFLUENCE ([DEITY_ID], [SPHERE_ID], [ACCESS_LEVEL], [MODE]) VALUES (12, 8,  NULL, NULL);	--Guardian
--INSERT INTO DEITY_SPHERE_OF_INFLUENCE ([DEITY_ID], [SPHERE_ID], [ACCESS_LEVEL], [MODE]) VALUES (12, 9,  NULL, NULL);	--Healing
--INSERT INTO DEITY_SPHERE_OF_INFLUENCE ([DEITY_ID], [SPHERE_ID], [ACCESS_LEVEL], [MODE]) VALUES (12, 10, NULL, NULL);	--Law
--INSERT INTO DEITY_SPHERE_OF_INFLUENCE ([DEITY_ID], [SPHERE_ID], [ACCESS_LEVEL], [MODE]) VALUES (12, 11, NULL, NULL);	--Necromantic
--INSERT INTO DEITY_SPHERE_OF_INFLUENCE ([DEITY_ID], [SPHERE_ID], [ACCESS_LEVEL], [MODE]) VALUES (12, 12, NULL, NULL);	--Numbers
--INSERT INTO DEITY_SPHERE_OF_INFLUENCE ([DEITY_ID], [SPHERE_ID], [ACCESS_LEVEL], [MODE]) VALUES (12, 13, NULL, NULL);	--Plant
--INSERT INTO DEITY_SPHERE_OF_INFLUENCE ([DEITY_ID], [SPHERE_ID], [ACCESS_LEVEL], [MODE]) VALUES (12, 14, NULL, NULL);	--Protection
--INSERT INTO DEITY_SPHERE_OF_INFLUENCE ([DEITY_ID], [SPHERE_ID], [ACCESS_LEVEL], [MODE]) VALUES (12, 15, NULL, NULL);	--Summoning
--INSERT INTO DEITY_SPHERE_OF_INFLUENCE ([DEITY_ID], [SPHERE_ID], [ACCESS_LEVEL], [MODE]) VALUES (12, 16, NULL, NULL);	--Thought
--INSERT INTO DEITY_SPHERE_OF_INFLUENCE ([DEITY_ID], [SPHERE_ID], [ACCESS_LEVEL], [MODE]) VALUES (12, 17, NULL, NULL);	--Time
--INSERT INTO DEITY_SPHERE_OF_INFLUENCE ([DEITY_ID], [SPHERE_ID], [ACCESS_LEVEL], [MODE]) VALUES (12, 18, NULL, NULL);	--Sun
--INSERT INTO DEITY_SPHERE_OF_INFLUENCE ([DEITY_ID], [SPHERE_ID], [ACCESS_LEVEL], [MODE]) VALUES (12, 19, NULL, NULL);	--War
--INSERT INTO DEITY_SPHERE_OF_INFLUENCE ([DEITY_ID], [SPHERE_ID], [ACCESS_LEVEL], [MODE]) VALUES (12, 20, NULL, NULL);	--Wards
--INSERT INTO DEITY_SPHERE_OF_INFLUENCE ([DEITY_ID], [SPHERE_ID], [ACCESS_LEVEL], [MODE]) VALUES (12, 21, NULL, NULL);	--Wheather

-- Talos
--INSERT INTO DEITY_SPHERE_OF_INFLUENCE ([DEITY_ID], [SPHERE_ID], [ACCESS_LEVEL], [MODE]) VALUES (13, 0,  NULL, NULL);	--All
--INSERT INTO DEITY_SPHERE_OF_INFLUENCE ([DEITY_ID], [SPHERE_ID], [ACCESS_LEVEL], [MODE]) VALUES (13, 1,  NULL, NULL);	--Animal
--INSERT INTO DEITY_SPHERE_OF_INFLUENCE ([DEITY_ID], [SPHERE_ID], [ACCESS_LEVEL], [MODE]) VALUES (13, 2,  NULL, NULL);	--Astral
--INSERT INTO DEITY_SPHERE_OF_INFLUENCE ([DEITY_ID], [SPHERE_ID], [ACCESS_LEVEL], [MODE]) VALUES (13, 3,  NULL, NULL);	--Charm
--INSERT INTO DEITY_SPHERE_OF_INFLUENCE ([DEITY_ID], [SPHERE_ID], [ACCESS_LEVEL], [MODE]) VALUES (13, 4,  NULL, NULL);	--Combat
--INSERT INTO DEITY_SPHERE_OF_INFLUENCE ([DEITY_ID], [SPHERE_ID], [ACCESS_LEVEL], [MODE]) VALUES (13, 5,  NULL, NULL);	--Creation
--INSERT INTO DEITY_SPHERE_OF_INFLUENCE ([DEITY_ID], [SPHERE_ID], [ACCESS_LEVEL], [MODE]) VALUES (13, 6,  NULL, NULL);	--Divination
--INSERT INTO DEITY_SPHERE_OF_INFLUENCE ([DEITY_ID], [SPHERE_ID], [ACCESS_LEVEL], [MODE]) VALUES (13, 7,  NULL, NULL);	--Elemental
--INSERT INTO DEITY_SPHERE_OF_INFLUENCE ([DEITY_ID], [SPHERE_ID], [ACCESS_LEVEL], [MODE]) VALUES (13, 8,  NULL, NULL);	--Guardian
--INSERT INTO DEITY_SPHERE_OF_INFLUENCE ([DEITY_ID], [SPHERE_ID], [ACCESS_LEVEL], [MODE]) VALUES (13, 9,  NULL, NULL);	--Healing
--INSERT INTO DEITY_SPHERE_OF_INFLUENCE ([DEITY_ID], [SPHERE_ID], [ACCESS_LEVEL], [MODE]) VALUES (13, 10, NULL, NULL);	--Law
--INSERT INTO DEITY_SPHERE_OF_INFLUENCE ([DEITY_ID], [SPHERE_ID], [ACCESS_LEVEL], [MODE]) VALUES (13, 11, NULL, NULL);	--Necromantic
--INSERT INTO DEITY_SPHERE_OF_INFLUENCE ([DEITY_ID], [SPHERE_ID], [ACCESS_LEVEL], [MODE]) VALUES (13, 12, NULL, NULL);	--Numbers
--INSERT INTO DEITY_SPHERE_OF_INFLUENCE ([DEITY_ID], [SPHERE_ID], [ACCESS_LEVEL], [MODE]) VALUES (13, 13, NULL, NULL);	--Plant
--INSERT INTO DEITY_SPHERE_OF_INFLUENCE ([DEITY_ID], [SPHERE_ID], [ACCESS_LEVEL], [MODE]) VALUES (13, 14, NULL, NULL);	--Protection
--INSERT INTO DEITY_SPHERE_OF_INFLUENCE ([DEITY_ID], [SPHERE_ID], [ACCESS_LEVEL], [MODE]) VALUES (13, 15, NULL, NULL);	--Summoning
--INSERT INTO DEITY_SPHERE_OF_INFLUENCE ([DEITY_ID], [SPHERE_ID], [ACCESS_LEVEL], [MODE]) VALUES (13, 16, NULL, NULL);	--Thought
--INSERT INTO DEITY_SPHERE_OF_INFLUENCE ([DEITY_ID], [SPHERE_ID], [ACCESS_LEVEL], [MODE]) VALUES (13, 17, NULL, NULL);	--Time
--INSERT INTO DEITY_SPHERE_OF_INFLUENCE ([DEITY_ID], [SPHERE_ID], [ACCESS_LEVEL], [MODE]) VALUES (13, 18, NULL, NULL);	--Sun
--INSERT INTO DEITY_SPHERE_OF_INFLUENCE ([DEITY_ID], [SPHERE_ID], [ACCESS_LEVEL], [MODE]) VALUES (13, 19, NULL, NULL);	--War
--INSERT INTO DEITY_SPHERE_OF_INFLUENCE ([DEITY_ID], [SPHERE_ID], [ACCESS_LEVEL], [MODE]) VALUES (13, 20, NULL, NULL);	--Wards
--INSERT INTO DEITY_SPHERE_OF_INFLUENCE ([DEITY_ID], [SPHERE_ID], [ACCESS_LEVEL], [MODE]) VALUES (13, 21, NULL, NULL);	--Wheather

-- Torm
--INSERT INTO DEITY_SPHERE_OF_INFLUENCE ([DEITY_ID], [SPHERE_ID], [ACCESS_LEVEL], [MODE]) VALUES (14, 0,  NULL, NULL);	--All
--INSERT INTO DEITY_SPHERE_OF_INFLUENCE ([DEITY_ID], [SPHERE_ID], [ACCESS_LEVEL], [MODE]) VALUES (14, 1,  NULL, NULL);	--Animal
--INSERT INTO DEITY_SPHERE_OF_INFLUENCE ([DEITY_ID], [SPHERE_ID], [ACCESS_LEVEL], [MODE]) VALUES (14, 2,  NULL, NULL);	--Astral
--INSERT INTO DEITY_SPHERE_OF_INFLUENCE ([DEITY_ID], [SPHERE_ID], [ACCESS_LEVEL], [MODE]) VALUES (14, 3,  NULL, NULL);	--Charm
--INSERT INTO DEITY_SPHERE_OF_INFLUENCE ([DEITY_ID], [SPHERE_ID], [ACCESS_LEVEL], [MODE]) VALUES (14, 4,  NULL, NULL);	--Combat
--INSERT INTO DEITY_SPHERE_OF_INFLUENCE ([DEITY_ID], [SPHERE_ID], [ACCESS_LEVEL], [MODE]) VALUES (14, 5,  NULL, NULL);	--Creation
--INSERT INTO DEITY_SPHERE_OF_INFLUENCE ([DEITY_ID], [SPHERE_ID], [ACCESS_LEVEL], [MODE]) VALUES (14, 6,  NULL, NULL);	--Divination
--INSERT INTO DEITY_SPHERE_OF_INFLUENCE ([DEITY_ID], [SPHERE_ID], [ACCESS_LEVEL], [MODE]) VALUES (14, 7,  NULL, NULL);	--Elemental
--INSERT INTO DEITY_SPHERE_OF_INFLUENCE ([DEITY_ID], [SPHERE_ID], [ACCESS_LEVEL], [MODE]) VALUES (14, 8,  NULL, NULL);	--Guardian
--INSERT INTO DEITY_SPHERE_OF_INFLUENCE ([DEITY_ID], [SPHERE_ID], [ACCESS_LEVEL], [MODE]) VALUES (14, 9,  NULL, NULL);	--Healing
--INSERT INTO DEITY_SPHERE_OF_INFLUENCE ([DEITY_ID], [SPHERE_ID], [ACCESS_LEVEL], [MODE]) VALUES (14, 10, NULL, NULL);	--Law
--INSERT INTO DEITY_SPHERE_OF_INFLUENCE ([DEITY_ID], [SPHERE_ID], [ACCESS_LEVEL], [MODE]) VALUES (14, 11, NULL, NULL);	--Necromantic
--INSERT INTO DEITY_SPHERE_OF_INFLUENCE ([DEITY_ID], [SPHERE_ID], [ACCESS_LEVEL], [MODE]) VALUES (14, 12, NULL, NULL);	--Numbers
--INSERT INTO DEITY_SPHERE_OF_INFLUENCE ([DEITY_ID], [SPHERE_ID], [ACCESS_LEVEL], [MODE]) VALUES (14, 13, NULL, NULL);	--Plant
--INSERT INTO DEITY_SPHERE_OF_INFLUENCE ([DEITY_ID], [SPHERE_ID], [ACCESS_LEVEL], [MODE]) VALUES (14, 14, NULL, NULL);	--Protection
--INSERT INTO DEITY_SPHERE_OF_INFLUENCE ([DEITY_ID], [SPHERE_ID], [ACCESS_LEVEL], [MODE]) VALUES (14, 15, NULL, NULL);	--Summoning
--INSERT INTO DEITY_SPHERE_OF_INFLUENCE ([DEITY_ID], [SPHERE_ID], [ACCESS_LEVEL], [MODE]) VALUES (14, 16, NULL, NULL);	--Thought
--INSERT INTO DEITY_SPHERE_OF_INFLUENCE ([DEITY_ID], [SPHERE_ID], [ACCESS_LEVEL], [MODE]) VALUES (14, 17, NULL, NULL);	--Time
--INSERT INTO DEITY_SPHERE_OF_INFLUENCE ([DEITY_ID], [SPHERE_ID], [ACCESS_LEVEL], [MODE]) VALUES (14, 18, NULL, NULL);	--Sun
--INSERT INTO DEITY_SPHERE_OF_INFLUENCE ([DEITY_ID], [SPHERE_ID], [ACCESS_LEVEL], [MODE]) VALUES (14, 19, NULL, NULL);	--War
--INSERT INTO DEITY_SPHERE_OF_INFLUENCE ([DEITY_ID], [SPHERE_ID], [ACCESS_LEVEL], [MODE]) VALUES (14, 20, NULL, NULL);	--Wards
--INSERT INTO DEITY_SPHERE_OF_INFLUENCE ([DEITY_ID], [SPHERE_ID], [ACCESS_LEVEL], [MODE]) VALUES (14, 21, NULL, NULL);	--Wheather

-- Cyric
--INSERT INTO DEITY_SPHERE_OF_INFLUENCE ([DEITY_ID], [SPHERE_ID], [ACCESS_LEVEL], [MODE]) VALUES (15, 0,  NULL, NULL);	--All
--INSERT INTO DEITY_SPHERE_OF_INFLUENCE ([DEITY_ID], [SPHERE_ID], [ACCESS_LEVEL], [MODE]) VALUES (15, 1,  NULL, NULL);	--Animal
--INSERT INTO DEITY_SPHERE_OF_INFLUENCE ([DEITY_ID], [SPHERE_ID], [ACCESS_LEVEL], [MODE]) VALUES (15, 2,  NULL, NULL);	--Astral
--INSERT INTO DEITY_SPHERE_OF_INFLUENCE ([DEITY_ID], [SPHERE_ID], [ACCESS_LEVEL], [MODE]) VALUES (15, 3,  NULL, NULL);	--Charm
--INSERT INTO DEITY_SPHERE_OF_INFLUENCE ([DEITY_ID], [SPHERE_ID], [ACCESS_LEVEL], [MODE]) VALUES (15, 4,  NULL, NULL);	--Combat
--INSERT INTO DEITY_SPHERE_OF_INFLUENCE ([DEITY_ID], [SPHERE_ID], [ACCESS_LEVEL], [MODE]) VALUES (15, 5,  NULL, NULL);	--Creation
--INSERT INTO DEITY_SPHERE_OF_INFLUENCE ([DEITY_ID], [SPHERE_ID], [ACCESS_LEVEL], [MODE]) VALUES (15, 6,  NULL, NULL);	--Divination
--INSERT INTO DEITY_SPHERE_OF_INFLUENCE ([DEITY_ID], [SPHERE_ID], [ACCESS_LEVEL], [MODE]) VALUES (15, 7,  NULL, NULL);	--Elemental
--INSERT INTO DEITY_SPHERE_OF_INFLUENCE ([DEITY_ID], [SPHERE_ID], [ACCESS_LEVEL], [MODE]) VALUES (15, 8,  NULL, NULL);	--Guardian
--INSERT INTO DEITY_SPHERE_OF_INFLUENCE ([DEITY_ID], [SPHERE_ID], [ACCESS_LEVEL], [MODE]) VALUES (15, 9,  NULL, NULL);	--Healing
--INSERT INTO DEITY_SPHERE_OF_INFLUENCE ([DEITY_ID], [SPHERE_ID], [ACCESS_LEVEL], [MODE]) VALUES (15, 10, NULL, NULL);	--Law
--INSERT INTO DEITY_SPHERE_OF_INFLUENCE ([DEITY_ID], [SPHERE_ID], [ACCESS_LEVEL], [MODE]) VALUES (15, 11, NULL, NULL);	--Necromantic
--INSERT INTO DEITY_SPHERE_OF_INFLUENCE ([DEITY_ID], [SPHERE_ID], [ACCESS_LEVEL], [MODE]) VALUES (15, 12, NULL, NULL);	--Numbers
--INSERT INTO DEITY_SPHERE_OF_INFLUENCE ([DEITY_ID], [SPHERE_ID], [ACCESS_LEVEL], [MODE]) VALUES (15, 13, NULL, NULL);	--Plant
--INSERT INTO DEITY_SPHERE_OF_INFLUENCE ([DEITY_ID], [SPHERE_ID], [ACCESS_LEVEL], [MODE]) VALUES (15, 14, NULL, NULL);	--Protection
--INSERT INTO DEITY_SPHERE_OF_INFLUENCE ([DEITY_ID], [SPHERE_ID], [ACCESS_LEVEL], [MODE]) VALUES (15, 15, NULL, NULL);	--Summoning
--INSERT INTO DEITY_SPHERE_OF_INFLUENCE ([DEITY_ID], [SPHERE_ID], [ACCESS_LEVEL], [MODE]) VALUES (15, 16, NULL, NULL);	--Thought
--INSERT INTO DEITY_SPHERE_OF_INFLUENCE ([DEITY_ID], [SPHERE_ID], [ACCESS_LEVEL], [MODE]) VALUES (15, 17, NULL, NULL);	--Time
--INSERT INTO DEITY_SPHERE_OF_INFLUENCE ([DEITY_ID], [SPHERE_ID], [ACCESS_LEVEL], [MODE]) VALUES (15, 18, NULL, NULL);	--Sun
--INSERT INTO DEITY_SPHERE_OF_INFLUENCE ([DEITY_ID], [SPHERE_ID], [ACCESS_LEVEL], [MODE]) VALUES (15, 19, NULL, NULL);	--War
--INSERT INTO DEITY_SPHERE_OF_INFLUENCE ([DEITY_ID], [SPHERE_ID], [ACCESS_LEVEL], [MODE]) VALUES (15, 20, NULL, NULL);	--Wards
--INSERT INTO DEITY_SPHERE_OF_INFLUENCE ([DEITY_ID], [SPHERE_ID], [ACCESS_LEVEL], [MODE]) VALUES (15, 21, NULL, NULL);	--Wheather

-- Corellon
--INSERT INTO DEITY_SPHERE_OF_INFLUENCE ([DEITY_ID], [SPHERE_ID], [ACCESS_LEVEL], [MODE]) VALUES (16, 0,  NULL, NULL);	--All
--INSERT INTO DEITY_SPHERE_OF_INFLUENCE ([DEITY_ID], [SPHERE_ID], [ACCESS_LEVEL], [MODE]) VALUES (16, 1,  NULL, NULL);	--Animal
--INSERT INTO DEITY_SPHERE_OF_INFLUENCE ([DEITY_ID], [SPHERE_ID], [ACCESS_LEVEL], [MODE]) VALUES (16, 2,  NULL, NULL);	--Astral
--INSERT INTO DEITY_SPHERE_OF_INFLUENCE ([DEITY_ID], [SPHERE_ID], [ACCESS_LEVEL], [MODE]) VALUES (16, 3,  NULL, NULL);	--Charm
--INSERT INTO DEITY_SPHERE_OF_INFLUENCE ([DEITY_ID], [SPHERE_ID], [ACCESS_LEVEL], [MODE]) VALUES (16, 4,  NULL, NULL);	--Combat
--INSERT INTO DEITY_SPHERE_OF_INFLUENCE ([DEITY_ID], [SPHERE_ID], [ACCESS_LEVEL], [MODE]) VALUES (16, 5,  NULL, NULL);	--Creation
--INSERT INTO DEITY_SPHERE_OF_INFLUENCE ([DEITY_ID], [SPHERE_ID], [ACCESS_LEVEL], [MODE]) VALUES (16, 6,  NULL, NULL);	--Divination
--INSERT INTO DEITY_SPHERE_OF_INFLUENCE ([DEITY_ID], [SPHERE_ID], [ACCESS_LEVEL], [MODE]) VALUES (16, 7,  NULL, NULL);	--Elemental
--INSERT INTO DEITY_SPHERE_OF_INFLUENCE ([DEITY_ID], [SPHERE_ID], [ACCESS_LEVEL], [MODE]) VALUES (16, 8,  NULL, NULL);	--Guardian
--INSERT INTO DEITY_SPHERE_OF_INFLUENCE ([DEITY_ID], [SPHERE_ID], [ACCESS_LEVEL], [MODE]) VALUES (16, 9,  NULL, NULL);	--Healing
--INSERT INTO DEITY_SPHERE_OF_INFLUENCE ([DEITY_ID], [SPHERE_ID], [ACCESS_LEVEL], [MODE]) VALUES (16, 10, NULL, NULL);	--Law
--INSERT INTO DEITY_SPHERE_OF_INFLUENCE ([DEITY_ID], [SPHERE_ID], [ACCESS_LEVEL], [MODE]) VALUES (16, 11, NULL, NULL);	--Necromantic
--INSERT INTO DEITY_SPHERE_OF_INFLUENCE ([DEITY_ID], [SPHERE_ID], [ACCESS_LEVEL], [MODE]) VALUES (16, 12, NULL, NULL);	--Numbers
--INSERT INTO DEITY_SPHERE_OF_INFLUENCE ([DEITY_ID], [SPHERE_ID], [ACCESS_LEVEL], [MODE]) VALUES (16, 13, NULL, NULL);	--Plant
--INSERT INTO DEITY_SPHERE_OF_INFLUENCE ([DEITY_ID], [SPHERE_ID], [ACCESS_LEVEL], [MODE]) VALUES (16, 14, NULL, NULL);	--Protection
--INSERT INTO DEITY_SPHERE_OF_INFLUENCE ([DEITY_ID], [SPHERE_ID], [ACCESS_LEVEL], [MODE]) VALUES (16, 15, NULL, NULL);	--Summoning
--INSERT INTO DEITY_SPHERE_OF_INFLUENCE ([DEITY_ID], [SPHERE_ID], [ACCESS_LEVEL], [MODE]) VALUES (16, 16, NULL, NULL);	--Thought
--INSERT INTO DEITY_SPHERE_OF_INFLUENCE ([DEITY_ID], [SPHERE_ID], [ACCESS_LEVEL], [MODE]) VALUES (16, 17, NULL, NULL);	--Time
--INSERT INTO DEITY_SPHERE_OF_INFLUENCE ([DEITY_ID], [SPHERE_ID], [ACCESS_LEVEL], [MODE]) VALUES (16, 18, NULL, NULL);	--Sun
--INSERT INTO DEITY_SPHERE_OF_INFLUENCE ([DEITY_ID], [SPHERE_ID], [ACCESS_LEVEL], [MODE]) VALUES (16, 19, NULL, NULL);	--War
--INSERT INTO DEITY_SPHERE_OF_INFLUENCE ([DEITY_ID], [SPHERE_ID], [ACCESS_LEVEL], [MODE]) VALUES (16, 20, NULL, NULL);	--Wards
--INSERT INTO DEITY_SPHERE_OF_INFLUENCE ([DEITY_ID], [SPHERE_ID], [ACCESS_LEVEL], [MODE]) VALUES (16, 21, NULL, NULL);	--Wheather

COMMIT TRANSACTION;

-----------------------------------------------------------------------------------------------------------

BEGIN TRANSACTION;

INSERT INTO MISSILE_WEAPON_RANGE ([WEAPON_ID], [PROJECTILE_ID], [RATE_OF_FIRE_NUM_ATTACKS], [RATE_OF_FIRE_NUM_ROUND], [SHORT_DISTANCE_FROM], [SHORT_DISTANCE_TO], [MEDIUM_DISTANCE_FROM],	[MEDIUM_DISTANCE_TO], [LONG_DISTANCE_TO], [SHORT_DISTANCE_MODIFIER], [MEDIUM_DISTANCE_MODIFIER], [LONG_DISTANCE_MODIFIER]) VALUES (9000, NULL, 1, 3, 0, 50, NULL, 150, 210, 0, -4, -10);
INSERT INTO MISSILE_WEAPON_RANGE ([WEAPON_ID], [PROJECTILE_ID], [RATE_OF_FIRE_NUM_ATTACKS], [RATE_OF_FIRE_NUM_ROUND], [SHORT_DISTANCE_FROM], [SHORT_DISTANCE_TO], [MEDIUM_DISTANCE_FROM],	[MEDIUM_DISTANCE_TO], [LONG_DISTANCE_TO], [SHORT_DISTANCE_MODIFIER], [MEDIUM_DISTANCE_MODIFIER], [LONG_DISTANCE_MODIFIER]) VALUES (9002, NULL, 2, 1, 0, 10, NULL, 20, 30, 0, -2, -5);
INSERT INTO MISSILE_WEAPON_RANGE ([WEAPON_ID], [PROJECTILE_ID], [RATE_OF_FIRE_NUM_ATTACKS], [RATE_OF_FIRE_NUM_ROUND], [SHORT_DISTANCE_FROM], [SHORT_DISTANCE_TO], [MEDIUM_DISTANCE_FROM],	[MEDIUM_DISTANCE_TO], [LONG_DISTANCE_TO], [SHORT_DISTANCE_MODIFIER], [MEDIUM_DISTANCE_MODIFIER], [LONG_DISTANCE_MODIFIER]) VALUES (9003, 10002, 2, 1, 10, 60, NULL, 120, 210, 0, -2, -5);
INSERT INTO MISSILE_WEAPON_RANGE ([WEAPON_ID], [PROJECTILE_ID], [RATE_OF_FIRE_NUM_ATTACKS], [RATE_OF_FIRE_NUM_ROUND], [SHORT_DISTANCE_FROM], [SHORT_DISTANCE_TO], [MEDIUM_DISTANCE_FROM],	[MEDIUM_DISTANCE_TO], [LONG_DISTANCE_TO], [SHORT_DISTANCE_MODIFIER], [MEDIUM_DISTANCE_MODIFIER], [LONG_DISTANCE_MODIFIER]) VALUES (9003, 10003, 2, 1, 10, 40,NULL,  80, 170, 0, -2, -5);
INSERT INTO MISSILE_WEAPON_RANGE ([WEAPON_ID], [PROJECTILE_ID], [RATE_OF_FIRE_NUM_ATTACKS], [RATE_OF_FIRE_NUM_ROUND], [SHORT_DISTANCE_FROM], [SHORT_DISTANCE_TO], [MEDIUM_DISTANCE_FROM],	[MEDIUM_DISTANCE_TO], [LONG_DISTANCE_TO], [SHORT_DISTANCE_MODIFIER], [MEDIUM_DISTANCE_MODIFIER], [LONG_DISTANCE_MODIFIER]) VALUES (9004, 10002, 2, 1, 0, 50, NULL, 100, 180, 0, -2, -5);
INSERT INTO MISSILE_WEAPON_RANGE ([WEAPON_ID], [PROJECTILE_ID], [RATE_OF_FIRE_NUM_ATTACKS], [RATE_OF_FIRE_NUM_ROUND], [SHORT_DISTANCE_FROM], [SHORT_DISTANCE_TO], [MEDIUM_DISTANCE_FROM],	[MEDIUM_DISTANCE_TO], [LONG_DISTANCE_TO], [SHORT_DISTANCE_MODIFIER], [MEDIUM_DISTANCE_MODIFIER], [LONG_DISTANCE_MODIFIER]) VALUES (9005, 10002, 2, 1, 10, 70, NULL, 140, 210, 0, -2, -5);
INSERT INTO MISSILE_WEAPON_RANGE ([WEAPON_ID], [PROJECTILE_ID], [RATE_OF_FIRE_NUM_ATTACKS], [RATE_OF_FIRE_NUM_ROUND], [SHORT_DISTANCE_FROM], [SHORT_DISTANCE_TO], [MEDIUM_DISTANCE_FROM],	[MEDIUM_DISTANCE_TO], [LONG_DISTANCE_TO], [SHORT_DISTANCE_MODIFIER], [MEDIUM_DISTANCE_MODIFIER], [LONG_DISTANCE_MODIFIER]) VALUES (9005, 10003, 2, 1, 10, 50, NULL, 100, 170, 0, -2, -5);
INSERT INTO MISSILE_WEAPON_RANGE ([WEAPON_ID], [PROJECTILE_ID], [RATE_OF_FIRE_NUM_ATTACKS], [RATE_OF_FIRE_NUM_ROUND], [SHORT_DISTANCE_FROM], [SHORT_DISTANCE_TO], [MEDIUM_DISTANCE_FROM],	[MEDIUM_DISTANCE_TO], [LONG_DISTANCE_TO], [SHORT_DISTANCE_MODIFIER], [MEDIUM_DISTANCE_MODIFIER], [LONG_DISTANCE_MODIFIER]) VALUES (9006, 10002, 2, 1, 0, 50, NULL, 100, 150, 0, -2, -5);
INSERT INTO MISSILE_WEAPON_RANGE ([WEAPON_ID], [PROJECTILE_ID], [RATE_OF_FIRE_NUM_ATTACKS], [RATE_OF_FIRE_NUM_ROUND], [SHORT_DISTANCE_FROM], [SHORT_DISTANCE_TO], [MEDIUM_DISTANCE_FROM],	[MEDIUM_DISTANCE_TO], [LONG_DISTANCE_TO], [SHORT_DISTANCE_MODIFIER], [MEDIUM_DISTANCE_MODIFIER], [LONG_DISTANCE_MODIFIER]) VALUES (9007, NULL, 1, 1, 0, 10, NULL, 20, 30, 0, -2, -5);
INSERT INTO MISSILE_WEAPON_RANGE ([WEAPON_ID], [PROJECTILE_ID],	[RATE_OF_FIRE_NUM_ATTACKS], [RATE_OF_FIRE_NUM_ROUND], [SHORT_DISTANCE_FROM], [SHORT_DISTANCE_TO], [MEDIUM_DISTANCE_FROM],	[MEDIUM_DISTANCE_TO], [LONG_DISTANCE_TO], [SHORT_DISTANCE_MODIFIER], [MEDIUM_DISTANCE_MODIFIER], [LONG_DISTANCE_MODIFIER]) VALUES (9008, 10004, 1, 1, 20, 20, NULL, 40, 60, 0, -2, -5);
INSERT INTO MISSILE_WEAPON_RANGE ([WEAPON_ID], [PROJECTILE_ID],	[RATE_OF_FIRE_NUM_ATTACKS], [RATE_OF_FIRE_NUM_ROUND], [SHORT_DISTANCE_FROM], [SHORT_DISTANCE_TO], [MEDIUM_DISTANCE_FROM],	[MEDIUM_DISTANCE_TO], [LONG_DISTANCE_TO], [SHORT_DISTANCE_MODIFIER], [MEDIUM_DISTANCE_MODIFIER], [LONG_DISTANCE_MODIFIER]) VALUES (9009, 10005, 1, 2, 20, 80, NULL, 160, 240, 0, -2, -5);
INSERT INTO MISSILE_WEAPON_RANGE ([WEAPON_ID], [PROJECTILE_ID],	[RATE_OF_FIRE_NUM_ATTACKS], [RATE_OF_FIRE_NUM_ROUND], [SHORT_DISTANCE_FROM], [SHORT_DISTANCE_TO], [MEDIUM_DISTANCE_FROM],	[MEDIUM_DISTANCE_TO], [LONG_DISTANCE_TO], [SHORT_DISTANCE_MODIFIER], [MEDIUM_DISTANCE_MODIFIER], [LONG_DISTANCE_MODIFIER]) VALUES (9010, 10006, 1, 1, 20, 60, NULL, 120, 180, 0, -2, -5);
INSERT INTO MISSILE_WEAPON_RANGE ([WEAPON_ID], [PROJECTILE_ID], [RATE_OF_FIRE_NUM_ATTACKS], [RATE_OF_FIRE_NUM_ROUND], [SHORT_DISTANCE_FROM], [SHORT_DISTANCE_TO], [MEDIUM_DISTANCE_FROM],	[MEDIUM_DISTANCE_TO], [LONG_DISTANCE_TO], [SHORT_DISTANCE_MODIFIER], [MEDIUM_DISTANCE_MODIFIER], [LONG_DISTANCE_MODIFIER]) VALUES (9011, NULL, 2, 1, 0, 10, NULL, 20, 30, 0, -2, -5);
INSERT INTO MISSILE_WEAPON_RANGE ([WEAPON_ID], [PROJECTILE_ID], [RATE_OF_FIRE_NUM_ATTACKS], [RATE_OF_FIRE_NUM_ROUND], [SHORT_DISTANCE_FROM], [SHORT_DISTANCE_TO], [MEDIUM_DISTANCE_FROM],	[MEDIUM_DISTANCE_TO], [LONG_DISTANCE_TO], [SHORT_DISTANCE_MODIFIER], [MEDIUM_DISTANCE_MODIFIER], [LONG_DISTANCE_MODIFIER]) VALUES (9013, NULL, 3, 1, 0, 10, NULL, 20, 40, 0, -2, -5);
INSERT INTO MISSILE_WEAPON_RANGE ([WEAPON_ID], [PROJECTILE_ID], [RATE_OF_FIRE_NUM_ATTACKS], [RATE_OF_FIRE_NUM_ROUND], [SHORT_DISTANCE_FROM], [SHORT_DISTANCE_TO], [MEDIUM_DISTANCE_FROM],	[MEDIUM_DISTANCE_TO], [LONG_DISTANCE_TO], [SHORT_DISTANCE_MODIFIER], [MEDIUM_DISTANCE_MODIFIER], [LONG_DISTANCE_MODIFIER]) VALUES (9063, NULL, 1, 1, 0, 10, NULL, 20, 30, 0, -2, -5);
INSERT INTO MISSILE_WEAPON_RANGE ([WEAPON_ID], [PROJECTILE_ID], [RATE_OF_FIRE_NUM_ATTACKS], [RATE_OF_FIRE_NUM_ROUND], [SHORT_DISTANCE_FROM], [SHORT_DISTANCE_TO], [MEDIUM_DISTANCE_FROM],	[MEDIUM_DISTANCE_TO], [LONG_DISTANCE_TO], [SHORT_DISTANCE_MODIFIER], [MEDIUM_DISTANCE_MODIFIER], [LONG_DISTANCE_MODIFIER]) VALUES (9017, NULL, 1, 1, 0, 10, NULL, 20, 30, 0, -2, -5);
INSERT INTO MISSILE_WEAPON_RANGE ([WEAPON_ID], [PROJECTILE_ID], [RATE_OF_FIRE_NUM_ATTACKS], [RATE_OF_FIRE_NUM_ROUND], [SHORT_DISTANCE_FROM], [SHORT_DISTANCE_TO], [MEDIUM_DISTANCE_FROM],	[MEDIUM_DISTANCE_TO], [LONG_DISTANCE_TO], [SHORT_DISTANCE_MODIFIER], [MEDIUM_DISTANCE_MODIFIER], [LONG_DISTANCE_MODIFIER]) VALUES (9019, NULL, 1, 1, 0, 10, NULL, 20, 30, 0, -2, -5);
INSERT INTO MISSILE_WEAPON_RANGE ([WEAPON_ID], [PROJECTILE_ID], [RATE_OF_FIRE_NUM_ATTACKS], [RATE_OF_FIRE_NUM_ROUND], [SHORT_DISTANCE_FROM], [SHORT_DISTANCE_TO], [MEDIUM_DISTANCE_FROM],	[MEDIUM_DISTANCE_TO], [LONG_DISTANCE_TO], [SHORT_DISTANCE_MODIFIER], [MEDIUM_DISTANCE_MODIFIER], [LONG_DISTANCE_MODIFIER]) VALUES (9023, NULL, 1, 1, 0, 20, NULL, 40, 60, 0, -2, -5);
INSERT INTO MISSILE_WEAPON_RANGE ([WEAPON_ID], [PROJECTILE_ID], [RATE_OF_FIRE_NUM_ATTACKS], [RATE_OF_FIRE_NUM_ROUND], [SHORT_DISTANCE_FROM], [SHORT_DISTANCE_TO], [MEDIUM_DISTANCE_FROM],	[MEDIUM_DISTANCE_TO], [LONG_DISTANCE_TO], [SHORT_DISTANCE_MODIFIER], [MEDIUM_DISTANCE_MODIFIER], [LONG_DISTANCE_MODIFIER]) VALUES (9024, NULL, 2, 1, 0, 10, NULL, 20, 30, 0, -2, -5);
INSERT INTO MISSILE_WEAPON_RANGE ([WEAPON_ID], [PROJECTILE_ID], [RATE_OF_FIRE_NUM_ATTACKS], [RATE_OF_FIRE_NUM_ROUND], [SHORT_DISTANCE_FROM], [SHORT_DISTANCE_TO], [MEDIUM_DISTANCE_FROM],	[MEDIUM_DISTANCE_TO], [LONG_DISTANCE_TO], [SHORT_DISTANCE_MODIFIER], [MEDIUM_DISTANCE_MODIFIER], [LONG_DISTANCE_MODIFIER]) VALUES (9052, 10007, 1, 1, 0, 50, NULL, 100, 200, 0, -2, -5);
INSERT INTO MISSILE_WEAPON_RANGE ([WEAPON_ID], [PROJECTILE_ID], [RATE_OF_FIRE_NUM_ATTACKS], [RATE_OF_FIRE_NUM_ROUND], [SHORT_DISTANCE_FROM], [SHORT_DISTANCE_TO], [MEDIUM_DISTANCE_FROM],	[MEDIUM_DISTANCE_TO], [LONG_DISTANCE_TO], [SHORT_DISTANCE_MODIFIER], [MEDIUM_DISTANCE_MODIFIER], [LONG_DISTANCE_MODIFIER]) VALUES (9052, 10008, 1, 1, 0, 40, NULL, 80, 160, 0, -2, -5);
INSERT INTO MISSILE_WEAPON_RANGE ([WEAPON_ID], [PROJECTILE_ID], [RATE_OF_FIRE_NUM_ATTACKS], [RATE_OF_FIRE_NUM_ROUND], [SHORT_DISTANCE_FROM], [SHORT_DISTANCE_TO], [MEDIUM_DISTANCE_FROM],	[MEDIUM_DISTANCE_TO], [LONG_DISTANCE_TO], [SHORT_DISTANCE_MODIFIER], [MEDIUM_DISTANCE_MODIFIER], [LONG_DISTANCE_MODIFIER]) VALUES (9053, NULL, 1, 1, 0, 10, NULL, 20, 30, 0, -2, -5);
INSERT INTO MISSILE_WEAPON_RANGE ([WEAPON_ID], [PROJECTILE_ID], [RATE_OF_FIRE_NUM_ATTACKS], [RATE_OF_FIRE_NUM_ROUND], [SHORT_DISTANCE_FROM], [SHORT_DISTANCE_TO], [MEDIUM_DISTANCE_FROM],	[MEDIUM_DISTANCE_TO], [LONG_DISTANCE_TO], [SHORT_DISTANCE_MODIFIER], [MEDIUM_DISTANCE_MODIFIER], [LONG_DISTANCE_MODIFIER]) VALUES (9054, 10007, 2, 1, 0, 0, 30, 60, 90, 0, -2, -5);
INSERT INTO MISSILE_WEAPON_RANGE ([WEAPON_ID], [PROJECTILE_ID], [RATE_OF_FIRE_NUM_ATTACKS], [RATE_OF_FIRE_NUM_ROUND], [SHORT_DISTANCE_FROM], [SHORT_DISTANCE_TO], [MEDIUM_DISTANCE_FROM],	[MEDIUM_DISTANCE_TO], [LONG_DISTANCE_TO], [SHORT_DISTANCE_MODIFIER], [MEDIUM_DISTANCE_MODIFIER], [LONG_DISTANCE_MODIFIER]) VALUES (9054, 10008, 2, 1, 0, 0, 30, 60, 90, 0, -2, -5);

COMMIT TRANSACTION;

-----------------------------------------------------------------------------------------------------------

BEGIN TRANSACTION;

-- 1ST LEVEL
INSERT INTO WIZARD_SPELL ([ID], [NAME], [LEVEL]) VALUES (1000, 'Affect normal fires', 1);
INSERT INTO WIZARD_SPELL ([ID], [NAME], [LEVEL]) VALUES (1001, 'Alarm', 1);
INSERT INTO WIZARD_SPELL ([ID], [NAME], [LEVEL]) VALUES (1002, 'Armor', 1);
INSERT INTO WIZARD_SPELL ([ID], [NAME], [LEVEL]) VALUES (1003, 'Audible glamer', 1);
INSERT INTO WIZARD_SPELL ([ID], [NAME], [LEVEL]) VALUES (1004, 'Burning hands', 1);
INSERT INTO WIZARD_SPELL ([ID], [NAME], [LEVEL]) VALUES (1005, 'Cantrip', 1);
INSERT INTO WIZARD_SPELL ([ID], [NAME], [LEVEL]) VALUES (1006, 'Change self', 1);
INSERT INTO WIZARD_SPELL ([ID], [NAME], [LEVEL]) VALUES (1007, 'Charm person', 1);
INSERT INTO WIZARD_SPELL ([ID], [NAME], [LEVEL]) VALUES (1008, 'Chill touch', 1);
INSERT INTO WIZARD_SPELL ([ID], [NAME], [LEVEL]) VALUES (1009, 'Color spray', 1);
INSERT INTO WIZARD_SPELL ([ID], [NAME], [LEVEL]) VALUES (1010, 'Comprehend languages', 1);
INSERT INTO WIZARD_SPELL ([ID], [NAME], [LEVEL]) VALUES (1011, 'Dancing lights', 1);
INSERT INTO WIZARD_SPELL ([ID], [NAME], [LEVEL]) VALUES (1012, 'Detect magic', 1);
INSERT INTO WIZARD_SPELL ([ID], [NAME], [LEVEL]) VALUES (1013, 'Detect undead', 1);
INSERT INTO WIZARD_SPELL ([ID], [NAME], [LEVEL]) VALUES (1014, 'Enlarge', 1);
INSERT INTO WIZARD_SPELL ([ID], [NAME], [LEVEL]) VALUES (1015, 'Erase', 1);
INSERT INTO WIZARD_SPELL ([ID], [NAME], [LEVEL]) VALUES (1016, 'Feather fall', 1);
INSERT INTO WIZARD_SPELL ([ID], [NAME], [LEVEL]) VALUES (1017, 'Find familiar', 1);
INSERT INTO WIZARD_SPELL ([ID], [NAME], [LEVEL]) VALUES (1018, 'Friends', 1);
INSERT INTO WIZARD_SPELL ([ID], [NAME], [LEVEL]) VALUES (1019, 'Gaze reflection', 1);
INSERT INTO WIZARD_SPELL ([ID], [NAME], [LEVEL]) VALUES (1020, 'Grease', 1);
INSERT INTO WIZARD_SPELL ([ID], [NAME], [LEVEL]) VALUES (1021, 'Hold portal', 1);
INSERT INTO WIZARD_SPELL ([ID], [NAME], [LEVEL]) VALUES (1022, 'Hypnotism', 1);
INSERT INTO WIZARD_SPELL ([ID], [NAME], [LEVEL]) VALUES (1023, 'Identify', 1);
INSERT INTO WIZARD_SPELL ([ID], [NAME], [LEVEL]) VALUES (1024, 'Jump', 1);
INSERT INTO WIZARD_SPELL ([ID], [NAME], [LEVEL]) VALUES (1025, 'Light', 1);
INSERT INTO WIZARD_SPELL ([ID], [NAME], [LEVEL]) VALUES (1026, 'Magic missile', 1);
INSERT INTO WIZARD_SPELL ([ID], [NAME], [LEVEL]) VALUES (1027, 'Mending', 1);
INSERT INTO WIZARD_SPELL ([ID], [NAME], [LEVEL]) VALUES (1028, 'Message', 1);
INSERT INTO WIZARD_SPELL ([ID], [NAME], [LEVEL]) VALUES (1029, 'Mount', 1);
INSERT INTO WIZARD_SPELL ([ID], [NAME], [LEVEL]) VALUES (1030, 'Nystul''s magical aura', 1);
INSERT INTO WIZARD_SPELL ([ID], [NAME], [LEVEL]) VALUES (1031, 'Phantasmal force', 1);
INSERT INTO WIZARD_SPELL ([ID], [NAME], [LEVEL]) VALUES (1032, 'Protection from evil', 1);
INSERT INTO WIZARD_SPELL ([ID], [NAME], [LEVEL]) VALUES (1033, 'Read magic', 1);
INSERT INTO WIZARD_SPELL ([ID], [NAME], [LEVEL]) VALUES (1034, 'Shield', 1);
INSERT INTO WIZARD_SPELL ([ID], [NAME], [LEVEL]) VALUES (1035, 'Shocking grasp', 1);
INSERT INTO WIZARD_SPELL ([ID], [NAME], [LEVEL]) VALUES (1036, 'Sleep', 1);
INSERT INTO WIZARD_SPELL ([ID], [NAME], [LEVEL]) VALUES (1037, 'Spider climb', 1);
INSERT INTO WIZARD_SPELL ([ID], [NAME], [LEVEL]) VALUES (1038, 'Spook', 1);
INSERT INTO WIZARD_SPELL ([ID], [NAME], [LEVEL]) VALUES (1039, 'Taunt', 1);
INSERT INTO WIZARD_SPELL ([ID], [NAME], [LEVEL]) VALUES (1040, 'Tenser''s floating disc', 1);
INSERT INTO WIZARD_SPELL ([ID], [NAME], [LEVEL]) VALUES (1041, 'Unseen servant', 1);
INSERT INTO WIZARD_SPELL ([ID], [NAME], [LEVEL]) VALUES (1042, 'Ventriloquism', 1);
INSERT INTO WIZARD_SPELL ([ID], [NAME], [LEVEL]) VALUES (1043, 'Wall of fog', 1);
INSERT INTO WIZARD_SPELL ([ID], [NAME], [LEVEL]) VALUES (1044, 'Wizard mark', 1);

--2ND LEVEL
INSERT INTO WIZARD_SPELL ([ID], [NAME], [LEVEL]) VALUES (2000, 'Alter self', 2);
INSERT INTO WIZARD_SPELL ([ID], [NAME], [LEVEL]) VALUES (2001, 'Bind', 2);
INSERT INTO WIZARD_SPELL ([ID], [NAME], [LEVEL]) VALUES (2002, 'Blindness', 2);
INSERT INTO WIZARD_SPELL ([ID], [NAME], [LEVEL]) VALUES (2003, 'Blur', 2);
INSERT INTO WIZARD_SPELL ([ID], [NAME], [LEVEL]) VALUES (2004, 'Continual light', 2);
INSERT INTO WIZARD_SPELL ([ID], [NAME], [LEVEL]) VALUES (2005, 'Darkness 15 radius', 2);
INSERT INTO WIZARD_SPELL ([ID], [NAME], [LEVEL]) VALUES (2006, 'Deafness', 2);
INSERT INTO WIZARD_SPELL ([ID], [NAME], [LEVEL]) VALUES (2007, 'Deeppockets', 2);
INSERT INTO WIZARD_SPELL ([ID], [NAME], [LEVEL]) VALUES (2008, 'Detect evil', 2);
INSERT INTO WIZARD_SPELL ([ID], [NAME], [LEVEL]) VALUES (2009, 'Detect invisibility', 2);
INSERT INTO WIZARD_SPELL ([ID], [NAME], [LEVEL]) VALUES (2010, 'Esp', 2);
INSERT INTO WIZARD_SPELL ([ID], [NAME], [LEVEL]) VALUES (2011, 'Flaming sphere', 2);
INSERT INTO WIZARD_SPELL ([ID], [NAME], [LEVEL]) VALUES (2012, 'Fog cloud', 2);
INSERT INTO WIZARD_SPELL ([ID], [NAME], [LEVEL]) VALUES (2013, 'Fools'' gold', 2);
INSERT INTO WIZARD_SPELL ([ID], [NAME], [LEVEL]) VALUES (2014, 'Forget', 2);
INSERT INTO WIZARD_SPELL ([ID], [NAME], [LEVEL]) VALUES (2015, 'Glitterdust', 2);
INSERT INTO WIZARD_SPELL ([ID], [NAME], [LEVEL]) VALUES (2016, 'Hypnotic pattern', 2);
INSERT INTO WIZARD_SPELL ([ID], [NAME], [LEVEL]) VALUES (2017, 'Improved phantasmal force', 2);
INSERT INTO WIZARD_SPELL ([ID], [NAME], [LEVEL]) VALUES (2018, 'Invisibility', 2);
INSERT INTO WIZARD_SPELL ([ID], [NAME], [LEVEL]) VALUES (2019, 'Irritation', 2);
INSERT INTO WIZARD_SPELL ([ID], [NAME], [LEVEL]) VALUES (2020, 'Knock', 2);
INSERT INTO WIZARD_SPELL ([ID], [NAME], [LEVEL]) VALUES (2021, 'Know alignment', 2);
INSERT INTO WIZARD_SPELL ([ID], [NAME], [LEVEL]) VALUES (2022, 'Leomund''s trap', 2);
INSERT INTO WIZARD_SPELL ([ID], [NAME], [LEVEL]) VALUES (2023, 'Levitate', 2);
INSERT INTO WIZARD_SPELL ([ID], [NAME], [LEVEL]) VALUES (2024, 'Locate object', 2);
INSERT INTO WIZARD_SPELL ([ID], [NAME], [LEVEL]) VALUES (2025, 'Magic mouth', 2);
INSERT INTO WIZARD_SPELL ([ID], [NAME], [LEVEL]) VALUES (2026, 'Melf''s acid arrow', 2);
INSERT INTO WIZARD_SPELL ([ID], [NAME], [LEVEL]) VALUES (2027, 'Mirror image', 2);
INSERT INTO WIZARD_SPELL ([ID], [NAME], [LEVEL]) VALUES (2028, 'Misdirection', 2);
INSERT INTO WIZARD_SPELL ([ID], [NAME], [LEVEL]) VALUES (2029, 'Protection from cantrips', 2);
INSERT INTO WIZARD_SPELL ([ID], [NAME], [LEVEL]) VALUES (2030, 'Pyrotechnics', 2);
INSERT INTO WIZARD_SPELL ([ID], [NAME], [LEVEL]) VALUES (2031, 'Ray of enfeeblement', 2);
INSERT INTO WIZARD_SPELL ([ID], [NAME], [LEVEL]) VALUES (2032, 'Rope trick', 2);
INSERT INTO WIZARD_SPELL ([ID], [NAME], [LEVEL]) VALUES (2033, 'Scare', 2);
INSERT INTO WIZARD_SPELL ([ID], [NAME], [LEVEL]) VALUES (2034, 'Shatter', 2);
INSERT INTO WIZARD_SPELL ([ID], [NAME], [LEVEL]) VALUES (2035, 'Spectral hand', 2);
INSERT INTO WIZARD_SPELL ([ID], [NAME], [LEVEL]) VALUES (2036, 'Stinking cloud', 2);
INSERT INTO WIZARD_SPELL ([ID], [NAME], [LEVEL]) VALUES (2037, 'Strength', 2);
INSERT INTO WIZARD_SPELL ([ID], [NAME], [LEVEL]) VALUES (2038, 'Summon swarm', 2);
INSERT INTO WIZARD_SPELL ([ID], [NAME], [LEVEL]) VALUES (2039, 'Tasha''s uncontrollable hideous laughter', 2);
INSERT INTO WIZARD_SPELL ([ID], [NAME], [LEVEL]) VALUES (2040, 'Web', 2);
INSERT INTO WIZARD_SPELL ([ID], [NAME], [LEVEL]) VALUES (2041, 'Whispering wind', 2);
INSERT INTO WIZARD_SPELL ([ID], [NAME], [LEVEL]) VALUES (2042, 'Wizard lock', 2);

--3RD LEVEL
INSERT INTO WIZARD_SPELL ([ID], [NAME], [LEVEL]) VALUES (3000, 'Blink', 3);
INSERT INTO WIZARD_SPELL ([ID], [NAME], [LEVEL]) VALUES (3001, 'Clairaudience', 3);
INSERT INTO WIZARD_SPELL ([ID], [NAME], [LEVEL]) VALUES (3002, 'Clairvoyance', 3);
INSERT INTO WIZARD_SPELL ([ID], [NAME], [LEVEL]) VALUES (3003, 'Delude', 3);
INSERT INTO WIZARD_SPELL ([ID], [NAME], [LEVEL]) VALUES (3004, 'Dispel magic', 3);
INSERT INTO WIZARD_SPELL ([ID], [NAME], [LEVEL]) VALUES (3005, 'Explosive runes', 3);
INSERT INTO WIZARD_SPELL ([ID], [NAME], [LEVEL]) VALUES (3006, 'Feign death', 3);
INSERT INTO WIZARD_SPELL ([ID], [NAME], [LEVEL]) VALUES (3007, 'Fireball', 3);
INSERT INTO WIZARD_SPELL ([ID], [NAME], [LEVEL]) VALUES (3008, 'Flame arrow', 3);
INSERT INTO WIZARD_SPELL ([ID], [NAME], [LEVEL]) VALUES (3009, 'Fly', 3);
INSERT INTO WIZARD_SPELL ([ID], [NAME], [LEVEL]) VALUES (3010, 'Gust of wind', 3);
INSERT INTO WIZARD_SPELL ([ID], [NAME], [LEVEL]) VALUES (3011, 'Haste', 3);
INSERT INTO WIZARD_SPELL ([ID], [NAME], [LEVEL]) VALUES (3012, 'Hold person', 3);
INSERT INTO WIZARD_SPELL ([ID], [NAME], [LEVEL]) VALUES (3013, 'Hold undead', 3);
INSERT INTO WIZARD_SPELL ([ID], [NAME], [LEVEL]) VALUES (3014, 'Illusionary script', 3);
INSERT INTO WIZARD_SPELL ([ID], [NAME], [LEVEL]) VALUES (3015, 'Infravision', 3);
INSERT INTO WIZARD_SPELL ([ID], [NAME], [LEVEL]) VALUES (3016, 'Invisibility 10 radius', 3);
INSERT INTO WIZARD_SPELL ([ID], [NAME], [LEVEL]) VALUES (3017, 'Item', 3);
INSERT INTO WIZARD_SPELL ([ID], [NAME], [LEVEL]) VALUES (3018, 'Leomund''s tiny hut', 3);
INSERT INTO WIZARD_SPELL ([ID], [NAME], [LEVEL]) VALUES (3019, 'Lightning bolt', 3);
INSERT INTO WIZARD_SPELL ([ID], [NAME], [LEVEL]) VALUES (3020, 'Melf''s minute meteors', 3);
INSERT INTO WIZARD_SPELL ([ID], [NAME], [LEVEL]) VALUES (3021, 'Monster summoning i', 3);
INSERT INTO WIZARD_SPELL ([ID], [NAME], [LEVEL]) VALUES (3022, 'Nondetection', 3);
INSERT INTO WIZARD_SPELL ([ID], [NAME], [LEVEL]) VALUES (3023, 'Phantom steed', 3);
INSERT INTO WIZARD_SPELL ([ID], [NAME], [LEVEL]) VALUES (3024, 'Protection from evil 10 radius', 3);
INSERT INTO WIZARD_SPELL ([ID], [NAME], [LEVEL]) VALUES (3025, 'Protection from normal missiles', 3);
INSERT INTO WIZARD_SPELL ([ID], [NAME], [LEVEL]) VALUES (3026, 'Secret page', 3);
INSERT INTO WIZARD_SPELL ([ID], [NAME], [LEVEL]) VALUES (3027, 'Sepia snake sigil', 3);
INSERT INTO WIZARD_SPELL ([ID], [NAME], [LEVEL]) VALUES (3028, 'Slow', 3);
INSERT INTO WIZARD_SPELL ([ID], [NAME], [LEVEL]) VALUES (3029, 'Spectral force', 3);
INSERT INTO WIZARD_SPELL ([ID], [NAME], [LEVEL]) VALUES (3030, 'Suggestion', 3);
INSERT INTO WIZARD_SPELL ([ID], [NAME], [LEVEL]) VALUES (3031, 'Tongues', 3);
INSERT INTO WIZARD_SPELL ([ID], [NAME], [LEVEL]) VALUES (3032, 'Vampiric touch', 3);
INSERT INTO WIZARD_SPELL ([ID], [NAME], [LEVEL]) VALUES (3033, 'Water breathing', 3);
INSERT INTO WIZARD_SPELL ([ID], [NAME], [LEVEL]) VALUES (3034, 'Wind wall', 3);
INSERT INTO WIZARD_SPELL ([ID], [NAME], [LEVEL]) VALUES (3035, 'Wraithform', 3);

--4TH LEVEL
INSERT INTO WIZARD_SPELL ([ID], [NAME], [LEVEL]) VALUES (4000, 'Charm monster', 4);
INSERT INTO WIZARD_SPELL ([ID], [NAME], [LEVEL]) VALUES (4001, 'Confusion', 4);
INSERT INTO WIZARD_SPELL ([ID], [NAME], [LEVEL]) VALUES (4002, 'Contagion', 4);
INSERT INTO WIZARD_SPELL ([ID], [NAME], [LEVEL]) VALUES (4003, 'Detect scrying', 4);
INSERT INTO WIZARD_SPELL ([ID], [NAME], [LEVEL]) VALUES (4004, 'Dig', 4);
INSERT INTO WIZARD_SPELL ([ID], [NAME], [LEVEL]) VALUES (4005, 'Dimension door', 4);
INSERT INTO WIZARD_SPELL ([ID], [NAME], [LEVEL]) VALUES (4006, 'Emotion', 4);
INSERT INTO WIZARD_SPELL ([ID], [NAME], [LEVEL]) VALUES (4007, 'Enchanted weapon', 4);
INSERT INTO WIZARD_SPELL ([ID], [NAME], [LEVEL]) VALUES (4008, 'Enervation', 4);
INSERT INTO WIZARD_SPELL ([ID], [NAME], [LEVEL]) VALUES (4009, 'Evard''s black tentacles', 4);
INSERT INTO WIZARD_SPELL ([ID], [NAME], [LEVEL]) VALUES (4010, 'Extension i', 4);
INSERT INTO WIZARD_SPELL ([ID], [NAME], [LEVEL]) VALUES (4011, 'Fear', 4);
INSERT INTO WIZARD_SPELL ([ID], [NAME], [LEVEL]) VALUES (4012, 'Fire charm', 4);
INSERT INTO WIZARD_SPELL ([ID], [NAME], [LEVEL]) VALUES (4013, 'Fire shield', 4);
INSERT INTO WIZARD_SPELL ([ID], [NAME], [LEVEL]) VALUES (4014, 'Fire trap', 4);
INSERT INTO WIZARD_SPELL ([ID], [NAME], [LEVEL]) VALUES (4015, 'Fumble', 4);
INSERT INTO WIZARD_SPELL ([ID], [NAME], [LEVEL]) VALUES (4016, 'Hallucinatory terrain', 4);
INSERT INTO WIZARD_SPELL ([ID], [NAME], [LEVEL]) VALUES (4017, 'Ice storm', 4);
INSERT INTO WIZARD_SPELL ([ID], [NAME], [LEVEL]) VALUES (4018, 'Illusionary wall', 4);
INSERT INTO WIZARD_SPELL ([ID], [NAME], [LEVEL]) VALUES (4019, 'Improved invisibility', 4);
INSERT INTO WIZARD_SPELL ([ID], [NAME], [LEVEL]) VALUES (4020, 'Leomund''s secure shelter', 4);
INSERT INTO WIZARD_SPELL ([ID], [NAME], [LEVEL]) VALUES (4021, 'Magic mirror', 4);
INSERT INTO WIZARD_SPELL ([ID], [NAME], [LEVEL]) VALUES (4022, 'Massmorph', 4);
INSERT INTO WIZARD_SPELL ([ID], [NAME], [LEVEL]) VALUES (4023, 'Minor creation', 4);
INSERT INTO WIZARD_SPELL ([ID], [NAME], [LEVEL]) VALUES (4024, 'Minor globe of invulnerability', 4);
INSERT INTO WIZARD_SPELL ([ID], [NAME], [LEVEL]) VALUES (4025, 'Monster summoning ii', 4);
INSERT INTO WIZARD_SPELL ([ID], [NAME], [LEVEL]) VALUES (4026, 'Otiluke''s resilient sphere', 4);
INSERT INTO WIZARD_SPELL ([ID], [NAME], [LEVEL]) VALUES (4027, 'Phantasmal killer', 4);
INSERT INTO WIZARD_SPELL ([ID], [NAME], [LEVEL]) VALUES (4028, 'Plant growth', 4);
INSERT INTO WIZARD_SPELL ([ID], [NAME], [LEVEL]) VALUES (4029, 'Polymorph other', 4);
INSERT INTO WIZARD_SPELL ([ID], [NAME], [LEVEL]) VALUES (4030, 'Polymorph self', 4);
INSERT INTO WIZARD_SPELL ([ID], [NAME], [LEVEL]) VALUES (4031, 'Rainbow pattern', 4);
INSERT INTO WIZARD_SPELL ([ID], [NAME], [LEVEL]) VALUES (4032, 'Rarys mnemonic enhancer', 4);
INSERT INTO WIZARD_SPELL ([ID], [NAME], [LEVEL]) VALUES (4033, 'Remove curse', 4);
INSERT INTO WIZARD_SPELL ([ID], [NAME], [LEVEL]) VALUES (4034, 'Shadow monsters', 4);
INSERT INTO WIZARD_SPELL ([ID], [NAME], [LEVEL]) VALUES (4035, 'Shout', 4);
INSERT INTO WIZARD_SPELL ([ID], [NAME], [LEVEL]) VALUES (4036, 'Solid fog', 4);
INSERT INTO WIZARD_SPELL ([ID], [NAME], [LEVEL]) VALUES (4037, 'Stoneskin', 4);
INSERT INTO WIZARD_SPELL ([ID], [NAME], [LEVEL]) VALUES (4038, 'Vacancy', 4);
INSERT INTO WIZARD_SPELL ([ID], [NAME], [LEVEL]) VALUES (4039, 'Wall of fire', 4);
INSERT INTO WIZARD_SPELL ([ID], [NAME], [LEVEL]) VALUES (4040, 'Wall of ice', 4);
INSERT INTO WIZARD_SPELL ([ID], [NAME], [LEVEL]) VALUES (4041, 'Wizard eye', 4);

--5TH LEVEL
INSERT INTO WIZARD_SPELL ([ID], [NAME], [LEVEL]) VALUES (5000, 'Advanced illusion', 5);
INSERT INTO WIZARD_SPELL ([ID], [NAME], [LEVEL]) VALUES (5001, 'Airy water', 5);
INSERT INTO WIZARD_SPELL ([ID], [NAME], [LEVEL]) VALUES (5002, 'Animal growth', 5);
INSERT INTO WIZARD_SPELL ([ID], [NAME], [LEVEL]) VALUES (5003, 'Animate dead', 5);
INSERT INTO WIZARD_SPELL ([ID], [NAME], [LEVEL]) VALUES (5004, 'Avoidance', 5);
INSERT INTO WIZARD_SPELL ([ID], [NAME], [LEVEL]) VALUES (5005, 'Bigby''s interposing hand', 5);
INSERT INTO WIZARD_SPELL ([ID], [NAME], [LEVEL]) VALUES (5006, 'Chaos', 5);
INSERT INTO WIZARD_SPELL ([ID], [NAME], [LEVEL]) VALUES (5007, 'Cloudkill', 5);
INSERT INTO WIZARD_SPELL ([ID], [NAME], [LEVEL]) VALUES (5008, 'Cone of cold', 5);
INSERT INTO WIZARD_SPELL ([ID], [NAME], [LEVEL]) VALUES (5009, 'Conjure elemental', 5);
INSERT INTO WIZARD_SPELL ([ID], [NAME], [LEVEL]) VALUES (5010, 'Contact other plane', 5);
INSERT INTO WIZARD_SPELL ([ID], [NAME], [LEVEL]) VALUES (5011, 'Demishadow monsters', 5);
INSERT INTO WIZARD_SPELL ([ID], [NAME], [LEVEL]) VALUES (5012, 'Dismissal', 5);
INSERT INTO WIZARD_SPELL ([ID], [NAME], [LEVEL]) VALUES (5013, 'Distance distortion', 5);
INSERT INTO WIZARD_SPELL ([ID], [NAME], [LEVEL]) VALUES (5014, 'Domination', 5);
INSERT INTO WIZARD_SPELL ([ID], [NAME], [LEVEL]) VALUES (5015, 'Dream', 5);
INSERT INTO WIZARD_SPELL ([ID], [NAME], [LEVEL]) VALUES (5016, 'Extension ii', 5);
INSERT INTO WIZARD_SPELL ([ID], [NAME], [LEVEL]) VALUES (5017, 'Fabricate', 5);
INSERT INTO WIZARD_SPELL ([ID], [NAME], [LEVEL]) VALUES (5018, 'False vision', 5);
INSERT INTO WIZARD_SPELL ([ID], [NAME], [LEVEL]) VALUES (5019, 'Feeblemind', 5);
INSERT INTO WIZARD_SPELL ([ID], [NAME], [LEVEL]) VALUES (5020, 'Hold monster', 5);
INSERT INTO WIZARD_SPELL ([ID], [NAME], [LEVEL]) VALUES (5021, 'Leomund''s lamentable belaborment', 5);
INSERT INTO WIZARD_SPELL ([ID], [NAME], [LEVEL]) VALUES (5022, 'Leomund''s secret chest', 5);
INSERT INTO WIZARD_SPELL ([ID], [NAME], [LEVEL]) VALUES (5023, 'Magic jar', 5);
INSERT INTO WIZARD_SPELL ([ID], [NAME], [LEVEL]) VALUES (5024, 'Major creation', 5);
INSERT INTO WIZARD_SPELL ([ID], [NAME], [LEVEL]) VALUES (5025, 'Monster summoning iii', 5);
INSERT INTO WIZARD_SPELL ([ID], [NAME], [LEVEL]) VALUES (5026, 'Mordenkainen''s faithful hound', 5);
INSERT INTO WIZARD_SPELL ([ID], [NAME], [LEVEL]) VALUES (5027, 'Passwall', 5);
INSERT INTO WIZARD_SPELL ([ID], [NAME], [LEVEL]) VALUES (5028, 'Seeming', 5);
INSERT INTO WIZARD_SPELL ([ID], [NAME], [LEVEL]) VALUES (5029, 'Sending', 5);
INSERT INTO WIZARD_SPELL ([ID], [NAME], [LEVEL]) VALUES (5030, 'Shadow door', 5);
INSERT INTO WIZARD_SPELL ([ID], [NAME], [LEVEL]) VALUES (5031, 'Shadow magic', 5);
INSERT INTO WIZARD_SPELL ([ID], [NAME], [LEVEL]) VALUES (5032, 'Stone shape', 5);
INSERT INTO WIZARD_SPELL ([ID], [NAME], [LEVEL]) VALUES (5033, 'Summon shadow', 5);
INSERT INTO WIZARD_SPELL ([ID], [NAME], [LEVEL]) VALUES (5034, 'Telekinesis', 5);
INSERT INTO WIZARD_SPELL ([ID], [NAME], [LEVEL]) VALUES (5035, 'Teleport', 5);
INSERT INTO WIZARD_SPELL ([ID], [NAME], [LEVEL]) VALUES (5036, 'Transmute rock to mud', 5);
INSERT INTO WIZARD_SPELL ([ID], [NAME], [LEVEL]) VALUES (5037, 'Wall of force', 5);
INSERT INTO WIZARD_SPELL ([ID], [NAME], [LEVEL]) VALUES (5038, 'Wall of iron', 5);
INSERT INTO WIZARD_SPELL ([ID], [NAME], [LEVEL]) VALUES (5039, 'Wall of stone', 5);

--6TH LEVEL
INSERT INTO WIZARD_SPELL ([ID], [NAME], [LEVEL]) VALUES (6000, 'Antimagic shell', 6);
INSERT INTO WIZARD_SPELL ([ID], [NAME], [LEVEL]) VALUES (6001, 'Bigby''s forceful hand', 6);
INSERT INTO WIZARD_SPELL ([ID], [NAME], [LEVEL]) VALUES (6002, 'Chain lightning', 6);
INSERT INTO WIZARD_SPELL ([ID], [NAME], [LEVEL]) VALUES (6003, 'Conjure animals', 6);
INSERT INTO WIZARD_SPELL ([ID], [NAME], [LEVEL]) VALUES (6004, 'Contingency', 6);
INSERT INTO WIZARD_SPELL ([ID], [NAME], [LEVEL]) VALUES (6005, 'Control weather', 6);
INSERT INTO WIZARD_SPELL ([ID], [NAME], [LEVEL]) VALUES (6006, 'Death fog', 6);
INSERT INTO WIZARD_SPELL ([ID], [NAME], [LEVEL]) VALUES (6007, 'Death spell', 6);
INSERT INTO WIZARD_SPELL ([ID], [NAME], [LEVEL]) VALUES (6008, 'Demishadow magic', 6);
INSERT INTO WIZARD_SPELL ([ID], [NAME], [LEVEL]) VALUES (6009, 'Disintegrate', 6);
INSERT INTO WIZARD_SPELL ([ID], [NAME], [LEVEL]) VALUES (6010, 'Enchant an item', 6);
INSERT INTO WIZARD_SPELL ([ID], [NAME], [LEVEL]) VALUES (6011, 'Ensnarement', 6);
INSERT INTO WIZARD_SPELL ([ID], [NAME], [LEVEL]) VALUES (6012, 'Extension iii', 6);
INSERT INTO WIZARD_SPELL ([ID], [NAME], [LEVEL]) VALUES (6013, 'Eyebite', 6);
INSERT INTO WIZARD_SPELL ([ID], [NAME], [LEVEL]) VALUES (6014, 'Geas', 6);
INSERT INTO WIZARD_SPELL ([ID], [NAME], [LEVEL]) VALUES (6015, 'Glassee', 6);
INSERT INTO WIZARD_SPELL ([ID], [NAME], [LEVEL]) VALUES (6016, 'Globe of invulnerability', 6);
INSERT INTO WIZARD_SPELL ([ID], [NAME], [LEVEL]) VALUES (6017, 'Guards and wards', 6);
INSERT INTO WIZARD_SPELL ([ID], [NAME], [LEVEL]) VALUES (6018, 'Invisible stalker', 6);
INSERT INTO WIZARD_SPELL ([ID], [NAME], [LEVEL]) VALUES (6019, 'Legend lore', 6);
INSERT INTO WIZARD_SPELL ([ID], [NAME], [LEVEL]) VALUES (6020, 'Lower water', 6);
INSERT INTO WIZARD_SPELL ([ID], [NAME], [LEVEL]) VALUES (6021, 'Mass suggestion', 6);
INSERT INTO WIZARD_SPELL ([ID], [NAME], [LEVEL]) VALUES (6022, 'Mirage arcana', 6);
INSERT INTO WIZARD_SPELL ([ID], [NAME], [LEVEL]) VALUES (6023, 'Mislead', 6);
INSERT INTO WIZARD_SPELL ([ID], [NAME], [LEVEL]) VALUES (6024, 'Monster summoning iv', 6);
INSERT INTO WIZARD_SPELL ([ID], [NAME], [LEVEL]) VALUES (6025, 'Mordenkainen''s lucubration', 6);
INSERT INTO WIZARD_SPELL ([ID], [NAME], [LEVEL]) VALUES (6026, 'Move earth', 6);
INSERT INTO WIZARD_SPELL ([ID], [NAME], [LEVEL]) VALUES (6027, 'Otiluke''s freezing sphere', 6);
INSERT INTO WIZARD_SPELL ([ID], [NAME], [LEVEL]) VALUES (6028, 'Part water', 6);
INSERT INTO WIZARD_SPELL ([ID], [NAME], [LEVEL]) VALUES (6029, 'Permanent illusion', 6);
INSERT INTO WIZARD_SPELL ([ID], [NAME], [LEVEL]) VALUES (6030, 'Programmed illusion', 6);
INSERT INTO WIZARD_SPELL ([ID], [NAME], [LEVEL]) VALUES (6031, 'Project image', 6);
INSERT INTO WIZARD_SPELL ([ID], [NAME], [LEVEL]) VALUES (6032, 'Reincarnation', 6);
INSERT INTO WIZARD_SPELL ([ID], [NAME], [LEVEL]) VALUES (6033, 'Repulsion', 6);
INSERT INTO WIZARD_SPELL ([ID], [NAME], [LEVEL]) VALUES (6034, 'Shades', 6);
INSERT INTO WIZARD_SPELL ([ID], [NAME], [LEVEL]) VALUES (6035, 'Stone to flesh', 6);
INSERT INTO WIZARD_SPELL ([ID], [NAME], [LEVEL]) VALUES (6036, 'Tenser''s transformation', 6);
INSERT INTO WIZARD_SPELL ([ID], [NAME], [LEVEL]) VALUES (6037, 'Transmute water to dust', 6);
INSERT INTO WIZARD_SPELL ([ID], [NAME], [LEVEL]) VALUES (6038, 'True seeing', 6);
INSERT INTO WIZARD_SPELL ([ID], [NAME], [LEVEL]) VALUES (6039, 'Veil', 6);

--7TH LEVEL
INSERT INTO WIZARD_SPELL ([ID], [NAME], [LEVEL]) VALUES (7000, 'Banishment', 7);
INSERT INTO WIZARD_SPELL ([ID], [NAME], [LEVEL]) VALUES (7001, 'Bigby''s grasping hand', 7);
INSERT INTO WIZARD_SPELL ([ID], [NAME], [LEVEL]) VALUES (7002, 'Charm plants', 7);
INSERT INTO WIZARD_SPELL ([ID], [NAME], [LEVEL]) VALUES (7003, 'Control undead', 7);
INSERT INTO WIZARD_SPELL ([ID], [NAME], [LEVEL]) VALUES (7004, 'Delayed blast fireball', 7);
INSERT INTO WIZARD_SPELL ([ID], [NAME], [LEVEL]) VALUES (7005, 'Drawmij''s instant summons', 7);
INSERT INTO WIZARD_SPELL ([ID], [NAME], [LEVEL]) VALUES (7006, 'Duo-dimension', 7);
INSERT INTO WIZARD_SPELL ([ID], [NAME], [LEVEL]) VALUES (7007, 'Finger of death', 7);
INSERT INTO WIZARD_SPELL ([ID], [NAME], [LEVEL]) VALUES (7008, 'Forcecage', 7);
INSERT INTO WIZARD_SPELL ([ID], [NAME], [LEVEL]) VALUES (7009, 'Limited wish', 7);
INSERT INTO WIZARD_SPELL ([ID], [NAME], [LEVEL]) VALUES (7010, 'Mass invisibility', 7);
INSERT INTO WIZARD_SPELL ([ID], [NAME], [LEVEL]) VALUES (7011, 'Monster summoning v', 7);
INSERT INTO WIZARD_SPELL ([ID], [NAME], [LEVEL]) VALUES (7012, 'Mordenkainen''s magnificent mansion', 7);
INSERT INTO WIZARD_SPELL ([ID], [NAME], [LEVEL]) VALUES (7013, 'Mordenkainen''s sword', 7);
INSERT INTO WIZARD_SPELL ([ID], [NAME], [LEVEL]) VALUES (7014, 'Phase door', 7);
INSERT INTO WIZARD_SPELL ([ID], [NAME], [LEVEL]) VALUES (7015, 'Power word, stun', 7);
INSERT INTO WIZARD_SPELL ([ID], [NAME], [LEVEL]) VALUES (7016, 'Prismatic spray', 7);
INSERT INTO WIZARD_SPELL ([ID], [NAME], [LEVEL]) VALUES (7017, 'Reverse gravity', 7);
INSERT INTO WIZARD_SPELL ([ID], [NAME], [LEVEL]) VALUES (7018, 'Sequester', 7);
INSERT INTO WIZARD_SPELL ([ID], [NAME], [LEVEL]) VALUES (7019, 'Shadow walk', 7);
INSERT INTO WIZARD_SPELL ([ID], [NAME], [LEVEL]) VALUES (7020, 'Simulacrum', 7);
INSERT INTO WIZARD_SPELL ([ID], [NAME], [LEVEL]) VALUES (7021, 'Spell turning', 7);
INSERT INTO WIZARD_SPELL ([ID], [NAME], [LEVEL]) VALUES (7022, 'Statue', 7);
INSERT INTO WIZARD_SPELL ([ID], [NAME], [LEVEL]) VALUES (7023, 'Teleport without error', 7);
INSERT INTO WIZARD_SPELL ([ID], [NAME], [LEVEL]) VALUES (7024, 'Vanish', 7);
INSERT INTO WIZARD_SPELL ([ID], [NAME], [LEVEL]) VALUES (7025, 'Vision', 7);

--8TH LEVEL
INSERT INTO WIZARD_SPELL ([ID], [NAME], [LEVEL]) VALUES (8000, 'Antipathy/sympathy', 8);
INSERT INTO WIZARD_SPELL ([ID], [NAME], [LEVEL]) VALUES (8001, 'Bigby''s clenched fist', 8);
INSERT INTO WIZARD_SPELL ([ID], [NAME], [LEVEL]) VALUES (8002, 'Binding', 8);
INSERT INTO WIZARD_SPELL ([ID], [NAME], [LEVEL]) VALUES (8003, 'Clone', 8);
INSERT INTO WIZARD_SPELL ([ID], [NAME], [LEVEL]) VALUES (8004, 'Demand', 8);
INSERT INTO WIZARD_SPELL ([ID], [NAME], [LEVEL]) VALUES (8005, 'Glassteel', 8);
INSERT INTO WIZARD_SPELL ([ID], [NAME], [LEVEL]) VALUES (8006, 'Incendiary cloud', 8);
INSERT INTO WIZARD_SPELL ([ID], [NAME], [LEVEL]) VALUES (8007, 'Mass charm', 8);
INSERT INTO WIZARD_SPELL ([ID], [NAME], [LEVEL]) VALUES (8008, 'Maze', 8);
INSERT INTO WIZARD_SPELL ([ID], [NAME], [LEVEL]) VALUES (8009, 'Mind blank', 8);
INSERT INTO WIZARD_SPELL ([ID], [NAME], [LEVEL]) VALUES (8010, 'Monster summoning vi', 8);
INSERT INTO WIZARD_SPELL ([ID], [NAME], [LEVEL]) VALUES (8011, 'Otiluke''s telekinetic sphere', 8);
INSERT INTO WIZARD_SPELL ([ID], [NAME], [LEVEL]) VALUES (8012, 'Otto''s irresistible dance', 8);
INSERT INTO WIZARD_SPELL ([ID], [NAME], [LEVEL]) VALUES (8013, 'Permanency', 8);
INSERT INTO WIZARD_SPELL ([ID], [NAME], [LEVEL]) VALUES (8014, 'Polymorph any object', 8);
INSERT INTO WIZARD_SPELL ([ID], [NAME], [LEVEL]) VALUES (8015, 'Power word, blind', 8);
INSERT INTO WIZARD_SPELL ([ID], [NAME], [LEVEL]) VALUES (8016, 'Prismatic wall', 8);
INSERT INTO WIZARD_SPELL ([ID], [NAME], [LEVEL]) VALUES (8017, 'Screen', 8);
INSERT INTO WIZARD_SPELL ([ID], [NAME], [LEVEL]) VALUES (8018, 'Serten''s spell immunity', 8);
INSERT INTO WIZARD_SPELL ([ID], [NAME], [LEVEL]) VALUES (8019, 'Sink', 8);
INSERT INTO WIZARD_SPELL ([ID], [NAME], [LEVEL]) VALUES (8020, 'Symbol', 8);
INSERT INTO WIZARD_SPELL ([ID], [NAME], [LEVEL]) VALUES (8021, 'Trap the soul', 8);

--9TH LEVEL
INSERT INTO WIZARD_SPELL ([ID], [NAME], [LEVEL]) VALUES (9000, 'Astral spell', 9);
INSERT INTO WIZARD_SPELL ([ID], [NAME], [LEVEL]) VALUES (9001, 'Bigby''s crushing hand', 9);
INSERT INTO WIZARD_SPELL ([ID], [NAME], [LEVEL]) VALUES (9002, 'Crystalbrittle', 9);
INSERT INTO WIZARD_SPELL ([ID], [NAME], [LEVEL]) VALUES (9003, 'Energy drain', 9);
INSERT INTO WIZARD_SPELL ([ID], [NAME], [LEVEL]) VALUES (9004, 'Foresight', 9);
INSERT INTO WIZARD_SPELL ([ID], [NAME], [LEVEL]) VALUES (9005, 'Gate', 9);
INSERT INTO WIZARD_SPELL ([ID], [NAME], [LEVEL]) VALUES (9006, 'Imprisonment', 9);
INSERT INTO WIZARD_SPELL ([ID], [NAME], [LEVEL]) VALUES (9007, 'Meteor swarm', 9);
INSERT INTO WIZARD_SPELL ([ID], [NAME], [LEVEL]) VALUES (9008, 'Monster summoning vii', 9);
INSERT INTO WIZARD_SPELL ([ID], [NAME], [LEVEL]) VALUES (9009, 'Mordenkainen''s disjunction', 9);
INSERT INTO WIZARD_SPELL ([ID], [NAME], [LEVEL]) VALUES (9010, 'Power word, kill', 9);
INSERT INTO WIZARD_SPELL ([ID], [NAME], [LEVEL]) VALUES (9011, 'Prismatic sphere', 9);
INSERT INTO WIZARD_SPELL ([ID], [NAME], [LEVEL]) VALUES (9012, 'Shape change', 9);
INSERT INTO WIZARD_SPELL ([ID], [NAME], [LEVEL]) VALUES (9013, 'Succor', 9);
INSERT INTO WIZARD_SPELL ([ID], [NAME], [LEVEL]) VALUES (9014, 'Temporal stasis', 9);
INSERT INTO WIZARD_SPELL ([ID], [NAME], [LEVEL]) VALUES (9015, 'Time stop', 9);
INSERT INTO WIZARD_SPELL ([ID], [NAME], [LEVEL]) VALUES (9016, 'Weird', 9);
INSERT INTO WIZARD_SPELL ([ID], [NAME], [LEVEL]) VALUES (9017, 'Wish', 9);

COMMIT TRANSACTION;

-----------------------------------------------------------------------------------------------------------

BEGIN TRANSACTION;

--1ST LEVEL
INSERT INTO PRIEST_SPELL ([ID], [NAME], [LEVEL]) VALUES (1000, 'Animal friendship', 1);
INSERT INTO PRIEST_SPELL ([ID], [NAME], [LEVEL]) VALUES (1001, 'Bless', 1);
INSERT INTO PRIEST_SPELL ([ID], [NAME], [LEVEL]) VALUES (1002, 'Combine', 1);
INSERT INTO PRIEST_SPELL ([ID], [NAME], [LEVEL]) VALUES (1003, 'Command', 1);
INSERT INTO PRIEST_SPELL ([ID], [NAME], [LEVEL]) VALUES (1004, 'Create water', 1);
INSERT INTO PRIEST_SPELL ([ID], [NAME], [LEVEL]) VALUES (1005, 'Cure light wounds', 1);
INSERT INTO PRIEST_SPELL ([ID], [NAME], [LEVEL]) VALUES (1006, 'Detect evil', 1);
INSERT INTO PRIEST_SPELL ([ID], [NAME], [LEVEL]) VALUES (1007, 'Detect magic', 1);
INSERT INTO PRIEST_SPELL ([ID], [NAME], [LEVEL]) VALUES (1008, 'Detect poison', 1);
INSERT INTO PRIEST_SPELL ([ID], [NAME], [LEVEL]) VALUES (1009, 'Detect snares and pits', 1);
INSERT INTO PRIEST_SPELL ([ID], [NAME], [LEVEL]) VALUES (1010, 'Endure heat/endure cold', 1);
INSERT INTO PRIEST_SPELL ([ID], [NAME], [LEVEL]) VALUES (1011, 'Entangle', 1);
INSERT INTO PRIEST_SPELL ([ID], [NAME], [LEVEL]) VALUES (1012, 'Faerie fire', 1);
INSERT INTO PRIEST_SPELL ([ID], [NAME], [LEVEL]) VALUES (1013, 'Invisibility to animals', 1);
INSERT INTO PRIEST_SPELL ([ID], [NAME], [LEVEL]) VALUES (1014, 'Invisibility to undead', 1);
INSERT INTO PRIEST_SPELL ([ID], [NAME], [LEVEL]) VALUES (1015, 'Light', 1);
INSERT INTO PRIEST_SPELL ([ID], [NAME], [LEVEL]) VALUES (1016, 'Locate animals or plants', 1);
INSERT INTO PRIEST_SPELL ([ID], [NAME], [LEVEL]) VALUES (1017, 'Magical stone', 1);
INSERT INTO PRIEST_SPELL ([ID], [NAME], [LEVEL]) VALUES (1018, 'Pass without trace', 1);
INSERT INTO PRIEST_SPELL ([ID], [NAME], [LEVEL]) VALUES (1019, 'Protection from evil', 1);
INSERT INTO PRIEST_SPELL ([ID], [NAME], [LEVEL]) VALUES (1020, 'Purify food and drink', 1);
INSERT INTO PRIEST_SPELL ([ID], [NAME], [LEVEL]) VALUES (1021, 'Remove fear', 1);
INSERT INTO PRIEST_SPELL ([ID], [NAME], [LEVEL]) VALUES (1022, 'Sanctuary', 1);
INSERT INTO PRIEST_SPELL ([ID], [NAME], [LEVEL]) VALUES (1023, 'Shillelagh', 1);

--2ND LEVEL
INSERT INTO PRIEST_SPELL ([ID], [NAME], [LEVEL]) VALUES (2000, 'Aid', 2);
INSERT INTO PRIEST_SPELL ([ID], [NAME], [LEVEL]) VALUES (2001, 'Augury', 2);
INSERT INTO PRIEST_SPELL ([ID], [NAME], [LEVEL]) VALUES (2002, 'Barkskin', 2);
INSERT INTO PRIEST_SPELL ([ID], [NAME], [LEVEL]) VALUES (2003, 'Chant', 2);
INSERT INTO PRIEST_SPELL ([ID], [NAME], [LEVEL]) VALUES (2004, 'Charm person or mammal', 2);
INSERT INTO PRIEST_SPELL ([ID], [NAME], [LEVEL]) VALUES (2005, 'Detect charm', 2);
INSERT INTO PRIEST_SPELL ([ID], [NAME], [LEVEL]) VALUES (2006, 'Dust devil', 2);
INSERT INTO PRIEST_SPELL ([ID], [NAME], [LEVEL]) VALUES (2007, 'Enthrall', 2);
INSERT INTO PRIEST_SPELL ([ID], [NAME], [LEVEL]) VALUES (2008, 'Find traps', 2);
INSERT INTO PRIEST_SPELL ([ID], [NAME], [LEVEL]) VALUES (2009, 'Fire trap', 2);
INSERT INTO PRIEST_SPELL ([ID], [NAME], [LEVEL]) VALUES (2010, 'Flame blade', 2);
INSERT INTO PRIEST_SPELL ([ID], [NAME], [LEVEL]) VALUES (2011, 'Goodberry', 2);
INSERT INTO PRIEST_SPELL ([ID], [NAME], [LEVEL]) VALUES (2012, 'Heat metal', 2);
INSERT INTO PRIEST_SPELL ([ID], [NAME], [LEVEL]) VALUES (2013, 'Hold person', 2);
INSERT INTO PRIEST_SPELL ([ID], [NAME], [LEVEL]) VALUES (2014, 'Know alignment', 2);
INSERT INTO PRIEST_SPELL ([ID], [NAME], [LEVEL]) VALUES (2015, 'Messenger', 2);
INSERT INTO PRIEST_SPELL ([ID], [NAME], [LEVEL]) VALUES (2016, 'Obscurement', 2);
INSERT INTO PRIEST_SPELL ([ID], [NAME], [LEVEL]) VALUES (2017, 'Produce flame', 2);
INSERT INTO PRIEST_SPELL ([ID], [NAME], [LEVEL]) VALUES (2018, 'Resist fire/resist cold', 2);
INSERT INTO PRIEST_SPELL ([ID], [NAME], [LEVEL]) VALUES (2019, 'Silence 15 radius', 2);
INSERT INTO PRIEST_SPELL ([ID], [NAME], [LEVEL]) VALUES (2020, 'Slow poison', 2);
INSERT INTO PRIEST_SPELL ([ID], [NAME], [LEVEL]) VALUES (2021, 'Snake charm', 2);
INSERT INTO PRIEST_SPELL ([ID], [NAME], [LEVEL]) VALUES (2022, 'Speak with animals', 2);
INSERT INTO PRIEST_SPELL ([ID], [NAME], [LEVEL]) VALUES (2023, 'Spiritual hammer', 2);
INSERT INTO PRIEST_SPELL ([ID], [NAME], [LEVEL]) VALUES (2024, 'Trip', 2);
INSERT INTO PRIEST_SPELL ([ID], [NAME], [LEVEL]) VALUES (2025, 'Warp wood', 2);
INSERT INTO PRIEST_SPELL ([ID], [NAME], [LEVEL]) VALUES (2026, 'Withdraw', 2);
INSERT INTO PRIEST_SPELL ([ID], [NAME], [LEVEL]) VALUES (2027, 'Wyvern watch', 2);

--3RD LEVEL
INSERT INTO PRIEST_SPELL ([ID], [NAME], [LEVEL]) VALUES (3000, 'Animate dead', 3);
INSERT INTO PRIEST_SPELL ([ID], [NAME], [LEVEL]) VALUES (3001, 'Call lightning', 3);
INSERT INTO PRIEST_SPELL ([ID], [NAME], [LEVEL]) VALUES (3002, 'Continual light', 3);
INSERT INTO PRIEST_SPELL ([ID], [NAME], [LEVEL]) VALUES (3003, 'Create food and water', 3);
INSERT INTO PRIEST_SPELL ([ID], [NAME], [LEVEL]) VALUES (3004, 'Cure blindness or deafness', 3);
INSERT INTO PRIEST_SPELL ([ID], [NAME], [LEVEL]) VALUES (3005, 'Cure disease', 3);
INSERT INTO PRIEST_SPELL ([ID], [NAME], [LEVEL]) VALUES (3006, 'Dispel magic', 3);
INSERT INTO PRIEST_SPELL ([ID], [NAME], [LEVEL]) VALUES (3007, 'Feign death', 3);
INSERT INTO PRIEST_SPELL ([ID], [NAME], [LEVEL]) VALUES (3008, 'Flame walk', 3);
INSERT INTO PRIEST_SPELL ([ID], [NAME], [LEVEL]) VALUES (3009, 'Glyph of warding', 3);
INSERT INTO PRIEST_SPELL ([ID], [NAME], [LEVEL]) VALUES (3010, 'Hold animal', 3);
INSERT INTO PRIEST_SPELL ([ID], [NAME], [LEVEL]) VALUES (3011, 'Locate object', 3);
INSERT INTO PRIEST_SPELL ([ID], [NAME], [LEVEL]) VALUES (3012, 'Magical vestment', 3);
INSERT INTO PRIEST_SPELL ([ID], [NAME], [LEVEL]) VALUES (3013, 'Meld into stone', 3);
INSERT INTO PRIEST_SPELL ([ID], [NAME], [LEVEL]) VALUES (3014, 'Negative plane protection', 3);
INSERT INTO PRIEST_SPELL ([ID], [NAME], [LEVEL]) VALUES (3015, 'Plant growth', 3);
INSERT INTO PRIEST_SPELL ([ID], [NAME], [LEVEL]) VALUES (3016, 'Prayer', 3);
INSERT INTO PRIEST_SPELL ([ID], [NAME], [LEVEL]) VALUES (3017, 'Protection from fire', 3);
INSERT INTO PRIEST_SPELL ([ID], [NAME], [LEVEL]) VALUES (3018, 'Pyrotechnics', 3);
INSERT INTO PRIEST_SPELL ([ID], [NAME], [LEVEL]) VALUES (3019, 'Remove curse', 3);
INSERT INTO PRIEST_SPELL ([ID], [NAME], [LEVEL]) VALUES (3020, 'Remove paralysis', 3);
INSERT INTO PRIEST_SPELL ([ID], [NAME], [LEVEL]) VALUES (3021, 'Snare', 3);
INSERT INTO PRIEST_SPELL ([ID], [NAME], [LEVEL]) VALUES (3022, 'Speak with dead', 3);
INSERT INTO PRIEST_SPELL ([ID], [NAME], [LEVEL]) VALUES (3023, 'Spike growth', 3);
INSERT INTO PRIEST_SPELL ([ID], [NAME], [LEVEL]) VALUES (3024, 'Starshine', 3);
INSERT INTO PRIEST_SPELL ([ID], [NAME], [LEVEL]) VALUES (3025, 'Stone shape', 3);
INSERT INTO PRIEST_SPELL ([ID], [NAME], [LEVEL]) VALUES (3026, 'Summon insects', 3);
INSERT INTO PRIEST_SPELL ([ID], [NAME], [LEVEL]) VALUES (3027, 'Tree', 3);
INSERT INTO PRIEST_SPELL ([ID], [NAME], [LEVEL]) VALUES (3028, 'Water breathing', 3);
INSERT INTO PRIEST_SPELL ([ID], [NAME], [LEVEL]) VALUES (3029, 'Water walk', 3);

--4TH LEVEL
INSERT INTO PRIEST_SPELL ([ID], [NAME], [LEVEL]) VALUES (4000, 'Abjure', 4);
INSERT INTO PRIEST_SPELL ([ID], [NAME], [LEVEL]) VALUES (4001, 'Animal summoning i', 4);
INSERT INTO PRIEST_SPELL ([ID], [NAME], [LEVEL]) VALUES (4002, 'Call woodland beings', 4);
INSERT INTO PRIEST_SPELL ([ID], [NAME], [LEVEL]) VALUES (4003, 'Cloak of bravery', 4);
INSERT INTO PRIEST_SPELL ([ID], [NAME], [LEVEL]) VALUES (4004, 'Control temperature 10 radius', 4);
INSERT INTO PRIEST_SPELL ([ID], [NAME], [LEVEL]) VALUES (4005, 'Cure serious wounds', 4);
INSERT INTO PRIEST_SPELL ([ID], [NAME], [LEVEL]) VALUES (4006, 'Detect lie', 4);
INSERT INTO PRIEST_SPELL ([ID], [NAME], [LEVEL]) VALUES (4007, 'Divination', 4);
INSERT INTO PRIEST_SPELL ([ID], [NAME], [LEVEL]) VALUES (4008, 'Free action', 4);
INSERT INTO PRIEST_SPELL ([ID], [NAME], [LEVEL]) VALUES (4009, 'Giant insect', 4);
INSERT INTO PRIEST_SPELL ([ID], [NAME], [LEVEL]) VALUES (4010, 'Hallucinatory forest', 4);
INSERT INTO PRIEST_SPELL ([ID], [NAME], [LEVEL]) VALUES (4011, 'Hold plant', 4);
INSERT INTO PRIEST_SPELL ([ID], [NAME], [LEVEL]) VALUES (4012, 'Imbue with spell ability', 4);
INSERT INTO PRIEST_SPELL ([ID], [NAME], [LEVEL]) VALUES (4013, 'Lower water', 4);
INSERT INTO PRIEST_SPELL ([ID], [NAME], [LEVEL]) VALUES (4014, 'Neutralize poison', 4);
INSERT INTO PRIEST_SPELL ([ID], [NAME], [LEVEL]) VALUES (4015, 'Plant door', 4);
INSERT INTO PRIEST_SPELL ([ID], [NAME], [LEVEL]) VALUES (4016, 'Produce fire', 4);
INSERT INTO PRIEST_SPELL ([ID], [NAME], [LEVEL]) VALUES (4017, 'Protection from evil 10 radius', 4);
INSERT INTO PRIEST_SPELL ([ID], [NAME], [LEVEL]) VALUES (4018, 'Protection from lightning', 4);
INSERT INTO PRIEST_SPELL ([ID], [NAME], [LEVEL]) VALUES (4019, 'Reflecting pool', 4);
INSERT INTO PRIEST_SPELL ([ID], [NAME], [LEVEL]) VALUES (4020, 'Repel insects', 4);
INSERT INTO PRIEST_SPELL ([ID], [NAME], [LEVEL]) VALUES (4021, 'Speak with plants', 4);
INSERT INTO PRIEST_SPELL ([ID], [NAME], [LEVEL]) VALUES (4022, 'Spell immunity', 4);
INSERT INTO PRIEST_SPELL ([ID], [NAME], [LEVEL]) VALUES (4023, 'Sticks to snakes', 4);
INSERT INTO PRIEST_SPELL ([ID], [NAME], [LEVEL]) VALUES (4024, 'Tongues', 4);

--5TH LEVEL
INSERT INTO PRIEST_SPELL ([ID], [NAME], [LEVEL]) VALUES (5000, 'Air walk', 5);
INSERT INTO PRIEST_SPELL ([ID], [NAME], [LEVEL]) VALUES (5001, 'Animal growth', 5);
INSERT INTO PRIEST_SPELL ([ID], [NAME], [LEVEL]) VALUES (5002, 'Animal summoning ii', 5);
INSERT INTO PRIEST_SPELL ([ID], [NAME], [LEVEL]) VALUES (5003, 'Antiplant shell', 5);
INSERT INTO PRIEST_SPELL ([ID], [NAME], [LEVEL]) VALUES (5004, 'Atonement', 5);
INSERT INTO PRIEST_SPELL ([ID], [NAME], [LEVEL]) VALUES (5005, 'Commune', 5);
INSERT INTO PRIEST_SPELL ([ID], [NAME], [LEVEL]) VALUES (5006, 'Commune with nature', 5);
INSERT INTO PRIEST_SPELL ([ID], [NAME], [LEVEL]) VALUES (5007, 'Control winds', 5);
INSERT INTO PRIEST_SPELL ([ID], [NAME], [LEVEL]) VALUES (5008, 'Cure critical wounds', 5);
INSERT INTO PRIEST_SPELL ([ID], [NAME], [LEVEL]) VALUES (5009, 'Dispel evil', 5);
INSERT INTO PRIEST_SPELL ([ID], [NAME], [LEVEL]) VALUES (5010, 'Flame strike', 5);
INSERT INTO PRIEST_SPELL ([ID], [NAME], [LEVEL]) VALUES (5011, 'Insect plague', 5);
INSERT INTO PRIEST_SPELL ([ID], [NAME], [LEVEL]) VALUES (5012, 'Magic font', 5);
INSERT INTO PRIEST_SPELL ([ID], [NAME], [LEVEL]) VALUES (5013, 'Moonbeam', 5);
INSERT INTO PRIEST_SPELL ([ID], [NAME], [LEVEL]) VALUES (5014, 'Pass plant', 5);
INSERT INTO PRIEST_SPELL ([ID], [NAME], [LEVEL]) VALUES (5015, 'Plane shift', 5);
INSERT INTO PRIEST_SPELL ([ID], [NAME], [LEVEL]) VALUES (5016, 'Quest', 5);
INSERT INTO PRIEST_SPELL ([ID], [NAME], [LEVEL]) VALUES (5017, 'Rainbow', 5);
INSERT INTO PRIEST_SPELL ([ID], [NAME], [LEVEL]) VALUES (5018, 'Raise dead', 5);
INSERT INTO PRIEST_SPELL ([ID], [NAME], [LEVEL]) VALUES (5019, 'Spike stones', 5);
INSERT INTO PRIEST_SPELL ([ID], [NAME], [LEVEL]) VALUES (5020, 'Transmute rock to mud', 5);
INSERT INTO PRIEST_SPELL ([ID], [NAME], [LEVEL]) VALUES (5021, 'True seeing', 5);
INSERT INTO PRIEST_SPELL ([ID], [NAME], [LEVEL]) VALUES (5022, 'Wall of fire', 5);

--6TH LEVEL
INSERT INTO PRIEST_SPELL ([ID], [NAME], [LEVEL]) VALUES (6000, 'Aerial servant', 6);
INSERT INTO PRIEST_SPELL ([ID], [NAME], [LEVEL]) VALUES (6001, 'Animal summoning iii', 6);
INSERT INTO PRIEST_SPELL ([ID], [NAME], [LEVEL]) VALUES (6002, 'Animate object', 6);
INSERT INTO PRIEST_SPELL ([ID], [NAME], [LEVEL]) VALUES (6003, 'Antianimal shell', 6);
INSERT INTO PRIEST_SPELL ([ID], [NAME], [LEVEL]) VALUES (6004, 'Blade barrier', 6);
INSERT INTO PRIEST_SPELL ([ID], [NAME], [LEVEL]) VALUES (6005, 'Conjure animals', 6);
INSERT INTO PRIEST_SPELL ([ID], [NAME], [LEVEL]) VALUES (6006, 'Conjure fire elemental', 6);
INSERT INTO PRIEST_SPELL ([ID], [NAME], [LEVEL]) VALUES (6007, 'Find the path', 6);
INSERT INTO PRIEST_SPELL ([ID], [NAME], [LEVEL]) VALUES (6008, 'Fire seeds', 6);
INSERT INTO PRIEST_SPELL ([ID], [NAME], [LEVEL]) VALUES (6009, 'Forbiddance', 6);
INSERT INTO PRIEST_SPELL ([ID], [NAME], [LEVEL]) VALUES (6010, 'Heal', 6);
INSERT INTO PRIEST_SPELL ([ID], [NAME], [LEVEL]) VALUES (6011, 'Heroes feast', 6);
INSERT INTO PRIEST_SPELL ([ID], [NAME], [LEVEL]) VALUES (6012, 'Liveoak', 6);
INSERT INTO PRIEST_SPELL ([ID], [NAME], [LEVEL]) VALUES (6013, 'Part water', 6);
INSERT INTO PRIEST_SPELL ([ID], [NAME], [LEVEL]) VALUES (6014, 'Speak with monsters', 6);
INSERT INTO PRIEST_SPELL ([ID], [NAME], [LEVEL]) VALUES (6015, 'Stone tell', 6);
INSERT INTO PRIEST_SPELL ([ID], [NAME], [LEVEL]) VALUES (6016, 'Transmute water to dust', 6);
INSERT INTO PRIEST_SPELL ([ID], [NAME], [LEVEL]) VALUES (6017, 'Transport via plants', 6);
INSERT INTO PRIEST_SPELL ([ID], [NAME], [LEVEL]) VALUES (6018, 'Turn wood', 6);
INSERT INTO PRIEST_SPELL ([ID], [NAME], [LEVEL]) VALUES (6019, 'Wall of thorns', 6);
INSERT INTO PRIEST_SPELL ([ID], [NAME], [LEVEL]) VALUES (6020, 'Weather summoning', 6);
INSERT INTO PRIEST_SPELL ([ID], [NAME], [LEVEL]) VALUES (6021, 'Word of recall', 6);

--7TH LEVEL
INSERT INTO PRIEST_SPELL ([ID], [NAME], [LEVEL]) VALUES (7000, 'Animate rock', 7);
INSERT INTO PRIEST_SPELL ([ID], [NAME], [LEVEL]) VALUES (7001, 'Astral spell', 7);
INSERT INTO PRIEST_SPELL ([ID], [NAME], [LEVEL]) VALUES (7002, 'Changestaff', 7);
INSERT INTO PRIEST_SPELL ([ID], [NAME], [LEVEL]) VALUES (7003, 'Chariot of sustarre', 7);
INSERT INTO PRIEST_SPELL ([ID], [NAME], [LEVEL]) VALUES (7004, 'Confusion', 7);
INSERT INTO PRIEST_SPELL ([ID], [NAME], [LEVEL]) VALUES (7005, 'Conjure earth elemental', 7);
INSERT INTO PRIEST_SPELL ([ID], [NAME], [LEVEL]) VALUES (7006, 'Control weather', 7);
INSERT INTO PRIEST_SPELL ([ID], [NAME], [LEVEL]) VALUES (7007, 'Creeping doom', 7);
INSERT INTO PRIEST_SPELL ([ID], [NAME], [LEVEL]) VALUES (7008, 'Earthquake', 7);
INSERT INTO PRIEST_SPELL ([ID], [NAME], [LEVEL]) VALUES (7009, 'Exaction', 7);
INSERT INTO PRIEST_SPELL ([ID], [NAME], [LEVEL]) VALUES (7010, 'Fire storm', 7);
INSERT INTO PRIEST_SPELL ([ID], [NAME], [LEVEL]) VALUES (7011, 'Gate', 7);
INSERT INTO PRIEST_SPELL ([ID], [NAME], [LEVEL]) VALUES (7012, 'Holy word', 7);
INSERT INTO PRIEST_SPELL ([ID], [NAME], [LEVEL]) VALUES (7013, 'Regenerate', 7);
INSERT INTO PRIEST_SPELL ([ID], [NAME], [LEVEL]) VALUES (7014, 'Reincarnate', 7);
INSERT INTO PRIEST_SPELL ([ID], [NAME], [LEVEL]) VALUES (7015, 'Restoration', 7);
INSERT INTO PRIEST_SPELL ([ID], [NAME], [LEVEL]) VALUES (7016, 'Resurrection', 7);
INSERT INTO PRIEST_SPELL ([ID], [NAME], [LEVEL]) VALUES (7017, 'Succor', 7);
INSERT INTO PRIEST_SPELL ([ID], [NAME], [LEVEL]) VALUES (7018, 'Sunray', 7);
INSERT INTO PRIEST_SPELL ([ID], [NAME], [LEVEL]) VALUES (7019, 'Symbol', 7);
INSERT INTO PRIEST_SPELL ([ID], [NAME], [LEVEL]) VALUES (7020, 'Transmute metal to wood', 7);
INSERT INTO PRIEST_SPELL ([ID], [NAME], [LEVEL]) VALUES (7021, 'Wind walk', 7);

COMMIT TRANSACTION;

-----------------------------------------------------------------------------------------------------------

BEGIN TRANSACTION;

INSERT INTO TREASURE_NATURE ([ID], [NAME]) VALUES (0,	'None');
INSERT INTO TREASURE_NATURE ([ID], [NAME]) VALUES (1,	'Magical weapon');
INSERT INTO TREASURE_NATURE ([ID], [NAME]) VALUES (2,	'Magical armour');
INSERT INTO TREASURE_NATURE ([ID], [NAME]) VALUES (4,	'Potions and oils');
INSERT INTO TREASURE_NATURE ([ID], [NAME]) VALUES (8,	'Scrolls');
INSERT INTO TREASURE_NATURE ([ID], [NAME]) VALUES (16,	'Rings');
INSERT INTO TREASURE_NATURE ([ID], [NAME]) VALUES (32,	'Wands, staves and rods');
INSERT INTO TREASURE_NATURE ([ID], [NAME]) VALUES (64,	'Miscellaneous');
INSERT INTO TREASURE_NATURE ([ID], [NAME]) VALUES (128,	'Artifacts and relics');

COMMIT TRANSACTION;

-----------------------------------------------------------------------------------------------------------

BEGIN TRANSACTION;

INSERT INTO TREASURE_LOCATION ([ID], [NAME]) VALUES (0,	'Lair');
INSERT INTO TREASURE_LOCATION ([ID], [NAME]) VALUES (1,	'Individual');

COMMIT TRANSACTION;

-----------------------------------------------------------------------------------------------------------

BEGIN TRANSACTION;

INSERT INTO TREASURE_CLASS ([ID], [ACRONYM], [LOCATION]) VALUES (0,		'A', 0);
INSERT INTO TREASURE_CLASS ([ID], [ACRONYM], [LOCATION]) VALUES (1,		'B', 0);
INSERT INTO TREASURE_CLASS ([ID], [ACRONYM], [LOCATION]) VALUES (2,		'C', 0);
INSERT INTO TREASURE_CLASS ([ID], [ACRONYM], [LOCATION]) VALUES (3,		'D', 0);
INSERT INTO TREASURE_CLASS ([ID], [ACRONYM], [LOCATION]) VALUES (4,		'E', 0);
INSERT INTO TREASURE_CLASS ([ID], [ACRONYM], [LOCATION]) VALUES (5,		'F', 0);
INSERT INTO TREASURE_CLASS ([ID], [ACRONYM], [LOCATION]) VALUES (6,		'G', 0);
INSERT INTO TREASURE_CLASS ([ID], [ACRONYM], [LOCATION]) VALUES (7,		'H', 0);
INSERT INTO TREASURE_CLASS ([ID], [ACRONYM], [LOCATION]) VALUES (8,		'I', 0);
INSERT INTO TREASURE_CLASS ([ID], [ACRONYM], [LOCATION]) VALUES (9,		'J', 1);
INSERT INTO TREASURE_CLASS ([ID], [ACRONYM], [LOCATION]) VALUES (10,	'K', 1);
INSERT INTO TREASURE_CLASS ([ID], [ACRONYM], [LOCATION]) VALUES (11,	'L', 1);
INSERT INTO TREASURE_CLASS ([ID], [ACRONYM], [LOCATION]) VALUES (12,	'M', 1);
INSERT INTO TREASURE_CLASS ([ID], [ACRONYM], [LOCATION]) VALUES (13,	'N', 1);
INSERT INTO TREASURE_CLASS ([ID], [ACRONYM], [LOCATION]) VALUES (14,	'O', 1);
INSERT INTO TREASURE_CLASS ([ID], [ACRONYM], [LOCATION]) VALUES (15,	'P', 1);
INSERT INTO TREASURE_CLASS ([ID], [ACRONYM], [LOCATION]) VALUES (16,	'Q', 1);
INSERT INTO TREASURE_CLASS ([ID], [ACRONYM], [LOCATION]) VALUES (17,	'R', 1);
INSERT INTO TREASURE_CLASS ([ID], [ACRONYM], [LOCATION]) VALUES (18,	'S', 1);
INSERT INTO TREASURE_CLASS ([ID], [ACRONYM], [LOCATION]) VALUES (19,	'T', 1);
INSERT INTO TREASURE_CLASS ([ID], [ACRONYM], [LOCATION]) VALUES (20,	'U', 1);
INSERT INTO TREASURE_CLASS ([ID], [ACRONYM], [LOCATION]) VALUES (21,	'V', 1);
INSERT INTO TREASURE_CLASS ([ID], [ACRONYM], [LOCATION]) VALUES (22,	'W', 1);
INSERT INTO TREASURE_CLASS ([ID], [ACRONYM], [LOCATION]) VALUES (23,	'X', 1);
INSERT INTO TREASURE_CLASS ([ID], [ACRONYM], [LOCATION]) VALUES (24,	'Y', 1);
INSERT INTO TREASURE_CLASS ([ID], [ACRONYM], [LOCATION]) VALUES (25,	'Z', 1);

COMMIT TRANSACTION;

-----------------------------------------------------------------------------------------------------------

BEGIN TRANSACTION;

INSERT INTO TREASURE_COMPONENT ([ID], [NAME]) VALUES (-1,	'None');
INSERT INTO TREASURE_COMPONENT ([ID], [NAME]) VALUES (0,	'Copper');
INSERT INTO TREASURE_COMPONENT ([ID], [NAME]) VALUES (1,	'Silver');
INSERT INTO TREASURE_COMPONENT ([ID], [NAME]) VALUES (2,	'Gold');
INSERT INTO TREASURE_COMPONENT ([ID], [NAME]) VALUES (3,	'Platinum or Electrum');
INSERT INTO TREASURE_COMPONENT ([ID], [NAME]) VALUES (4,	'Gems');
INSERT INTO TREASURE_COMPONENT ([ID], [NAME]) VALUES (5,	'Art objects');
INSERT INTO TREASURE_COMPONENT ([ID], [NAME]) VALUES (6,	'Magical items');
INSERT INTO TREASURE_COMPONENT ([ID], [NAME]) VALUES (7,	'Magical items (additional)');

COMMIT TRANSACTION;

-----------------------------------------------------------------------------------------------------------

BEGIN TRANSACTION;
				
INSERT INTO GEM_TYPE ([ID], [NAME], [BASE_COIN], [BASE_VALUE], [PROBABILITY_FROM], [PROBABILITY_TO]) VALUES (0,	'Ornamental', 3, 10, 1, 25);
INSERT INTO GEM_TYPE ([ID], [NAME], [BASE_COIN], [BASE_VALUE], [PROBABILITY_FROM], [PROBABILITY_TO]) VALUES (1,	'Semi-precious', 3, 50, 26, 50);
INSERT INTO GEM_TYPE ([ID], [NAME], [BASE_COIN], [BASE_VALUE], [PROBABILITY_FROM], [PROBABILITY_TO]) VALUES (2,	'Fancy', 3, 100, 51, 70);
INSERT INTO GEM_TYPE ([ID], [NAME], [BASE_COIN], [BASE_VALUE], [PROBABILITY_FROM], [PROBABILITY_TO]) VALUES (3,	'Precious', 3, 500, 71, 90);
INSERT INTO GEM_TYPE ([ID], [NAME], [BASE_COIN], [BASE_VALUE], [PROBABILITY_FROM], [PROBABILITY_TO]) VALUES (4,	'Gems', 3, 1000, 91, 99);
INSERT INTO GEM_TYPE ([ID], [NAME], [BASE_COIN], [BASE_VALUE], [PROBABILITY_FROM], [PROBABILITY_TO]) VALUES (5,	'Jewels', 3, 5000, 100, 100);

COMMIT TRANSACTION;

-----------------------------------------------------------------------------------------------------------

BEGIN TRANSACTION;
				
INSERT INTO GEMS ([ID], [NAME], [TYPE], [VALUE_RANGE_COIN], [VALUE_RANGE_FROM], [VALUE_RANGE_TO]) VALUES (0,	'Azurite', 0, NULL, NULL, NULL);
INSERT INTO GEMS ([ID], [NAME], [TYPE], [VALUE_RANGE_COIN], [VALUE_RANGE_FROM], [VALUE_RANGE_TO]) VALUES (1,	'Banded agate', 0, NULL, NULL, NULL);
INSERT INTO GEMS ([ID], [NAME], [TYPE], [VALUE_RANGE_COIN], [VALUE_RANGE_FROM], [VALUE_RANGE_TO]) VALUES (2,	'Blue quartz', 0, NULL, NULL, NULL);
INSERT INTO GEMS ([ID], [NAME], [TYPE], [VALUE_RANGE_COIN], [VALUE_RANGE_FROM], [VALUE_RANGE_TO]) VALUES (3,	'Eye agate', 0, NULL, NULL, NULL);
INSERT INTO GEMS ([ID], [NAME], [TYPE], [VALUE_RANGE_COIN], [VALUE_RANGE_FROM], [VALUE_RANGE_TO]) VALUES (4,	'Hematite', 0, NULL, NULL, NULL);
INSERT INTO GEMS ([ID], [NAME], [TYPE], [VALUE_RANGE_COIN], [VALUE_RANGE_FROM], [VALUE_RANGE_TO]) VALUES (5,	'Lapis lazuli', 0, NULL, NULL, NULL);
INSERT INTO GEMS ([ID], [NAME], [TYPE], [VALUE_RANGE_COIN], [VALUE_RANGE_FROM], [VALUE_RANGE_TO]) VALUES (6,	'Malachite', 0, NULL, NULL, NULL);
INSERT INTO GEMS ([ID], [NAME], [TYPE], [VALUE_RANGE_COIN], [VALUE_RANGE_FROM], [VALUE_RANGE_TO]) VALUES (7,	'Moss agate', 0, NULL, NULL, NULL);
INSERT INTO GEMS ([ID], [NAME], [TYPE], [VALUE_RANGE_COIN], [VALUE_RANGE_FROM], [VALUE_RANGE_TO]) VALUES (8,	'Obsidian', 0, NULL, NULL, NULL);
INSERT INTO GEMS ([ID], [NAME], [TYPE], [VALUE_RANGE_COIN], [VALUE_RANGE_FROM], [VALUE_RANGE_TO]) VALUES (9,	'Rhodochrosite', 0, NULL, NULL, NULL);
INSERT INTO GEMS ([ID], [NAME], [TYPE], [VALUE_RANGE_COIN], [VALUE_RANGE_FROM], [VALUE_RANGE_TO]) VALUES (10,	'Tiger eye agate', 0, NULL, NULL, NULL);
INSERT INTO GEMS ([ID], [NAME], [TYPE], [VALUE_RANGE_COIN], [VALUE_RANGE_FROM], [VALUE_RANGE_TO]) VALUES (11,	'Turquoise', 0, NULL, NULL, NULL);
INSERT INTO GEMS ([ID], [NAME], [TYPE], [VALUE_RANGE_COIN], [VALUE_RANGE_FROM], [VALUE_RANGE_TO]) VALUES (12,	'Bloodstone', 1, NULL, NULL, NULL);
INSERT INTO GEMS ([ID], [NAME], [TYPE], [VALUE_RANGE_COIN], [VALUE_RANGE_FROM], [VALUE_RANGE_TO]) VALUES (13,	'Camelian', 1, NULL, NULL, NULL);
INSERT INTO GEMS ([ID], [NAME], [TYPE], [VALUE_RANGE_COIN], [VALUE_RANGE_FROM], [VALUE_RANGE_TO]) VALUES (14,	'Chalcedony', 1, NULL, NULL, NULL);
INSERT INTO GEMS ([ID], [NAME], [TYPE], [VALUE_RANGE_COIN], [VALUE_RANGE_FROM], [VALUE_RANGE_TO]) VALUES (15,	'Chrysoprase', 1, NULL, NULL, NULL);
INSERT INTO GEMS ([ID], [NAME], [TYPE], [VALUE_RANGE_COIN], [VALUE_RANGE_FROM], [VALUE_RANGE_TO]) VALUES (16,	'Citrine', 1, NULL, NULL, NULL);
INSERT INTO GEMS ([ID], [NAME], [TYPE], [VALUE_RANGE_COIN], [VALUE_RANGE_FROM], [VALUE_RANGE_TO]) VALUES (17,	'Jasper', 1, NULL, NULL, NULL);
INSERT INTO GEMS ([ID], [NAME], [TYPE], [VALUE_RANGE_COIN], [VALUE_RANGE_FROM], [VALUE_RANGE_TO]) VALUES (18,	'Moonstone', 1, NULL, NULL, NULL);
INSERT INTO GEMS ([ID], [NAME], [TYPE], [VALUE_RANGE_COIN], [VALUE_RANGE_FROM], [VALUE_RANGE_TO]) VALUES (19,	'Onyx', 1, NULL, NULL, NULL);
INSERT INTO GEMS ([ID], [NAME], [TYPE], [VALUE_RANGE_COIN], [VALUE_RANGE_FROM], [VALUE_RANGE_TO]) VALUES (20,	'Rock crystal', 1, NULL, NULL, NULL);
INSERT INTO GEMS ([ID], [NAME], [TYPE], [VALUE_RANGE_COIN], [VALUE_RANGE_FROM], [VALUE_RANGE_TO]) VALUES (21,	'Sardonyx', 1, NULL, NULL, NULL);
INSERT INTO GEMS ([ID], [NAME], [TYPE], [VALUE_RANGE_COIN], [VALUE_RANGE_FROM], [VALUE_RANGE_TO]) VALUES (22,	'Smoky quartz', 1, NULL, NULL, NULL);
INSERT INTO GEMS ([ID], [NAME], [TYPE], [VALUE_RANGE_COIN], [VALUE_RANGE_FROM], [VALUE_RANGE_TO]) VALUES (23,	'Star rose quartz', 1, NULL, NULL, NULL);
INSERT INTO GEMS ([ID], [NAME], [TYPE], [VALUE_RANGE_COIN], [VALUE_RANGE_FROM], [VALUE_RANGE_TO]) VALUES (24,	'Zircon', 1, NULL, NULL, NULL);
INSERT INTO GEMS ([ID], [NAME], [TYPE], [VALUE_RANGE_COIN], [VALUE_RANGE_FROM], [VALUE_RANGE_TO]) VALUES (25,	'Amber', 2, NULL, NULL, NULL);
INSERT INTO GEMS ([ID], [NAME], [TYPE], [VALUE_RANGE_COIN], [VALUE_RANGE_FROM], [VALUE_RANGE_TO]) VALUES (26,	'Alexandrite', 2, NULL, NULL, NULL);
INSERT INTO GEMS ([ID], [NAME], [TYPE], [VALUE_RANGE_COIN], [VALUE_RANGE_FROM], [VALUE_RANGE_TO]) VALUES (27,	'Amethyst', 2, NULL, NULL, NULL);
INSERT INTO GEMS ([ID], [NAME], [TYPE], [VALUE_RANGE_COIN], [VALUE_RANGE_FROM], [VALUE_RANGE_TO]) VALUES (28,	'Aquamarine', 3, NULL, NULL, NULL);
INSERT INTO GEMS ([ID], [NAME], [TYPE], [VALUE_RANGE_COIN], [VALUE_RANGE_FROM], [VALUE_RANGE_TO]) VALUES (29,	'Chrysoberyl', 2, NULL, NULL, NULL);
INSERT INTO GEMS ([ID], [NAME], [TYPE], [VALUE_RANGE_COIN], [VALUE_RANGE_FROM], [VALUE_RANGE_TO]) VALUES (30,	'Coral', 2, NULL, NULL, NULL);
INSERT INTO GEMS ([ID], [NAME], [TYPE], [VALUE_RANGE_COIN], [VALUE_RANGE_FROM], [VALUE_RANGE_TO]) VALUES (31,	'Garnet', 2, 3, 100, 500);
INSERT INTO GEMS ([ID], [NAME], [TYPE], [VALUE_RANGE_COIN], [VALUE_RANGE_FROM], [VALUE_RANGE_TO]) VALUES (32,	'Jade', 2, NULL, NULL, NULL);
INSERT INTO GEMS ([ID], [NAME], [TYPE], [VALUE_RANGE_COIN], [VALUE_RANGE_FROM], [VALUE_RANGE_TO]) VALUES (33,	'Jet', 2, NULL, NULL, NULL);
INSERT INTO GEMS ([ID], [NAME], [TYPE], [VALUE_RANGE_COIN], [VALUE_RANGE_FROM], [VALUE_RANGE_TO]) VALUES (34,	'Pearl', 2, 3, 100, 500);
INSERT INTO GEMS ([ID], [NAME], [TYPE], [VALUE_RANGE_COIN], [VALUE_RANGE_FROM], [VALUE_RANGE_TO]) VALUES (35,	'Peridot', 3, NULL, NULL, NULL);
INSERT INTO GEMS ([ID], [NAME], [TYPE], [VALUE_RANGE_COIN], [VALUE_RANGE_FROM], [VALUE_RANGE_TO]) VALUES (36,	'Spinel', 2, 3, 100, 500);
INSERT INTO GEMS ([ID], [NAME], [TYPE], [VALUE_RANGE_COIN], [VALUE_RANGE_FROM], [VALUE_RANGE_TO]) VALUES (37,	'Topaz', 3, NULL, NULL, NULL);
INSERT INTO GEMS ([ID], [NAME], [TYPE], [VALUE_RANGE_COIN], [VALUE_RANGE_FROM], [VALUE_RANGE_TO]) VALUES (38,	'Tourmaline', 2, NULL, NULL, NULL);
INSERT INTO GEMS ([ID], [NAME], [TYPE], [VALUE_RANGE_COIN], [VALUE_RANGE_FROM], [VALUE_RANGE_TO]) VALUES (39,	'Black opal', 4, NULL, NULL, NULL);
INSERT INTO GEMS ([ID], [NAME], [TYPE], [VALUE_RANGE_COIN], [VALUE_RANGE_FROM], [VALUE_RANGE_TO]) VALUES (40,	'Black sapphire', 5, NULL, NULL, NULL);
INSERT INTO GEMS ([ID], [NAME], [TYPE], [VALUE_RANGE_COIN], [VALUE_RANGE_FROM], [VALUE_RANGE_TO]) VALUES (41,	'Diamon', 5, NULL, NULL, NULL);
INSERT INTO GEMS ([ID], [NAME], [TYPE], [VALUE_RANGE_COIN], [VALUE_RANGE_FROM], [VALUE_RANGE_TO]) VALUES (42,	'Emerald', 5, NULL, NULL, NULL);
INSERT INTO GEMS ([ID], [NAME], [TYPE], [VALUE_RANGE_COIN], [VALUE_RANGE_FROM], [VALUE_RANGE_TO]) VALUES (43,	'Fire opal', 4, NULL, NULL, NULL);
INSERT INTO GEMS ([ID], [NAME], [TYPE], [VALUE_RANGE_COIN], [VALUE_RANGE_FROM], [VALUE_RANGE_TO]) VALUES (44,	'Jacinth', 5, NULL, NULL, NULL);
INSERT INTO GEMS ([ID], [NAME], [TYPE], [VALUE_RANGE_COIN], [VALUE_RANGE_FROM], [VALUE_RANGE_TO]) VALUES (45,	'Opal', 4, NULL, NULL, NULL);
INSERT INTO GEMS ([ID], [NAME], [TYPE], [VALUE_RANGE_COIN], [VALUE_RANGE_FROM], [VALUE_RANGE_TO]) VALUES (46,	'Oriental amethyst', 4, NULL, NULL, NULL);
INSERT INTO GEMS ([ID], [NAME], [TYPE], [VALUE_RANGE_COIN], [VALUE_RANGE_FROM], [VALUE_RANGE_TO]) VALUES (47,	'Oriental emerald', 5, NULL, NULL, NULL);
INSERT INTO GEMS ([ID], [NAME], [TYPE], [VALUE_RANGE_COIN], [VALUE_RANGE_FROM], [VALUE_RANGE_TO]) VALUES (48,	'Oriental topaz', 4, NULL, NULL, NULL);
INSERT INTO GEMS ([ID], [NAME], [TYPE], [VALUE_RANGE_COIN], [VALUE_RANGE_FROM], [VALUE_RANGE_TO]) VALUES (49,	'Ruby', 5, NULL, NULL, NULL);
INSERT INTO GEMS ([ID], [NAME], [TYPE], [VALUE_RANGE_COIN], [VALUE_RANGE_FROM], [VALUE_RANGE_TO]) VALUES (50,	'Sapphire', 4, NULL, NULL, NULL);
INSERT INTO GEMS ([ID], [NAME], [TYPE], [VALUE_RANGE_COIN], [VALUE_RANGE_FROM], [VALUE_RANGE_TO]) VALUES (51,	'Star ruby', 5, NULL, NULL, NULL);
INSERT INTO GEMS ([ID], [NAME], [TYPE], [VALUE_RANGE_COIN], [VALUE_RANGE_FROM], [VALUE_RANGE_TO]) VALUES (52,	'Star sapphire', 5, NULL, NULL, NULL);

COMMIT TRANSACTION;

-----------------------------------------------------------------------------------------------------------

BEGIN TRANSACTION;

INSERT INTO OBJECT_OF_ART ([PROBABILITY_FROM], [PROBABILITY_TO], [VALUE_COIN], [VALUE_FROM], [VALUE_TO]) VALUES (1, 10, 3,	10, 100);
INSERT INTO OBJECT_OF_ART ([PROBABILITY_FROM], [PROBABILITY_TO], [VALUE_COIN], [VALUE_FROM], [VALUE_TO]) VALUES (11, 25, 3,	30, 180);
INSERT INTO OBJECT_OF_ART ([PROBABILITY_FROM], [PROBABILITY_TO], [VALUE_COIN], [VALUE_FROM], [VALUE_TO]) VALUES (26, 40, 3,	100, 600);
INSERT INTO OBJECT_OF_ART ([PROBABILITY_FROM], [PROBABILITY_TO], [VALUE_COIN], [VALUE_FROM], [VALUE_TO]) VALUES (41, 50, 3,	100, 1000);
INSERT INTO OBJECT_OF_ART ([PROBABILITY_FROM], [PROBABILITY_TO], [VALUE_COIN], [VALUE_FROM], [VALUE_TO]) VALUES (51, 60, 3,	120, 1200);
INSERT INTO OBJECT_OF_ART ([PROBABILITY_FROM], [PROBABILITY_TO], [VALUE_COIN], [VALUE_FROM], [VALUE_TO]) VALUES (61, 70, 3,	300, 1800);
INSERT INTO OBJECT_OF_ART ([PROBABILITY_FROM], [PROBABILITY_TO], [VALUE_COIN], [VALUE_FROM], [VALUE_TO]) VALUES (71, 80, 3,	400, 2400);
INSERT INTO OBJECT_OF_ART ([PROBABILITY_FROM], [PROBABILITY_TO], [VALUE_COIN], [VALUE_FROM], [VALUE_TO]) VALUES (81, 85, 3,	500, 3000);
INSERT INTO OBJECT_OF_ART ([PROBABILITY_FROM], [PROBABILITY_TO], [VALUE_COIN], [VALUE_FROM], [VALUE_TO]) VALUES (86, 90, 3,	1000, 4000);
INSERT INTO OBJECT_OF_ART ([PROBABILITY_FROM], [PROBABILITY_TO], [VALUE_COIN], [VALUE_FROM], [VALUE_TO]) VALUES (91, 95, 3,	1000, 6000);
INSERT INTO OBJECT_OF_ART ([PROBABILITY_FROM], [PROBABILITY_TO], [VALUE_COIN], [VALUE_FROM], [VALUE_TO]) VALUES (96, 99, 3,	2000, 8000);
INSERT INTO OBJECT_OF_ART ([PROBABILITY_FROM], [PROBABILITY_TO], [VALUE_COIN], [VALUE_FROM], [VALUE_TO]) VALUES (100, 100, 3, 2000, 12000);

COMMIT TRANSACTION;

-----------------------------------------------------------------------------------------------------------

BEGIN TRANSACTION;

INSERT INTO MAGICAL_ITEM_NATURE ([ID], [NAME]) VALUES (0,	'Neutral');
INSERT INTO MAGICAL_ITEM_NATURE ([ID], [NAME]) VALUES (1,	'Cursed');

COMMIT TRANSACTION;

-----------------------------------------------------------------------------------------------------------

BEGIN TRANSACTION;
				
INSERT INTO MAGICAL_ITEM_TYPE ([ID], [NAME], [PROBABILITY_FROM], [PROBABILITY_TO]) VALUES (0,	'Potions and Oils', 1, 20);
INSERT INTO MAGICAL_ITEM_TYPE ([ID], [NAME], [PROBABILITY_FROM], [PROBABILITY_TO]) VALUES (1,	'Scrolls', 21, 35);
INSERT INTO MAGICAL_ITEM_TYPE ([ID], [NAME], [PROBABILITY_FROM], [PROBABILITY_TO]) VALUES (2,	'Rings', 36, 40);
INSERT INTO MAGICAL_ITEM_TYPE ([ID], [NAME], [PROBABILITY_FROM], [PROBABILITY_TO]) VALUES (3,	'Rods', 41, 41);
INSERT INTO MAGICAL_ITEM_TYPE ([ID], [NAME], [PROBABILITY_FROM], [PROBABILITY_TO]) VALUES (4,	'Staves', 42, 42);
INSERT INTO MAGICAL_ITEM_TYPE ([ID], [NAME], [PROBABILITY_FROM], [PROBABILITY_TO]) VALUES (5,	'Wands', 43, 45);
INSERT INTO MAGICAL_ITEM_TYPE ([ID], [NAME], [PROBABILITY_FROM], [PROBABILITY_TO]) VALUES (6,	'Books and Tomes', 46, 46);
INSERT INTO MAGICAL_ITEM_TYPE ([ID], [NAME], [PROBABILITY_FROM], [PROBABILITY_TO]) VALUES (7,	'Jewels and Jewelry', 47, 48);
INSERT INTO MAGICAL_ITEM_TYPE ([ID], [NAME], [PROBABILITY_FROM], [PROBABILITY_TO]) VALUES (8,	'Cloaks and Robes', 49, 50);
INSERT INTO MAGICAL_ITEM_TYPE ([ID], [NAME], [PROBABILITY_FROM], [PROBABILITY_TO]) VALUES (9,	'Boots and Gloves', 51, 52);
INSERT INTO MAGICAL_ITEM_TYPE ([ID], [NAME], [PROBABILITY_FROM], [PROBABILITY_TO]) VALUES (10,	'Girdles and Helms', 53, 53);
INSERT INTO MAGICAL_ITEM_TYPE ([ID], [NAME], [PROBABILITY_FROM], [PROBABILITY_TO]) VALUES (11,	'Bags and Bottles', 54, 55);
INSERT INTO MAGICAL_ITEM_TYPE ([ID], [NAME], [PROBABILITY_FROM], [PROBABILITY_TO]) VALUES (12,	'Dusts and Stones', 56, 56);
INSERT INTO MAGICAL_ITEM_TYPE ([ID], [NAME], [PROBABILITY_FROM], [PROBABILITY_TO]) VALUES (13,	'Household Items and Tools', 57, 57);
INSERT INTO MAGICAL_ITEM_TYPE ([ID], [NAME], [PROBABILITY_FROM], [PROBABILITY_TO]) VALUES (14,	'Musical Instruments', 58, 58);
INSERT INTO MAGICAL_ITEM_TYPE ([ID], [NAME], [PROBABILITY_FROM], [PROBABILITY_TO]) VALUES (15,	'The Wierd Stuff', 59, 60);
INSERT INTO MAGICAL_ITEM_TYPE ([ID], [NAME], [PROBABILITY_FROM], [PROBABILITY_TO]) VALUES (16,	'Armour and Shields', 61, 75);
INSERT INTO MAGICAL_ITEM_TYPE ([ID], [NAME], [PROBABILITY_FROM], [PROBABILITY_TO]) VALUES (17,	'Weapons', 76, 100);

COMMIT TRANSACTION;

-----------------------------------------------------------------------------------------------------------

BEGIN TRANSACTION;

INSERT INTO MAGICAL_ITEM_UNIDENTIFIED_NAME ([ID], [NAME]) VALUES (0,	'Flask');
INSERT INTO MAGICAL_ITEM_UNIDENTIFIED_NAME ([ID], [NAME]) VALUES (1,	'Scroll');
INSERT INTO MAGICAL_ITEM_UNIDENTIFIED_NAME ([ID], [NAME]) VALUES (2,	'Ring');
INSERT INTO MAGICAL_ITEM_UNIDENTIFIED_NAME ([ID], [NAME]) VALUES (3,	'Rod');
INSERT INTO MAGICAL_ITEM_UNIDENTIFIED_NAME ([ID], [NAME]) VALUES (4,	'Stave');
INSERT INTO MAGICAL_ITEM_UNIDENTIFIED_NAME ([ID], [NAME]) VALUES (5,	'Wand');
INSERT INTO MAGICAL_ITEM_UNIDENTIFIED_NAME ([ID], [NAME]) VALUES (6,	'Book');
INSERT INTO MAGICAL_ITEM_UNIDENTIFIED_NAME ([ID], [NAME]) VALUES (7,	'Amulet');
INSERT INTO MAGICAL_ITEM_UNIDENTIFIED_NAME ([ID], [NAME]) VALUES (8,	'Beads');
INSERT INTO MAGICAL_ITEM_UNIDENTIFIED_NAME ([ID], [NAME]) VALUES (9,	'Brooch');
INSERT INTO MAGICAL_ITEM_UNIDENTIFIED_NAME ([ID], [NAME]) VALUES (10,	'Gem');
INSERT INTO MAGICAL_ITEM_UNIDENTIFIED_NAME ([ID], [NAME]) VALUES (11,	'Jewel');
INSERT INTO MAGICAL_ITEM_UNIDENTIFIED_NAME ([ID], [NAME]) VALUES (12,	'Medallion');
INSERT INTO MAGICAL_ITEM_UNIDENTIFIED_NAME ([ID], [NAME]) VALUES (13,	'Necklace');
INSERT INTO MAGICAL_ITEM_UNIDENTIFIED_NAME ([ID], [NAME]) VALUES (14,	'Pearls');
INSERT INTO MAGICAL_ITEM_UNIDENTIFIED_NAME ([ID], [NAME]) VALUES (15,	'Periapt');
INSERT INTO MAGICAL_ITEM_UNIDENTIFIED_NAME ([ID], [NAME]) VALUES (16,	'Phylactery');
INSERT INTO MAGICAL_ITEM_UNIDENTIFIED_NAME ([ID], [NAME]) VALUES (17,	'Scarab');
INSERT INTO MAGICAL_ITEM_UNIDENTIFIED_NAME ([ID], [NAME]) VALUES (18,	'Talisman');
INSERT INTO MAGICAL_ITEM_UNIDENTIFIED_NAME ([ID], [NAME]) VALUES (19,	'Cloak');
INSERT INTO MAGICAL_ITEM_UNIDENTIFIED_NAME ([ID], [NAME]) VALUES (20,	'Robe');
INSERT INTO MAGICAL_ITEM_UNIDENTIFIED_NAME ([ID], [NAME]) VALUES (21,	'Boots');
INSERT INTO MAGICAL_ITEM_UNIDENTIFIED_NAME ([ID], [NAME]) VALUES (22,	'Braces');
INSERT INTO MAGICAL_ITEM_UNIDENTIFIED_NAME ([ID], [NAME]) VALUES (23,	'Gauntlets');
INSERT INTO MAGICAL_ITEM_UNIDENTIFIED_NAME ([ID], [NAME]) VALUES (24,	'Gloves');
INSERT INTO MAGICAL_ITEM_UNIDENTIFIED_NAME ([ID], [NAME]) VALUES (25,	'Slippers');
INSERT INTO MAGICAL_ITEM_UNIDENTIFIED_NAME ([ID], [NAME]) VALUES (26,	'Girdle');
INSERT INTO MAGICAL_ITEM_UNIDENTIFIED_NAME ([ID], [NAME]) VALUES (27,	'Hat');
INSERT INTO MAGICAL_ITEM_UNIDENTIFIED_NAME ([ID], [NAME]) VALUES (28,	'Helm');
INSERT INTO MAGICAL_ITEM_UNIDENTIFIED_NAME ([ID], [NAME]) VALUES (29,	'Jug');
INSERT INTO MAGICAL_ITEM_UNIDENTIFIED_NAME ([ID], [NAME]) VALUES (30,	'Bag');
INSERT INTO MAGICAL_ITEM_UNIDENTIFIED_NAME ([ID], [NAME]) VALUES (31,	'Bottle');
INSERT INTO MAGICAL_ITEM_UNIDENTIFIED_NAME ([ID], [NAME]) VALUES (32,	'Unidentifiable object');
INSERT INTO MAGICAL_ITEM_UNIDENTIFIED_NAME ([ID], [NAME]) VALUES (33,	'Candle');
INSERT INTO MAGICAL_ITEM_UNIDENTIFIED_NAME ([ID], [NAME]) VALUES (34,	'Dust bag');
INSERT INTO MAGICAL_ITEM_UNIDENTIFIED_NAME ([ID], [NAME]) VALUES (35,	'Incense');
INSERT INTO MAGICAL_ITEM_UNIDENTIFIED_NAME ([ID], [NAME]) VALUES (36,	'Stone');
INSERT INTO MAGICAL_ITEM_UNIDENTIFIED_NAME ([ID], [NAME]) VALUES (37,	'Brazier');
INSERT INTO MAGICAL_ITEM_UNIDENTIFIED_NAME ([ID], [NAME]) VALUES (38,	'Broom');
INSERT INTO MAGICAL_ITEM_UNIDENTIFIED_NAME ([ID], [NAME]) VALUES (39,	'Carpet');
INSERT INTO MAGICAL_ITEM_UNIDENTIFIED_NAME ([ID], [NAME]) VALUES (40,	'Mattock');
INSERT INTO MAGICAL_ITEM_UNIDENTIFIED_NAME ([ID], [NAME]) VALUES (41,	'Maul');
INSERT INTO MAGICAL_ITEM_UNIDENTIFIED_NAME ([ID], [NAME]) VALUES (42,	'Mirror');
INSERT INTO MAGICAL_ITEM_UNIDENTIFIED_NAME ([ID], [NAME]) VALUES (43,	'Spoon');
INSERT INTO MAGICAL_ITEM_UNIDENTIFIED_NAME ([ID], [NAME]) VALUES (44,	'Rope');
INSERT INTO MAGICAL_ITEM_UNIDENTIFIED_NAME ([ID], [NAME]) VALUES (45,	'Rug');
INSERT INTO MAGICAL_ITEM_UNIDENTIFIED_NAME ([ID], [NAME]) VALUES (46,	'Saw');
INSERT INTO MAGICAL_ITEM_UNIDENTIFIED_NAME ([ID], [NAME]) VALUES (47,	'Spade');
INSERT INTO MAGICAL_ITEM_UNIDENTIFIED_NAME ([ID], [NAME]) VALUES (48,	'Chime');
INSERT INTO MAGICAL_ITEM_UNIDENTIFIED_NAME ([ID], [NAME]) VALUES (49,	'Drums');
INSERT INTO MAGICAL_ITEM_UNIDENTIFIED_NAME ([ID], [NAME]) VALUES (50,	'Harp');
INSERT INTO MAGICAL_ITEM_UNIDENTIFIED_NAME ([ID], [NAME]) VALUES (51,	'Horn');
INSERT INTO MAGICAL_ITEM_UNIDENTIFIED_NAME ([ID], [NAME]) VALUES (52,	'Lyre');
INSERT INTO MAGICAL_ITEM_UNIDENTIFIED_NAME ([ID], [NAME]) VALUES (53,	'Pipes');
INSERT INTO MAGICAL_ITEM_UNIDENTIFIED_NAME ([ID], [NAME]) VALUES (54,	'Bowl');
INSERT INTO MAGICAL_ITEM_UNIDENTIFIED_NAME ([ID], [NAME]) VALUES (55,	'Censer');
INSERT INTO MAGICAL_ITEM_UNIDENTIFIED_NAME ([ID], [NAME]) VALUES (56,	'Cube');
INSERT INTO MAGICAL_ITEM_UNIDENTIFIED_NAME ([ID], [NAME]) VALUES (57,	'Deck');
INSERT INTO MAGICAL_ITEM_UNIDENTIFIED_NAME ([ID], [NAME]) VALUES (58,	'Eyes');
INSERT INTO MAGICAL_ITEM_UNIDENTIFIED_NAME ([ID], [NAME]) VALUES (59,	'Figurine');
INSERT INTO MAGICAL_ITEM_UNIDENTIFIED_NAME ([ID], [NAME]) VALUES (60,	'Houseshoes');
INSERT INTO MAGICAL_ITEM_UNIDENTIFIED_NAME ([ID], [NAME]) VALUES (61,	'Iron bands');
INSERT INTO MAGICAL_ITEM_UNIDENTIFIED_NAME ([ID], [NAME]) VALUES (62,	'Lens');
INSERT INTO MAGICAL_ITEM_UNIDENTIFIED_NAME ([ID], [NAME]) VALUES (63,	'Quiver');
INSERT INTO MAGICAL_ITEM_UNIDENTIFIED_NAME ([ID], [NAME]) VALUES (64,	'Sheet');
INSERT INTO MAGICAL_ITEM_UNIDENTIFIED_NAME ([ID], [NAME]) VALUES (65,	'Sphere');
INSERT INTO MAGICAL_ITEM_UNIDENTIFIED_NAME ([ID], [NAME]) VALUES (66,	'Banded mail');
INSERT INTO MAGICAL_ITEM_UNIDENTIFIED_NAME ([ID], [NAME]) VALUES (67,	'Brigandine');
INSERT INTO MAGICAL_ITEM_UNIDENTIFIED_NAME ([ID], [NAME]) VALUES (68,	'Chain mail');
INSERT INTO MAGICAL_ITEM_UNIDENTIFIED_NAME ([ID], [NAME]) VALUES (69,	'Field plate');
INSERT INTO MAGICAL_ITEM_UNIDENTIFIED_NAME ([ID], [NAME]) VALUES (70,	'Full plate');
INSERT INTO MAGICAL_ITEM_UNIDENTIFIED_NAME ([ID], [NAME]) VALUES (71,	'Leather');
INSERT INTO MAGICAL_ITEM_UNIDENTIFIED_NAME ([ID], [NAME]) VALUES (72,	'Plate mail');
INSERT INTO MAGICAL_ITEM_UNIDENTIFIED_NAME ([ID], [NAME]) VALUES (73,	'Ring mail');
INSERT INTO MAGICAL_ITEM_UNIDENTIFIED_NAME ([ID], [NAME]) VALUES (74,	'Scale mail');
INSERT INTO MAGICAL_ITEM_UNIDENTIFIED_NAME ([ID], [NAME]) VALUES (75,	'Shield');
INSERT INTO MAGICAL_ITEM_UNIDENTIFIED_NAME ([ID], [NAME]) VALUES (76,	'Splint mail');
INSERT INTO MAGICAL_ITEM_UNIDENTIFIED_NAME ([ID], [NAME]) VALUES (77,	'Studded leather');
INSERT INTO MAGICAL_ITEM_UNIDENTIFIED_NAME ([ID], [NAME]) VALUES (78,	'Unidentified armour');
INSERT INTO MAGICAL_ITEM_UNIDENTIFIED_NAME ([ID], [NAME]) VALUES (79,	'Arrow');
INSERT INTO MAGICAL_ITEM_UNIDENTIFIED_NAME ([ID], [NAME]) VALUES (80,	'Axe');
INSERT INTO MAGICAL_ITEM_UNIDENTIFIED_NAME ([ID], [NAME]) VALUES (81,	'Battle axe');
INSERT INTO MAGICAL_ITEM_UNIDENTIFIED_NAME ([ID], [NAME]) VALUES (82,	'Bolt');
INSERT INTO MAGICAL_ITEM_UNIDENTIFIED_NAME ([ID], [NAME]) VALUES (83,	'Sling bullet');
INSERT INTO MAGICAL_ITEM_UNIDENTIFIED_NAME ([ID], [NAME]) VALUES (84,	'Dagger');
INSERT INTO MAGICAL_ITEM_UNIDENTIFIED_NAME ([ID], [NAME]) VALUES (85,	'Dart');
INSERT INTO MAGICAL_ITEM_UNIDENTIFIED_NAME ([ID], [NAME]) VALUES (86,	'Flail');
INSERT INTO MAGICAL_ITEM_UNIDENTIFIED_NAME ([ID], [NAME]) VALUES (87,	'Javelin');
INSERT INTO MAGICAL_ITEM_UNIDENTIFIED_NAME ([ID], [NAME]) VALUES (88,	'Knife');
INSERT INTO MAGICAL_ITEM_UNIDENTIFIED_NAME ([ID], [NAME]) VALUES (89,	'Lance');
INSERT INTO MAGICAL_ITEM_UNIDENTIFIED_NAME ([ID], [NAME]) VALUES (90,	'Mace');
INSERT INTO MAGICAL_ITEM_UNIDENTIFIED_NAME ([ID], [NAME]) VALUES (91,	'Military pick');
INSERT INTO MAGICAL_ITEM_UNIDENTIFIED_NAME ([ID], [NAME]) VALUES (92,	'Morning star');
INSERT INTO MAGICAL_ITEM_UNIDENTIFIED_NAME ([ID], [NAME]) VALUES (93,	'Pole arm');
INSERT INTO MAGICAL_ITEM_UNIDENTIFIED_NAME ([ID], [NAME]) VALUES (94,	'Scimitar');
INSERT INTO MAGICAL_ITEM_UNIDENTIFIED_NAME ([ID], [NAME]) VALUES (95,	'Spear');
INSERT INTO MAGICAL_ITEM_UNIDENTIFIED_NAME ([ID], [NAME]) VALUES (96,	'Sword');
INSERT INTO MAGICAL_ITEM_UNIDENTIFIED_NAME ([ID], [NAME]) VALUES (97,	'Trident');
INSERT INTO MAGICAL_ITEM_UNIDENTIFIED_NAME ([ID], [NAME]) VALUES (98,	'Warhammer');
INSERT INTO MAGICAL_ITEM_UNIDENTIFIED_NAME ([ID], [NAME]) VALUES (99,	'Bow');
INSERT INTO MAGICAL_ITEM_UNIDENTIFIED_NAME ([ID], [NAME]) VALUES (100,	'Crossbow');
INSERT INTO MAGICAL_ITEM_UNIDENTIFIED_NAME ([ID], [NAME]) VALUES (101,	'Hammer');
INSERT INTO MAGICAL_ITEM_UNIDENTIFIED_NAME ([ID], [NAME]) VALUES (102,	'Net');
INSERT INTO MAGICAL_ITEM_UNIDENTIFIED_NAME ([ID], [NAME]) VALUES (103,	'Quarterstaff');
INSERT INTO MAGICAL_ITEM_UNIDENTIFIED_NAME ([ID], [NAME]) VALUES (104,	'Sling');
INSERT INTO MAGICAL_ITEM_UNIDENTIFIED_NAME ([ID], [NAME]) VALUES (105,	'Short sword');

COMMIT TRANSACTION;

-----------------------------------------------------------------------------------------------------------

BEGIN TRANSACTION;

-- Potions, oils, elixirs
INSERT INTO MAGICAL_ITEM ([ID], [UNIDENTIFIED_ID], [NAME], [NATURE], [TYPE], [XP_VALUE], [ITEM_TYPE], [EQUIPMENT_ID]) VALUES (0,	0, 'Potion of animal control', 0, 0, 250, 7, 7024);
INSERT INTO MAGICAL_ITEM ([ID], [UNIDENTIFIED_ID], [NAME], [NATURE], [TYPE], [XP_VALUE], [ITEM_TYPE], [EQUIPMENT_ID]) VALUES (1,	0, 'Potion of clairaudience', 0, 0, 250, 7, 7024);
INSERT INTO MAGICAL_ITEM ([ID], [UNIDENTIFIED_ID], [NAME], [NATURE], [TYPE], [XP_VALUE], [ITEM_TYPE], [EQUIPMENT_ID]) VALUES (2,	0, 'Potion of clairvoyance', 0, 0, 300, 7, 7024);
INSERT INTO MAGICAL_ITEM ([ID], [UNIDENTIFIED_ID], [NAME], [NATURE], [TYPE], [XP_VALUE], [ITEM_TYPE], [EQUIPMENT_ID]) VALUES (3,	0, 'Potion of climbing', 0, 0, 300, 7, 7024);
INSERT INTO MAGICAL_ITEM ([ID], [UNIDENTIFIED_ID], [NAME], [NATURE], [TYPE], [XP_VALUE], [ITEM_TYPE], [EQUIPMENT_ID]) VALUES (4,	0, 'Potion of delusion', 0, 0, NULL, 7, 7024);
INSERT INTO MAGICAL_ITEM ([ID], [UNIDENTIFIED_ID], [NAME], [NATURE], [TYPE], [XP_VALUE], [ITEM_TYPE], [EQUIPMENT_ID]) VALUES (5,	0, 'Potion of diminiution', 0, 0, 300, 7, 7024);
INSERT INTO MAGICAL_ITEM ([ID], [UNIDENTIFIED_ID], [NAME], [NATURE], [TYPE], [XP_VALUE], [ITEM_TYPE], [EQUIPMENT_ID]) VALUES (6,	0, 'Potion of dragon control', 0, 0, 700, 7, 7024);
INSERT INTO MAGICAL_ITEM ([ID], [UNIDENTIFIED_ID], [NAME], [NATURE], [TYPE], [XP_VALUE], [ITEM_TYPE], [EQUIPMENT_ID]) VALUES (7,	0, 'Elixir of health', 0, 0, 350, 7, 7024);
INSERT INTO MAGICAL_ITEM ([ID], [UNIDENTIFIED_ID], [NAME], [NATURE], [TYPE], [XP_VALUE], [ITEM_TYPE], [EQUIPMENT_ID]) VALUES (8,	0, 'Elixir of madness', 0, 0, NULL, 7, 7024);
INSERT INTO MAGICAL_ITEM ([ID], [UNIDENTIFIED_ID], [NAME], [NATURE], [TYPE], [XP_VALUE], [ITEM_TYPE], [EQUIPMENT_ID]) VALUES (9,	0, 'Elixir of youth', 0, 0, 500, 7, 7024);
INSERT INTO MAGICAL_ITEM ([ID], [UNIDENTIFIED_ID], [NAME], [NATURE], [TYPE], [XP_VALUE], [ITEM_TYPE], [EQUIPMENT_ID]) VALUES (10,	0, 'Potion of ESP', 0, 0, 500, 7, 7024);
INSERT INTO MAGICAL_ITEM ([ID], [UNIDENTIFIED_ID], [NAME], [NATURE], [TYPE], [XP_VALUE], [ITEM_TYPE], [EQUIPMENT_ID]) VALUES (11,	0, 'Potion of extra healing', 0, 0, 400, 7, 7024);
INSERT INTO MAGICAL_ITEM ([ID], [UNIDENTIFIED_ID], [NAME], [NATURE], [TYPE], [XP_VALUE], [ITEM_TYPE], [EQUIPMENT_ID]) VALUES (12,	0, 'Potion of fire breath', 0, 0, 400, 7, 7024);
INSERT INTO MAGICAL_ITEM ([ID], [UNIDENTIFIED_ID], [NAME], [NATURE], [TYPE], [XP_VALUE], [ITEM_TYPE], [EQUIPMENT_ID]) VALUES (13,	0, 'Potion of fire resistance', 0, 0, 250, 7, 7024);
INSERT INTO MAGICAL_ITEM ([ID], [UNIDENTIFIED_ID], [NAME], [NATURE], [TYPE], [XP_VALUE], [ITEM_TYPE], [EQUIPMENT_ID]) VALUES (14,	0, 'Potion of flying', 0, 0, 500, 7, 7024);
INSERT INTO MAGICAL_ITEM ([ID], [UNIDENTIFIED_ID], [NAME], [NATURE], [TYPE], [XP_VALUE], [ITEM_TYPE], [EQUIPMENT_ID]) VALUES (15,	0, 'Potion of gaseous form', 0, 0, 300, 7, 7024);
INSERT INTO MAGICAL_ITEM ([ID], [UNIDENTIFIED_ID], [NAME], [NATURE], [TYPE], [XP_VALUE], [ITEM_TYPE], [EQUIPMENT_ID]) VALUES (16,	0, 'Potion of giant control', 0, 0, 600, 7, 7024);
INSERT INTO MAGICAL_ITEM ([ID], [UNIDENTIFIED_ID], [NAME], [NATURE], [TYPE], [XP_VALUE], [ITEM_TYPE], [EQUIPMENT_ID]) VALUES (17,	0, 'Potion of giant strength', 0, 0, 550, 7, 7024);
INSERT INTO MAGICAL_ITEM ([ID], [UNIDENTIFIED_ID], [NAME], [NATURE], [TYPE], [XP_VALUE], [ITEM_TYPE], [EQUIPMENT_ID]) VALUES (18,	0, 'Potion of growth', 0, 0, 250, 7, 7024);
INSERT INTO MAGICAL_ITEM ([ID], [UNIDENTIFIED_ID], [NAME], [NATURE], [TYPE], [XP_VALUE], [ITEM_TYPE], [EQUIPMENT_ID]) VALUES (19,	0, 'Potion of healing', 0, 0, 200, 7, 7024);	
INSERT INTO MAGICAL_ITEM ([ID], [UNIDENTIFIED_ID], [NAME], [NATURE], [TYPE], [XP_VALUE], [ITEM_TYPE], [EQUIPMENT_ID]) VALUES (20,	0, 'Potion of heroism', 0, 0, 300, 7, 7024);
INSERT INTO MAGICAL_ITEM ([ID], [UNIDENTIFIED_ID], [NAME], [NATURE], [TYPE], [XP_VALUE], [ITEM_TYPE], [EQUIPMENT_ID]) VALUES (21,	0, 'Potion of human control', 0, 0, 500, 7, 7024);
INSERT INTO MAGICAL_ITEM ([ID], [UNIDENTIFIED_ID], [NAME], [NATURE], [TYPE], [XP_VALUE], [ITEM_TYPE], [EQUIPMENT_ID]) VALUES (22,	0, 'Potion of invisibility', 0, 0, 250, 7, 7024);
INSERT INTO MAGICAL_ITEM ([ID], [UNIDENTIFIED_ID], [NAME], [NATURE], [TYPE], [XP_VALUE], [ITEM_TYPE], [EQUIPMENT_ID]) VALUES (23,	0, 'Potion of invulnerability', 0, 0, 350, 7, 7024);
INSERT INTO MAGICAL_ITEM ([ID], [UNIDENTIFIED_ID], [NAME], [NATURE], [TYPE], [XP_VALUE], [ITEM_TYPE], [EQUIPMENT_ID]) VALUES (24,	0, 'Potion of levitation', 0, 0, 250, 7, 7024);
INSERT INTO MAGICAL_ITEM ([ID], [UNIDENTIFIED_ID], [NAME], [NATURE], [TYPE], [XP_VALUE], [ITEM_TYPE], [EQUIPMENT_ID]) VALUES (25,	0, 'Potion of longevity', 0, 0, 500, 7, 7024);
INSERT INTO MAGICAL_ITEM ([ID], [UNIDENTIFIED_ID], [NAME], [NATURE], [TYPE], [XP_VALUE], [ITEM_TYPE], [EQUIPMENT_ID]) VALUES (26,	0, 'Oil of acid resistance', 0, 0, 500, 7, 7024);
INSERT INTO MAGICAL_ITEM ([ID], [UNIDENTIFIED_ID], [NAME], [NATURE], [TYPE], [XP_VALUE], [ITEM_TYPE], [EQUIPMENT_ID]) VALUES (27,	0, 'Oil of disenchantment', 0, 0, 750, 7, 7024);
INSERT INTO MAGICAL_ITEM ([ID], [UNIDENTIFIED_ID], [NAME], [NATURE], [TYPE], [XP_VALUE], [ITEM_TYPE], [EQUIPMENT_ID]) VALUES (28,	0, 'Oil of elemental invulnerability', 0, 0, 500, 7, 7024);
INSERT INTO MAGICAL_ITEM ([ID], [UNIDENTIFIED_ID], [NAME], [NATURE], [TYPE], [XP_VALUE], [ITEM_TYPE], [EQUIPMENT_ID]) VALUES (29,	0, 'Oil of etherealness', 0, 0, 600, 7, 7024);
INSERT INTO MAGICAL_ITEM ([ID], [UNIDENTIFIED_ID], [NAME], [NATURE], [TYPE], [XP_VALUE], [ITEM_TYPE], [EQUIPMENT_ID]) VALUES (30,	0, 'Oil of fiery burning', 0, 0, 500, 7, 7024);
INSERT INTO MAGICAL_ITEM ([ID], [UNIDENTIFIED_ID], [NAME], [NATURE], [TYPE], [XP_VALUE], [ITEM_TYPE], [EQUIPMENT_ID]) VALUES (31,	0, 'Oil of fumbling', 0, 0, NULL, 7, 7024);
INSERT INTO MAGICAL_ITEM ([ID], [UNIDENTIFIED_ID], [NAME], [NATURE], [TYPE], [XP_VALUE], [ITEM_TYPE], [EQUIPMENT_ID]) VALUES (32,	0, 'Oil of impact', 0, 0, 750, 7, 7024);
INSERT INTO MAGICAL_ITEM ([ID], [UNIDENTIFIED_ID], [NAME], [NATURE], [TYPE], [XP_VALUE], [ITEM_TYPE], [EQUIPMENT_ID]) VALUES (33,	0, 'Oil of slipperiness', 0, 0, 400, 7, 7024);
INSERT INTO MAGICAL_ITEM ([ID], [UNIDENTIFIED_ID], [NAME], [NATURE], [TYPE], [XP_VALUE], [ITEM_TYPE], [EQUIPMENT_ID]) VALUES (34,	0, 'Oil of timelessness', 0, 0, 500, 7, 7024);
INSERT INTO MAGICAL_ITEM ([ID], [UNIDENTIFIED_ID], [NAME], [NATURE], [TYPE], [XP_VALUE], [ITEM_TYPE], [EQUIPMENT_ID]) VALUES (35,	0, 'Philter of glibness', 0, 0, 500, 7, 7024);
INSERT INTO MAGICAL_ITEM ([ID], [UNIDENTIFIED_ID], [NAME], [NATURE], [TYPE], [XP_VALUE], [ITEM_TYPE], [EQUIPMENT_ID]) VALUES (36,	0, 'Philter of love', 0, 0, 200, 7, 7024);
INSERT INTO MAGICAL_ITEM ([ID], [UNIDENTIFIED_ID], [NAME], [NATURE], [TYPE], [XP_VALUE], [ITEM_TYPE], [EQUIPMENT_ID]) VALUES (37,	0, 'Philter of persuasiveness', 0, 0, 400, 7, 7024);
INSERT INTO MAGICAL_ITEM ([ID], [UNIDENTIFIED_ID], [NAME], [NATURE], [TYPE], [XP_VALUE], [ITEM_TYPE], [EQUIPMENT_ID]) VALUES (38,	0, 'Philter of stammering and stuttering', 0, 0, NULL, 7, 7024);
INSERT INTO MAGICAL_ITEM ([ID], [UNIDENTIFIED_ID], [NAME], [NATURE], [TYPE], [XP_VALUE], [ITEM_TYPE], [EQUIPMENT_ID]) VALUES (39,	0, 'Potion of plant control', 0, 0, 250, 7, 7024);
INSERT INTO MAGICAL_ITEM ([ID], [UNIDENTIFIED_ID], [NAME], [NATURE], [TYPE], [XP_VALUE], [ITEM_TYPE], [EQUIPMENT_ID]) VALUES (40,	0, 'Potion of Poison', 0, 0, NULL, 7, 7024);
INSERT INTO MAGICAL_ITEM ([ID], [UNIDENTIFIED_ID], [NAME], [NATURE], [TYPE], [XP_VALUE], [ITEM_TYPE], [EQUIPMENT_ID]) VALUES (41,	0, 'Potion of polymorph self', 0, 0, 200, 7, 7024);
INSERT INTO MAGICAL_ITEM ([ID], [UNIDENTIFIED_ID], [NAME], [NATURE], [TYPE], [XP_VALUE], [ITEM_TYPE], [EQUIPMENT_ID]) VALUES (42,	0, 'Potion of rainbow hues', 0, 0, 200, 7, 7024);
INSERT INTO MAGICAL_ITEM ([ID], [UNIDENTIFIED_ID], [NAME], [NATURE], [TYPE], [XP_VALUE], [ITEM_TYPE], [EQUIPMENT_ID]) VALUES (43,	0, 'Potion of speed', 0, 0, 200, 7, 7024);
INSERT INTO MAGICAL_ITEM ([ID], [UNIDENTIFIED_ID], [NAME], [NATURE], [TYPE], [XP_VALUE], [ITEM_TYPE], [EQUIPMENT_ID]) VALUES (44,	0, 'Potion of super heroism', 0, 0, 450, 7, 7024);
INSERT INTO MAGICAL_ITEM ([ID], [UNIDENTIFIED_ID], [NAME], [NATURE], [TYPE], [XP_VALUE], [ITEM_TYPE], [EQUIPMENT_ID]) VALUES (45,	0, 'Potion of sweet water', 0, 0, 200, 7, 7024);
INSERT INTO MAGICAL_ITEM ([ID], [UNIDENTIFIED_ID], [NAME], [NATURE], [TYPE], [XP_VALUE], [ITEM_TYPE], [EQUIPMENT_ID]) VALUES (46,	0, 'Potion of treasure finding', 0, 0, 600, 7, 7024);
INSERT INTO MAGICAL_ITEM ([ID], [UNIDENTIFIED_ID], [NAME], [NATURE], [TYPE], [XP_VALUE], [ITEM_TYPE], [EQUIPMENT_ID]) VALUES (47,	0, 'Potion of undead control', 0, 0, 700, 7, 7024);
INSERT INTO MAGICAL_ITEM ([ID], [UNIDENTIFIED_ID], [NAME], [NATURE], [TYPE], [XP_VALUE], [ITEM_TYPE], [EQUIPMENT_ID]) VALUES (48,	0, 'Potion of ventriloquism', 0, 0, 200, 7, 7024);
INSERT INTO MAGICAL_ITEM ([ID], [UNIDENTIFIED_ID], [NAME], [NATURE], [TYPE], [XP_VALUE], [ITEM_TYPE], [EQUIPMENT_ID]) VALUES (49,	0, 'Potion of vitality', 0, 0, 300, 7, 7024);
INSERT INTO MAGICAL_ITEM ([ID], [UNIDENTIFIED_ID], [NAME], [NATURE], [TYPE], [XP_VALUE], [ITEM_TYPE], [EQUIPMENT_ID]) VALUES (50,	0, 'Potion of water breathing', 0, 0, 400, 7, 7024);

-- Scrolls
INSERT INTO MAGICAL_ITEM ([ID], [UNIDENTIFIED_ID], [NAME], [NATURE], [TYPE], [XP_VALUE], [ITEM_TYPE], [EQUIPMENT_ID]) VALUES (51,	1, 'Priest scroll', 0, 1, NULL, 7, NULL);
INSERT INTO MAGICAL_ITEM ([ID], [UNIDENTIFIED_ID], [NAME], [NATURE], [TYPE], [XP_VALUE], [ITEM_TYPE], [EQUIPMENT_ID]) VALUES (52,	1, 'Mage scroll', 0, 1, NULL, 7, NULL);
INSERT INTO MAGICAL_ITEM ([ID], [UNIDENTIFIED_ID], [NAME], [NATURE], [TYPE], [XP_VALUE], [ITEM_TYPE], [EQUIPMENT_ID]) VALUES (53,	1, 'Scroll of protection from acid', 0, 1, 2500, 7, NULL);
INSERT INTO MAGICAL_ITEM ([ID], [UNIDENTIFIED_ID], [NAME], [NATURE], [TYPE], [XP_VALUE], [ITEM_TYPE], [EQUIPMENT_ID]) VALUES (54,	1, 'Scroll of protection from cold', 0, 1, 2000, 7, NULL);
INSERT INTO MAGICAL_ITEM ([ID], [UNIDENTIFIED_ID], [NAME], [NATURE], [TYPE], [XP_VALUE], [ITEM_TYPE], [EQUIPMENT_ID]) VALUES (55,	1, 'Scroll of protection from dragon breath', 0, 1, 2000, 7, NULL);
INSERT INTO MAGICAL_ITEM ([ID], [UNIDENTIFIED_ID], [NAME], [NATURE], [TYPE], [XP_VALUE], [ITEM_TYPE], [EQUIPMENT_ID]) VALUES (56,	1, 'Scroll of protection from electricity', 0, 1, 1500, 7, NULL);
INSERT INTO MAGICAL_ITEM ([ID], [UNIDENTIFIED_ID], [NAME], [NATURE], [TYPE], [XP_VALUE], [ITEM_TYPE], [EQUIPMENT_ID]) VALUES (57,	1, 'Scroll of protection from elementals', 0, 1, 1500, 7, NULL);
INSERT INTO MAGICAL_ITEM ([ID], [UNIDENTIFIED_ID], [NAME], [NATURE], [TYPE], [XP_VALUE], [ITEM_TYPE], [EQUIPMENT_ID]) VALUES (58,	1, 'Scroll of protection from fire', 0, 1, 2000, 7, NULL);
INSERT INTO MAGICAL_ITEM ([ID], [UNIDENTIFIED_ID], [NAME], [NATURE], [TYPE], [XP_VALUE], [ITEM_TYPE], [EQUIPMENT_ID]) VALUES (59,	1, 'Scroll of protection from gas', 0, 1, 2000, 7, NULL);
INSERT INTO MAGICAL_ITEM ([ID], [UNIDENTIFIED_ID], [NAME], [NATURE], [TYPE], [XP_VALUE], [ITEM_TYPE], [EQUIPMENT_ID]) VALUES (60,	1, 'Scroll of protection from lycanthropes', 0, 1, 1000, 7, NULL);
INSERT INTO MAGICAL_ITEM ([ID], [UNIDENTIFIED_ID], [NAME], [NATURE], [TYPE], [XP_VALUE], [ITEM_TYPE], [EQUIPMENT_ID]) VALUES (61,	1, 'Scroll of protection from magic', 0, 1, 1500, 7, NULL);
INSERT INTO MAGICAL_ITEM ([ID], [UNIDENTIFIED_ID], [NAME], [NATURE], [TYPE], [XP_VALUE], [ITEM_TYPE], [EQUIPMENT_ID]) VALUES (62,	1, 'Scroll of protection from petrification', 0, 1, 2000, 7, NULL);
INSERT INTO MAGICAL_ITEM ([ID], [UNIDENTIFIED_ID], [NAME], [NATURE], [TYPE], [XP_VALUE], [ITEM_TYPE], [EQUIPMENT_ID]) VALUES (63,	1, 'Scroll of protection from plants', 0, 1, 1000, 7, NULL);
INSERT INTO MAGICAL_ITEM ([ID], [UNIDENTIFIED_ID], [NAME], [NATURE], [TYPE], [XP_VALUE], [ITEM_TYPE], [EQUIPMENT_ID]) VALUES (64,	1, 'Scroll of protection from poison', 0, 1, 1000, 7, NULL);
INSERT INTO MAGICAL_ITEM ([ID], [UNIDENTIFIED_ID], [NAME], [NATURE], [TYPE], [XP_VALUE], [ITEM_TYPE], [EQUIPMENT_ID]) VALUES (65,	1, 'Scroll of protection from possession', 0, 1, 2000, 7, NULL);
INSERT INTO MAGICAL_ITEM ([ID], [UNIDENTIFIED_ID], [NAME], [NATURE], [TYPE], [XP_VALUE], [ITEM_TYPE], [EQUIPMENT_ID]) VALUES (66,	1, 'Scroll of protection from undead', 0, 1, 1500, 7, NULL);
INSERT INTO MAGICAL_ITEM ([ID], [UNIDENTIFIED_ID], [NAME], [NATURE], [TYPE], [XP_VALUE], [ITEM_TYPE], [EQUIPMENT_ID]) VALUES (67,	1, 'Scroll of protection from water', 0, 1, 1500, 7, NULL);
INSERT INTO MAGICAL_ITEM ([ID], [UNIDENTIFIED_ID], [NAME], [NATURE], [TYPE], [XP_VALUE], [ITEM_TYPE], [EQUIPMENT_ID]) VALUES (68,	1, 'Cursed scroll', 0, 1, NULL, 7, NULL);

-- Rings
INSERT INTO MAGICAL_ITEM ([ID], [UNIDENTIFIED_ID], [NAME], [NATURE], [TYPE], [XP_VALUE], [ITEM_TYPE], [EQUIPMENT_ID]) VALUES (69,	2, 'Ring of animal friendship', 0, 2, 1000, 0, NULL);
INSERT INTO MAGICAL_ITEM ([ID], [UNIDENTIFIED_ID], [NAME], [NATURE], [TYPE], [XP_VALUE], [ITEM_TYPE], [EQUIPMENT_ID]) VALUES (70,	2, 'Ring of blinking', 0, 2, 1000, 0, NULL);
INSERT INTO MAGICAL_ITEM ([ID], [UNIDENTIFIED_ID], [NAME], [NATURE], [TYPE], [XP_VALUE], [ITEM_TYPE], [EQUIPMENT_ID]) VALUES (71,	2, 'Ring of chamaleon power', 0, 2, 1000, 0, NULL);
INSERT INTO MAGICAL_ITEM ([ID], [UNIDENTIFIED_ID], [NAME], [NATURE], [TYPE], [XP_VALUE], [ITEM_TYPE], [EQUIPMENT_ID]) VALUES (72,	2, 'Ring of clumsyness', 0, 2, NULL, 0, NULL);
INSERT INTO MAGICAL_ITEM ([ID], [UNIDENTIFIED_ID], [NAME], [NATURE], [TYPE], [XP_VALUE], [ITEM_TYPE], [EQUIPMENT_ID]) VALUES (73,	2, 'Ring of contrariness', 0, 2, NULL, 0, NULL);
INSERT INTO MAGICAL_ITEM ([ID], [UNIDENTIFIED_ID], [NAME], [NATURE], [TYPE], [XP_VALUE], [ITEM_TYPE], [EQUIPMENT_ID]) VALUES (74,	2, 'Ring of delusion', 0, 2, NULL, 0, NULL);
INSERT INTO MAGICAL_ITEM ([ID], [UNIDENTIFIED_ID], [NAME], [NATURE], [TYPE], [XP_VALUE], [ITEM_TYPE], [EQUIPMENT_ID]) VALUES (75,	2, 'Ring of Djinni summoning', 0, 2, 3000, 0, NULL);
INSERT INTO MAGICAL_ITEM ([ID], [UNIDENTIFIED_ID], [NAME], [NATURE], [TYPE], [XP_VALUE], [ITEM_TYPE], [EQUIPMENT_ID]) VALUES (76,	2, 'Ring of elemental command', 0, 2, 5000, 0, NULL);
INSERT INTO MAGICAL_ITEM ([ID], [UNIDENTIFIED_ID], [NAME], [NATURE], [TYPE], [XP_VALUE], [ITEM_TYPE], [EQUIPMENT_ID]) VALUES (77,	2, 'Ring of feather falling', 0, 2, 1000, 0, NULL);
INSERT INTO MAGICAL_ITEM ([ID], [UNIDENTIFIED_ID], [NAME], [NATURE], [TYPE], [XP_VALUE], [ITEM_TYPE], [EQUIPMENT_ID]) VALUES (78,	2, 'Ring of fire resistance', 0, 2, 1000, 0, NULL);
INSERT INTO MAGICAL_ITEM ([ID], [UNIDENTIFIED_ID], [NAME], [NATURE], [TYPE], [XP_VALUE], [ITEM_TYPE], [EQUIPMENT_ID]) VALUES (79,	2, 'Ring of free action', 0, 2, 1000, 0, NULL);
INSERT INTO MAGICAL_ITEM ([ID], [UNIDENTIFIED_ID], [NAME], [NATURE], [TYPE], [XP_VALUE], [ITEM_TYPE], [EQUIPMENT_ID]) VALUES (80,	2, 'Ring of human influence', 0, 2, 2000, 0, NULL);
INSERT INTO MAGICAL_ITEM ([ID], [UNIDENTIFIED_ID], [NAME], [NATURE], [TYPE], [XP_VALUE], [ITEM_TYPE], [EQUIPMENT_ID]) VALUES (81,	2, 'Ring of invisibility', 0, 2, 1500, 0, NULL);
INSERT INTO MAGICAL_ITEM ([ID], [UNIDENTIFIED_ID], [NAME], [NATURE], [TYPE], [XP_VALUE], [ITEM_TYPE], [EQUIPMENT_ID]) VALUES (82,	2, 'Ring of jumping', 0, 2, 1000, 0, NULL);
INSERT INTO MAGICAL_ITEM ([ID], [UNIDENTIFIED_ID], [NAME], [NATURE], [TYPE], [XP_VALUE], [ITEM_TYPE], [EQUIPMENT_ID]) VALUES (83,	2, 'Ring of mammal control', 0, 2, 1000, 0, NULL);
INSERT INTO MAGICAL_ITEM ([ID], [UNIDENTIFIED_ID], [NAME], [NATURE], [TYPE], [XP_VALUE], [ITEM_TYPE], [EQUIPMENT_ID]) VALUES (84,	2, 'Ring of mind shielding', 0, 2, 500, 0, NULL);
INSERT INTO MAGICAL_ITEM ([ID], [UNIDENTIFIED_ID], [NAME], [NATURE], [TYPE], [XP_VALUE], [ITEM_TYPE], [EQUIPMENT_ID]) VALUES (85,	2, 'Ring of protection', 0, 2, 1000, 0, NULL);
INSERT INTO MAGICAL_ITEM ([ID], [UNIDENTIFIED_ID], [NAME], [NATURE], [TYPE], [XP_VALUE], [ITEM_TYPE], [EQUIPMENT_ID]) VALUES (86,	2, 'Ring of the ram', 0, 2, 750, 0, NULL);
INSERT INTO MAGICAL_ITEM ([ID], [UNIDENTIFIED_ID], [NAME], [NATURE], [TYPE], [XP_VALUE], [ITEM_TYPE], [EQUIPMENT_ID]) VALUES (87,	2, 'Ring of regeneration', 0, 2, 5000, 0, NULL);
INSERT INTO MAGICAL_ITEM ([ID], [UNIDENTIFIED_ID], [NAME], [NATURE], [TYPE], [XP_VALUE], [ITEM_TYPE], [EQUIPMENT_ID]) VALUES (88,	2, 'Ring of shocking grasp', 0, 2, 1000, 0, NULL);
INSERT INTO MAGICAL_ITEM ([ID], [UNIDENTIFIED_ID], [NAME], [NATURE], [TYPE], [XP_VALUE], [ITEM_TYPE], [EQUIPMENT_ID]) VALUES (89,	2, 'Ring of shooting star', 0, 2, 3000, 0, NULL);
INSERT INTO MAGICAL_ITEM ([ID], [UNIDENTIFIED_ID], [NAME], [NATURE], [TYPE], [XP_VALUE], [ITEM_TYPE], [EQUIPMENT_ID]) VALUES (90,	2, 'Ring of spell storing', 0, 2, 2500, 0, NULL);
INSERT INTO MAGICAL_ITEM ([ID], [UNIDENTIFIED_ID], [NAME], [NATURE], [TYPE], [XP_VALUE], [ITEM_TYPE], [EQUIPMENT_ID]) VALUES (91,	2, 'Ring of spell turning', 0, 2, 2000, 0, NULL);
INSERT INTO MAGICAL_ITEM ([ID], [UNIDENTIFIED_ID], [NAME], [NATURE], [TYPE], [XP_VALUE], [ITEM_TYPE], [EQUIPMENT_ID]) VALUES (92,	2, 'Ring of sustenance', 0, 2, 500, 0, NULL);
INSERT INTO MAGICAL_ITEM ([ID], [UNIDENTIFIED_ID], [NAME], [NATURE], [TYPE], [XP_VALUE], [ITEM_TYPE], [EQUIPMENT_ID]) VALUES (93,	2, 'Ring of swimming', 0, 2, 1000, 0, NULL);
INSERT INTO MAGICAL_ITEM ([ID], [UNIDENTIFIED_ID], [NAME], [NATURE], [TYPE], [XP_VALUE], [ITEM_TYPE], [EQUIPMENT_ID]) VALUES (94,	2, 'Ring of telekinesis', 0, 2, 2000, 0, NULL);
INSERT INTO MAGICAL_ITEM ([ID], [UNIDENTIFIED_ID], [NAME], [NATURE], [TYPE], [XP_VALUE], [ITEM_TYPE], [EQUIPMENT_ID]) VALUES (95,	2, 'Ring of truth', 0, 2, 1000, 0, NULL);
INSERT INTO MAGICAL_ITEM ([ID], [UNIDENTIFIED_ID], [NAME], [NATURE], [TYPE], [XP_VALUE], [ITEM_TYPE], [EQUIPMENT_ID]) VALUES (96,	2, 'Ring of warmth', 0, 2, 1000, 0, NULL);
INSERT INTO MAGICAL_ITEM ([ID], [UNIDENTIFIED_ID], [NAME], [NATURE], [TYPE], [XP_VALUE], [ITEM_TYPE], [EQUIPMENT_ID]) VALUES (97,	2, 'Ring of water walking', 0, 2, 1000, 0, NULL);
INSERT INTO MAGICAL_ITEM ([ID], [UNIDENTIFIED_ID], [NAME], [NATURE], [TYPE], [XP_VALUE], [ITEM_TYPE], [EQUIPMENT_ID]) VALUES (98,	2, 'Ring of weakness', 0, 2, NULL, 0, NULL);
INSERT INTO MAGICAL_ITEM ([ID], [UNIDENTIFIED_ID], [NAME], [NATURE], [TYPE], [XP_VALUE], [ITEM_TYPE], [EQUIPMENT_ID]) VALUES (99,	2, 'Ring of multiple wishes', 0, 2, 5000, 0, NULL);
INSERT INTO MAGICAL_ITEM ([ID], [UNIDENTIFIED_ID], [NAME], [NATURE], [TYPE], [XP_VALUE], [ITEM_TYPE], [EQUIPMENT_ID]) VALUES (100,	2, 'Ring of three wishes', 0, 2, 3000, 0, NULL);
INSERT INTO MAGICAL_ITEM ([ID], [UNIDENTIFIED_ID], [NAME], [NATURE], [TYPE], [XP_VALUE], [ITEM_TYPE], [EQUIPMENT_ID]) VALUES (101,	2, 'Ring of wizardry', 0, 2, 4000, 0, NULL);
INSERT INTO MAGICAL_ITEM ([ID], [UNIDENTIFIED_ID], [NAME], [NATURE], [TYPE], [XP_VALUE], [ITEM_TYPE], [EQUIPMENT_ID]) VALUES (102,	2, 'Ring of x-ray vision', 0, 2, 4000, 0, NULL);

-- Rods
INSERT INTO MAGICAL_ITEM ([ID], [UNIDENTIFIED_ID], [NAME], [NATURE], [TYPE], [XP_VALUE], [ITEM_TYPE], [EQUIPMENT_ID]) VALUES (103,	3, 'Rod of absorption', 0, 3, 7500, 7, NULL);
INSERT INTO MAGICAL_ITEM ([ID], [UNIDENTIFIED_ID], [NAME], [NATURE], [TYPE], [XP_VALUE], [ITEM_TYPE], [EQUIPMENT_ID]) VALUES (104,	3, 'Rod of alertness', 0, 3, 7000, 7, NULL);
INSERT INTO MAGICAL_ITEM ([ID], [UNIDENTIFIED_ID], [NAME], [NATURE], [TYPE], [XP_VALUE], [ITEM_TYPE], [EQUIPMENT_ID]) VALUES (105,	3, 'Rod of beguilling', 0, 3, 5000, 7, NULL);
INSERT INTO MAGICAL_ITEM ([ID], [UNIDENTIFIED_ID], [NAME], [NATURE], [TYPE], [XP_VALUE], [ITEM_TYPE], [EQUIPMENT_ID]) VALUES (106,	3, 'Rod of cancellation', 0, 3, 10000, 7, NULL);
INSERT INTO MAGICAL_ITEM ([ID], [UNIDENTIFIED_ID], [NAME], [NATURE], [TYPE], [XP_VALUE], [ITEM_TYPE], [EQUIPMENT_ID]) VALUES (107,	3, 'Rod of flailing', 0, 3, 2000, 7, NULL);
INSERT INTO MAGICAL_ITEM ([ID], [UNIDENTIFIED_ID], [NAME], [NATURE], [TYPE], [XP_VALUE], [ITEM_TYPE], [EQUIPMENT_ID]) VALUES (108,	3, 'Rod of lordly might', 0, 3, 6000, 7, NULL);
INSERT INTO MAGICAL_ITEM ([ID], [UNIDENTIFIED_ID], [NAME], [NATURE], [TYPE], [XP_VALUE], [ITEM_TYPE], [EQUIPMENT_ID]) VALUES (109,	3, 'Rod of passage', 0, 3, 5000, 7, NULL);
INSERT INTO MAGICAL_ITEM ([ID], [UNIDENTIFIED_ID], [NAME], [NATURE], [TYPE], [XP_VALUE], [ITEM_TYPE], [EQUIPMENT_ID]) VALUES (110,	3, 'Rod of resurrection', 0, 3, 10000, 7, NULL);
INSERT INTO MAGICAL_ITEM ([ID], [UNIDENTIFIED_ID], [NAME], [NATURE], [TYPE], [XP_VALUE], [ITEM_TYPE], [EQUIPMENT_ID]) VALUES (111,	3, 'Rod of rulership', 0, 3, 8000, 7, NULL);
INSERT INTO MAGICAL_ITEM ([ID], [UNIDENTIFIED_ID], [NAME], [NATURE], [TYPE], [XP_VALUE], [ITEM_TYPE], [EQUIPMENT_ID]) VALUES (112,	3, 'Rod of security', 0, 3, 3000, 7, NULL);
INSERT INTO MAGICAL_ITEM ([ID], [UNIDENTIFIED_ID], [NAME], [NATURE], [TYPE], [XP_VALUE], [ITEM_TYPE], [EQUIPMENT_ID]) VALUES (113,	3, 'Rod of smithing', 0, 3, 4000, 7, NULL);
INSERT INTO MAGICAL_ITEM ([ID], [UNIDENTIFIED_ID], [NAME], [NATURE], [TYPE], [XP_VALUE], [ITEM_TYPE], [EQUIPMENT_ID]) VALUES (114,	3, 'Rod of splendor', 0, 3, 2500, 7, NULL);
INSERT INTO MAGICAL_ITEM ([ID], [UNIDENTIFIED_ID], [NAME], [NATURE], [TYPE], [XP_VALUE], [ITEM_TYPE], [EQUIPMENT_ID]) VALUES (115,	3, 'Rod of terror', 0, 3, 3000, 7, NULL);

-- Staves
INSERT INTO MAGICAL_ITEM ([ID], [UNIDENTIFIED_ID], [NAME], [NATURE], [TYPE], [XP_VALUE], [ITEM_TYPE], [EQUIPMENT_ID]) VALUES (116,	4, 'Stave of mace', 0, 4, 1500, 7, NULL);
INSERT INTO MAGICAL_ITEM ([ID], [UNIDENTIFIED_ID], [NAME], [NATURE], [TYPE], [XP_VALUE], [ITEM_TYPE], [EQUIPMENT_ID]) VALUES (117,	4, 'Stave of command', 0, 4, 5000, 7, NULL);
INSERT INTO MAGICAL_ITEM ([ID], [UNIDENTIFIED_ID], [NAME], [NATURE], [TYPE], [XP_VALUE], [ITEM_TYPE], [EQUIPMENT_ID]) VALUES (118,	4, 'Stave of curing', 0, 4, 6000, 7, NULL);
INSERT INTO MAGICAL_ITEM ([ID], [UNIDENTIFIED_ID], [NAME], [NATURE], [TYPE], [XP_VALUE], [ITEM_TYPE], [EQUIPMENT_ID]) VALUES (119,	4, 'Stave of magi', 0, 4, 15000, 7, NULL);
INSERT INTO MAGICAL_ITEM ([ID], [UNIDENTIFIED_ID], [NAME], [NATURE], [TYPE], [XP_VALUE], [ITEM_TYPE], [EQUIPMENT_ID]) VALUES (120,	4, 'Stave of power', 0, 4, 12000, 7, NULL);
INSERT INTO MAGICAL_ITEM ([ID], [UNIDENTIFIED_ID], [NAME], [NATURE], [TYPE], [XP_VALUE], [ITEM_TYPE], [EQUIPMENT_ID]) VALUES (121,	4, 'Stave of serpent', 0, 4, 7000, 7, NULL);
INSERT INTO MAGICAL_ITEM ([ID], [UNIDENTIFIED_ID], [NAME], [NATURE], [TYPE], [XP_VALUE], [ITEM_TYPE], [EQUIPMENT_ID]) VALUES (122,	4, 'Stave of slinging', 0, 4, 2000, 7, NULL);
INSERT INTO MAGICAL_ITEM ([ID], [UNIDENTIFIED_ID], [NAME], [NATURE], [TYPE], [XP_VALUE], [ITEM_TYPE], [EQUIPMENT_ID]) VALUES (123,	4, 'Stave of spear', 0, 4, 1000, 7, NULL);
INSERT INTO MAGICAL_ITEM ([ID], [UNIDENTIFIED_ID], [NAME], [NATURE], [TYPE], [XP_VALUE], [ITEM_TYPE], [EQUIPMENT_ID]) VALUES (124,	4, 'Stave of striking', 0, 4, 6000, 7, NULL);
INSERT INTO MAGICAL_ITEM ([ID], [UNIDENTIFIED_ID], [NAME], [NATURE], [TYPE], [XP_VALUE], [ITEM_TYPE], [EQUIPMENT_ID]) VALUES (125,	4, 'Stave of swarming insects', 0, 4, 100, 7, NULL);
INSERT INTO MAGICAL_ITEM ([ID], [UNIDENTIFIED_ID], [NAME], [NATURE], [TYPE], [XP_VALUE], [ITEM_TYPE], [EQUIPMENT_ID]) VALUES (126,	4, 'Stave of thunder and lighting', 0, 4, 8000, 7, NULL);
INSERT INTO MAGICAL_ITEM ([ID], [UNIDENTIFIED_ID], [NAME], [NATURE], [TYPE], [XP_VALUE], [ITEM_TYPE], [EQUIPMENT_ID]) VALUES (127,	4, 'Stave of withering', 0, 4, 8000, 7, NULL);
INSERT INTO MAGICAL_ITEM ([ID], [UNIDENTIFIED_ID], [NAME], [NATURE], [TYPE], [XP_VALUE], [ITEM_TYPE], [EQUIPMENT_ID]) VALUES (128,	4, 'Stave of woodlands', 0, 4, 8000, 7, NULL);

-- Wands
INSERT INTO MAGICAL_ITEM ([ID], [UNIDENTIFIED_ID], [NAME], [NATURE], [TYPE], [XP_VALUE], [ITEM_TYPE], [EQUIPMENT_ID]) VALUES (129,	5, 'Wand of conjuration', 0, 5, 7000, 7, NULL);
INSERT INTO MAGICAL_ITEM ([ID], [UNIDENTIFIED_ID], [NAME], [NATURE], [TYPE], [XP_VALUE], [ITEM_TYPE], [EQUIPMENT_ID]) VALUES (130,	5, 'Wand of earth and stone', 0, 5, 1000, 7, NULL);
INSERT INTO MAGICAL_ITEM ([ID], [UNIDENTIFIED_ID], [NAME], [NATURE], [TYPE], [XP_VALUE], [ITEM_TYPE], [EQUIPMENT_ID]) VALUES (131,	5, 'Wand of enemy detecton', 0, 5, 2000, 7, NULL);
INSERT INTO MAGICAL_ITEM ([ID], [UNIDENTIFIED_ID], [NAME], [NATURE], [TYPE], [XP_VALUE], [ITEM_TYPE], [EQUIPMENT_ID]) VALUES (132,	5, 'Wand of fear', 0, 5, 3000, 7, NULL);
INSERT INTO MAGICAL_ITEM ([ID], [UNIDENTIFIED_ID], [NAME], [NATURE], [TYPE], [XP_VALUE], [ITEM_TYPE], [EQUIPMENT_ID]) VALUES (133,	5, 'Wand of fire', 0, 5, 4500, 7, NULL);
INSERT INTO MAGICAL_ITEM ([ID], [UNIDENTIFIED_ID], [NAME], [NATURE], [TYPE], [XP_VALUE], [ITEM_TYPE], [EQUIPMENT_ID]) VALUES (134,	5, 'Wand of flame extinguishing', 0, 5, 1500, 7, NULL);
INSERT INTO MAGICAL_ITEM ([ID], [UNIDENTIFIED_ID], [NAME], [NATURE], [TYPE], [XP_VALUE], [ITEM_TYPE], [EQUIPMENT_ID]) VALUES (135,	5, 'Wand of frost', 0, 5, 6000, 7, NULL);
INSERT INTO MAGICAL_ITEM ([ID], [UNIDENTIFIED_ID], [NAME], [NATURE], [TYPE], [XP_VALUE], [ITEM_TYPE], [EQUIPMENT_ID]) VALUES (136,	5, 'Wand of illumination', 0, 5, 2000, 7, NULL);
INSERT INTO MAGICAL_ITEM ([ID], [UNIDENTIFIED_ID], [NAME], [NATURE], [TYPE], [XP_VALUE], [ITEM_TYPE], [EQUIPMENT_ID]) VALUES (137,	5, 'Wand of illusion', 0, 5, 3000, 7, NULL);
INSERT INTO MAGICAL_ITEM ([ID], [UNIDENTIFIED_ID], [NAME], [NATURE], [TYPE], [XP_VALUE], [ITEM_TYPE], [EQUIPMENT_ID]) VALUES (138,	5, 'Wand of lightning', 0, 5, 4000, 7, NULL);
INSERT INTO MAGICAL_ITEM ([ID], [UNIDENTIFIED_ID], [NAME], [NATURE], [TYPE], [XP_VALUE], [ITEM_TYPE], [EQUIPMENT_ID]) VALUES (139,	5, 'Wand of magic detection', 0, 5, 2500, 7, NULL);
INSERT INTO MAGICAL_ITEM ([ID], [UNIDENTIFIED_ID], [NAME], [NATURE], [TYPE], [XP_VALUE], [ITEM_TYPE], [EQUIPMENT_ID]) VALUES (140,	5, 'Wand of magic missiles', 0, 5, 4000, 7, NULL);
INSERT INTO MAGICAL_ITEM ([ID], [UNIDENTIFIED_ID], [NAME], [NATURE], [TYPE], [XP_VALUE], [ITEM_TYPE], [EQUIPMENT_ID]) VALUES (141,	5, 'Wand of metal and mineral detection', 0, 5, 1500, 7, NULL);
INSERT INTO MAGICAL_ITEM ([ID], [UNIDENTIFIED_ID], [NAME], [NATURE], [TYPE], [XP_VALUE], [ITEM_TYPE], [EQUIPMENT_ID]) VALUES (142,	5, 'Wand of negation', 0, 5, 3500, 7, NULL);
INSERT INTO MAGICAL_ITEM ([ID], [UNIDENTIFIED_ID], [NAME], [NATURE], [TYPE], [XP_VALUE], [ITEM_TYPE], [EQUIPMENT_ID]) VALUES (143,	5, 'Wand of paralysation', 0, 5, 3500, 7, NULL);
INSERT INTO MAGICAL_ITEM ([ID], [UNIDENTIFIED_ID], [NAME], [NATURE], [TYPE], [XP_VALUE], [ITEM_TYPE], [EQUIPMENT_ID]) VALUES (144,	5, 'Wand of polymorphing', 0, 5, 3500, 7, NULL);
INSERT INTO MAGICAL_ITEM ([ID], [UNIDENTIFIED_ID], [NAME], [NATURE], [TYPE], [XP_VALUE], [ITEM_TYPE], [EQUIPMENT_ID]) VALUES (145,	5, 'Wand of sectret door and trap location', 0, 5, 5000, 7, NULL);
INSERT INTO MAGICAL_ITEM ([ID], [UNIDENTIFIED_ID], [NAME], [NATURE], [TYPE], [XP_VALUE], [ITEM_TYPE], [EQUIPMENT_ID]) VALUES (146,	5, 'Wand of size alteration', 0, 5, 3000, 7, NULL);
INSERT INTO MAGICAL_ITEM ([ID], [UNIDENTIFIED_ID], [NAME], [NATURE], [TYPE], [XP_VALUE], [ITEM_TYPE], [EQUIPMENT_ID]) VALUES (147,	5, 'Wand of wonder', 0, 5, 6000, 7, NULL);

-- Miscellaneous magic: books, libram, manuals, tomes
INSERT INTO MAGICAL_ITEM ([ID], [UNIDENTIFIED_ID], [NAME], [NATURE], [TYPE], [XP_VALUE], [ITEM_TYPE], [EQUIPMENT_ID]) VALUES (148,	6, 'Boccob''s blessed book', 0, 6, 4500, 7, NULL);
INSERT INTO MAGICAL_ITEM ([ID], [UNIDENTIFIED_ID], [NAME], [NATURE], [TYPE], [XP_VALUE], [ITEM_TYPE], [EQUIPMENT_ID]) VALUES (149,	6, 'Book of exalted deeds', 0, 6, 8000, 7, NULL);
INSERT INTO MAGICAL_ITEM ([ID], [UNIDENTIFIED_ID], [NAME], [NATURE], [TYPE], [XP_VALUE], [ITEM_TYPE], [EQUIPMENT_ID]) VALUES (150,	6, 'Book of infinite spells', 0, 6, 9000, 7, NULL);
INSERT INTO MAGICAL_ITEM ([ID], [UNIDENTIFIED_ID], [NAME], [NATURE], [TYPE], [XP_VALUE], [ITEM_TYPE], [EQUIPMENT_ID]) VALUES (151,	6, 'Book of vile darkness', 0, 6, 8000, 7, NULL);
INSERT INTO MAGICAL_ITEM ([ID], [UNIDENTIFIED_ID], [NAME], [NATURE], [TYPE], [XP_VALUE], [ITEM_TYPE], [EQUIPMENT_ID]) VALUES (152,	6, 'Libram of gainful conjuration', 0, 6, 8000, 7, NULL);
INSERT INTO MAGICAL_ITEM ([ID], [UNIDENTIFIED_ID], [NAME], [NATURE], [TYPE], [XP_VALUE], [ITEM_TYPE], [EQUIPMENT_ID]) VALUES (153,	6, 'Libram of ineffable damnation', 0, 6, 8000, 7, NULL);
INSERT INTO MAGICAL_ITEM ([ID], [UNIDENTIFIED_ID], [NAME], [NATURE], [TYPE], [XP_VALUE], [ITEM_TYPE], [EQUIPMENT_ID]) VALUES (154,	6, 'Libram of silver magic', 0, 6, 8000, 7, NULL);
INSERT INTO MAGICAL_ITEM ([ID], [UNIDENTIFIED_ID], [NAME], [NATURE], [TYPE], [XP_VALUE], [ITEM_TYPE], [EQUIPMENT_ID]) VALUES (155,	6, 'Manual of bodily health', 0, 6, 5000, 7, NULL);
INSERT INTO MAGICAL_ITEM ([ID], [UNIDENTIFIED_ID], [NAME], [NATURE], [TYPE], [XP_VALUE], [ITEM_TYPE], [EQUIPMENT_ID]) VALUES (156,	6, 'Manual of gainful exercise', 0, 6, 5000, 7, NULL);
INSERT INTO MAGICAL_ITEM ([ID], [UNIDENTIFIED_ID], [NAME], [NATURE], [TYPE], [XP_VALUE], [ITEM_TYPE], [EQUIPMENT_ID]) VALUES (157,	6, 'Manual of golems', 0, 6, 3000, 7, NULL);
INSERT INTO MAGICAL_ITEM ([ID], [UNIDENTIFIED_ID], [NAME], [NATURE], [TYPE], [XP_VALUE], [ITEM_TYPE], [EQUIPMENT_ID]) VALUES (158,	6, 'Manual of puissant skill at arms', 0, 6, 8000, 7, NULL);
INSERT INTO MAGICAL_ITEM ([ID], [UNIDENTIFIED_ID], [NAME], [NATURE], [TYPE], [XP_VALUE], [ITEM_TYPE], [EQUIPMENT_ID]) VALUES (159,	6, 'Manual of quickness in action', 0, 6, 5000, 7, NULL);
INSERT INTO MAGICAL_ITEM ([ID], [UNIDENTIFIED_ID], [NAME], [NATURE], [TYPE], [XP_VALUE], [ITEM_TYPE], [EQUIPMENT_ID]) VALUES (160,	6, 'Manual of stealthy pilfering', 0, 6, 8000, 7, NULL);
INSERT INTO MAGICAL_ITEM ([ID], [UNIDENTIFIED_ID], [NAME], [NATURE], [TYPE], [XP_VALUE], [ITEM_TYPE], [EQUIPMENT_ID]) VALUES (161,	6, 'Tome of clear thought', 0, 6, 8000, 7, NULL);
INSERT INTO MAGICAL_ITEM ([ID], [UNIDENTIFIED_ID], [NAME], [NATURE], [TYPE], [XP_VALUE], [ITEM_TYPE], [EQUIPMENT_ID]) VALUES (162,	6, 'Tome of leadership and influence', 0, 6, 7500, 7, NULL);
INSERT INTO MAGICAL_ITEM ([ID], [UNIDENTIFIED_ID], [NAME], [NATURE], [TYPE], [XP_VALUE], [ITEM_TYPE], [EQUIPMENT_ID]) VALUES (163,	6, 'Tome of understanding', 0, 6, 8000, 7, NULL);
INSERT INTO MAGICAL_ITEM ([ID], [UNIDENTIFIED_ID], [NAME], [NATURE], [TYPE], [XP_VALUE], [ITEM_TYPE], [EQUIPMENT_ID]) VALUES (164,	6, 'Vacuous grimoire', 0, 6, NULL, 7, NULL);

-- Miscellaneous magic: jewels, jewelry, phylacteries
INSERT INTO MAGICAL_ITEM ([ID], [UNIDENTIFIED_ID], [NAME], [NATURE], [TYPE], [XP_VALUE], [ITEM_TYPE], [EQUIPMENT_ID]) VALUES (165,	7, 'Amulet of inescapable location', 0, 7, NULL, 0, NULL);
INSERT INTO MAGICAL_ITEM ([ID], [UNIDENTIFIED_ID], [NAME], [NATURE], [TYPE], [XP_VALUE], [ITEM_TYPE], [EQUIPMENT_ID]) VALUES (166,	7, 'Amulet of life protection', 0, 7, 5000, 0, NULL);
INSERT INTO MAGICAL_ITEM ([ID], [UNIDENTIFIED_ID], [NAME], [NATURE], [TYPE], [XP_VALUE], [ITEM_TYPE], [EQUIPMENT_ID]) VALUES (167,	7, 'Amulet of the planes', 0, 7, 6000, 0, NULL);
INSERT INTO MAGICAL_ITEM ([ID], [UNIDENTIFIED_ID], [NAME], [NATURE], [TYPE], [XP_VALUE], [ITEM_TYPE], [EQUIPMENT_ID]) VALUES (168,	7, 'Amulet of proof against detection and location', 0, 7, 4000, 0, NULL);
INSERT INTO MAGICAL_ITEM ([ID], [UNIDENTIFIED_ID], [NAME], [NATURE], [TYPE], [XP_VALUE], [ITEM_TYPE], [EQUIPMENT_ID]) VALUES (169,	7, 'Amulet of versus undead', 0, 7, 200, 0, NULL);
INSERT INTO MAGICAL_ITEM ([ID], [UNIDENTIFIED_ID], [NAME], [NATURE], [TYPE], [XP_VALUE], [ITEM_TYPE], [EQUIPMENT_ID]) VALUES (170,	8, 'Beads of force', 0, 7, 200, 7, NULL);
INSERT INTO MAGICAL_ITEM ([ID], [UNIDENTIFIED_ID], [NAME], [NATURE], [TYPE], [XP_VALUE], [ITEM_TYPE], [EQUIPMENT_ID]) VALUES (171,	9, 'Brooch of shielding', 0, 7, 1000, 0, NULL);
INSERT INTO MAGICAL_ITEM ([ID], [UNIDENTIFIED_ID], [NAME], [NATURE], [TYPE], [XP_VALUE], [ITEM_TYPE], [EQUIPMENT_ID]) VALUES (172,	10, 'Gem of brighness', 0, 7, 2000, 7, NULL);
INSERT INTO MAGICAL_ITEM ([ID], [UNIDENTIFIED_ID], [NAME], [NATURE], [TYPE], [XP_VALUE], [ITEM_TYPE], [EQUIPMENT_ID]) VALUES (173,	10, 'Gem of insight', 0, 7, 3000, 7, NULL);
INSERT INTO MAGICAL_ITEM ([ID], [UNIDENTIFIED_ID], [NAME], [NATURE], [TYPE], [XP_VALUE], [ITEM_TYPE], [EQUIPMENT_ID]) VALUES (174,	10, 'Gem of seeing', 0, 7, 2000, 7, NULL);
INSERT INTO MAGICAL_ITEM ([ID], [UNIDENTIFIED_ID], [NAME], [NATURE], [TYPE], [XP_VALUE], [ITEM_TYPE], [EQUIPMENT_ID]) VALUES (175,	11, 'Jewel of attacks', 0, 7, NULL, 7, NULL);
INSERT INTO MAGICAL_ITEM ([ID], [UNIDENTIFIED_ID], [NAME], [NATURE], [TYPE], [XP_VALUE], [ITEM_TYPE], [EQUIPMENT_ID]) VALUES (176,	11, 'Jewel of flawlessness', 0, 7, NULL, 7, NULL);
INSERT INTO MAGICAL_ITEM ([ID], [UNIDENTIFIED_ID], [NAME], [NATURE], [TYPE], [XP_VALUE], [ITEM_TYPE], [EQUIPMENT_ID]) VALUES (177,	12, 'Medallion of ESP', 0, 7, 2000, 0, NULL);
INSERT INTO MAGICAL_ITEM ([ID], [UNIDENTIFIED_ID], [NAME], [NATURE], [TYPE], [XP_VALUE], [ITEM_TYPE], [EQUIPMENT_ID]) VALUES (178,	12, 'Medallion of thought protection', 0, 7, NULL, 0, NULL);
INSERT INTO MAGICAL_ITEM ([ID], [UNIDENTIFIED_ID], [NAME], [NATURE], [TYPE], [XP_VALUE], [ITEM_TYPE], [EQUIPMENT_ID]) VALUES (179,	13, 'Necklace of adaptation', 0, 7, 1000, 0, NULL);
INSERT INTO MAGICAL_ITEM ([ID], [UNIDENTIFIED_ID], [NAME], [NATURE], [TYPE], [XP_VALUE], [ITEM_TYPE], [EQUIPMENT_ID]) VALUES (180,	13, 'Necklace of missiles', 0, 7, 100, 0, NULL);
INSERT INTO MAGICAL_ITEM ([ID], [UNIDENTIFIED_ID], [NAME], [NATURE], [TYPE], [XP_VALUE], [ITEM_TYPE], [EQUIPMENT_ID]) VALUES (181,	13, 'Necklace of prayer beads', 0, 7, 500, 0, NULL);
INSERT INTO MAGICAL_ITEM ([ID], [UNIDENTIFIED_ID], [NAME], [NATURE], [TYPE], [XP_VALUE], [ITEM_TYPE], [EQUIPMENT_ID]) VALUES (182,	13, 'Necklace of strangulation', 0, 7, NULL, 0, NULL);
INSERT INTO MAGICAL_ITEM ([ID], [UNIDENTIFIED_ID], [NAME], [NATURE], [TYPE], [XP_VALUE], [ITEM_TYPE], [EQUIPMENT_ID]) VALUES (183,	14, 'Pearls of power', 0, 7, 200, 7, NULL);
INSERT INTO MAGICAL_ITEM ([ID], [UNIDENTIFIED_ID], [NAME], [NATURE], [TYPE], [XP_VALUE], [ITEM_TYPE], [EQUIPMENT_ID]) VALUES (184,	14, 'Pearls of the sirines', 0, 7, 900, 7, NULL);
INSERT INTO MAGICAL_ITEM ([ID], [UNIDENTIFIED_ID], [NAME], [NATURE], [TYPE], [XP_VALUE], [ITEM_TYPE], [EQUIPMENT_ID]) VALUES (185,	14, 'Pearls of wisdom', 0, 7, 500, 7, NULL);
INSERT INTO MAGICAL_ITEM ([ID], [UNIDENTIFIED_ID], [NAME], [NATURE], [TYPE], [XP_VALUE], [ITEM_TYPE], [EQUIPMENT_ID]) VALUES (186,	15, 'Periapt of foul rotting', 0, 7, NULL, 0, NULL);
INSERT INTO MAGICAL_ITEM ([ID], [UNIDENTIFIED_ID], [NAME], [NATURE], [TYPE], [XP_VALUE], [ITEM_TYPE], [EQUIPMENT_ID]) VALUES (187,	15, 'Periapt of health', 0, 7, 1000, 0, NULL);
INSERT INTO MAGICAL_ITEM ([ID], [UNIDENTIFIED_ID], [NAME], [NATURE], [TYPE], [XP_VALUE], [ITEM_TYPE], [EQUIPMENT_ID]) VALUES (188,	15, 'Periapt of proof agains poison', 0, 7, 1500, 0, NULL);
INSERT INTO MAGICAL_ITEM ([ID], [UNIDENTIFIED_ID], [NAME], [NATURE], [TYPE], [XP_VALUE], [ITEM_TYPE], [EQUIPMENT_ID]) VALUES (189,	15, 'Periapt of wound closure', 0, 7, 1000, 0, NULL);
INSERT INTO MAGICAL_ITEM ([ID], [UNIDENTIFIED_ID], [NAME], [NATURE], [TYPE], [XP_VALUE], [ITEM_TYPE], [EQUIPMENT_ID]) VALUES (190,	16, 'Phylactery of faithfullness', 0, 7, 1000, 7, NULL);
INSERT INTO MAGICAL_ITEM ([ID], [UNIDENTIFIED_ID], [NAME], [NATURE], [TYPE], [XP_VALUE], [ITEM_TYPE], [EQUIPMENT_ID]) VALUES (191,	16, 'Phylactery of long years', 0, 7, 3000, 7, NULL);
INSERT INTO MAGICAL_ITEM ([ID], [UNIDENTIFIED_ID], [NAME], [NATURE], [TYPE], [XP_VALUE], [ITEM_TYPE], [EQUIPMENT_ID]) VALUES (192,	16, 'Phylactery of monstrous attention', 0, 7, NULL, 7, NULL);
INSERT INTO MAGICAL_ITEM ([ID], [UNIDENTIFIED_ID], [NAME], [NATURE], [TYPE], [XP_VALUE], [ITEM_TYPE], [EQUIPMENT_ID]) VALUES (193,	17, 'Scarab of death', 0, 7, NULL, 7, NULL);
INSERT INTO MAGICAL_ITEM ([ID], [UNIDENTIFIED_ID], [NAME], [NATURE], [TYPE], [XP_VALUE], [ITEM_TYPE], [EQUIPMENT_ID]) VALUES (194,	17, 'Scarab of enraging elements', 0, 7, 1000, 7, NULL);
INSERT INTO MAGICAL_ITEM ([ID], [UNIDENTIFIED_ID], [NAME], [NATURE], [TYPE], [XP_VALUE], [ITEM_TYPE], [EQUIPMENT_ID]) VALUES (195,	17, 'Scarab of insanity', 0, 7, 1500, 7, NULL);
INSERT INTO MAGICAL_ITEM ([ID], [UNIDENTIFIED_ID], [NAME], [NATURE], [TYPE], [XP_VALUE], [ITEM_TYPE], [EQUIPMENT_ID]) VALUES (196,	17, 'Scarab of protection', 0, 7, 2500, 7, NULL);
INSERT INTO MAGICAL_ITEM ([ID], [UNIDENTIFIED_ID], [NAME], [NATURE], [TYPE], [XP_VALUE], [ITEM_TYPE], [EQUIPMENT_ID]) VALUES (197,	17, 'Scarab of versus golems', 0, 7, NULL, 7, NULL);
INSERT INTO MAGICAL_ITEM ([ID], [UNIDENTIFIED_ID], [NAME], [NATURE], [TYPE], [XP_VALUE], [ITEM_TYPE], [EQUIPMENT_ID]) VALUES (198,	18, 'Talisman of pure good', 0, 7, 3500, 0, NULL);
INSERT INTO MAGICAL_ITEM ([ID], [UNIDENTIFIED_ID], [NAME], [NATURE], [TYPE], [XP_VALUE], [ITEM_TYPE], [EQUIPMENT_ID]) VALUES (199,	18, 'Talisman of the sphere', 0, 7, 100, 0, NULL);
INSERT INTO MAGICAL_ITEM ([ID], [UNIDENTIFIED_ID], [NAME], [NATURE], [TYPE], [XP_VALUE], [ITEM_TYPE], [EQUIPMENT_ID]) VALUES (200,	18, 'Talisman of ultimate evil', 0, 7, 3500, 0, NULL);
INSERT INTO MAGICAL_ITEM ([ID], [UNIDENTIFIED_ID], [NAME], [NATURE], [TYPE], [XP_VALUE], [ITEM_TYPE], [EQUIPMENT_ID]) VALUES (201,	18, 'Talisman of Zagy', 0, 7, 1000, 0, NULL);

-- Miscellaneous magic: cloaks and robes
INSERT INTO MAGICAL_ITEM ([ID], [UNIDENTIFIED_ID], [NAME], [NATURE], [TYPE], [XP_VALUE], [ITEM_TYPE], [EQUIPMENT_ID]) VALUES (202,	19, 'Cloak of arachnida', 0, 8, 3000, 0, 5);
INSERT INTO MAGICAL_ITEM ([ID], [UNIDENTIFIED_ID], [NAME], [NATURE], [TYPE], [XP_VALUE], [ITEM_TYPE], [EQUIPMENT_ID]) VALUES (203,	19, 'Cloak of displacement', 0, 8, 3000, 0, 5);
INSERT INTO MAGICAL_ITEM ([ID], [UNIDENTIFIED_ID], [NAME], [NATURE], [TYPE], [XP_VALUE], [ITEM_TYPE], [EQUIPMENT_ID]) VALUES (204,	19, 'Cloak of elvenkind', 0, 8, 1000, 0, 5);
INSERT INTO MAGICAL_ITEM ([ID], [UNIDENTIFIED_ID], [NAME], [NATURE], [TYPE], [XP_VALUE], [ITEM_TYPE], [EQUIPMENT_ID]) VALUES (205,	19, 'Cloak of poisonousness', 0, 8, NULL, 0, 5);
INSERT INTO MAGICAL_ITEM ([ID], [UNIDENTIFIED_ID], [NAME], [NATURE], [TYPE], [XP_VALUE], [ITEM_TYPE], [EQUIPMENT_ID]) VALUES (206,	19, 'Cloak of protection', 0, 8, 1000, 0, 5);
INSERT INTO MAGICAL_ITEM ([ID], [UNIDENTIFIED_ID], [NAME], [NATURE], [TYPE], [XP_VALUE], [ITEM_TYPE], [EQUIPMENT_ID]) VALUES (207,	19, 'Cloak of the bat', 0, 8, 1500, 0, 5);
INSERT INTO MAGICAL_ITEM ([ID], [UNIDENTIFIED_ID], [NAME], [NATURE], [TYPE], [XP_VALUE], [ITEM_TYPE], [EQUIPMENT_ID]) VALUES (208,	19, 'Cloak of the Manta Rey', 0, 8, 2000, 0, 5);
INSERT INTO MAGICAL_ITEM ([ID], [UNIDENTIFIED_ID], [NAME], [NATURE], [TYPE], [XP_VALUE], [ITEM_TYPE], [EQUIPMENT_ID]) VALUES (209,	20, 'Robe of the archmagi', 0, 8, 6000, 0, 16);
INSERT INTO MAGICAL_ITEM ([ID], [UNIDENTIFIED_ID], [NAME], [NATURE], [TYPE], [XP_VALUE], [ITEM_TYPE], [EQUIPMENT_ID]) VALUES (210,	20, 'Robe of blending', 0, 8, 3500, 0, 16);
INSERT INTO MAGICAL_ITEM ([ID], [UNIDENTIFIED_ID], [NAME], [NATURE], [TYPE], [XP_VALUE], [ITEM_TYPE], [EQUIPMENT_ID]) VALUES (211,	20, 'Robe of eyes', 0, 8, 4500, 0, 16);
INSERT INTO MAGICAL_ITEM ([ID], [UNIDENTIFIED_ID], [NAME], [NATURE], [TYPE], [XP_VALUE], [ITEM_TYPE], [EQUIPMENT_ID]) VALUES (212,	20, 'Robe of powerlessness', 0, 8, NULL, 0, 16);
INSERT INTO MAGICAL_ITEM ([ID], [UNIDENTIFIED_ID], [NAME], [NATURE], [TYPE], [XP_VALUE], [ITEM_TYPE], [EQUIPMENT_ID]) VALUES (213,	20, 'Robe of scintillating colours', 0, 8, 2750, 0, 16);
INSERT INTO MAGICAL_ITEM ([ID], [UNIDENTIFIED_ID], [NAME], [NATURE], [TYPE], [XP_VALUE], [ITEM_TYPE], [EQUIPMENT_ID]) VALUES (214,	20, 'Robe of stars', 0, 8, 4000, 0, 16);
INSERT INTO MAGICAL_ITEM ([ID], [UNIDENTIFIED_ID], [NAME], [NATURE], [TYPE], [XP_VALUE], [ITEM_TYPE], [EQUIPMENT_ID]) VALUES (215,	20, 'Robe of useful items', 0, 8, 1500, 0, 16);
INSERT INTO MAGICAL_ITEM ([ID], [UNIDENTIFIED_ID], [NAME], [NATURE], [TYPE], [XP_VALUE], [ITEM_TYPE], [EQUIPMENT_ID]) VALUES (216,	20, 'Robe of vermin', 0, 8, NULL, 0, 16);

-- Miscellaneous magic: boots, braces, gloves
INSERT INTO MAGICAL_ITEM ([ID], [UNIDENTIFIED_ID], [NAME], [NATURE], [TYPE], [XP_VALUE], [ITEM_TYPE], [EQUIPMENT_ID]) VALUES (217,	21, 'Boots of dancing', 0, 9, NULL, 0, 2);
INSERT INTO MAGICAL_ITEM ([ID], [UNIDENTIFIED_ID], [NAME], [NATURE], [TYPE], [XP_VALUE], [ITEM_TYPE], [EQUIPMENT_ID]) VALUES (218,	21, 'Boots of elvenkind', 0, 9, 1000, 0, 2);
INSERT INTO MAGICAL_ITEM ([ID], [UNIDENTIFIED_ID], [NAME], [NATURE], [TYPE], [XP_VALUE], [ITEM_TYPE], [EQUIPMENT_ID]) VALUES (219,	21, 'Boots of livitation', 0, 9, 2000, 0, 2);
INSERT INTO MAGICAL_ITEM ([ID], [UNIDENTIFIED_ID], [NAME], [NATURE], [TYPE], [XP_VALUE], [ITEM_TYPE], [EQUIPMENT_ID]) VALUES (220,	21, 'Boots of speed', 0, 9, 2500, 0, 2);
INSERT INTO MAGICAL_ITEM ([ID], [UNIDENTIFIED_ID], [NAME], [NATURE], [TYPE], [XP_VALUE], [ITEM_TYPE], [EQUIPMENT_ID]) VALUES (221,	21, 'Boots of striding and springing', 0, 9, 2500, 0, 2);
INSERT INTO MAGICAL_ITEM ([ID], [UNIDENTIFIED_ID], [NAME], [NATURE], [TYPE], [XP_VALUE], [ITEM_TYPE], [EQUIPMENT_ID]) VALUES (222,	21, 'Boots of the north', 0, 9, 1500, 0, 2);
INSERT INTO MAGICAL_ITEM ([ID], [UNIDENTIFIED_ID], [NAME], [NATURE], [TYPE], [XP_VALUE], [ITEM_TYPE], [EQUIPMENT_ID]) VALUES (223,	21, 'Boots of varied tracks', 0, 9, 1500, 0, 2);
INSERT INTO MAGICAL_ITEM ([ID], [UNIDENTIFIED_ID], [NAME], [NATURE], [TYPE], [XP_VALUE], [ITEM_TYPE], [EQUIPMENT_ID]) VALUES (224,	21, 'Winged boots', 0, 9, 2000, 0, 2);
INSERT INTO MAGICAL_ITEM ([ID], [UNIDENTIFIED_ID], [NAME], [NATURE], [TYPE], [XP_VALUE], [ITEM_TYPE], [EQUIPMENT_ID]) VALUES (225,	22, 'Braces of archery', 0, 9, 1000, 0, NULL);
INSERT INTO MAGICAL_ITEM ([ID], [UNIDENTIFIED_ID], [NAME], [NATURE], [TYPE], [XP_VALUE], [ITEM_TYPE], [EQUIPMENT_ID]) VALUES (226,	22, 'Braces of brachiation', 0, 9, 1000, 0, NULL);
INSERT INTO MAGICAL_ITEM ([ID], [UNIDENTIFIED_ID], [NAME], [NATURE], [TYPE], [XP_VALUE], [ITEM_TYPE], [EQUIPMENT_ID]) VALUES (227,	22, 'Braces of defense', 0, 9, 500, 0, NULL);
INSERT INTO MAGICAL_ITEM ([ID], [UNIDENTIFIED_ID], [NAME], [NATURE], [TYPE], [XP_VALUE], [ITEM_TYPE], [EQUIPMENT_ID]) VALUES (228,	22, 'Braces of defenselessness', 0, 9, NULL, 0, NULL);
INSERT INTO MAGICAL_ITEM ([ID], [UNIDENTIFIED_ID], [NAME], [NATURE], [TYPE], [XP_VALUE], [ITEM_TYPE], [EQUIPMENT_ID]) VALUES (229,	23, 'Gauntlets of dexterity', 0, 9, 1000, 0, 8);
INSERT INTO MAGICAL_ITEM ([ID], [UNIDENTIFIED_ID], [NAME], [NATURE], [TYPE], [XP_VALUE], [ITEM_TYPE], [EQUIPMENT_ID]) VALUES (230,	23, 'Gauntlets of fumbling', 0, 9, NULL, 0, 8);
INSERT INTO MAGICAL_ITEM ([ID], [UNIDENTIFIED_ID], [NAME], [NATURE], [TYPE], [XP_VALUE], [ITEM_TYPE], [EQUIPMENT_ID]) VALUES (231,	23, 'Gauntlets of ogre power', 0, 9, 1000, 0, 8);
INSERT INTO MAGICAL_ITEM ([ID], [UNIDENTIFIED_ID], [NAME], [NATURE], [TYPE], [XP_VALUE], [ITEM_TYPE], [EQUIPMENT_ID]) VALUES (232,	23, 'Gauntlets of swimming and climbing', 0, 9, 1000, 0, 8);
INSERT INTO MAGICAL_ITEM ([ID], [UNIDENTIFIED_ID], [NAME], [NATURE], [TYPE], [XP_VALUE], [ITEM_TYPE], [EQUIPMENT_ID]) VALUES (233,	24, 'Gloves of missile snaring', 0, 9, 1500, 0, 8);
INSERT INTO MAGICAL_ITEM ([ID], [UNIDENTIFIED_ID], [NAME], [NATURE], [TYPE], [XP_VALUE], [ITEM_TYPE], [EQUIPMENT_ID]) VALUES (234,	25, 'Slippers of spider climbing', 0, 9, 1000, 0, NULL);

-- Miscellaneous magic: girdles, hats, helms
INSERT INTO MAGICAL_ITEM ([ID], [UNIDENTIFIED_ID], [NAME], [NATURE], [TYPE], [XP_VALUE], [ITEM_TYPE], [EQUIPMENT_ID]) VALUES (235,	26, 'Girdle of dwarverkind', 0, 10, 3500, 0, 0);
INSERT INTO MAGICAL_ITEM ([ID], [UNIDENTIFIED_ID], [NAME], [NATURE], [TYPE], [XP_VALUE], [ITEM_TYPE], [EQUIPMENT_ID]) VALUES (236,	26, 'Girdle of femmininity masculinity', 0, 10, NULL, 0, 0);
INSERT INTO MAGICAL_ITEM ([ID], [UNIDENTIFIED_ID], [NAME], [NATURE], [TYPE], [XP_VALUE], [ITEM_TYPE], [EQUIPMENT_ID]) VALUES (237,	26, 'Girdle of giant strenght', 0, 10, 2000, 0, 0);
INSERT INTO MAGICAL_ITEM ([ID], [UNIDENTIFIED_ID], [NAME], [NATURE], [TYPE], [XP_VALUE], [ITEM_TYPE], [EQUIPMENT_ID]) VALUES (238,	26, 'Girdle of many pouches', 0, 10, 1000, 0, 0);
INSERT INTO MAGICAL_ITEM ([ID], [UNIDENTIFIED_ID], [NAME], [NATURE], [TYPE], [XP_VALUE], [ITEM_TYPE], [EQUIPMENT_ID]) VALUES (239,	27, 'Hat of disguise', 0, 10, 1000, 0, NULL);
INSERT INTO MAGICAL_ITEM ([ID], [UNIDENTIFIED_ID], [NAME], [NATURE], [TYPE], [XP_VALUE], [ITEM_TYPE], [EQUIPMENT_ID]) VALUES (240,	27, 'Hat of stupidity', 0, 10, NULL, 0, NULL);
INSERT INTO MAGICAL_ITEM ([ID], [UNIDENTIFIED_ID], [NAME], [NATURE], [TYPE], [XP_VALUE], [ITEM_TYPE], [EQUIPMENT_ID]) VALUES (241,	28, 'Helm of brillance', 0, 10, 0, 0, 8006);
INSERT INTO MAGICAL_ITEM ([ID], [UNIDENTIFIED_ID], [NAME], [NATURE], [TYPE], [XP_VALUE], [ITEM_TYPE], [EQUIPMENT_ID]) VALUES (242,	28, 'Helm of comprehending languages and reading magic', 0, 10, 1000, 0, 8006);
INSERT INTO MAGICAL_ITEM ([ID], [UNIDENTIFIED_ID], [NAME], [NATURE], [TYPE], [XP_VALUE], [ITEM_TYPE], [EQUIPMENT_ID]) VALUES (243,	28, 'Helm of opposite alignment', 0, 10, NULL, 0, 8006);
INSERT INTO MAGICAL_ITEM ([ID], [UNIDENTIFIED_ID], [NAME], [NATURE], [TYPE], [XP_VALUE], [ITEM_TYPE], [EQUIPMENT_ID]) VALUES (244,	28, 'Helm of telepathy', 0, 10, 3000, 0, 8006);
INSERT INTO MAGICAL_ITEM ([ID], [UNIDENTIFIED_ID], [NAME], [NATURE], [TYPE], [XP_VALUE], [ITEM_TYPE], [EQUIPMENT_ID]) VALUES (245,	28, 'Helm of teleportation', 0, 10, 2500, 0, 8006);
INSERT INTO MAGICAL_ITEM ([ID], [UNIDENTIFIED_ID], [NAME], [NATURE], [TYPE], [XP_VALUE], [ITEM_TYPE], [EQUIPMENT_ID]) VALUES (246,	28, 'Helm of underwater action', 0, 10, 1000, 0, 8006);

-- Miscellaneous magic: bags, bottles, pouches, containers
INSERT INTO MAGICAL_ITEM ([ID], [UNIDENTIFIED_ID], [NAME], [NATURE], [TYPE], [XP_VALUE], [ITEM_TYPE], [EQUIPMENT_ID]) VALUES (247,	29, 'Alchemy jug', 0, 11, 3000, 7, NULL);
INSERT INTO MAGICAL_ITEM ([ID], [UNIDENTIFIED_ID], [NAME], [NATURE], [TYPE], [XP_VALUE], [ITEM_TYPE], [EQUIPMENT_ID]) VALUES (248,	30, 'Bag of beans', 0, 11, 1000, 7, NULL);
INSERT INTO MAGICAL_ITEM ([ID], [UNIDENTIFIED_ID], [NAME], [NATURE], [TYPE], [XP_VALUE], [ITEM_TYPE], [EQUIPMENT_ID]) VALUES (249,	30, 'Bag of devouring', 0, 11, NULL, 7, NULL);
INSERT INTO MAGICAL_ITEM ([ID], [UNIDENTIFIED_ID], [NAME], [NATURE], [TYPE], [XP_VALUE], [ITEM_TYPE], [EQUIPMENT_ID]) VALUES (250,	30, 'Bag of holding', 0, 11, 5000, 7, NULL);
INSERT INTO MAGICAL_ITEM ([ID], [UNIDENTIFIED_ID], [NAME], [NATURE], [TYPE], [XP_VALUE], [ITEM_TYPE], [EQUIPMENT_ID]) VALUES (251,	30, 'Bag of transmuting', 0, 11, NULL, 7, NULL);
INSERT INTO MAGICAL_ITEM ([ID], [UNIDENTIFIED_ID], [NAME], [NATURE], [TYPE], [XP_VALUE], [ITEM_TYPE], [EQUIPMENT_ID]) VALUES (252,	30, 'Bag of tricks', 0, 11, 2500, 7, NULL);
INSERT INTO MAGICAL_ITEM ([ID], [UNIDENTIFIED_ID], [NAME], [NATURE], [TYPE], [XP_VALUE], [ITEM_TYPE], [EQUIPMENT_ID]) VALUES (253,	30, 'Beaker of plentiful potions', 0, 11, 1500, 7, NULL);
INSERT INTO MAGICAL_ITEM ([ID], [UNIDENTIFIED_ID], [NAME], [NATURE], [TYPE], [XP_VALUE], [ITEM_TYPE], [EQUIPMENT_ID]) VALUES (254,	30, 'Bucknard''s everfull purse', 0, 11, NULL, 7, NULL);
INSERT INTO MAGICAL_ITEM ([ID], [UNIDENTIFIED_ID], [NAME], [NATURE], [TYPE], [XP_VALUE], [ITEM_TYPE], [EQUIPMENT_ID]) VALUES (255,	31, 'Decanter of endless water', 0, 11, 1000, 7, NULL);
INSERT INTO MAGICAL_ITEM ([ID], [UNIDENTIFIED_ID], [NAME], [NATURE], [TYPE], [XP_VALUE], [ITEM_TYPE], [EQUIPMENT_ID]) VALUES (256,	31, 'Efreeti bottle', 0, 11, 9000, 7, 7024);
INSERT INTO MAGICAL_ITEM ([ID], [UNIDENTIFIED_ID], [NAME], [NATURE], [TYPE], [XP_VALUE], [ITEM_TYPE], [EQUIPMENT_ID]) VALUES (257,	31, 'Eversmoking bottle', 0, 11, 500, 7, 7024);
INSERT INTO MAGICAL_ITEM ([ID], [UNIDENTIFIED_ID], [NAME], [NATURE], [TYPE], [XP_VALUE], [ITEM_TYPE], [EQUIPMENT_ID]) VALUES (258,	31, 'Flask of curses', 0, 11, NULL, 7, 7024);
INSERT INTO MAGICAL_ITEM ([ID], [UNIDENTIFIED_ID], [NAME], [NATURE], [TYPE], [XP_VALUE], [ITEM_TYPE], [EQUIPMENT_ID]) VALUES (259,	30, 'Heward''s handy haversack', 0, 11, 3000, 7, NULL);
INSERT INTO MAGICAL_ITEM ([ID], [UNIDENTIFIED_ID], [NAME], [NATURE], [TYPE], [XP_VALUE], [ITEM_TYPE], [EQUIPMENT_ID]) VALUES (260,	31, 'Iron flask', 0, 11, NULL, 7, NULL);
INSERT INTO MAGICAL_ITEM ([ID], [UNIDENTIFIED_ID], [NAME], [NATURE], [TYPE], [XP_VALUE], [ITEM_TYPE], [EQUIPMENT_ID]) VALUES (261,	32, 'Portable hole', 0, 11, 5000, 7, NULL);
INSERT INTO MAGICAL_ITEM ([ID], [UNIDENTIFIED_ID], [NAME], [NATURE], [TYPE], [XP_VALUE], [ITEM_TYPE], [EQUIPMENT_ID]) VALUES (262,	30, 'Pouch of accessibility', 0, 11, 1500, 7, NULL);

-- Miscellaneous magic: candles, dusts, ointments, incense and stones
INSERT INTO MAGICAL_ITEM ([ID], [UNIDENTIFIED_ID], [NAME], [NATURE], [TYPE], [XP_VALUE], [ITEM_TYPE], [EQUIPMENT_ID]) VALUES (263,	33, 'Candle of invocation', 0, 12, 1000, 7, 7017);
INSERT INTO MAGICAL_ITEM ([ID], [UNIDENTIFIED_ID], [NAME], [NATURE], [TYPE], [XP_VALUE], [ITEM_TYPE], [EQUIPMENT_ID]) VALUES (264,	34, 'Dust of appearance', 0, 12, 1000, 7, NULL);
INSERT INTO MAGICAL_ITEM ([ID], [UNIDENTIFIED_ID], [NAME], [NATURE], [TYPE], [XP_VALUE], [ITEM_TYPE], [EQUIPMENT_ID]) VALUES (265,	34, 'Dust of disappearance', 0, 12, 2000, 7, NULL);
INSERT INTO MAGICAL_ITEM ([ID], [UNIDENTIFIED_ID], [NAME], [NATURE], [TYPE], [XP_VALUE], [ITEM_TYPE], [EQUIPMENT_ID]) VALUES (266,	34, 'Dust of dryness', 0, 12, 1000, 7, NULL);
INSERT INTO MAGICAL_ITEM ([ID], [UNIDENTIFIED_ID], [NAME], [NATURE], [TYPE], [XP_VALUE], [ITEM_TYPE], [EQUIPMENT_ID]) VALUES (267,	34, 'Dust of illusion', 0, 12, 1000, 7, NULL);
INSERT INTO MAGICAL_ITEM ([ID], [UNIDENTIFIED_ID], [NAME], [NATURE], [TYPE], [XP_VALUE], [ITEM_TYPE], [EQUIPMENT_ID]) VALUES (268,	34, 'Dust of tracelessness', 0, 12, 500, 7, NULL);
INSERT INTO MAGICAL_ITEM ([ID], [UNIDENTIFIED_ID], [NAME], [NATURE], [TYPE], [XP_VALUE], [ITEM_TYPE], [EQUIPMENT_ID]) VALUES (269,	34, 'Dust of sneezing and choking', 0, 12, NULL, 7, NULL);
INSERT INTO MAGICAL_ITEM ([ID], [UNIDENTIFIED_ID], [NAME], [NATURE], [TYPE], [XP_VALUE], [ITEM_TYPE], [EQUIPMENT_ID]) VALUES (270,	35, 'Incense of meditation', 0, 12, 500, 7, NULL);
INSERT INTO MAGICAL_ITEM ([ID], [UNIDENTIFIED_ID], [NAME], [NATURE], [TYPE], [XP_VALUE], [ITEM_TYPE], [EQUIPMENT_ID]) VALUES (271,	35, 'Incense of obsession', 0, 12, NULL, 7, NULL);
INSERT INTO MAGICAL_ITEM ([ID], [UNIDENTIFIED_ID], [NAME], [NATURE], [TYPE], [XP_VALUE], [ITEM_TYPE], [EQUIPMENT_ID]) VALUES (272,	36, 'Ioun stones', 0, 12, 300, 7, NULL);
INSERT INTO MAGICAL_ITEM ([ID], [UNIDENTIFIED_ID], [NAME], [NATURE], [TYPE], [XP_VALUE], [ITEM_TYPE], [EQUIPMENT_ID]) VALUES (273,	0, 'Keoghtom''s ointment', 0, 12, 500, 7, NULL);
INSERT INTO MAGICAL_ITEM ([ID], [UNIDENTIFIED_ID], [NAME], [NATURE], [TYPE], [XP_VALUE], [ITEM_TYPE], [EQUIPMENT_ID]) VALUES (274,	0, 'Nolzul''s marvelous pigments', 0, 12, 500, 7, NULL);
INSERT INTO MAGICAL_ITEM ([ID], [UNIDENTIFIED_ID], [NAME], [NATURE], [TYPE], [XP_VALUE], [ITEM_TYPE], [EQUIPMENT_ID]) VALUES (275,	36, 'Philosophers stone', 0, 12, 1000, 7, NULL);
INSERT INTO MAGICAL_ITEM ([ID], [UNIDENTIFIED_ID], [NAME], [NATURE], [TYPE], [XP_VALUE], [ITEM_TYPE], [EQUIPMENT_ID]) VALUES (276,	34, 'Smoke powder', 0, 12, NULL, 7, NULL);
INSERT INTO MAGICAL_ITEM ([ID], [UNIDENTIFIED_ID], [NAME], [NATURE], [TYPE], [XP_VALUE], [ITEM_TYPE], [EQUIPMENT_ID]) VALUES (277,	0, 'Sovereign glue', 0, 12, 1000, 7, NULL);
INSERT INTO MAGICAL_ITEM ([ID], [UNIDENTIFIED_ID], [NAME], [NATURE], [TYPE], [XP_VALUE], [ITEM_TYPE], [EQUIPMENT_ID]) VALUES (278,	36, 'Stone of controlling earth elementals', 0, 12, 1500, 7, NULL);
INSERT INTO MAGICAL_ITEM ([ID], [UNIDENTIFIED_ID], [NAME], [NATURE], [TYPE], [XP_VALUE], [ITEM_TYPE], [EQUIPMENT_ID]) VALUES (279,	36, 'Stone of good luck (Luckstone)', 0, 12, 3000, 7, NULL);
INSERT INTO MAGICAL_ITEM ([ID], [UNIDENTIFIED_ID], [NAME], [NATURE], [TYPE], [XP_VALUE], [ITEM_TYPE], [EQUIPMENT_ID]) VALUES (280,	36, 'Stone of weight (Loadstone)', 0, 12, NULL, 7, NULL);
INSERT INTO MAGICAL_ITEM ([ID], [UNIDENTIFIED_ID], [NAME], [NATURE], [TYPE], [XP_VALUE], [ITEM_TYPE], [EQUIPMENT_ID]) VALUES (281,	0, 'Universal solvent', 0, 12, 1000, 7, NULL);

-- Miscellaneous magic: household items and tools
INSERT INTO MAGICAL_ITEM ([ID], [UNIDENTIFIED_ID], [NAME], [NATURE], [TYPE], [XP_VALUE], [ITEM_TYPE], [EQUIPMENT_ID]) VALUES (282,	37, 'Brazier commanding fire elementals', 0, 13, 4000, 7, NULL);
INSERT INTO MAGICAL_ITEM ([ID], [UNIDENTIFIED_ID], [NAME], [NATURE], [TYPE], [XP_VALUE], [ITEM_TYPE], [EQUIPMENT_ID]) VALUES (283,	37, 'Brazier of sleep smoke', 0, 13, NULL, 7, NULL);
INSERT INTO MAGICAL_ITEM ([ID], [UNIDENTIFIED_ID], [NAME], [NATURE], [TYPE], [XP_VALUE], [ITEM_TYPE], [EQUIPMENT_ID]) VALUES (284,	38, 'Broom of animated attack', 0, 13, NULL, 7, NULL);
INSERT INTO MAGICAL_ITEM ([ID], [UNIDENTIFIED_ID], [NAME], [NATURE], [TYPE], [XP_VALUE], [ITEM_TYPE], [EQUIPMENT_ID]) VALUES (285,	38, 'Broom of flying', 0, 13, 2000, 7, NULL);
INSERT INTO MAGICAL_ITEM ([ID], [UNIDENTIFIED_ID], [NAME], [NATURE], [TYPE], [XP_VALUE], [ITEM_TYPE], [EQUIPMENT_ID]) VALUES (286,	39, 'Carpet of flying', 0, 13, 7500, 7, NULL);
INSERT INTO MAGICAL_ITEM ([ID], [UNIDENTIFIED_ID], [NAME], [NATURE], [TYPE], [XP_VALUE], [ITEM_TYPE], [EQUIPMENT_ID]) VALUES (287,	40, 'Mattock of the titans', 0, 13, 3500, 7, NULL);
INSERT INTO MAGICAL_ITEM ([ID], [UNIDENTIFIED_ID], [NAME], [NATURE], [TYPE], [XP_VALUE], [ITEM_TYPE], [EQUIPMENT_ID]) VALUES (288,	41, 'Maul of the titans', 0, 13, 4000, 7, NULL);
INSERT INTO MAGICAL_ITEM ([ID], [UNIDENTIFIED_ID], [NAME], [NATURE], [TYPE], [XP_VALUE], [ITEM_TYPE], [EQUIPMENT_ID]) VALUES (289,	42, 'Mirror of life trapping', 0, 13, 2500, 7, 7038);
INSERT INTO MAGICAL_ITEM ([ID], [UNIDENTIFIED_ID], [NAME], [NATURE], [TYPE], [XP_VALUE], [ITEM_TYPE], [EQUIPMENT_ID]) VALUES (290,	42, 'Mirror of mental prowess', 0, 13, 5000, 7, 7038);
INSERT INTO MAGICAL_ITEM ([ID], [UNIDENTIFIED_ID], [NAME], [NATURE], [TYPE], [XP_VALUE], [ITEM_TYPE], [EQUIPMENT_ID]) VALUES (291,	42, 'Mirror of opposition', 0, 13, NULL, 7, 7038);
INSERT INTO MAGICAL_ITEM ([ID], [UNIDENTIFIED_ID], [NAME], [NATURE], [TYPE], [XP_VALUE], [ITEM_TYPE], [EQUIPMENT_ID]) VALUES (292,	43, 'Murlynd''s spoon', 0, 13, 750, 7, NULL);
INSERT INTO MAGICAL_ITEM ([ID], [UNIDENTIFIED_ID], [NAME], [NATURE], [TYPE], [XP_VALUE], [ITEM_TYPE], [EQUIPMENT_ID]) VALUES (293,	44, 'Rope of climbing', 0, 13, 1000, 7, 7049);
INSERT INTO MAGICAL_ITEM ([ID], [UNIDENTIFIED_ID], [NAME], [NATURE], [TYPE], [XP_VALUE], [ITEM_TYPE], [EQUIPMENT_ID]) VALUES (294,	44, 'Rope of constriction', 0, 13, NULL, 7, 7049);
INSERT INTO MAGICAL_ITEM ([ID], [UNIDENTIFIED_ID], [NAME], [NATURE], [TYPE], [XP_VALUE], [ITEM_TYPE], [EQUIPMENT_ID]) VALUES (295,	44, 'Rope of entanglement', 0, 13, 1500, 7, 7049);
INSERT INTO MAGICAL_ITEM ([ID], [UNIDENTIFIED_ID], [NAME], [NATURE], [TYPE], [XP_VALUE], [ITEM_TYPE], [EQUIPMENT_ID]) VALUES (296,	45, 'Rug of smothering', 0, 13, NULL, 7, NULL);
INSERT INTO MAGICAL_ITEM ([ID], [UNIDENTIFIED_ID], [NAME], [NATURE], [TYPE], [XP_VALUE], [ITEM_TYPE], [EQUIPMENT_ID]) VALUES (297,	45, 'Rug of welcome', 0, 13, 6500, 7, NULL);
INSERT INTO MAGICAL_ITEM ([ID], [UNIDENTIFIED_ID], [NAME], [NATURE], [TYPE], [XP_VALUE], [ITEM_TYPE], [EQUIPMENT_ID]) VALUES (298,	46, 'Saw of mighty cutting', 0, 13, 2000, 7, NULL);
INSERT INTO MAGICAL_ITEM ([ID], [UNIDENTIFIED_ID], [NAME], [NATURE], [TYPE], [XP_VALUE], [ITEM_TYPE], [EQUIPMENT_ID]) VALUES (299,	47, 'Spade of colossal excavation', 0, 13, 1000, 7, NULL);

-- Miscellaneous magic: musical instruments
INSERT INTO MAGICAL_ITEM ([ID], [UNIDENTIFIED_ID], [NAME], [NATURE], [TYPE], [XP_VALUE], [ITEM_TYPE], [EQUIPMENT_ID]) VALUES (300,	48, 'Chime of interruption', 0, 14, 2000, 7, 7039);
INSERT INTO MAGICAL_ITEM ([ID], [UNIDENTIFIED_ID], [NAME], [NATURE], [TYPE], [XP_VALUE], [ITEM_TYPE], [EQUIPMENT_ID]) VALUES (301,	48, 'Chime of opening', 0, 14, 3500, 7, 7039);
INSERT INTO MAGICAL_ITEM ([ID], [UNIDENTIFIED_ID], [NAME], [NATURE], [TYPE], [XP_VALUE], [ITEM_TYPE], [EQUIPMENT_ID]) VALUES (302,	48, 'Chime of hunger', 0, 14, NULL, 7, 7039);
INSERT INTO MAGICAL_ITEM ([ID], [UNIDENTIFIED_ID], [NAME], [NATURE], [TYPE], [XP_VALUE], [ITEM_TYPE], [EQUIPMENT_ID]) VALUES (303,	49, 'Drums of deafening', 0, 14, NULL, 7, 7039);
INSERT INTO MAGICAL_ITEM ([ID], [UNIDENTIFIED_ID], [NAME], [NATURE], [TYPE], [XP_VALUE], [ITEM_TYPE], [EQUIPMENT_ID]) VALUES (304,	49, 'Drums of panic', 0, 14, 6500, 7, 7039);
INSERT INTO MAGICAL_ITEM ([ID], [UNIDENTIFIED_ID], [NAME], [NATURE], [TYPE], [XP_VALUE], [ITEM_TYPE], [EQUIPMENT_ID]) VALUES (305,	50, 'Harp of charming', 0, 14, 5000, 7, 7039);
INSERT INTO MAGICAL_ITEM ([ID], [UNIDENTIFIED_ID], [NAME], [NATURE], [TYPE], [XP_VALUE], [ITEM_TYPE], [EQUIPMENT_ID]) VALUES (306,	50, 'Harp of discord', 0, 14, NULL, 7, 7039);
INSERT INTO MAGICAL_ITEM ([ID], [UNIDENTIFIED_ID], [NAME], [NATURE], [TYPE], [XP_VALUE], [ITEM_TYPE], [EQUIPMENT_ID]) VALUES (307,	51, 'Horn of blasting', 0, 14, 1000, 7, 7039);
INSERT INTO MAGICAL_ITEM ([ID], [UNIDENTIFIED_ID], [NAME], [NATURE], [TYPE], [XP_VALUE], [ITEM_TYPE], [EQUIPMENT_ID]) VALUES (308,	51, 'Horn of bubbles', 0, 14, NULL, 7, 7039);
INSERT INTO MAGICAL_ITEM ([ID], [UNIDENTIFIED_ID], [NAME], [NATURE], [TYPE], [XP_VALUE], [ITEM_TYPE], [EQUIPMENT_ID]) VALUES (309,	51, 'Horn of collapsing', 0, 14, 1500, 7, 7039);
INSERT INTO MAGICAL_ITEM ([ID], [UNIDENTIFIED_ID], [NAME], [NATURE], [TYPE], [XP_VALUE], [ITEM_TYPE], [EQUIPMENT_ID]) VALUES (310,	51, 'Horn of fog', 0, 14, 400, 7, 7039);
INSERT INTO MAGICAL_ITEM ([ID], [UNIDENTIFIED_ID], [NAME], [NATURE], [TYPE], [XP_VALUE], [ITEM_TYPE], [EQUIPMENT_ID]) VALUES (311,	51, 'Horn of goodness', 0, 14, 750, 7, 7039);
INSERT INTO MAGICAL_ITEM ([ID], [UNIDENTIFIED_ID], [NAME], [NATURE], [TYPE], [XP_VALUE], [ITEM_TYPE], [EQUIPMENT_ID]) VALUES (312,	51, 'Horn of the tritons', 0, 14, 2000, 7, 7039);
INSERT INTO MAGICAL_ITEM ([ID], [UNIDENTIFIED_ID], [NAME], [NATURE], [TYPE], [XP_VALUE], [ITEM_TYPE], [EQUIPMENT_ID]) VALUES (313,	51, 'Horn of valhalla', 0, 14, 1000, 7, 7039);
INSERT INTO MAGICAL_ITEM ([ID], [UNIDENTIFIED_ID], [NAME], [NATURE], [TYPE], [XP_VALUE], [ITEM_TYPE], [EQUIPMENT_ID]) VALUES (314,	52, 'Lyre of building', 0, 14, 5000, 7, 7039);
INSERT INTO MAGICAL_ITEM ([ID], [UNIDENTIFIED_ID], [NAME], [NATURE], [TYPE], [XP_VALUE], [ITEM_TYPE], [EQUIPMENT_ID]) VALUES (315,	53, 'Pipes of haunting', 0, 14, 400, 7, 7039);
INSERT INTO MAGICAL_ITEM ([ID], [UNIDENTIFIED_ID], [NAME], [NATURE], [TYPE], [XP_VALUE], [ITEM_TYPE], [EQUIPMENT_ID]) VALUES (316,	53, 'Pipes of pain', 0, 14, NULL, 7, 7039);
INSERT INTO MAGICAL_ITEM ([ID], [UNIDENTIFIED_ID], [NAME], [NATURE], [TYPE], [XP_VALUE], [ITEM_TYPE], [EQUIPMENT_ID]) VALUES (317,	53, 'Pipes of sounding', 0, 14, 1000, 7, 7039);
INSERT INTO MAGICAL_ITEM ([ID], [UNIDENTIFIED_ID], [NAME], [NATURE], [TYPE], [XP_VALUE], [ITEM_TYPE], [EQUIPMENT_ID]) VALUES (318,	53, 'Pipes of the sewers', 0, 14, 2000, 7, 7039);

 --Miscellaneous magic: the wierd stuff
INSERT INTO MAGICAL_ITEM ([ID], [UNIDENTIFIED_ID], [NAME], [NATURE], [TYPE], [XP_VALUE], [ITEM_TYPE], [EQUIPMENT_ID]) VALUES (319,	32, 'Apparatus of Kwalish', 0, 15, 8000, 7, NULL);
INSERT INTO MAGICAL_ITEM ([ID], [UNIDENTIFIED_ID], [NAME], [NATURE], [TYPE], [XP_VALUE], [ITEM_TYPE], [EQUIPMENT_ID]) VALUES (320,	32, 'Folding boat', 0, 15, 10000, 7, NULL);
INSERT INTO MAGICAL_ITEM ([ID], [UNIDENTIFIED_ID], [NAME], [NATURE], [TYPE], [XP_VALUE], [ITEM_TYPE], [EQUIPMENT_ID]) VALUES (321,	54, 'Bowl commanding water elementals', 0, 15, 4000, 7, NULL);
INSERT INTO MAGICAL_ITEM ([ID], [UNIDENTIFIED_ID], [NAME], [NATURE], [TYPE], [XP_VALUE], [ITEM_TYPE], [EQUIPMENT_ID]) VALUES (322,	54, 'Bowl of waterly death', 0, 15, NULL, 7, NULL);
INSERT INTO MAGICAL_ITEM ([ID], [UNIDENTIFIED_ID], [NAME], [NATURE], [TYPE], [XP_VALUE], [ITEM_TYPE], [EQUIPMENT_ID]) VALUES (323,	55, 'Censer controlling air elementals', 0, 15, 4000, 7, NULL);
INSERT INTO MAGICAL_ITEM ([ID], [UNIDENTIFIED_ID], [NAME], [NATURE], [TYPE], [XP_VALUE], [ITEM_TYPE], [EQUIPMENT_ID]) VALUES (324,	55, 'Censer of summoning hostile air elementals', 0, 15, NULL, 7, NULL);
INSERT INTO MAGICAL_ITEM ([ID], [UNIDENTIFIED_ID], [NAME], [NATURE], [TYPE], [XP_VALUE], [ITEM_TYPE], [EQUIPMENT_ID]) VALUES (325,	32, 'Crystal ball', 0, 15, 1000, 7, NULL);
INSERT INTO MAGICAL_ITEM ([ID], [UNIDENTIFIED_ID], [NAME], [NATURE], [TYPE], [XP_VALUE], [ITEM_TYPE], [EQUIPMENT_ID]) VALUES (326,	32, 'Crystal hypnosis ball', 0, 15, NULL, 7, NULL);
INSERT INTO MAGICAL_ITEM ([ID], [UNIDENTIFIED_ID], [NAME], [NATURE], [TYPE], [XP_VALUE], [ITEM_TYPE], [EQUIPMENT_ID]) VALUES (327,	56, 'Cube of force', 0, 15, 3000, 7, NULL);
INSERT INTO MAGICAL_ITEM ([ID], [UNIDENTIFIED_ID], [NAME], [NATURE], [TYPE], [XP_VALUE], [ITEM_TYPE], [EQUIPMENT_ID]) VALUES (328,	56, 'Cube of frost resistance', 0, 15, 2000, 7, NULL);
INSERT INTO MAGICAL_ITEM ([ID], [UNIDENTIFIED_ID], [NAME], [NATURE], [TYPE], [XP_VALUE], [ITEM_TYPE], [EQUIPMENT_ID]) VALUES (329,	56, 'Cubic gate', 0, 15, 5000, 7, NULL);
INSERT INTO MAGICAL_ITEM ([ID], [UNIDENTIFIED_ID], [NAME], [NATURE], [TYPE], [XP_VALUE], [ITEM_TYPE], [EQUIPMENT_ID]) VALUES (330,	32, 'Daern''s instant fortress', 0, 15, 7000, 7, NULL);
INSERT INTO MAGICAL_ITEM ([ID], [UNIDENTIFIED_ID], [NAME], [NATURE], [TYPE], [XP_VALUE], [ITEM_TYPE], [EQUIPMENT_ID]) VALUES (331,	57, 'Deck of illusions', 0, 15, 1500, 7, NULL);
INSERT INTO MAGICAL_ITEM ([ID], [UNIDENTIFIED_ID], [NAME], [NATURE], [TYPE], [XP_VALUE], [ITEM_TYPE], [EQUIPMENT_ID]) VALUES (332,	57, 'Deck of many things', 0, 15, NULL, 7, NULL);
INSERT INTO MAGICAL_ITEM ([ID], [UNIDENTIFIED_ID], [NAME], [NATURE], [TYPE], [XP_VALUE], [ITEM_TYPE], [EQUIPMENT_ID]) VALUES (333,	58, 'Eyes of charming', 0, 15, 4000, 7, NULL);
INSERT INTO MAGICAL_ITEM ([ID], [UNIDENTIFIED_ID], [NAME], [NATURE], [TYPE], [XP_VALUE], [ITEM_TYPE], [EQUIPMENT_ID]) VALUES (334,	58, 'Eyes of minute seeing', 0, 15, 2000, 7, NULL);
INSERT INTO MAGICAL_ITEM ([ID], [UNIDENTIFIED_ID], [NAME], [NATURE], [TYPE], [XP_VALUE], [ITEM_TYPE], [EQUIPMENT_ID]) VALUES (335,	58, 'Eyes of petrification', 0, 15, NULL, 7, NULL);
INSERT INTO MAGICAL_ITEM ([ID], [UNIDENTIFIED_ID], [NAME], [NATURE], [TYPE], [XP_VALUE], [ITEM_TYPE], [EQUIPMENT_ID]) VALUES (336,	58, 'Eyes of the eagle', 0, 15, 3500, 7, NULL);
INSERT INTO MAGICAL_ITEM ([ID], [UNIDENTIFIED_ID], [NAME], [NATURE], [TYPE], [XP_VALUE], [ITEM_TYPE], [EQUIPMENT_ID]) VALUES (337,	59, 'Figurine of wondrous power', 0, 15, 100, 7, NULL);
INSERT INTO MAGICAL_ITEM ([ID], [UNIDENTIFIED_ID], [NAME], [NATURE], [TYPE], [XP_VALUE], [ITEM_TYPE], [EQUIPMENT_ID]) VALUES (338,	60, 'Houseshoes of a zephyr', 0, 15, 1500, 7, NULL);
INSERT INTO MAGICAL_ITEM ([ID], [UNIDENTIFIED_ID], [NAME], [NATURE], [TYPE], [XP_VALUE], [ITEM_TYPE], [EQUIPMENT_ID]) VALUES (339,	60, 'Houseshoes of speed', 0, 15, 2000, 7, NULL);
INSERT INTO MAGICAL_ITEM ([ID], [UNIDENTIFIED_ID], [NAME], [NATURE], [TYPE], [XP_VALUE], [ITEM_TYPE], [EQUIPMENT_ID]) VALUES (340,	61, 'Iron bands of Bilarro', 0, 15, 750, 7, NULL);
INSERT INTO MAGICAL_ITEM ([ID], [UNIDENTIFIED_ID], [NAME], [NATURE], [TYPE], [XP_VALUE], [ITEM_TYPE], [EQUIPMENT_ID]) VALUES (341,	62, 'Lens of detection', 0, 15, 250, 7, NULL);
INSERT INTO MAGICAL_ITEM ([ID], [UNIDENTIFIED_ID], [NAME], [NATURE], [TYPE], [XP_VALUE], [ITEM_TYPE], [EQUIPMENT_ID]) VALUES (342,	32, 'Quaal''s feather token', 0, 15, 1000, 7, NULL);
INSERT INTO MAGICAL_ITEM ([ID], [UNIDENTIFIED_ID], [NAME], [NATURE], [TYPE], [XP_VALUE], [ITEM_TYPE], [EQUIPMENT_ID]) VALUES (343,	63, 'Quiver of elhonna', 0, 15, 1500, 7, NULL);
INSERT INTO MAGICAL_ITEM ([ID], [UNIDENTIFIED_ID], [NAME], [NATURE], [TYPE], [XP_VALUE], [ITEM_TYPE], [EQUIPMENT_ID]) VALUES (344,	64, 'Sheet of smallness', 0, 15, 1500, 7, NULL);
INSERT INTO MAGICAL_ITEM ([ID], [UNIDENTIFIED_ID], [NAME], [NATURE], [TYPE], [XP_VALUE], [ITEM_TYPE], [EQUIPMENT_ID]) VALUES (345,	65, 'Sphere of annihilation', 0, 15, 4000, 7, NULL);
INSERT INTO MAGICAL_ITEM ([ID], [UNIDENTIFIED_ID], [NAME], [NATURE], [TYPE], [XP_VALUE], [ITEM_TYPE], [EQUIPMENT_ID]) VALUES (346,	32, 'Stone horse', 0, 15, 2000, 7, NULL);
INSERT INTO MAGICAL_ITEM ([ID], [UNIDENTIFIED_ID], [NAME], [NATURE], [TYPE], [XP_VALUE], [ITEM_TYPE], [EQUIPMENT_ID]) VALUES (347,	32, 'Well of many worlds', 0, 15, 5000, 7, NULL);
INSERT INTO MAGICAL_ITEM ([ID], [UNIDENTIFIED_ID], [NAME], [NATURE], [TYPE], [XP_VALUE], [ITEM_TYPE], [EQUIPMENT_ID]) VALUES (348,	32, 'Wind fan', 0, 15, 500, 7, NULL);
INSERT INTO MAGICAL_ITEM ([ID], [UNIDENTIFIED_ID], [NAME], [NATURE], [TYPE], [XP_VALUE], [ITEM_TYPE], [EQUIPMENT_ID]) VALUES (349,	32, 'Wings of flying', 0, 15, 750, 7, NULL);

-- Special armours
INSERT INTO MAGICAL_ITEM ([ID], [UNIDENTIFIED_ID], [NAME], [NATURE], [TYPE], [XP_VALUE], [ITEM_TYPE], [EQUIPMENT_ID]) VALUES (350,	66, 'Banded mail', 0, 16, NULL, 8, 8000);
INSERT INTO MAGICAL_ITEM ([ID], [UNIDENTIFIED_ID], [NAME], [NATURE], [TYPE], [XP_VALUE], [ITEM_TYPE], [EQUIPMENT_ID]) VALUES (351,	67, 'Brigandine', 0, 16, NULL, 8, 8001);
INSERT INTO MAGICAL_ITEM ([ID], [UNIDENTIFIED_ID], [NAME], [NATURE], [TYPE], [XP_VALUE], [ITEM_TYPE], [EQUIPMENT_ID]) VALUES (352,	68, 'Chain mail', 0, 16, NULL, 8, 8003);
INSERT INTO MAGICAL_ITEM ([ID], [UNIDENTIFIED_ID], [NAME], [NATURE], [TYPE], [XP_VALUE], [ITEM_TYPE], [EQUIPMENT_ID]) VALUES (353,	69, 'Field plate', 0, 16, NULL, 8, 8004);
INSERT INTO MAGICAL_ITEM ([ID], [UNIDENTIFIED_ID], [NAME], [NATURE], [TYPE], [XP_VALUE], [ITEM_TYPE], [EQUIPMENT_ID]) VALUES (354,	70, 'Full plate', 0, 16, NULL, 8, 8005);
INSERT INTO MAGICAL_ITEM ([ID], [UNIDENTIFIED_ID], [NAME], [NATURE], [TYPE], [XP_VALUE], [ITEM_TYPE], [EQUIPMENT_ID]) VALUES (355,	71, 'Leather', 0, 16, NULL, 8, 8009);
INSERT INTO MAGICAL_ITEM ([ID], [UNIDENTIFIED_ID], [NAME], [NATURE], [TYPE], [XP_VALUE], [ITEM_TYPE], [EQUIPMENT_ID]) VALUES (356,	72, 'Plate mail', 0, 16, NULL, 8, 8011);
INSERT INTO MAGICAL_ITEM ([ID], [UNIDENTIFIED_ID], [NAME], [NATURE], [TYPE], [XP_VALUE], [ITEM_TYPE], [EQUIPMENT_ID]) VALUES (357,	73, 'Ring mail', 0, 16, NULL, 8, 8012);
INSERT INTO MAGICAL_ITEM ([ID], [UNIDENTIFIED_ID], [NAME], [NATURE], [TYPE], [XP_VALUE], [ITEM_TYPE], [EQUIPMENT_ID]) VALUES (358,	74, 'Scale mail', 0, 16, NULL, 8, 8013);
INSERT INTO MAGICAL_ITEM ([ID], [UNIDENTIFIED_ID], [NAME], [NATURE], [TYPE], [XP_VALUE], [ITEM_TYPE], [EQUIPMENT_ID]) VALUES (359,	75, 'Shield', 0, 16, NULL, 8, 8016);
INSERT INTO MAGICAL_ITEM ([ID], [UNIDENTIFIED_ID], [NAME], [NATURE], [TYPE], [XP_VALUE], [ITEM_TYPE], [EQUIPMENT_ID]) VALUES (360,	76, 'Splint mail', 0, 16, NULL, 8, 8018);
INSERT INTO MAGICAL_ITEM ([ID], [UNIDENTIFIED_ID], [NAME], [NATURE], [TYPE], [XP_VALUE], [ITEM_TYPE], [EQUIPMENT_ID]) VALUES (361,	77, 'Studded leather', 0, 16, NULL, 8, 8019);
INSERT INTO MAGICAL_ITEM ([ID], [UNIDENTIFIED_ID], [NAME], [NATURE], [TYPE], [XP_VALUE], [ITEM_TYPE], [EQUIPMENT_ID]) VALUES (362,	78, 'Armour of command', 0, 16, 1000, 8, NULL);
INSERT INTO MAGICAL_ITEM ([ID], [UNIDENTIFIED_ID], [NAME], [NATURE], [TYPE], [XP_VALUE], [ITEM_TYPE], [EQUIPMENT_ID]) VALUES (363,	78, 'Armour of blendings', 0, 16, 500, 8, NULL);
INSERT INTO MAGICAL_ITEM ([ID], [UNIDENTIFIED_ID], [NAME], [NATURE], [TYPE], [XP_VALUE], [ITEM_TYPE], [EQUIPMENT_ID]) VALUES (364,	78, 'Armour of missile attraction', 0, 16, NULL, 8, NULL);
INSERT INTO MAGICAL_ITEM ([ID], [UNIDENTIFIED_ID], [NAME], [NATURE], [TYPE], [XP_VALUE], [ITEM_TYPE], [EQUIPMENT_ID]) VALUES (365,	78, 'Armour of rage', 0, 16, NULL, 8, NULL);
INSERT INTO MAGICAL_ITEM ([ID], [UNIDENTIFIED_ID], [NAME], [NATURE], [TYPE], [XP_VALUE], [ITEM_TYPE], [EQUIPMENT_ID]) VALUES (366,	68, 'Elven chain mail', 0, 16, 1000, 8, 8020);
INSERT INTO MAGICAL_ITEM ([ID], [UNIDENTIFIED_ID], [NAME], [NATURE], [TYPE], [XP_VALUE], [ITEM_TYPE], [EQUIPMENT_ID]) VALUES (367,	72, 'Plate mail of etherealness', 0, 16, 5000, 8, 8011);
INSERT INTO MAGICAL_ITEM ([ID], [UNIDENTIFIED_ID], [NAME], [NATURE], [TYPE], [XP_VALUE], [ITEM_TYPE], [EQUIPMENT_ID]) VALUES (368,	72, 'Plate mail of fear', 0, 16, 4000, 8, 8011);
INSERT INTO MAGICAL_ITEM ([ID], [UNIDENTIFIED_ID], [NAME], [NATURE], [TYPE], [XP_VALUE], [ITEM_TYPE], [EQUIPMENT_ID]) VALUES (369,	72, 'Plate mail of vulnerability', 0, 16, NULL, 8, 8011);
INSERT INTO MAGICAL_ITEM ([ID], [UNIDENTIFIED_ID], [NAME], [NATURE], [TYPE], [XP_VALUE], [ITEM_TYPE], [EQUIPMENT_ID]) VALUES (370,	75, 'Large shiels +1 +4 vs missiles', 0, 16, 400, 8, 8014);
INSERT INTO MAGICAL_ITEM ([ID], [UNIDENTIFIED_ID], [NAME], [NATURE], [TYPE], [XP_VALUE], [ITEM_TYPE], [EQUIPMENT_ID]) VALUES (371,	75, 'Shield -1 missile attractor', 0, 16, NULL, 8, 8016);

-- Weapons
INSERT INTO MAGICAL_ITEM ([ID], [UNIDENTIFIED_ID], [NAME], [NATURE], [TYPE], [XP_VALUE], [ITEM_TYPE], [EQUIPMENT_ID]) VALUES (372,	79, 'Arrow', 0, 17, NULL, 10, 10002);
INSERT INTO MAGICAL_ITEM ([ID], [UNIDENTIFIED_ID], [NAME], [NATURE], [TYPE], [XP_VALUE], [ITEM_TYPE], [EQUIPMENT_ID]) VALUES (373,	80, 'Axe', 0, 17, NULL, 8, 9018);
INSERT INTO MAGICAL_ITEM ([ID], [UNIDENTIFIED_ID], [NAME], [NATURE], [TYPE], [XP_VALUE], [ITEM_TYPE], [EQUIPMENT_ID]) VALUES (374,	81, 'Battle axe', 0, 17, NULL, 9, 9001);
INSERT INTO MAGICAL_ITEM ([ID], [UNIDENTIFIED_ID], [NAME], [NATURE], [TYPE], [XP_VALUE], [ITEM_TYPE], [EQUIPMENT_ID]) VALUES (375,	82, 'Bolt', 0, 17, NULL, 10, NULL);
INSERT INTO MAGICAL_ITEM ([ID], [UNIDENTIFIED_ID], [NAME], [NATURE], [TYPE], [XP_VALUE], [ITEM_TYPE], [EQUIPMENT_ID]) VALUES (376,	83, 'Sling bullet', 0, 17, NULL, 10, 10007);
INSERT INTO MAGICAL_ITEM ([ID], [UNIDENTIFIED_ID], [NAME], [NATURE], [TYPE], [XP_VALUE], [ITEM_TYPE], [EQUIPMENT_ID]) VALUES (377,	84, 'Dagger', 0, 17, NULL, 9, 9011);
INSERT INTO MAGICAL_ITEM ([ID], [UNIDENTIFIED_ID], [NAME], [NATURE], [TYPE], [XP_VALUE], [ITEM_TYPE], [EQUIPMENT_ID]) VALUES (378,	85, 'Dart', 0, 17, NULL, 9, 9013);
INSERT INTO MAGICAL_ITEM ([ID], [UNIDENTIFIED_ID], [NAME], [NATURE], [TYPE], [XP_VALUE], [ITEM_TYPE], [EQUIPMENT_ID]) VALUES (379,	86, 'Flail', 0, 17, NULL, 9, 9014);
INSERT INTO MAGICAL_ITEM ([ID], [UNIDENTIFIED_ID], [NAME], [NATURE], [TYPE], [XP_VALUE], [ITEM_TYPE], [EQUIPMENT_ID]) VALUES (380,	87, 'Javelin', 0, 17, NULL, 9, 9023);
INSERT INTO MAGICAL_ITEM ([ID], [UNIDENTIFIED_ID], [NAME], [NATURE], [TYPE], [XP_VALUE], [ITEM_TYPE], [EQUIPMENT_ID]) VALUES (381,	88, 'Knife', 0, 17, NULL, 9, 9024);
INSERT INTO MAGICAL_ITEM ([ID], [UNIDENTIFIED_ID], [NAME], [NATURE], [TYPE], [XP_VALUE], [ITEM_TYPE], [EQUIPMENT_ID]) VALUES (382,	89, 'Lance', 0, 17, NULL, 9, 9026);
INSERT INTO MAGICAL_ITEM ([ID], [UNIDENTIFIED_ID], [NAME], [NATURE], [TYPE], [XP_VALUE], [ITEM_TYPE], [EQUIPMENT_ID]) VALUES (383,	90, 'Mace', 0, 17, NULL, 9, 9015);
INSERT INTO MAGICAL_ITEM ([ID], [UNIDENTIFIED_ID], [NAME], [NATURE], [TYPE], [XP_VALUE], [ITEM_TYPE], [EQUIPMENT_ID]) VALUES (384,	91, 'Military pick', 0, 17, NULL, 9, 9016);
INSERT INTO MAGICAL_ITEM ([ID], [UNIDENTIFIED_ID], [NAME], [NATURE], [TYPE], [XP_VALUE], [ITEM_TYPE], [EQUIPMENT_ID]) VALUES (385,	92, 'Morning star', 0, 17, NULL, 9, 9030);
INSERT INTO MAGICAL_ITEM ([ID], [UNIDENTIFIED_ID], [NAME], [NATURE], [TYPE], [XP_VALUE], [ITEM_TYPE], [EQUIPMENT_ID]) VALUES (386,	93, 'Pole arm', 0, 17, NULL, 9, 9041);
INSERT INTO MAGICAL_ITEM ([ID], [UNIDENTIFIED_ID], [NAME], [NATURE], [TYPE], [XP_VALUE], [ITEM_TYPE], [EQUIPMENT_ID]) VALUES (387,	94, 'Scimitar', 0, 17, NULL, 9, 9059);
INSERT INTO MAGICAL_ITEM ([ID], [UNIDENTIFIED_ID], [NAME], [NATURE], [TYPE], [XP_VALUE], [ITEM_TYPE], [EQUIPMENT_ID]) VALUES (388,	95, 'Spear', 0, 17, NULL, 9, 9053);
INSERT INTO MAGICAL_ITEM ([ID], [UNIDENTIFIED_ID], [NAME], [NATURE], [TYPE], [XP_VALUE], [ITEM_TYPE], [EQUIPMENT_ID]) VALUES (389,	96, 'Sword', 0, 17, NULL, 9, 9058);
INSERT INTO MAGICAL_ITEM ([ID], [UNIDENTIFIED_ID], [NAME], [NATURE], [TYPE], [XP_VALUE], [ITEM_TYPE], [EQUIPMENT_ID]) VALUES (390,	97, 'Trident', 0, 17, NULL, 9, 9062);
INSERT INTO MAGICAL_ITEM ([ID], [UNIDENTIFIED_ID], [NAME], [NATURE], [TYPE], [XP_VALUE], [ITEM_TYPE], [EQUIPMENT_ID]) VALUES (391,	98, 'Warhammer', 0, 17, NULL, 9, 9063);
INSERT INTO MAGICAL_ITEM ([ID], [UNIDENTIFIED_ID], [NAME], [NATURE], [TYPE], [XP_VALUE], [ITEM_TYPE], [EQUIPMENT_ID]) VALUES (392,	79, 'Arrow of direction', 0, 17, 2500, 10, 10002);
INSERT INTO MAGICAL_ITEM ([ID], [UNIDENTIFIED_ID], [NAME], [NATURE], [TYPE], [XP_VALUE], [ITEM_TYPE], [EQUIPMENT_ID]) VALUES (393,	79, 'Arrow of slaying', 0, 17, 250, 10, 10002);
INSERT INTO MAGICAL_ITEM ([ID], [UNIDENTIFIED_ID], [NAME], [NATURE], [TYPE], [XP_VALUE], [ITEM_TYPE], [EQUIPMENT_ID]) VALUES (394,	80, 'Throwing axe +2', 0, 17, 750, 9, 9017);
INSERT INTO MAGICAL_ITEM ([ID], [UNIDENTIFIED_ID], [NAME], [NATURE], [TYPE], [XP_VALUE], [ITEM_TYPE], [EQUIPMENT_ID]) VALUES (395,	80, 'Axe of hurling', 0, 17, NULL, 9, 9017);
INSERT INTO MAGICAL_ITEM ([ID], [UNIDENTIFIED_ID], [NAME], [NATURE], [TYPE], [XP_VALUE], [ITEM_TYPE], [EQUIPMENT_ID]) VALUES (396,	99, 'Bow +1', 0, 17, 500, 9, 9005);
INSERT INTO MAGICAL_ITEM ([ID], [UNIDENTIFIED_ID], [NAME], [NATURE], [TYPE], [XP_VALUE], [ITEM_TYPE], [EQUIPMENT_ID]) VALUES (397,	100, 'Crossbow of accuracy +3', 0, 17, 2000, 9, 9003);
INSERT INTO MAGICAL_ITEM ([ID], [UNIDENTIFIED_ID], [NAME], [NATURE], [TYPE], [XP_VALUE], [ITEM_TYPE], [EQUIPMENT_ID]) VALUES (398,	100, 'Crossbow of distance', 0, 17, 1500, 9, 9003);
INSERT INTO MAGICAL_ITEM ([ID], [UNIDENTIFIED_ID], [NAME], [NATURE], [TYPE], [XP_VALUE], [ITEM_TYPE], [EQUIPMENT_ID]) VALUES (399,	100, 'Crossbow of speed', 0, 17, 1500, 9, 9003);
INSERT INTO MAGICAL_ITEM ([ID], [UNIDENTIFIED_ID], [NAME], [NATURE], [TYPE], [XP_VALUE], [ITEM_TYPE], [EQUIPMENT_ID]) VALUES (400,	84, 'Dagger +1 +2 vs tiny and small creatures', 0, 17, 300, 9, 9011);
INSERT INTO MAGICAL_ITEM ([ID], [UNIDENTIFIED_ID], [NAME], [NATURE], [TYPE], [XP_VALUE], [ITEM_TYPE], [EQUIPMENT_ID]) VALUES (401,	84, 'Dagger +2 +3 vs larger than man sized', 0, 17, 300, 9, 9011);
INSERT INTO MAGICAL_ITEM ([ID], [UNIDENTIFIED_ID], [NAME], [NATURE], [TYPE], [XP_VALUE], [ITEM_TYPE], [EQUIPMENT_ID]) VALUES (402,	84, 'Dagger +2 Longtooth', 0, 17, 300, 9, 9011);
INSERT INTO MAGICAL_ITEM ([ID], [UNIDENTIFIED_ID], [NAME], [NATURE], [TYPE], [XP_VALUE], [ITEM_TYPE], [EQUIPMENT_ID]) VALUES (403,	84, 'Dagger of throwing', 0, 17, NULL, 9, 9011);
INSERT INTO MAGICAL_ITEM ([ID], [UNIDENTIFIED_ID], [NAME], [NATURE], [TYPE], [XP_VALUE], [ITEM_TYPE], [EQUIPMENT_ID]) VALUES (404,	84, 'Dagger of venom', 0, 17, 350, 9, 9011);
INSERT INTO MAGICAL_ITEM ([ID], [UNIDENTIFIED_ID], [NAME], [NATURE], [TYPE], [XP_VALUE], [ITEM_TYPE], [EQUIPMENT_ID]) VALUES (405,	85, 'Dart of homing', 0, 17, 450, 9, 9013);
INSERT INTO MAGICAL_ITEM ([ID], [UNIDENTIFIED_ID], [NAME], [NATURE], [TYPE], [XP_VALUE], [ITEM_TYPE], [EQUIPMENT_ID]) VALUES (406,	101, 'Hammer +3, dwarven thrower', 0, 17, 1500, 9, 9063);
INSERT INTO MAGICAL_ITEM ([ID], [UNIDENTIFIED_ID], [NAME], [NATURE], [TYPE], [XP_VALUE], [ITEM_TYPE], [EQUIPMENT_ID]) VALUES (407,	101, 'Hammer of thunderbolts', 0, 17, 2500, 9, 9063);
INSERT INTO MAGICAL_ITEM ([ID], [UNIDENTIFIED_ID], [NAME], [NATURE], [TYPE], [XP_VALUE], [ITEM_TYPE], [EQUIPMENT_ID]) VALUES (408,	96, 'Hornblade', 0, 17, NULL, 9, 9058);
INSERT INTO MAGICAL_ITEM ([ID], [UNIDENTIFIED_ID], [NAME], [NATURE], [TYPE], [XP_VALUE], [ITEM_TYPE], [EQUIPMENT_ID]) VALUES (409,	87, 'Javelin of lightning', 0, 17, 250, 9, 9023);
INSERT INTO MAGICAL_ITEM ([ID], [UNIDENTIFIED_ID], [NAME], [NATURE], [TYPE], [XP_VALUE], [ITEM_TYPE], [EQUIPMENT_ID]) VALUES (410,	87, 'Javelin of piercing', 0, 17, 250, 9, 9023);
INSERT INTO MAGICAL_ITEM ([ID], [UNIDENTIFIED_ID], [NAME], [NATURE], [TYPE], [XP_VALUE], [ITEM_TYPE], [EQUIPMENT_ID]) VALUES (411,	88, 'Buckle knife', 0, 17, 150, 9, 9024);
INSERT INTO MAGICAL_ITEM ([ID], [UNIDENTIFIED_ID], [NAME], [NATURE], [TYPE], [XP_VALUE], [ITEM_TYPE], [EQUIPMENT_ID]) VALUES (412,	90, 'Mace of disruption', 0, 17, 2000, 9, 9015);
INSERT INTO MAGICAL_ITEM ([ID], [UNIDENTIFIED_ID], [NAME], [NATURE], [TYPE], [XP_VALUE], [ITEM_TYPE], [EQUIPMENT_ID]) VALUES (413,	102, 'Net of entrapment', 0, 17, 1000, 9, 7022);
INSERT INTO MAGICAL_ITEM ([ID], [UNIDENTIFIED_ID], [NAME], [NATURE], [TYPE], [XP_VALUE], [ITEM_TYPE], [EQUIPMENT_ID]) VALUES (414,	102, 'Net of snaring', 0, 17, 1000, 9, 7022);
INSERT INTO MAGICAL_ITEM ([ID], [UNIDENTIFIED_ID], [NAME], [NATURE], [TYPE], [XP_VALUE], [ITEM_TYPE], [EQUIPMENT_ID]) VALUES (415,	103, 'Magical quarterstaff', 0, 17, 500, 9, 9049);
INSERT INTO MAGICAL_ITEM ([ID], [UNIDENTIFIED_ID], [NAME], [NATURE], [TYPE], [XP_VALUE], [ITEM_TYPE], [EQUIPMENT_ID]) VALUES (416,	94, 'Scimitar of speed', 0, 17, NULL, 9, 9059);
INSERT INTO MAGICAL_ITEM ([ID], [UNIDENTIFIED_ID], [NAME], [NATURE], [TYPE], [XP_VALUE], [ITEM_TYPE], [EQUIPMENT_ID]) VALUES (417,	104, 'Sling of seeking +2', 0, 17, 700, 9, 9052);
INSERT INTO MAGICAL_ITEM ([ID], [UNIDENTIFIED_ID], [NAME], [NATURE], [TYPE], [XP_VALUE], [ITEM_TYPE], [EQUIPMENT_ID]) VALUES (418,	95, 'Cursed spear, Backbiter', 0, 17, NULL, 9, 9053);
INSERT INTO MAGICAL_ITEM ([ID], [UNIDENTIFIED_ID], [NAME], [NATURE], [TYPE], [XP_VALUE], [ITEM_TYPE], [EQUIPMENT_ID]) VALUES (419,	97, 'Trident of fish command', 0, 17, 500, 9, 9062);
INSERT INTO MAGICAL_ITEM ([ID], [UNIDENTIFIED_ID], [NAME], [NATURE], [TYPE], [XP_VALUE], [ITEM_TYPE], [EQUIPMENT_ID]) VALUES (420,	97, 'Trident of submission', 0, 17, 1500, 9, 9062);
INSERT INTO MAGICAL_ITEM ([ID], [UNIDENTIFIED_ID], [NAME], [NATURE], [TYPE], [XP_VALUE], [ITEM_TYPE], [EQUIPMENT_ID]) VALUES (421,	97, 'Trident of warning', 0, 17, 1000, 9, 9062);
INSERT INTO MAGICAL_ITEM ([ID], [UNIDENTIFIED_ID], [NAME], [NATURE], [TYPE], [XP_VALUE], [ITEM_TYPE], [EQUIPMENT_ID]) VALUES (422,	97, 'Trident of yearning', 0, 17, NULL, 9, 9062);
INSERT INTO MAGICAL_ITEM ([ID], [UNIDENTIFIED_ID], [NAME], [NATURE], [TYPE], [XP_VALUE], [ITEM_TYPE], [EQUIPMENT_ID]) VALUES (423,	96, 'Sun blade', 0, 17, 3000, 9, 9058);
INSERT INTO MAGICAL_ITEM ([ID], [UNIDENTIFIED_ID], [NAME], [NATURE], [TYPE], [XP_VALUE], [ITEM_TYPE], [EQUIPMENT_ID]) VALUES (424,	96, 'Sword +1 +2 vs magical using and enchanted creatures', 0, 17, 600, 9, 9058);
INSERT INTO MAGICAL_ITEM ([ID], [UNIDENTIFIED_ID], [NAME], [NATURE], [TYPE], [XP_VALUE], [ITEM_TYPE], [EQUIPMENT_ID]) VALUES (425,	96, 'Sword +1 +2 vs lycanthropes and shape changers', 0, 17, 700, 9, 9058);
INSERT INTO MAGICAL_ITEM ([ID], [UNIDENTIFIED_ID], [NAME], [NATURE], [TYPE], [XP_VALUE], [ITEM_TYPE], [EQUIPMENT_ID]) VALUES (426,	96, 'Sword +1 +3 vs regenerating creatures', 0, 17, 800, 9, 9058);
INSERT INTO MAGICAL_ITEM ([ID], [UNIDENTIFIED_ID], [NAME], [NATURE], [TYPE], [XP_VALUE], [ITEM_TYPE], [EQUIPMENT_ID]) VALUES (427,	96, 'Sword +1 +4 vs reptiles', 0, 17, 800, 9, 9058);
INSERT INTO MAGICAL_ITEM ([ID], [UNIDENTIFIED_ID], [NAME], [NATURE], [TYPE], [XP_VALUE], [ITEM_TYPE], [EQUIPMENT_ID]) VALUES (428,	96, 'Cursed sword +1', 0, 17, NULL, 9, 9058);
INSERT INTO MAGICAL_ITEM ([ID], [UNIDENTIFIED_ID], [NAME], [NATURE], [TYPE], [XP_VALUE], [ITEM_TYPE], [EQUIPMENT_ID]) VALUES (429,	96, 'Sword +1, Flame Tongue', 0, 17, 900, 9, 9058);
INSERT INTO MAGICAL_ITEM ([ID], [UNIDENTIFIED_ID], [NAME], [NATURE], [TYPE], [XP_VALUE], [ITEM_TYPE], [EQUIPMENT_ID]) VALUES (430,	96, 'Sword +1, Lucky Blade', 0, 17, 1000, 9, 9058);
INSERT INTO MAGICAL_ITEM ([ID], [UNIDENTIFIED_ID], [NAME], [NATURE], [TYPE], [XP_VALUE], [ITEM_TYPE], [EQUIPMENT_ID]) VALUES (431,	96, 'Sword +2, Dragon Slayer', 0, 17, 900, 9, 9058);
INSERT INTO MAGICAL_ITEM ([ID], [UNIDENTIFIED_ID], [NAME], [NATURE], [TYPE], [XP_VALUE], [ITEM_TYPE], [EQUIPMENT_ID]) VALUES (432,	96, 'Sword +2, Giant Slayer', 0, 17, 900, 9, 9058);
INSERT INTO MAGICAL_ITEM ([ID], [UNIDENTIFIED_ID], [NAME], [NATURE], [TYPE], [XP_VALUE], [ITEM_TYPE], [EQUIPMENT_ID]) VALUES (433,	96, 'Sword +2, Nine Lives Stealer', 0, 17, 1600, 9, 9058);
INSERT INTO MAGICAL_ITEM ([ID], [UNIDENTIFIED_ID], [NAME], [NATURE], [TYPE], [XP_VALUE], [ITEM_TYPE], [EQUIPMENT_ID]) VALUES (434,	96, 'Sword +3, Frost Brand', 0, 17, 1600, 9, 9058);
INSERT INTO MAGICAL_ITEM ([ID], [UNIDENTIFIED_ID], [NAME], [NATURE], [TYPE], [XP_VALUE], [ITEM_TYPE], [EQUIPMENT_ID]) VALUES (435,	96, 'Sword +4, Defender', 0, 17, 3000, 9, 9058);
INSERT INTO MAGICAL_ITEM ([ID], [UNIDENTIFIED_ID], [NAME], [NATURE], [TYPE], [XP_VALUE], [ITEM_TYPE], [EQUIPMENT_ID]) VALUES (436,	96, 'Sword +5, Defender', 0, 17, 3600, 9, 9058);
INSERT INTO MAGICAL_ITEM ([ID], [UNIDENTIFIED_ID], [NAME], [NATURE], [TYPE], [XP_VALUE], [ITEM_TYPE], [EQUIPMENT_ID]) VALUES (437,	96, 'Sword +5, Holy Avenger', 0, 17, 4000, 9, 9058);
INSERT INTO MAGICAL_ITEM ([ID], [UNIDENTIFIED_ID], [NAME], [NATURE], [TYPE], [XP_VALUE], [ITEM_TYPE], [EQUIPMENT_ID]) VALUES (438,	96, 'Sword -1, cursed', 0, 17, NULL, 9, 9058);
INSERT INTO MAGICAL_ITEM ([ID], [UNIDENTIFIED_ID], [NAME], [NATURE], [TYPE], [XP_VALUE], [ITEM_TYPE], [EQUIPMENT_ID]) VALUES (439,	96, 'Sword of dancing', 0, 17, 4400, 9, 9058);
INSERT INTO MAGICAL_ITEM ([ID], [UNIDENTIFIED_ID], [NAME], [NATURE], [TYPE], [XP_VALUE], [ITEM_TYPE], [EQUIPMENT_ID]) VALUES (440,	96, 'Sword of life stealing', 0, 17, 5000, 9, 9058);
INSERT INTO MAGICAL_ITEM ([ID], [UNIDENTIFIED_ID], [NAME], [NATURE], [TYPE], [XP_VALUE], [ITEM_TYPE], [EQUIPMENT_ID]) VALUES (441,	96, 'Sword of sharpness', 0, 17, 7000, 9, 9058);
INSERT INTO MAGICAL_ITEM ([ID], [UNIDENTIFIED_ID], [NAME], [NATURE], [TYPE], [XP_VALUE], [ITEM_TYPE], [EQUIPMENT_ID]) VALUES (442,	96, 'Sword of the planes', 0, 17, 2000, 9, 9058);
INSERT INTO MAGICAL_ITEM ([ID], [UNIDENTIFIED_ID], [NAME], [NATURE], [TYPE], [XP_VALUE], [ITEM_TYPE], [EQUIPMENT_ID]) VALUES (443,	96, 'Sword of wounding', 0, 17, 4400, 9, 9058);
INSERT INTO MAGICAL_ITEM ([ID], [UNIDENTIFIED_ID], [NAME], [NATURE], [TYPE], [XP_VALUE], [ITEM_TYPE], [EQUIPMENT_ID]) VALUES (444,	96, 'Cursed sword of berserking', 0, 17, NULL, 9, 9060);
INSERT INTO MAGICAL_ITEM ([ID], [UNIDENTIFIED_ID], [NAME], [NATURE], [TYPE], [XP_VALUE], [ITEM_TYPE], [EQUIPMENT_ID]) VALUES (445,	105, 'Short sword +2 of quickness', 0, 17, 1000, 9, 9060);
INSERT INTO MAGICAL_ITEM ([ID], [UNIDENTIFIED_ID], [NAME], [NATURE], [TYPE], [XP_VALUE], [ITEM_TYPE], [EQUIPMENT_ID]) VALUES (446,	96, 'Sword Volpar', 0, 17, 10000, 9, 9058);

COMMIT TRANSACTION;

-----------------------------------------------------------------------------------------------------------

BEGIN TRANSACTION;

INSERT INTO MAGICAL_ITEM_LIMITATION ([ITEM_ID], [ALLOWED_CLASS_ID], [ALLOWED_CLASS_TYPE_ID], [ALLOWED_ALIGNMENT_ID]) VALUES (17,	NULL, 1, NULL);
INSERT INTO MAGICAL_ITEM_LIMITATION ([ITEM_ID], [ALLOWED_CLASS_ID], [ALLOWED_CLASS_TYPE_ID], [ALLOWED_ALIGNMENT_ID]) VALUES (20,	NULL, 1, NULL);
INSERT INTO MAGICAL_ITEM_LIMITATION ([ITEM_ID], [ALLOWED_CLASS_ID], [ALLOWED_CLASS_TYPE_ID], [ALLOWED_ALIGNMENT_ID]) VALUES (23,	NULL, 1, NULL);
INSERT INTO MAGICAL_ITEM_LIMITATION ([ITEM_ID], [ALLOWED_CLASS_ID], [ALLOWED_CLASS_TYPE_ID], [ALLOWED_ALIGNMENT_ID]) VALUES (44,	NULL, 1, NULL);
INSERT INTO MAGICAL_ITEM_LIMITATION ([ITEM_ID], [ALLOWED_CLASS_ID], [ALLOWED_CLASS_TYPE_ID], [ALLOWED_ALIGNMENT_ID]) VALUES (51,	16777218, NULL, NULL);
INSERT INTO MAGICAL_ITEM_LIMITATION ([ITEM_ID], [ALLOWED_CLASS_ID], [ALLOWED_CLASS_TYPE_ID], [ALLOWED_ALIGNMENT_ID]) VALUES (51,	NULL, 4, NULL);
INSERT INTO MAGICAL_ITEM_LIMITATION ([ITEM_ID], [ALLOWED_CLASS_ID], [ALLOWED_CLASS_TYPE_ID], [ALLOWED_ALIGNMENT_ID]) VALUES (52,	NULL, 10, NULL);
INSERT INTO MAGICAL_ITEM_LIMITATION ([ITEM_ID], [ALLOWED_CLASS_ID], [ALLOWED_CLASS_TYPE_ID], [ALLOWED_ALIGNMENT_ID]) VALUES (101,	NULL, 2, NULL);
INSERT INTO MAGICAL_ITEM_LIMITATION ([ITEM_ID], [ALLOWED_CLASS_ID], [ALLOWED_CLASS_TYPE_ID], [ALLOWED_ALIGNMENT_ID]) VALUES (103,	NULL, 6, NULL);
INSERT INTO MAGICAL_ITEM_LIMITATION ([ITEM_ID], [ALLOWED_CLASS_ID], [ALLOWED_CLASS_TYPE_ID], [ALLOWED_ALIGNMENT_ID]) VALUES (105,	NULL, 14, NULL);
INSERT INTO MAGICAL_ITEM_LIMITATION ([ITEM_ID], [ALLOWED_CLASS_ID], [ALLOWED_CLASS_TYPE_ID], [ALLOWED_ALIGNMENT_ID]) VALUES (108,	NULL, 1, NULL);
INSERT INTO MAGICAL_ITEM_LIMITATION ([ITEM_ID], [ALLOWED_CLASS_ID], [ALLOWED_CLASS_TYPE_ID], [ALLOWED_ALIGNMENT_ID]) VALUES (110,	NULL, 4, NULL);
INSERT INTO MAGICAL_ITEM_LIMITATION ([ITEM_ID], [ALLOWED_CLASS_ID], [ALLOWED_CLASS_TYPE_ID], [ALLOWED_ALIGNMENT_ID]) VALUES (113,	NULL, 6, NULL);
INSERT INTO MAGICAL_ITEM_LIMITATION ([ITEM_ID], [ALLOWED_CLASS_ID], [ALLOWED_CLASS_TYPE_ID], [ALLOWED_ALIGNMENT_ID]) VALUES (117,	NULL, 6, NULL);
INSERT INTO MAGICAL_ITEM_LIMITATION ([ITEM_ID], [ALLOWED_CLASS_ID], [ALLOWED_CLASS_TYPE_ID], [ALLOWED_ALIGNMENT_ID]) VALUES (118,	NULL, 4, NULL);
INSERT INTO MAGICAL_ITEM_LIMITATION ([ITEM_ID], [ALLOWED_CLASS_ID], [ALLOWED_CLASS_TYPE_ID], [ALLOWED_ALIGNMENT_ID]) VALUES (119,	NULL, 2, NULL);
INSERT INTO MAGICAL_ITEM_LIMITATION ([ITEM_ID], [ALLOWED_CLASS_ID], [ALLOWED_CLASS_TYPE_ID], [ALLOWED_ALIGNMENT_ID]) VALUES (120,	NULL, 2, NULL);
INSERT INTO MAGICAL_ITEM_LIMITATION ([ITEM_ID], [ALLOWED_CLASS_ID], [ALLOWED_CLASS_TYPE_ID], [ALLOWED_ALIGNMENT_ID]) VALUES (121,	NULL, 4, NULL);
INSERT INTO MAGICAL_ITEM_LIMITATION ([ITEM_ID], [ALLOWED_CLASS_ID], [ALLOWED_CLASS_TYPE_ID], [ALLOWED_ALIGNMENT_ID]) VALUES (122,	NULL, 4, NULL);
INSERT INTO MAGICAL_ITEM_LIMITATION ([ITEM_ID], [ALLOWED_CLASS_ID], [ALLOWED_CLASS_TYPE_ID], [ALLOWED_ALIGNMENT_ID]) VALUES (124,	NULL, 6, NULL);
INSERT INTO MAGICAL_ITEM_LIMITATION ([ITEM_ID], [ALLOWED_CLASS_ID], [ALLOWED_CLASS_TYPE_ID], [ALLOWED_ALIGNMENT_ID]) VALUES (125,	NULL, 6, NULL);
INSERT INTO MAGICAL_ITEM_LIMITATION ([ITEM_ID], [ALLOWED_CLASS_ID], [ALLOWED_CLASS_TYPE_ID], [ALLOWED_ALIGNMENT_ID]) VALUES (128,	67117056, NULL, NULL);
INSERT INTO MAGICAL_ITEM_LIMITATION ([ITEM_ID], [ALLOWED_CLASS_ID], [ALLOWED_CLASS_TYPE_ID], [ALLOWED_ALIGNMENT_ID]) VALUES (129,	NULL, 2, NULL);
INSERT INTO MAGICAL_ITEM_LIMITATION ([ITEM_ID], [ALLOWED_CLASS_ID], [ALLOWED_CLASS_TYPE_ID], [ALLOWED_ALIGNMENT_ID]) VALUES (132,	NULL, 6, NULL);
INSERT INTO MAGICAL_ITEM_LIMITATION ([ITEM_ID], [ALLOWED_CLASS_ID], [ALLOWED_CLASS_TYPE_ID], [ALLOWED_ALIGNMENT_ID]) VALUES (133,	NULL, 2, NULL);
INSERT INTO MAGICAL_ITEM_LIMITATION ([ITEM_ID], [ALLOWED_CLASS_ID], [ALLOWED_CLASS_TYPE_ID], [ALLOWED_ALIGNMENT_ID]) VALUES (135,	NULL, 2, NULL);
INSERT INTO MAGICAL_ITEM_LIMITATION ([ITEM_ID], [ALLOWED_CLASS_ID], [ALLOWED_CLASS_TYPE_ID], [ALLOWED_ALIGNMENT_ID]) VALUES (137,	NULL, 2, NULL);
INSERT INTO MAGICAL_ITEM_LIMITATION ([ITEM_ID], [ALLOWED_CLASS_ID], [ALLOWED_CLASS_TYPE_ID], [ALLOWED_ALIGNMENT_ID]) VALUES (138,	NULL, 2, NULL);
INSERT INTO MAGICAL_ITEM_LIMITATION ([ITEM_ID], [ALLOWED_CLASS_ID], [ALLOWED_CLASS_TYPE_ID], [ALLOWED_ALIGNMENT_ID]) VALUES (143,	NULL, 2, NULL);
INSERT INTO MAGICAL_ITEM_LIMITATION ([ITEM_ID], [ALLOWED_CLASS_ID], [ALLOWED_CLASS_TYPE_ID], [ALLOWED_ALIGNMENT_ID]) VALUES (144,	NULL, 2, NULL);
INSERT INTO MAGICAL_ITEM_LIMITATION ([ITEM_ID], [ALLOWED_CLASS_ID], [ALLOWED_CLASS_TYPE_ID], [ALLOWED_ALIGNMENT_ID]) VALUES (148,	NULL, 2, NULL);
INSERT INTO MAGICAL_ITEM_LIMITATION ([ITEM_ID], [ALLOWED_CLASS_ID], [ALLOWED_CLASS_TYPE_ID], [ALLOWED_ALIGNMENT_ID]) VALUES (149,	NULL, 4, NULL);
INSERT INTO MAGICAL_ITEM_LIMITATION ([ITEM_ID], [ALLOWED_CLASS_ID], [ALLOWED_CLASS_TYPE_ID], [ALLOWED_ALIGNMENT_ID]) VALUES (151,	NULL, 4, NULL);
INSERT INTO MAGICAL_ITEM_LIMITATION ([ITEM_ID], [ALLOWED_CLASS_ID], [ALLOWED_CLASS_TYPE_ID], [ALLOWED_ALIGNMENT_ID]) VALUES (152,	NULL, 2, NULL);
INSERT INTO MAGICAL_ITEM_LIMITATION ([ITEM_ID], [ALLOWED_CLASS_ID], [ALLOWED_CLASS_TYPE_ID], [ALLOWED_ALIGNMENT_ID]) VALUES (153,	NULL, 2, NULL);
INSERT INTO MAGICAL_ITEM_LIMITATION ([ITEM_ID], [ALLOWED_CLASS_ID], [ALLOWED_CLASS_TYPE_ID], [ALLOWED_ALIGNMENT_ID]) VALUES (154,	NULL, 2, NULL);
INSERT INTO MAGICAL_ITEM_LIMITATION ([ITEM_ID], [ALLOWED_CLASS_ID], [ALLOWED_CLASS_TYPE_ID], [ALLOWED_ALIGNMENT_ID]) VALUES (157,	NULL, 6, NULL);
INSERT INTO MAGICAL_ITEM_LIMITATION ([ITEM_ID], [ALLOWED_CLASS_ID], [ALLOWED_CLASS_TYPE_ID], [ALLOWED_ALIGNMENT_ID]) VALUES (158,	NULL, 1, NULL);
INSERT INTO MAGICAL_ITEM_LIMITATION ([ITEM_ID], [ALLOWED_CLASS_ID], [ALLOWED_CLASS_TYPE_ID], [ALLOWED_ALIGNMENT_ID]) VALUES (160,	NULL, 8, NULL);
INSERT INTO MAGICAL_ITEM_LIMITATION ([ITEM_ID], [ALLOWED_CLASS_ID], [ALLOWED_CLASS_TYPE_ID], [ALLOWED_ALIGNMENT_ID]) VALUES (181,	NULL, 4, NULL);
INSERT INTO MAGICAL_ITEM_LIMITATION ([ITEM_ID], [ALLOWED_CLASS_ID], [ALLOWED_CLASS_TYPE_ID], [ALLOWED_ALIGNMENT_ID]) VALUES (183,	NULL, 2, NULL);
INSERT INTO MAGICAL_ITEM_LIMITATION ([ITEM_ID], [ALLOWED_CLASS_ID], [ALLOWED_CLASS_TYPE_ID], [ALLOWED_ALIGNMENT_ID]) VALUES (185,	NULL, 4, NULL);
INSERT INTO MAGICAL_ITEM_LIMITATION ([ITEM_ID], [ALLOWED_CLASS_ID], [ALLOWED_CLASS_TYPE_ID], [ALLOWED_ALIGNMENT_ID]) VALUES (190,	NULL, 4, NULL);
INSERT INTO MAGICAL_ITEM_LIMITATION ([ITEM_ID], [ALLOWED_CLASS_ID], [ALLOWED_CLASS_TYPE_ID], [ALLOWED_ALIGNMENT_ID]) VALUES (191,	NULL, 4, NULL);
INSERT INTO MAGICAL_ITEM_LIMITATION ([ITEM_ID], [ALLOWED_CLASS_ID], [ALLOWED_CLASS_TYPE_ID], [ALLOWED_ALIGNMENT_ID]) VALUES (192,	NULL, 4, NULL);
INSERT INTO MAGICAL_ITEM_LIMITATION ([ITEM_ID], [ALLOWED_CLASS_ID], [ALLOWED_CLASS_TYPE_ID], [ALLOWED_ALIGNMENT_ID]) VALUES (198,	NULL, 4, NULL);
INSERT INTO MAGICAL_ITEM_LIMITATION ([ITEM_ID], [ALLOWED_CLASS_ID], [ALLOWED_CLASS_TYPE_ID], [ALLOWED_ALIGNMENT_ID]) VALUES (199,	NULL, 2, NULL);
INSERT INTO MAGICAL_ITEM_LIMITATION ([ITEM_ID], [ALLOWED_CLASS_ID], [ALLOWED_CLASS_TYPE_ID], [ALLOWED_ALIGNMENT_ID]) VALUES (200,	NULL, 4, NULL);
INSERT INTO MAGICAL_ITEM_LIMITATION ([ITEM_ID], [ALLOWED_CLASS_ID], [ALLOWED_CLASS_TYPE_ID], [ALLOWED_ALIGNMENT_ID]) VALUES (209,	NULL, 2, NULL);
INSERT INTO MAGICAL_ITEM_LIMITATION ([ITEM_ID], [ALLOWED_CLASS_ID], [ALLOWED_CLASS_TYPE_ID], [ALLOWED_ALIGNMENT_ID]) VALUES (211,	NULL, 2, NULL);
INSERT INTO MAGICAL_ITEM_LIMITATION ([ITEM_ID], [ALLOWED_CLASS_ID], [ALLOWED_CLASS_TYPE_ID], [ALLOWED_ALIGNMENT_ID]) VALUES (212,	NULL, 2, NULL);
INSERT INTO MAGICAL_ITEM_LIMITATION ([ITEM_ID], [ALLOWED_CLASS_ID], [ALLOWED_CLASS_TYPE_ID], [ALLOWED_ALIGNMENT_ID]) VALUES (213,	NULL, 6, NULL);
INSERT INTO MAGICAL_ITEM_LIMITATION ([ITEM_ID], [ALLOWED_CLASS_ID], [ALLOWED_CLASS_TYPE_ID], [ALLOWED_ALIGNMENT_ID]) VALUES (214,	NULL, 2, NULL);
INSERT INTO MAGICAL_ITEM_LIMITATION ([ITEM_ID], [ALLOWED_CLASS_ID], [ALLOWED_CLASS_TYPE_ID], [ALLOWED_ALIGNMENT_ID]) VALUES (215,	NULL, 2, NULL);
INSERT INTO MAGICAL_ITEM_LIMITATION ([ITEM_ID], [ALLOWED_CLASS_ID], [ALLOWED_CLASS_TYPE_ID], [ALLOWED_ALIGNMENT_ID]) VALUES (216,	NULL, 1, NULL);
INSERT INTO MAGICAL_ITEM_LIMITATION ([ITEM_ID], [ALLOWED_CLASS_ID], [ALLOWED_CLASS_TYPE_ID], [ALLOWED_ALIGNMENT_ID]) VALUES (225,	NULL, 1, NULL);
INSERT INTO MAGICAL_ITEM_LIMITATION ([ITEM_ID], [ALLOWED_CLASS_ID], [ALLOWED_CLASS_TYPE_ID], [ALLOWED_ALIGNMENT_ID]) VALUES (231,	NULL, 13, NULL);
INSERT INTO MAGICAL_ITEM_LIMITATION ([ITEM_ID], [ALLOWED_CLASS_ID], [ALLOWED_CLASS_TYPE_ID], [ALLOWED_ALIGNMENT_ID]) VALUES (232,	NULL, 13, NULL);
INSERT INTO MAGICAL_ITEM_LIMITATION ([ITEM_ID], [ALLOWED_CLASS_ID], [ALLOWED_CLASS_TYPE_ID], [ALLOWED_ALIGNMENT_ID]) VALUES (236,	NULL, 13, NULL);
INSERT INTO MAGICAL_ITEM_LIMITATION ([ITEM_ID], [ALLOWED_CLASS_ID], [ALLOWED_CLASS_TYPE_ID], [ALLOWED_ALIGNMENT_ID]) VALUES (237,	NULL, 13, NULL);
INSERT INTO MAGICAL_ITEM_LIMITATION ([ITEM_ID], [ALLOWED_CLASS_ID], [ALLOWED_CLASS_TYPE_ID], [ALLOWED_ALIGNMENT_ID]) VALUES (263,	NULL, 4, NULL);
INSERT INTO MAGICAL_ITEM_LIMITATION ([ITEM_ID], [ALLOWED_CLASS_ID], [ALLOWED_CLASS_TYPE_ID], [ALLOWED_ALIGNMENT_ID]) VALUES (270,	NULL, 4, NULL);
INSERT INTO MAGICAL_ITEM_LIMITATION ([ITEM_ID], [ALLOWED_CLASS_ID], [ALLOWED_CLASS_TYPE_ID], [ALLOWED_ALIGNMENT_ID]) VALUES (271,	NULL, 4, NULL);
INSERT INTO MAGICAL_ITEM_LIMITATION ([ITEM_ID], [ALLOWED_CLASS_ID], [ALLOWED_CLASS_TYPE_ID], [ALLOWED_ALIGNMENT_ID]) VALUES (282,	NULL, 2, NULL);
INSERT INTO MAGICAL_ITEM_LIMITATION ([ITEM_ID], [ALLOWED_CLASS_ID], [ALLOWED_CLASS_TYPE_ID], [ALLOWED_ALIGNMENT_ID]) VALUES (283,	NULL, 2, NULL);
INSERT INTO MAGICAL_ITEM_LIMITATION ([ITEM_ID], [ALLOWED_CLASS_ID], [ALLOWED_CLASS_TYPE_ID], [ALLOWED_ALIGNMENT_ID]) VALUES (287,	NULL, 1, NULL);
INSERT INTO MAGICAL_ITEM_LIMITATION ([ITEM_ID], [ALLOWED_CLASS_ID], [ALLOWED_CLASS_TYPE_ID], [ALLOWED_ALIGNMENT_ID]) VALUES (288,	NULL, 1, NULL);
INSERT INTO MAGICAL_ITEM_LIMITATION ([ITEM_ID], [ALLOWED_CLASS_ID], [ALLOWED_CLASS_TYPE_ID], [ALLOWED_ALIGNMENT_ID]) VALUES (289,	NULL, 2, NULL);
INSERT INTO MAGICAL_ITEM_LIMITATION ([ITEM_ID], [ALLOWED_CLASS_ID], [ALLOWED_CLASS_TYPE_ID], [ALLOWED_ALIGNMENT_ID]) VALUES (297,	NULL, 2, NULL);
INSERT INTO MAGICAL_ITEM_LIMITATION ([ITEM_ID], [ALLOWED_CLASS_ID], [ALLOWED_CLASS_TYPE_ID], [ALLOWED_ALIGNMENT_ID]) VALUES (298,	NULL, 1, NULL);
INSERT INTO MAGICAL_ITEM_LIMITATION ([ITEM_ID], [ALLOWED_CLASS_ID], [ALLOWED_CLASS_TYPE_ID], [ALLOWED_ALIGNMENT_ID]) VALUES (299,	NULL, 1, NULL);
INSERT INTO MAGICAL_ITEM_LIMITATION ([ITEM_ID], [ALLOWED_CLASS_ID], [ALLOWED_CLASS_TYPE_ID], [ALLOWED_ALIGNMENT_ID]) VALUES (311,	NULL, NULL, 1804);
INSERT INTO MAGICAL_ITEM_LIMITATION ([ITEM_ID], [ALLOWED_CLASS_ID], [ALLOWED_CLASS_TYPE_ID], [ALLOWED_ALIGNMENT_ID]) VALUES (312,	NULL, 5, NULL);
INSERT INTO MAGICAL_ITEM_LIMITATION ([ITEM_ID], [ALLOWED_CLASS_ID], [ALLOWED_CLASS_TYPE_ID], [ALLOWED_ALIGNMENT_ID]) VALUES (321,	NULL, 2, NULL);
INSERT INTO MAGICAL_ITEM_LIMITATION ([ITEM_ID], [ALLOWED_CLASS_ID], [ALLOWED_CLASS_TYPE_ID], [ALLOWED_ALIGNMENT_ID]) VALUES (322,	NULL, 2, NULL);
INSERT INTO MAGICAL_ITEM_LIMITATION ([ITEM_ID], [ALLOWED_CLASS_ID], [ALLOWED_CLASS_TYPE_ID], [ALLOWED_ALIGNMENT_ID]) VALUES (323,	NULL, 2, NULL);
INSERT INTO MAGICAL_ITEM_LIMITATION ([ITEM_ID], [ALLOWED_CLASS_ID], [ALLOWED_CLASS_TYPE_ID], [ALLOWED_ALIGNMENT_ID]) VALUES (324,	NULL, 2, NULL);
INSERT INTO MAGICAL_ITEM_LIMITATION ([ITEM_ID], [ALLOWED_CLASS_ID], [ALLOWED_CLASS_TYPE_ID], [ALLOWED_ALIGNMENT_ID]) VALUES (325,	NULL, 2, NULL);
INSERT INTO MAGICAL_ITEM_LIMITATION ([ITEM_ID], [ALLOWED_CLASS_ID], [ALLOWED_CLASS_TYPE_ID], [ALLOWED_ALIGNMENT_ID]) VALUES (326,	NULL, 2, NULL);
INSERT INTO MAGICAL_ITEM_LIMITATION ([ITEM_ID], [ALLOWED_CLASS_ID], [ALLOWED_CLASS_TYPE_ID], [ALLOWED_ALIGNMENT_ID]) VALUES (333,	NULL, 2, NULL);

COMMIT TRANSACTION;

-----------------------------------------------------------------------------------------------------------

BEGIN TRANSACTION;

-- Potions, oils, elixirs
INSERT INTO MAGICAL_ITEM_PROBABILITY ([MAGICAL_ITEM_ID], [SUBTABLE_FROM], [SUBTABLE_TO], [PROBABILITY_FROM], [PROBABILITY_TO]) VALUES (0,	1, 2, 1, 1);
INSERT INTO MAGICAL_ITEM_PROBABILITY ([MAGICAL_ITEM_ID], [SUBTABLE_FROM], [SUBTABLE_TO], [PROBABILITY_FROM], [PROBABILITY_TO]) VALUES (1,	1, 2, 2, 2);
INSERT INTO MAGICAL_ITEM_PROBABILITY ([MAGICAL_ITEM_ID], [SUBTABLE_FROM], [SUBTABLE_TO], [PROBABILITY_FROM], [PROBABILITY_TO]) VALUES (2,	1, 2, 3, 3);
INSERT INTO MAGICAL_ITEM_PROBABILITY ([MAGICAL_ITEM_ID], [SUBTABLE_FROM], [SUBTABLE_TO], [PROBABILITY_FROM], [PROBABILITY_TO]) VALUES (3,	1, 2, 4, 4);
INSERT INTO MAGICAL_ITEM_PROBABILITY ([MAGICAL_ITEM_ID], [SUBTABLE_FROM], [SUBTABLE_TO], [PROBABILITY_FROM], [PROBABILITY_TO]) VALUES (4,	1, 2, 5, 6);
INSERT INTO MAGICAL_ITEM_PROBABILITY ([MAGICAL_ITEM_ID], [SUBTABLE_FROM], [SUBTABLE_TO], [PROBABILITY_FROM], [PROBABILITY_TO]) VALUES (5,	1, 2, 7, 7);
INSERT INTO MAGICAL_ITEM_PROBABILITY ([MAGICAL_ITEM_ID], [SUBTABLE_FROM], [SUBTABLE_TO], [PROBABILITY_FROM], [PROBABILITY_TO]) VALUES (6,	1, 2, 8, 8);
INSERT INTO MAGICAL_ITEM_PROBABILITY ([MAGICAL_ITEM_ID], [SUBTABLE_FROM], [SUBTABLE_TO], [PROBABILITY_FROM], [PROBABILITY_TO]) VALUES (7,	1, 2, 9, 9);
INSERT INTO MAGICAL_ITEM_PROBABILITY ([MAGICAL_ITEM_ID], [SUBTABLE_FROM], [SUBTABLE_TO], [PROBABILITY_FROM], [PROBABILITY_TO]) VALUES (8,	1, 2, 10, 11);
INSERT INTO MAGICAL_ITEM_PROBABILITY ([MAGICAL_ITEM_ID], [SUBTABLE_FROM], [SUBTABLE_TO], [PROBABILITY_FROM], [PROBABILITY_TO]) VALUES (9,	1, 2, 12, 12);
INSERT INTO MAGICAL_ITEM_PROBABILITY ([MAGICAL_ITEM_ID], [SUBTABLE_FROM], [SUBTABLE_TO], [PROBABILITY_FROM], [PROBABILITY_TO]) VALUES (10,	1, 2, 13, 13);
INSERT INTO MAGICAL_ITEM_PROBABILITY ([MAGICAL_ITEM_ID], [SUBTABLE_FROM], [SUBTABLE_TO], [PROBABILITY_FROM], [PROBABILITY_TO]) VALUES (11,	1, 2, 14, 15);
INSERT INTO MAGICAL_ITEM_PROBABILITY ([MAGICAL_ITEM_ID], [SUBTABLE_FROM], [SUBTABLE_TO], [PROBABILITY_FROM], [PROBABILITY_TO]) VALUES (12,	1, 2, 16, 16);
INSERT INTO MAGICAL_ITEM_PROBABILITY ([MAGICAL_ITEM_ID], [SUBTABLE_FROM], [SUBTABLE_TO], [PROBABILITY_FROM], [PROBABILITY_TO]) VALUES (13,	1, 2, 17, 17);
INSERT INTO MAGICAL_ITEM_PROBABILITY ([MAGICAL_ITEM_ID], [SUBTABLE_FROM], [SUBTABLE_TO], [PROBABILITY_FROM], [PROBABILITY_TO]) VALUES (14,	1, 2, 18, 18);
INSERT INTO MAGICAL_ITEM_PROBABILITY ([MAGICAL_ITEM_ID], [SUBTABLE_FROM], [SUBTABLE_TO], [PROBABILITY_FROM], [PROBABILITY_TO]) VALUES (15,	1, 2, 19, 19);
INSERT INTO MAGICAL_ITEM_PROBABILITY ([MAGICAL_ITEM_ID], [SUBTABLE_FROM], [SUBTABLE_TO], [PROBABILITY_FROM], [PROBABILITY_TO]) VALUES (16,	3, 4, 1, 1);
INSERT INTO MAGICAL_ITEM_PROBABILITY ([MAGICAL_ITEM_ID], [SUBTABLE_FROM], [SUBTABLE_TO], [PROBABILITY_FROM], [PROBABILITY_TO]) VALUES (17,	3, 4, 2, 2);
INSERT INTO MAGICAL_ITEM_PROBABILITY ([MAGICAL_ITEM_ID], [SUBTABLE_FROM], [SUBTABLE_TO], [PROBABILITY_FROM], [PROBABILITY_TO]) VALUES (18,	3, 4, 3, 3);
INSERT INTO MAGICAL_ITEM_PROBABILITY ([MAGICAL_ITEM_ID], [SUBTABLE_FROM], [SUBTABLE_TO], [PROBABILITY_FROM], [PROBABILITY_TO]) VALUES (19,	3, 4, 4, 5);	
INSERT INTO MAGICAL_ITEM_PROBABILITY ([MAGICAL_ITEM_ID], [SUBTABLE_FROM], [SUBTABLE_TO], [PROBABILITY_FROM], [PROBABILITY_TO]) VALUES (20,	3, 4, 6, 6);
INSERT INTO MAGICAL_ITEM_PROBABILITY ([MAGICAL_ITEM_ID], [SUBTABLE_FROM], [SUBTABLE_TO], [PROBABILITY_FROM], [PROBABILITY_TO]) VALUES (21,	3, 4, 7, 7);
INSERT INTO MAGICAL_ITEM_PROBABILITY ([MAGICAL_ITEM_ID], [SUBTABLE_FROM], [SUBTABLE_TO], [PROBABILITY_FROM], [PROBABILITY_TO]) VALUES (22,	3, 4, 8, 8);
INSERT INTO MAGICAL_ITEM_PROBABILITY ([MAGICAL_ITEM_ID], [SUBTABLE_FROM], [SUBTABLE_TO], [PROBABILITY_FROM], [PROBABILITY_TO]) VALUES (23,	3, 4, 9, 9);
INSERT INTO MAGICAL_ITEM_PROBABILITY ([MAGICAL_ITEM_ID], [SUBTABLE_FROM], [SUBTABLE_TO], [PROBABILITY_FROM], [PROBABILITY_TO]) VALUES (24,	3, 4, 10, 10);
INSERT INTO MAGICAL_ITEM_PROBABILITY ([MAGICAL_ITEM_ID], [SUBTABLE_FROM], [SUBTABLE_TO], [PROBABILITY_FROM], [PROBABILITY_TO]) VALUES (25,	3, 4, 11, 11);
INSERT INTO MAGICAL_ITEM_PROBABILITY ([MAGICAL_ITEM_ID], [SUBTABLE_FROM], [SUBTABLE_TO], [PROBABILITY_FROM], [PROBABILITY_TO]) VALUES (26,	3, 4, 12, 12);
INSERT INTO MAGICAL_ITEM_PROBABILITY ([MAGICAL_ITEM_ID], [SUBTABLE_FROM], [SUBTABLE_TO], [PROBABILITY_FROM], [PROBABILITY_TO]) VALUES (27,	3, 4, 13, 13);
INSERT INTO MAGICAL_ITEM_PROBABILITY ([MAGICAL_ITEM_ID], [SUBTABLE_FROM], [SUBTABLE_TO], [PROBABILITY_FROM], [PROBABILITY_TO]) VALUES (28,	3, 4, 14, 14);
INSERT INTO MAGICAL_ITEM_PROBABILITY ([MAGICAL_ITEM_ID], [SUBTABLE_FROM], [SUBTABLE_TO], [PROBABILITY_FROM], [PROBABILITY_TO]) VALUES (29,	3, 4, 15, 15);
INSERT INTO MAGICAL_ITEM_PROBABILITY ([MAGICAL_ITEM_ID], [SUBTABLE_FROM], [SUBTABLE_TO], [PROBABILITY_FROM], [PROBABILITY_TO]) VALUES (30,	3, 4, 16, 16);
INSERT INTO MAGICAL_ITEM_PROBABILITY ([MAGICAL_ITEM_ID], [SUBTABLE_FROM], [SUBTABLE_TO], [PROBABILITY_FROM], [PROBABILITY_TO]) VALUES (31,	3, 4, 17, 17);
INSERT INTO MAGICAL_ITEM_PROBABILITY ([MAGICAL_ITEM_ID], [SUBTABLE_FROM], [SUBTABLE_TO], [PROBABILITY_FROM], [PROBABILITY_TO]) VALUES (32,	3, 4, 18, 18);
INSERT INTO MAGICAL_ITEM_PROBABILITY ([MAGICAL_ITEM_ID], [SUBTABLE_FROM], [SUBTABLE_TO], [PROBABILITY_FROM], [PROBABILITY_TO]) VALUES (33,	3, 4, 19, 19);
INSERT INTO MAGICAL_ITEM_PROBABILITY ([MAGICAL_ITEM_ID], [SUBTABLE_FROM], [SUBTABLE_TO], [PROBABILITY_FROM], [PROBABILITY_TO]) VALUES (34,	5, 6, 1, 1);
INSERT INTO MAGICAL_ITEM_PROBABILITY ([MAGICAL_ITEM_ID], [SUBTABLE_FROM], [SUBTABLE_TO], [PROBABILITY_FROM], [PROBABILITY_TO]) VALUES (35,	5, 6, 2, 2);
INSERT INTO MAGICAL_ITEM_PROBABILITY ([MAGICAL_ITEM_ID], [SUBTABLE_FROM], [SUBTABLE_TO], [PROBABILITY_FROM], [PROBABILITY_TO]) VALUES (36,	5, 6, 3, 3);
INSERT INTO MAGICAL_ITEM_PROBABILITY ([MAGICAL_ITEM_ID], [SUBTABLE_FROM], [SUBTABLE_TO], [PROBABILITY_FROM], [PROBABILITY_TO]) VALUES (37,	5, 6, 4, 4);
INSERT INTO MAGICAL_ITEM_PROBABILITY ([MAGICAL_ITEM_ID], [SUBTABLE_FROM], [SUBTABLE_TO], [PROBABILITY_FROM], [PROBABILITY_TO]) VALUES (38,	5, 6, 5, 5);
INSERT INTO MAGICAL_ITEM_PROBABILITY ([MAGICAL_ITEM_ID], [SUBTABLE_FROM], [SUBTABLE_TO], [PROBABILITY_FROM], [PROBABILITY_TO]) VALUES (39,	5, 6, 6, 6);
INSERT INTO MAGICAL_ITEM_PROBABILITY ([MAGICAL_ITEM_ID], [SUBTABLE_FROM], [SUBTABLE_TO], [PROBABILITY_FROM], [PROBABILITY_TO]) VALUES (40,	5, 6, 7, 8);
INSERT INTO MAGICAL_ITEM_PROBABILITY ([MAGICAL_ITEM_ID], [SUBTABLE_FROM], [SUBTABLE_TO], [PROBABILITY_FROM], [PROBABILITY_TO]) VALUES (41,	5, 6, 9, 9);
INSERT INTO MAGICAL_ITEM_PROBABILITY ([MAGICAL_ITEM_ID], [SUBTABLE_FROM], [SUBTABLE_TO], [PROBABILITY_FROM], [PROBABILITY_TO]) VALUES (42,	5, 6, 10, 10);
INSERT INTO MAGICAL_ITEM_PROBABILITY ([MAGICAL_ITEM_ID], [SUBTABLE_FROM], [SUBTABLE_TO], [PROBABILITY_FROM], [PROBABILITY_TO]) VALUES (43,	5, 6, 11, 11);
INSERT INTO MAGICAL_ITEM_PROBABILITY ([MAGICAL_ITEM_ID], [SUBTABLE_FROM], [SUBTABLE_TO], [PROBABILITY_FROM], [PROBABILITY_TO]) VALUES (44,	5, 6, 12, 13);
INSERT INTO MAGICAL_ITEM_PROBABILITY ([MAGICAL_ITEM_ID], [SUBTABLE_FROM], [SUBTABLE_TO], [PROBABILITY_FROM], [PROBABILITY_TO]) VALUES (45,	5, 6, 14, 14);
INSERT INTO MAGICAL_ITEM_PROBABILITY ([MAGICAL_ITEM_ID], [SUBTABLE_FROM], [SUBTABLE_TO], [PROBABILITY_FROM], [PROBABILITY_TO]) VALUES (46,	5, 6, 15, 15);
INSERT INTO MAGICAL_ITEM_PROBABILITY ([MAGICAL_ITEM_ID], [SUBTABLE_FROM], [SUBTABLE_TO], [PROBABILITY_FROM], [PROBABILITY_TO]) VALUES (47,	5, 6, 16, 16);
INSERT INTO MAGICAL_ITEM_PROBABILITY ([MAGICAL_ITEM_ID], [SUBTABLE_FROM], [SUBTABLE_TO], [PROBABILITY_FROM], [PROBABILITY_TO]) VALUES (48,	5, 6, 17, 17);
INSERT INTO MAGICAL_ITEM_PROBABILITY ([MAGICAL_ITEM_ID], [SUBTABLE_FROM], [SUBTABLE_TO], [PROBABILITY_FROM], [PROBABILITY_TO]) VALUES (49,	5, 6, 18, 18);
INSERT INTO MAGICAL_ITEM_PROBABILITY ([MAGICAL_ITEM_ID], [SUBTABLE_FROM], [SUBTABLE_TO], [PROBABILITY_FROM], [PROBABILITY_TO]) VALUES (50,	5, 6, 19, 19);

COMMIT TRANSACTION;

-----------------------------------------------------------------------------------------------------------

BEGIN TRANSACTION;

--LAIR
--	A
INSERT INTO TREASURE_COMPOSITION ([TREASURE_CLASS], [COMPONENT], [COUNT_FROM], [COUNT_TO], [PROBABILITY], [NATURE], [ADDITIONAL_COMPONENT], [ADDITIONAL_COUNT]) VALUES (0, 0, 1000, 3000, 25, NULL, NULL, NULL);
INSERT INTO TREASURE_COMPOSITION ([TREASURE_CLASS], [COMPONENT], [COUNT_FROM], [COUNT_TO], [PROBABILITY], [NATURE], [ADDITIONAL_COMPONENT], [ADDITIONAL_COUNT]) VALUES (0, 1, 200, 2000, 30, NULL, NULL, NULL);
INSERT INTO TREASURE_COMPOSITION ([TREASURE_CLASS], [COMPONENT], [COUNT_FROM], [COUNT_TO], [PROBABILITY], [NATURE], [ADDITIONAL_COMPONENT], [ADDITIONAL_COUNT]) VALUES (0, 2, 1000, 6000, 40, NULL, NULL, NULL);
INSERT INTO TREASURE_COMPOSITION ([TREASURE_CLASS], [COMPONENT], [COUNT_FROM], [COUNT_TO], [PROBABILITY], [NATURE], [ADDITIONAL_COMPONENT], [ADDITIONAL_COUNT]) VALUES (0, 3, 300, 1800, 35, NULL, NULL, NULL);
INSERT INTO TREASURE_COMPOSITION ([TREASURE_CLASS], [COMPONENT], [COUNT_FROM], [COUNT_TO], [PROBABILITY], [NATURE], [ADDITIONAL_COMPONENT], [ADDITIONAL_COUNT]) VALUES (0, 4, 10, 40, 60, NULL, NULL, NULL);
INSERT INTO TREASURE_COMPOSITION ([TREASURE_CLASS], [COMPONENT], [COUNT_FROM], [COUNT_TO], [PROBABILITY], [NATURE], [ADDITIONAL_COMPONENT], [ADDITIONAL_COUNT]) VALUES (0, 5, 2, 12, 50, NULL, NULL, NULL);
INSERT INTO TREASURE_COMPOSITION ([TREASURE_CLASS], [COMPONENT], [COUNT_FROM], [COUNT_TO], [PROBABILITY], [NATURE], [ADDITIONAL_COMPONENT], [ADDITIONAL_COUNT]) VALUES (0, 6, 3, 3, 30, 255, NULL, NULL);

--	B
INSERT INTO TREASURE_COMPOSITION ([TREASURE_CLASS], [COMPONENT], [COUNT_FROM], [COUNT_TO], [PROBABILITY], [NATURE], [ADDITIONAL_COMPONENT], [ADDITIONAL_COUNT]) VALUES (1, 0, 1000, 6000, 50, NULL, NULL, NULL);
INSERT INTO TREASURE_COMPOSITION ([TREASURE_CLASS], [COMPONENT], [COUNT_FROM], [COUNT_TO], [PROBABILITY], [NATURE], [ADDITIONAL_COMPONENT], [ADDITIONAL_COUNT]) VALUES (1, 1, 1000, 3000, 25, NULL, NULL, NULL);
INSERT INTO TREASURE_COMPOSITION ([TREASURE_CLASS], [COMPONENT], [COUNT_FROM], [COUNT_TO], [PROBABILITY], [NATURE], [ADDITIONAL_COMPONENT], [ADDITIONAL_COUNT]) VALUES (1, 2, 200, 2000, 25, NULL, NULL, NULL);
INSERT INTO TREASURE_COMPOSITION ([TREASURE_CLASS], [COMPONENT], [COUNT_FROM], [COUNT_TO], [PROBABILITY], [NATURE], [ADDITIONAL_COMPONENT], [ADDITIONAL_COUNT]) VALUES (1, 3, 100, 1000, 25, NULL, NULL, NULL);
INSERT INTO TREASURE_COMPOSITION ([TREASURE_CLASS], [COMPONENT], [COUNT_FROM], [COUNT_TO], [PROBABILITY], [NATURE], [ADDITIONAL_COMPONENT], [ADDITIONAL_COUNT]) VALUES (1, 4, 1, 8, 30, NULL, NULL, NULL);
INSERT INTO TREASURE_COMPOSITION ([TREASURE_CLASS], [COMPONENT], [COUNT_FROM], [COUNT_TO], [PROBABILITY], [NATURE], [ADDITIONAL_COMPONENT], [ADDITIONAL_COUNT]) VALUES (1, 5, 1, 4, 20, NULL, NULL, NULL);
INSERT INTO TREASURE_COMPOSITION ([TREASURE_CLASS], [COMPONENT], [COUNT_FROM], [COUNT_TO], [PROBABILITY], [NATURE], [ADDITIONAL_COMPONENT], [ADDITIONAL_COUNT]) VALUES (1, 6, 1, 1, 10, 3, NULL, NULL);

--	C
INSERT INTO TREASURE_COMPOSITION ([TREASURE_CLASS], [COMPONENT], [COUNT_FROM], [COUNT_TO], [PROBABILITY], [NATURE], [ADDITIONAL_COMPONENT], [ADDITIONAL_COUNT]) VALUES (2, 0, 1000, 10000, 20, NULL, NULL, NULL);
INSERT INTO TREASURE_COMPOSITION ([TREASURE_CLASS], [COMPONENT], [COUNT_FROM], [COUNT_TO], [PROBABILITY], [NATURE], [ADDITIONAL_COMPONENT], [ADDITIONAL_COUNT]) VALUES (2, 1, 1000, 6000, 30, NULL, NULL, NULL);
INSERT INTO TREASURE_COMPOSITION ([TREASURE_CLASS], [COMPONENT], [COUNT_FROM], [COUNT_TO], [PROBABILITY], [NATURE], [ADDITIONAL_COMPONENT], [ADDITIONAL_COUNT]) VALUES (2, 2, NULL, NULL, NULL, NULL, NULL, NULL);
INSERT INTO TREASURE_COMPOSITION ([TREASURE_CLASS], [COMPONENT], [COUNT_FROM], [COUNT_TO], [PROBABILITY], [NATURE], [ADDITIONAL_COMPONENT], [ADDITIONAL_COUNT]) VALUES (2, 3, 100, 600, 10, NULL, NULL, NULL);
INSERT INTO TREASURE_COMPOSITION ([TREASURE_CLASS], [COMPONENT], [COUNT_FROM], [COUNT_TO], [PROBABILITY], [NATURE], [ADDITIONAL_COMPONENT], [ADDITIONAL_COUNT]) VALUES (2, 4, 1, 6, 25, NULL, NULL, NULL);
INSERT INTO TREASURE_COMPOSITION ([TREASURE_CLASS], [COMPONENT], [COUNT_FROM], [COUNT_TO], [PROBABILITY], [NATURE], [ADDITIONAL_COMPONENT], [ADDITIONAL_COUNT]) VALUES (2, 5, 1, 3, 20, NULL, NULL, NULL);
INSERT INTO TREASURE_COMPOSITION ([TREASURE_CLASS], [COMPONENT], [COUNT_FROM], [COUNT_TO], [PROBABILITY], [NATURE], [ADDITIONAL_COMPONENT], [ADDITIONAL_COUNT]) VALUES (2, 6, 2, 2, 10, 255, NULL, NULL);

--	D
INSERT INTO TREASURE_COMPOSITION ([TREASURE_CLASS], [COMPONENT], [COUNT_FROM], [COUNT_TO], [PROBABILITY], [NATURE], [ADDITIONAL_COMPONENT], [ADDITIONAL_COUNT]) VALUES (3, 0, 1000, 6000, 10, NULL, NULL, NULL);
INSERT INTO TREASURE_COMPOSITION ([TREASURE_CLASS], [COMPONENT], [COUNT_FROM], [COUNT_TO], [PROBABILITY], [NATURE], [ADDITIONAL_COMPONENT], [ADDITIONAL_COUNT]) VALUES (3, 1, 1000, 10000, 15, NULL, NULL, NULL);
INSERT INTO TREASURE_COMPOSITION ([TREASURE_CLASS], [COMPONENT], [COUNT_FROM], [COUNT_TO], [PROBABILITY], [NATURE], [ADDITIONAL_COMPONENT], [ADDITIONAL_COUNT]) VALUES (3, 2, 1000, 3000, 50, NULL, NULL, NULL);
INSERT INTO TREASURE_COMPOSITION ([TREASURE_CLASS], [COMPONENT], [COUNT_FROM], [COUNT_TO], [PROBABILITY], [NATURE], [ADDITIONAL_COMPONENT], [ADDITIONAL_COUNT]) VALUES (3, 3, 100, 600, 15, NULL, NULL, NULL);
INSERT INTO TREASURE_COMPOSITION ([TREASURE_CLASS], [COMPONENT], [COUNT_FROM], [COUNT_TO], [PROBABILITY], [NATURE], [ADDITIONAL_COMPONENT], [ADDITIONAL_COUNT]) VALUES (3, 4, 1, 10, 30, NULL, NULL, NULL);
INSERT INTO TREASURE_COMPOSITION ([TREASURE_CLASS], [COMPONENT], [COUNT_FROM], [COUNT_TO], [PROBABILITY], [NATURE], [ADDITIONAL_COMPONENT], [ADDITIONAL_COUNT]) VALUES (3, 5, 1, 6, 25, NULL, NULL, NULL);
INSERT INTO TREASURE_COMPOSITION ([TREASURE_CLASS], [COMPONENT], [COUNT_FROM], [COUNT_TO], [PROBABILITY], [NATURE], [ADDITIONAL_COMPONENT], [ADDITIONAL_COUNT]) VALUES (3, 6, 2, 2, 15, 255, NULL, NULL);
INSERT INTO TREASURE_COMPOSITION ([TREASURE_CLASS], [COMPONENT], [COUNT_FROM], [COUNT_TO], [PROBABILITY], [NATURE], [ADDITIONAL_COMPONENT], [ADDITIONAL_COUNT]) VALUES (3, 7, 1, 1, 15, 4, NULL, NULL);

--	E
INSERT INTO TREASURE_COMPOSITION ([TREASURE_CLASS], [COMPONENT], [COUNT_FROM], [COUNT_TO], [PROBABILITY], [NATURE], [ADDITIONAL_COMPONENT], [ADDITIONAL_COUNT]) VALUES (4, 0, 1000, 6000, 5, NULL, NULL, NULL);
INSERT INTO TREASURE_COMPOSITION ([TREASURE_CLASS], [COMPONENT], [COUNT_FROM], [COUNT_TO], [PROBABILITY], [NATURE], [ADDITIONAL_COMPONENT], [ADDITIONAL_COUNT]) VALUES (4, 1, 1000, 10000, 25, NULL, NULL, NULL);
INSERT INTO TREASURE_COMPOSITION ([TREASURE_CLASS], [COMPONENT], [COUNT_FROM], [COUNT_TO], [PROBABILITY], [NATURE], [ADDITIONAL_COMPONENT], [ADDITIONAL_COUNT]) VALUES (4, 2, 1000, 4000, 25, NULL, NULL, NULL);
INSERT INTO TREASURE_COMPOSITION ([TREASURE_CLASS], [COMPONENT], [COUNT_FROM], [COUNT_TO], [PROBABILITY], [NATURE], [ADDITIONAL_COMPONENT], [ADDITIONAL_COUNT]) VALUES (4, 3, 300, 1800, 25, NULL, NULL, NULL);
INSERT INTO TREASURE_COMPOSITION ([TREASURE_CLASS], [COMPONENT], [COUNT_FROM], [COUNT_TO], [PROBABILITY], [NATURE], [ADDITIONAL_COMPONENT], [ADDITIONAL_COUNT]) VALUES (4, 4, 1, 12, 15, NULL, NULL, NULL);
INSERT INTO TREASURE_COMPOSITION ([TREASURE_CLASS], [COMPONENT], [COUNT_FROM], [COUNT_TO], [PROBABILITY], [NATURE], [ADDITIONAL_COMPONENT], [ADDITIONAL_COUNT]) VALUES (4, 5, 1, 6, 10, NULL, NULL, NULL);
INSERT INTO TREASURE_COMPOSITION ([TREASURE_CLASS], [COMPONENT], [COUNT_FROM], [COUNT_TO], [PROBABILITY], [NATURE], [ADDITIONAL_COMPONENT], [ADDITIONAL_COUNT]) VALUES (4, 6, 3, 3, 25, 255, NULL, NULL);
INSERT INTO TREASURE_COMPOSITION ([TREASURE_CLASS], [COMPONENT], [COUNT_FROM], [COUNT_TO], [PROBABILITY], [NATURE], [ADDITIONAL_COMPONENT], [ADDITIONAL_COUNT]) VALUES (4, 7, 1, 1, 25, 8, NULL, NULL);

--	F
INSERT INTO TREASURE_COMPOSITION ([TREASURE_CLASS], [COMPONENT], [COUNT_FROM], [COUNT_TO], [PROBABILITY], [NATURE], [ADDITIONAL_COMPONENT], [ADDITIONAL_COUNT]) VALUES (5, 1, 3000, 18000, 10, NULL, NULL, NULL);
INSERT INTO TREASURE_COMPOSITION ([TREASURE_CLASS], [COMPONENT], [COUNT_FROM], [COUNT_TO], [PROBABILITY], [NATURE], [ADDITIONAL_COMPONENT], [ADDITIONAL_COUNT]) VALUES (5, 2, 1000, 6000, 40, NULL, NULL, NULL);
INSERT INTO TREASURE_COMPOSITION ([TREASURE_CLASS], [COMPONENT], [COUNT_FROM], [COUNT_TO], [PROBABILITY], [NATURE], [ADDITIONAL_COMPONENT], [ADDITIONAL_COUNT]) VALUES (5, 3, 1000, 4000, 15, NULL, NULL, NULL);
INSERT INTO TREASURE_COMPOSITION ([TREASURE_CLASS], [COMPONENT], [COUNT_FROM], [COUNT_TO], [PROBABILITY], [NATURE], [ADDITIONAL_COMPONENT], [ADDITIONAL_COUNT]) VALUES (5, 4, 2, 20, 20, NULL, NULL, NULL);
INSERT INTO TREASURE_COMPOSITION ([TREASURE_CLASS], [COMPONENT], [COUNT_FROM], [COUNT_TO], [PROBABILITY], [NATURE], [ADDITIONAL_COMPONENT], [ADDITIONAL_COUNT]) VALUES (5, 5, 1, 8, 10, NULL, NULL, NULL);
INSERT INTO TREASURE_COMPOSITION ([TREASURE_CLASS], [COMPONENT], [COUNT_FROM], [COUNT_TO], [PROBABILITY], [NATURE], [ADDITIONAL_COMPONENT], [ADDITIONAL_COUNT]) VALUES (5, 6, 5, 5, 30, 254, NULL, NULL);

--	G
INSERT INTO TREASURE_COMPOSITION ([TREASURE_CLASS], [COMPONENT], [COUNT_FROM], [COUNT_TO], [PROBABILITY], [NATURE], [ADDITIONAL_COMPONENT], [ADDITIONAL_COUNT]) VALUES (6, 2, 2000, 20000, 50, NULL, NULL, NULL);
INSERT INTO TREASURE_COMPOSITION ([TREASURE_CLASS], [COMPONENT], [COUNT_FROM], [COUNT_TO], [PROBABILITY], [NATURE], [ADDITIONAL_COMPONENT], [ADDITIONAL_COUNT]) VALUES (6, 3, 1000, 10000, 50, NULL, NULL, NULL);
INSERT INTO TREASURE_COMPOSITION ([TREASURE_CLASS], [COMPONENT], [COUNT_FROM], [COUNT_TO], [PROBABILITY], [NATURE], [ADDITIONAL_COMPONENT], [ADDITIONAL_COUNT]) VALUES (6, 4, 3, 18, 30, NULL, NULL, NULL);
INSERT INTO TREASURE_COMPOSITION ([TREASURE_CLASS], [COMPONENT], [COUNT_FROM], [COUNT_TO], [PROBABILITY], [NATURE], [ADDITIONAL_COMPONENT], [ADDITIONAL_COUNT]) VALUES (6, 5, 1, 6, 25, NULL, NULL, NULL);
INSERT INTO TREASURE_COMPOSITION ([TREASURE_CLASS], [COMPONENT], [COUNT_FROM], [COUNT_TO], [PROBABILITY], [NATURE], [ADDITIONAL_COMPONENT], [ADDITIONAL_COUNT]) VALUES (6, 6, 5, 5, 35, 255, NULL, NULL);

--	H
INSERT INTO TREASURE_COMPOSITION ([TREASURE_CLASS], [COMPONENT], [COUNT_FROM], [COUNT_TO], [PROBABILITY], [NATURE], [ADDITIONAL_COMPONENT], [ADDITIONAL_COUNT]) VALUES (7, 0, 3000, 18000, 25, NULL, NULL, NULL);
INSERT INTO TREASURE_COMPOSITION ([TREASURE_CLASS], [COMPONENT], [COUNT_FROM], [COUNT_TO], [PROBABILITY], [NATURE], [ADDITIONAL_COMPONENT], [ADDITIONAL_COUNT]) VALUES (7, 1, 2000, 20000, 40, NULL, NULL, NULL);
INSERT INTO TREASURE_COMPOSITION ([TREASURE_CLASS], [COMPONENT], [COUNT_FROM], [COUNT_TO], [PROBABILITY], [NATURE], [ADDITIONAL_COMPONENT], [ADDITIONAL_COUNT]) VALUES (7, 2, 2000, 20000, 55, NULL, NULL, NULL);
INSERT INTO TREASURE_COMPOSITION ([TREASURE_CLASS], [COMPONENT], [COUNT_FROM], [COUNT_TO], [PROBABILITY], [NATURE], [ADDITIONAL_COMPONENT], [ADDITIONAL_COUNT]) VALUES (7, 3, 1000, 8000, 40, NULL, NULL, NULL);
INSERT INTO TREASURE_COMPOSITION ([TREASURE_CLASS], [COMPONENT], [COUNT_FROM], [COUNT_TO], [PROBABILITY], [NATURE], [ADDITIONAL_COMPONENT], [ADDITIONAL_COUNT]) VALUES (7, 4, 3, 30, 50, NULL, NULL, NULL);
INSERT INTO TREASURE_COMPOSITION ([TREASURE_CLASS], [COMPONENT], [COUNT_FROM], [COUNT_TO], [PROBABILITY], [NATURE], [ADDITIONAL_COMPONENT], [ADDITIONAL_COUNT]) VALUES (7, 5, 2, 20, 50, NULL, NULL, NULL);
INSERT INTO TREASURE_COMPOSITION ([TREASURE_CLASS], [COMPONENT], [COUNT_FROM], [COUNT_TO], [PROBABILITY], [NATURE], [ADDITIONAL_COMPONENT], [ADDITIONAL_COUNT]) VALUES (7, 6, 6, 6, 15, 255, NULL, NULL);

--	I
INSERT INTO TREASURE_COMPOSITION ([TREASURE_CLASS], [COMPONENT], [COUNT_FROM], [COUNT_TO], [PROBABILITY], [NATURE], [ADDITIONAL_COMPONENT], [ADDITIONAL_COUNT]) VALUES (8, 3, 100, 600, 30, NULL, NULL, NULL);
INSERT INTO TREASURE_COMPOSITION ([TREASURE_CLASS], [COMPONENT], [COUNT_FROM], [COUNT_TO], [PROBABILITY], [NATURE], [ADDITIONAL_COMPONENT], [ADDITIONAL_COUNT]) VALUES (8, 4, 2, 12, 55, NULL, NULL, NULL);
INSERT INTO TREASURE_COMPOSITION ([TREASURE_CLASS], [COMPONENT], [COUNT_FROM], [COUNT_TO], [PROBABILITY], [NATURE], [ADDITIONAL_COMPONENT], [ADDITIONAL_COUNT]) VALUES (8, 5, 2, 8, 50, NULL, NULL, NULL);
INSERT INTO TREASURE_COMPOSITION ([TREASURE_CLASS], [COMPONENT], [COUNT_FROM], [COUNT_TO], [PROBABILITY], [NATURE], [ADDITIONAL_COMPONENT], [ADDITIONAL_COUNT]) VALUES (8, 6, 1, 1, 15, 255, NULL, NULL);

--	J
INSERT INTO TREASURE_COMPOSITION ([TREASURE_CLASS], [COMPONENT], [COUNT_FROM], [COUNT_TO], [PROBABILITY], [NATURE], [ADDITIONAL_COMPONENT], [ADDITIONAL_COUNT]) VALUES (9, 0, 3, 24, 100, NULL, NULL, NULL);

--	K
INSERT INTO TREASURE_COMPOSITION ([TREASURE_CLASS], [COMPONENT], [COUNT_FROM], [COUNT_TO], [PROBABILITY], [NATURE], [ADDITIONAL_COMPONENT], [ADDITIONAL_COUNT]) VALUES (10, 1, 3, 18, 10, NULL, NULL, NULL);

--	L
INSERT INTO TREASURE_COMPOSITION ([TREASURE_CLASS], [COMPONENT], [COUNT_FROM], [COUNT_TO], [PROBABILITY], [NATURE], [ADDITIONAL_COMPONENT], [ADDITIONAL_COUNT]) VALUES (11, 3, 2, 12, 100, NULL, NULL, NULL);

--	M
INSERT INTO TREASURE_COMPOSITION ([TREASURE_CLASS], [COMPONENT], [COUNT_FROM], [COUNT_TO], [PROBABILITY], [NATURE], [ADDITIONAL_COMPONENT], [ADDITIONAL_COUNT]) VALUES (12, 2, 2, 8, 100, NULL, NULL, NULL);

--	N
INSERT INTO TREASURE_COMPOSITION ([TREASURE_CLASS], [COMPONENT], [COUNT_FROM], [COUNT_TO], [PROBABILITY], [NATURE], [ADDITIONAL_COMPONENT], [ADDITIONAL_COUNT]) VALUES (13, 3, 1, 6, 100, NULL, NULL, NULL);

--	O
INSERT INTO TREASURE_COMPOSITION ([TREASURE_CLASS], [COMPONENT], [COUNT_FROM], [COUNT_TO], [PROBABILITY], [NATURE], [ADDITIONAL_COMPONENT], [ADDITIONAL_COUNT]) VALUES (14, 0, 10, 40, 100, NULL, NULL, NULL);
INSERT INTO TREASURE_COMPOSITION ([TREASURE_CLASS], [COMPONENT], [COUNT_FROM], [COUNT_TO], [PROBABILITY], [NATURE], [ADDITIONAL_COMPONENT], [ADDITIONAL_COUNT]) VALUES (14, 1, 10, 30, 100, NULL, NULL, NULL);

--	P
INSERT INTO TREASURE_COMPOSITION ([TREASURE_CLASS], [COMPONENT], [COUNT_FROM], [COUNT_TO], [PROBABILITY], [NATURE], [ADDITIONAL_COMPONENT], [ADDITIONAL_COUNT]) VALUES (15, 1, 10, 60, 100, NULL, NULL, NULL);
INSERT INTO TREASURE_COMPOSITION ([TREASURE_CLASS], [COMPONENT], [COUNT_FROM], [COUNT_TO], [PROBABILITY], [NATURE], [ADDITIONAL_COMPONENT], [ADDITIONAL_COUNT]) VALUES (15, 3, 1, 20, 100, NULL, NULL, NULL);

--	Q
INSERT INTO TREASURE_COMPOSITION ([TREASURE_CLASS], [COMPONENT], [COUNT_FROM], [COUNT_TO], [PROBABILITY], [NATURE], [ADDITIONAL_COMPONENT], [ADDITIONAL_COUNT]) VALUES (16, 4, 1, 4, 100, NULL, NULL, NULL);

--	R
INSERT INTO TREASURE_COMPOSITION ([TREASURE_CLASS], [COMPONENT], [COUNT_FROM], [COUNT_TO], [PROBABILITY], [NATURE], [ADDITIONAL_COMPONENT], [ADDITIONAL_COUNT]) VALUES (17, 2, 2, 20, 100, NULL, NULL, NULL);
INSERT INTO TREASURE_COMPOSITION ([TREASURE_CLASS], [COMPONENT], [COUNT_FROM], [COUNT_TO], [PROBABILITY], [NATURE], [ADDITIONAL_COMPONENT], [ADDITIONAL_COUNT]) VALUES (17, 3, 10, 60, 100, NULL, NULL, NULL);
INSERT INTO TREASURE_COMPOSITION ([TREASURE_CLASS], [COMPONENT], [COUNT_FROM], [COUNT_TO], [PROBABILITY], [NATURE], [ADDITIONAL_COMPONENT], [ADDITIONAL_COUNT]) VALUES (17, 4, 2, 8, 100, NULL, NULL, NULL);
INSERT INTO TREASURE_COMPOSITION ([TREASURE_CLASS], [COMPONENT], [COUNT_FROM], [COUNT_TO], [PROBABILITY], [NATURE], [ADDITIONAL_COMPONENT], [ADDITIONAL_COUNT]) VALUES (17, 5, 1, 3, 100, NULL, NULL, NULL);

--	S
INSERT INTO TREASURE_COMPOSITION ([TREASURE_CLASS], [COMPONENT], [COUNT_FROM], [COUNT_TO], [PROBABILITY], [NATURE], [ADDITIONAL_COMPONENT], [ADDITIONAL_COUNT]) VALUES (18, 6, 1, 8, 100, 4, NULL, NULL);

--	T
INSERT INTO TREASURE_COMPOSITION ([TREASURE_CLASS], [COMPONENT], [COUNT_FROM], [COUNT_TO], [PROBABILITY], [NATURE], [ADDITIONAL_COMPONENT], [ADDITIONAL_COUNT]) VALUES (19, 6, 1, 4, 100, 8, NULL, NULL);

--	U
INSERT INTO TREASURE_COMPOSITION ([TREASURE_CLASS], [COMPONENT], [COUNT_FROM], [COUNT_TO], [PROBABILITY], [NATURE], [ADDITIONAL_COMPONENT], [ADDITIONAL_COUNT]) VALUES (20, 4, 2, 16, 90, NULL, NULL, NULL);
INSERT INTO TREASURE_COMPOSITION ([TREASURE_CLASS], [COMPONENT], [COUNT_FROM], [COUNT_TO], [PROBABILITY], [NATURE], [ADDITIONAL_COMPONENT], [ADDITIONAL_COUNT]) VALUES (20, 5, 1, 6, 80, NULL, NULL, NULL);
INSERT INTO TREASURE_COMPOSITION ([TREASURE_CLASS], [COMPONENT], [COUNT_FROM], [COUNT_TO], [PROBABILITY], [NATURE], [ADDITIONAL_COMPONENT], [ADDITIONAL_COUNT]) VALUES (20, 6, 1, 1, 70, 255, NULL, NULL);

--	V
INSERT INTO TREASURE_COMPOSITION ([TREASURE_CLASS], [COMPONENT], [COUNT_FROM], [COUNT_TO], [PROBABILITY], [NATURE], [ADDITIONAL_COMPONENT], [ADDITIONAL_COUNT]) VALUES (21, 6, 2, 2, 100, 255, NULL, NULL);

--	W
INSERT INTO TREASURE_COMPOSITION ([TREASURE_CLASS], [COMPONENT], [COUNT_FROM], [COUNT_TO], [PROBABILITY], [NATURE], [ADDITIONAL_COMPONENT], [ADDITIONAL_COUNT]) VALUES (22, 2, 5, 30, 100, NULL, NULL, NULL);
INSERT INTO TREASURE_COMPOSITION ([TREASURE_CLASS], [COMPONENT], [COUNT_FROM], [COUNT_TO], [PROBABILITY], [NATURE], [ADDITIONAL_COMPONENT], [ADDITIONAL_COUNT]) VALUES (22, 3, 1, 8, 100, NULL, NULL, NULL);
INSERT INTO TREASURE_COMPOSITION ([TREASURE_CLASS], [COMPONENT], [COUNT_FROM], [COUNT_TO], [PROBABILITY], [NATURE], [ADDITIONAL_COMPONENT], [ADDITIONAL_COUNT]) VALUES (22, 4, 2, 16, 60, NULL, NULL, NULL);
INSERT INTO TREASURE_COMPOSITION ([TREASURE_CLASS], [COMPONENT], [COUNT_FROM], [COUNT_TO], [PROBABILITY], [NATURE], [ADDITIONAL_COMPONENT], [ADDITIONAL_COUNT]) VALUES (22, 5, 1, 8, 50, NULL, NULL, NULL);
INSERT INTO TREASURE_COMPOSITION ([TREASURE_CLASS], [COMPONENT], [COUNT_FROM], [COUNT_TO], [PROBABILITY], [NATURE], [ADDITIONAL_COMPONENT], [ADDITIONAL_COUNT]) VALUES (22, 6, 2, 2, 60, 255, NULL, NULL);

--	X
INSERT INTO TREASURE_COMPOSITION ([TREASURE_CLASS], [COMPONENT], [COUNT_FROM], [COUNT_TO], [PROBABILITY], [NATURE], [ADDITIONAL_COMPONENT], [ADDITIONAL_COUNT]) VALUES (23, 6, 2, 2, 100, 4, NULL, NULL);

--	Y
INSERT INTO TREASURE_COMPOSITION ([TREASURE_CLASS], [COMPONENT], [COUNT_FROM], [COUNT_TO], [PROBABILITY], [NATURE], [ADDITIONAL_COMPONENT], [ADDITIONAL_COUNT]) VALUES (24, 2, 200, 1200, 100, NULL, NULL, NULL);

--	Z
INSERT INTO TREASURE_COMPOSITION ([TREASURE_CLASS], [COMPONENT], [COUNT_FROM], [COUNT_TO], [PROBABILITY], [NATURE], [ADDITIONAL_COMPONENT], [ADDITIONAL_COUNT]) VALUES (25, 0, 100, 300, 100, NULL, NULL, NULL);
INSERT INTO TREASURE_COMPOSITION ([TREASURE_CLASS], [COMPONENT], [COUNT_FROM], [COUNT_TO], [PROBABILITY], [NATURE], [ADDITIONAL_COMPONENT], [ADDITIONAL_COUNT]) VALUES (25, 1, 100, 400, 100, NULL, NULL, NULL);
INSERT INTO TREASURE_COMPOSITION ([TREASURE_CLASS], [COMPONENT], [COUNT_FROM], [COUNT_TO], [PROBABILITY], [NATURE], [ADDITIONAL_COMPONENT], [ADDITIONAL_COUNT]) VALUES (25, 2, 100, 600, 100, NULL, NULL, NULL);
INSERT INTO TREASURE_COMPOSITION ([TREASURE_CLASS], [COMPONENT], [COUNT_FROM], [COUNT_TO], [PROBABILITY], [NATURE], [ADDITIONAL_COMPONENT], [ADDITIONAL_COUNT]) VALUES (25, 3, 100, 400, 100, NULL, NULL, NULL);
INSERT INTO TREASURE_COMPOSITION ([TREASURE_CLASS], [COMPONENT], [COUNT_FROM], [COUNT_TO], [PROBABILITY], [NATURE], [ADDITIONAL_COMPONENT], [ADDITIONAL_COUNT]) VALUES (25, 4, 1, 6, 55, NULL, NULL, NULL);
INSERT INTO TREASURE_COMPOSITION ([TREASURE_CLASS], [COMPONENT], [COUNT_FROM], [COUNT_TO], [PROBABILITY], [NATURE], [ADDITIONAL_COMPONENT], [ADDITIONAL_COUNT]) VALUES (25, 5, 2, 12, 50, NULL, NULL, NULL);
INSERT INTO TREASURE_COMPOSITION ([TREASURE_CLASS], [COMPONENT], [COUNT_FROM], [COUNT_TO], [PROBABILITY], [NATURE], [ADDITIONAL_COMPONENT], [ADDITIONAL_COUNT]) VALUES (25, 6, 3, 3, 50, 255, NULL, NULL);

COMMIT TRANSACTION;

-----------------------------------------------------------------------------------------------------------

BEGIN TRANSACTION;

INSERT INTO MONSTER_FREQUENCY ([ID], [DESCRIPTION], [CHANCE]) VALUES (0, 'Unique', NULL);
INSERT INTO MONSTER_FREQUENCY ([ID], [DESCRIPTION], [CHANCE]) VALUES (1, 'Very rare', 4);
INSERT INTO MONSTER_FREQUENCY ([ID], [DESCRIPTION], [CHANCE]) VALUES (2, 'Rare', 11);
INSERT INTO MONSTER_FREQUENCY ([ID], [DESCRIPTION], [CHANCE]) VALUES (3, 'Uncommon', 20);
INSERT INTO MONSTER_FREQUENCY ([ID], [DESCRIPTION], [CHANCE]) VALUES (4, 'Common', 65);

COMMIT TRANSACTION;

-----------------------------------------------------------------------------------------------------------

BEGIN TRANSACTION;

INSERT INTO MONSTER_INTELLIGENCE ([ID], [SCORE_FROM], [SCORE_TO], [DESCRIPTION]) VALUES (0, 0, NULL, 'Nonintelligent or not ratable');
INSERT INTO MONSTER_INTELLIGENCE ([ID], [SCORE_FROM], [SCORE_TO], [DESCRIPTION]) VALUES (1, 1, NULL, 'Animal intelligence');
INSERT INTO MONSTER_INTELLIGENCE ([ID], [SCORE_FROM], [SCORE_TO], [DESCRIPTION]) VALUES (2, 2, 4, 'Semi-intelligent');
INSERT INTO MONSTER_INTELLIGENCE ([ID], [SCORE_FROM], [SCORE_TO], [DESCRIPTION]) VALUES (3, 5, 7, 'Low intelligence');
INSERT INTO MONSTER_INTELLIGENCE ([ID], [SCORE_FROM], [SCORE_TO], [DESCRIPTION]) VALUES (4, 8, 10, 'Average (human) intelligence');
INSERT INTO MONSTER_INTELLIGENCE ([ID], [SCORE_FROM], [SCORE_TO], [DESCRIPTION]) VALUES (5, 11, 12, 'Very intelligent');
INSERT INTO MONSTER_INTELLIGENCE ([ID], [SCORE_FROM], [SCORE_TO], [DESCRIPTION]) VALUES (6, 13, 14, 'Highly intelligent');
INSERT INTO MONSTER_INTELLIGENCE ([ID], [SCORE_FROM], [SCORE_TO], [DESCRIPTION]) VALUES (7, 15, 16, 'Exceptionally intelligent');
INSERT INTO MONSTER_INTELLIGENCE ([ID], [SCORE_FROM], [SCORE_TO], [DESCRIPTION]) VALUES (8, 17, 18, 'Genius');
INSERT INTO MONSTER_INTELLIGENCE ([ID], [SCORE_FROM], [SCORE_TO], [DESCRIPTION]) VALUES (9, 19, 20, 'Supra-genius');
INSERT INTO MONSTER_INTELLIGENCE ([ID], [SCORE_FROM], [SCORE_TO], [DESCRIPTION]) VALUES (10, 21, 25, 'Godlike intelligence');

COMMIT TRANSACTION;

-----------------------------------------------------------------------------------------------------------

BEGIN TRANSACTION;

INSERT INTO MONSTER_MORALE ([ID], [SCORE_FROM], [SCORE_TO], [DESCRIPTION]) VALUES (0, 2, 4, 'Unreliable');
INSERT INTO MONSTER_MORALE ([ID], [SCORE_FROM], [SCORE_TO], [DESCRIPTION]) VALUES (1, 5, 7, 'Unsteady');
INSERT INTO MONSTER_MORALE ([ID], [SCORE_FROM], [SCORE_TO], [DESCRIPTION]) VALUES (2, 8, 10, 'Average');
INSERT INTO MONSTER_MORALE ([ID], [SCORE_FROM], [SCORE_TO], [DESCRIPTION]) VALUES (3, 11, 12, 'Steady');
INSERT INTO MONSTER_MORALE ([ID], [SCORE_FROM], [SCORE_TO], [DESCRIPTION]) VALUES (4, 13, 14, 'Elite');
INSERT INTO MONSTER_MORALE ([ID], [SCORE_FROM], [SCORE_TO], [DESCRIPTION]) VALUES (5, 15, 16, 'Champion');
INSERT INTO MONSTER_MORALE ([ID], [SCORE_FROM], [SCORE_TO], [DESCRIPTION]) VALUES (6, 17, 18, 'Fanatic');
INSERT INTO MONSTER_MORALE ([ID], [SCORE_FROM], [SCORE_TO], [DESCRIPTION]) VALUES (7, 19, 20, 'Fearless');

COMMIT TRANSACTION;

-----------------------------------------------------------------------------------------------------------

BEGIN TRANSACTION;

INSERT INTO MONSTER ([NAME], [CLIMATE], [TERRAIN], [FREQUENCY], [ORGANISATION], [ACTIVITY_CYCLE], [DIET], [INTELLIGENCE], [ALIGNMENT], [MORALE]) VALUES ('Aarakocra', NULL, NULL, 1, NULL, NULL, NULL, 4, 513, 3);
INSERT INTO MONSTER ([NAME], [CLIMATE], [TERRAIN], [FREQUENCY], [ORGANISATION], [ACTIVITY_CYCLE], [DIET], [INTELLIGENCE], [ALIGNMENT], [MORALE]) VALUES ('Aboleth', NULL, NULL, NULL, NULL, NULL, NULL, NULL, NULL, NULL);
INSERT INTO MONSTER ([NAME], [CLIMATE], [TERRAIN], [FREQUENCY], [ORGANISATION], [ACTIVITY_CYCLE], [DIET], [INTELLIGENCE], [ALIGNMENT], [MORALE]) VALUES ('Ankheg', NULL, NULL, NULL, NULL, NULL, NULL, NULL, NULL, NULL);
INSERT INTO MONSTER ([NAME], [CLIMATE], [TERRAIN], [FREQUENCY], [ORGANISATION], [ACTIVITY_CYCLE], [DIET], [INTELLIGENCE], [ALIGNMENT], [MORALE]) VALUES ('Arcane', NULL, NULL, NULL, NULL, NULL, NULL, NULL, NULL, NULL);
INSERT INTO MONSTER ([NAME], [CLIMATE], [TERRAIN], [FREQUENCY], [ORGANISATION], [ACTIVITY_CYCLE], [DIET], [INTELLIGENCE], [ALIGNMENT], [MORALE]) VALUES ('Argos', NULL, NULL, NULL, NULL, NULL, NULL, NULL, NULL, NULL);
INSERT INTO MONSTER ([NAME], [CLIMATE], [TERRAIN], [FREQUENCY], [ORGANISATION], [ACTIVITY_CYCLE], [DIET], [INTELLIGENCE], [ALIGNMENT], [MORALE]) VALUES ('Aurumvorax', NULL, NULL, NULL, NULL, NULL, NULL, NULL, NULL, NULL);
INSERT INTO MONSTER ([NAME], [CLIMATE], [TERRAIN], [FREQUENCY], [ORGANISATION], [ACTIVITY_CYCLE], [DIET], [INTELLIGENCE], [ALIGNMENT], [MORALE]) VALUES ('Pit fiend', NULL, NULL, NULL, NULL, NULL, NULL, NULL, NULL, NULL);
INSERT INTO MONSTER ([NAME], [CLIMATE], [TERRAIN], [FREQUENCY], [ORGANISATION], [ACTIVITY_CYCLE], [DIET], [INTELLIGENCE], [ALIGNMENT], [MORALE]) VALUES ('Abishai black', NULL, NULL, NULL, NULL, NULL, NULL, NULL, NULL, NULL);
INSERT INTO MONSTER ([NAME], [CLIMATE], [TERRAIN], [FREQUENCY], [ORGANISATION], [ACTIVITY_CYCLE], [DIET], [INTELLIGENCE], [ALIGNMENT], [MORALE]) VALUES ('Abishai green', NULL, NULL, NULL, NULL, NULL, NULL, NULL, NULL, NULL);
INSERT INTO MONSTER ([NAME], [CLIMATE], [TERRAIN], [FREQUENCY], [ORGANISATION], [ACTIVITY_CYCLE], [DIET], [INTELLIGENCE], [ALIGNMENT], [MORALE]) VALUES ('Abishai red', NULL, NULL, NULL, NULL, NULL, NULL, NULL, NULL, NULL);
INSERT INTO MONSTER ([NAME], [CLIMATE], [TERRAIN], [FREQUENCY], [ORGANISATION], [ACTIVITY_CYCLE], [DIET], [INTELLIGENCE], [ALIGNMENT], [MORALE]) VALUES ('Banshee', NULL, NULL, NULL, NULL, NULL, NULL, NULL, NULL, NULL);
INSERT INTO MONSTER ([NAME], [CLIMATE], [TERRAIN], [FREQUENCY], [ORGANISATION], [ACTIVITY_CYCLE], [DIET], [INTELLIGENCE], [ALIGNMENT], [MORALE]) VALUES ('Lesser basilisk', NULL, NULL, NULL, NULL, NULL, NULL, NULL, NULL, NULL);
INSERT INTO MONSTER ([NAME], [CLIMATE], [TERRAIN], [FREQUENCY], [ORGANISATION], [ACTIVITY_CYCLE], [DIET], [INTELLIGENCE], [ALIGNMENT], [MORALE]) VALUES ('Greater basilisk', NULL, NULL, NULL, NULL, NULL, NULL, NULL, NULL, NULL);
INSERT INTO MONSTER ([NAME], [CLIMATE], [TERRAIN], [FREQUENCY], [ORGANISATION], [ACTIVITY_CYCLE], [DIET], [INTELLIGENCE], [ALIGNMENT], [MORALE]) VALUES ('Dracolisk', NULL, NULL, NULL, NULL, NULL, NULL, NULL, NULL, NULL);
INSERT INTO MONSTER ([NAME], [CLIMATE], [TERRAIN], [FREQUENCY], [ORGANISATION], [ACTIVITY_CYCLE], [DIET], [INTELLIGENCE], [ALIGNMENT], [MORALE]) VALUES ('Common bat', NULL, NULL, NULL, NULL, NULL, NULL, NULL, NULL, NULL);
INSERT INTO MONSTER ([NAME], [CLIMATE], [TERRAIN], [FREQUENCY], [ORGANISATION], [ACTIVITY_CYCLE], [DIET], [INTELLIGENCE], [ALIGNMENT], [MORALE]) VALUES ('Large bat', NULL, NULL, NULL, NULL, NULL, NULL, NULL, NULL, NULL);
INSERT INTO MONSTER ([NAME], [CLIMATE], [TERRAIN], [FREQUENCY], [ORGANISATION], [ACTIVITY_CYCLE], [DIET], [INTELLIGENCE], [ALIGNMENT], [MORALE]) VALUES ('Huge bat', NULL, NULL, NULL, NULL, NULL, NULL, NULL, NULL, NULL);
INSERT INTO MONSTER ([NAME], [CLIMATE], [TERRAIN], [FREQUENCY], [ORGANISATION], [ACTIVITY_CYCLE], [DIET], [INTELLIGENCE], [ALIGNMENT], [MORALE]) VALUES ('Azmyth', NULL, NULL, NULL, NULL, NULL, NULL, NULL, NULL, NULL);
INSERT INTO MONSTER ([NAME], [CLIMATE], [TERRAIN], [FREQUENCY], [ORGANISATION], [ACTIVITY_CYCLE], [DIET], [INTELLIGENCE], [ALIGNMENT], [MORALE]) VALUES ('Night hunter', NULL, NULL, NULL, NULL, NULL, NULL, NULL, NULL, NULL);
INSERT INTO MONSTER ([NAME], [CLIMATE], [TERRAIN], [FREQUENCY], [ORGANISATION], [ACTIVITY_CYCLE], [DIET], [INTELLIGENCE], [ALIGNMENT], [MORALE]) VALUES ('Sinister', NULL, NULL, NULL, NULL, NULL, NULL, NULL, NULL, NULL);
INSERT INTO MONSTER ([NAME], [CLIMATE], [TERRAIN], [FREQUENCY], [ORGANISATION], [ACTIVITY_CYCLE], [DIET], [INTELLIGENCE], [ALIGNMENT], [MORALE]) VALUES ('Black bear', NULL, NULL, NULL, NULL, NULL, NULL, NULL, NULL, NULL);
INSERT INTO MONSTER ([NAME], [CLIMATE], [TERRAIN], [FREQUENCY], [ORGANISATION], [ACTIVITY_CYCLE], [DIET], [INTELLIGENCE], [ALIGNMENT], [MORALE]) VALUES ('Brown bear', NULL, NULL, NULL, NULL, NULL, NULL, NULL, NULL, NULL);
INSERT INTO MONSTER ([NAME], [CLIMATE], [TERRAIN], [FREQUENCY], [ORGANISATION], [ACTIVITY_CYCLE], [DIET], [INTELLIGENCE], [ALIGNMENT], [MORALE]) VALUES ('Cave bear', NULL, NULL, NULL, NULL, NULL, NULL, NULL, NULL, NULL);
INSERT INTO MONSTER ([NAME], [CLIMATE], [TERRAIN], [FREQUENCY], [ORGANISATION], [ACTIVITY_CYCLE], [DIET], [INTELLIGENCE], [ALIGNMENT], [MORALE]) VALUES ('Polar bear', NULL, NULL, NULL, NULL, NULL, NULL, NULL, NULL, NULL);
INSERT INTO MONSTER ([NAME], [CLIMATE], [TERRAIN], [FREQUENCY], [ORGANISATION], [ACTIVITY_CYCLE], [DIET], [INTELLIGENCE], [ALIGNMENT], [MORALE]) VALUES ('Bombardier', NULL, NULL, NULL, NULL, NULL, NULL, NULL, NULL, NULL);
INSERT INTO MONSTER ([NAME], [CLIMATE], [TERRAIN], [FREQUENCY], [ORGANISATION], [ACTIVITY_CYCLE], [DIET], [INTELLIGENCE], [ALIGNMENT], [MORALE]) VALUES ('Boring beetle', NULL, NULL, NULL, NULL, NULL, NULL, NULL, NULL, NULL);
INSERT INTO MONSTER ([NAME], [CLIMATE], [TERRAIN], [FREQUENCY], [ORGANISATION], [ACTIVITY_CYCLE], [DIET], [INTELLIGENCE], [ALIGNMENT], [MORALE]) VALUES ('Fire beetle', NULL, NULL, NULL, NULL, NULL, NULL, NULL, NULL, NULL);
INSERT INTO MONSTER ([NAME], [CLIMATE], [TERRAIN], [FREQUENCY], [ORGANISATION], [ACTIVITY_CYCLE], [DIET], [INTELLIGENCE], [ALIGNMENT], [MORALE]) VALUES ('Rhinoceros', NULL, NULL, NULL, NULL, NULL, NULL, NULL, NULL, NULL);
INSERT INTO MONSTER ([NAME], [CLIMATE], [TERRAIN], [FREQUENCY], [ORGANISATION], [ACTIVITY_CYCLE], [DIET], [INTELLIGENCE], [ALIGNMENT], [MORALE]) VALUES ('Stag', NULL, NULL, NULL, NULL, NULL, NULL, NULL, NULL, NULL);
INSERT INTO MONSTER ([NAME], [CLIMATE], [TERRAIN], [FREQUENCY], [ORGANISATION], [ACTIVITY_CYCLE], [DIET], [INTELLIGENCE], [ALIGNMENT], [MORALE]) VALUES ('Water beetle', NULL, NULL, NULL, NULL, NULL, NULL, NULL, NULL, NULL);
INSERT INTO MONSTER ([NAME], [CLIMATE], [TERRAIN], [FREQUENCY], [ORGANISATION], [ACTIVITY_CYCLE], [DIET], [INTELLIGENCE], [ALIGNMENT], [MORALE]) VALUES ('Behir', NULL, NULL, NULL, NULL, NULL, NULL, NULL, NULL, NULL);
INSERT INTO MONSTER ([NAME], [CLIMATE], [TERRAIN], [FREQUENCY], [ORGANISATION], [ACTIVITY_CYCLE], [DIET], [INTELLIGENCE], [ALIGNMENT], [MORALE]) VALUES ('Beholder', NULL, NULL, NULL, NULL, NULL, NULL, NULL, NULL, NULL);
INSERT INTO MONSTER ([NAME], [CLIMATE], [TERRAIN], [FREQUENCY], [ORGANISATION], [ACTIVITY_CYCLE], [DIET], [INTELLIGENCE], [ALIGNMENT], [MORALE]) VALUES ('Death kiss', NULL, NULL, NULL, NULL, NULL, NULL, NULL, NULL, NULL);
INSERT INTO MONSTER ([NAME], [CLIMATE], [TERRAIN], [FREQUENCY], [ORGANISATION], [ACTIVITY_CYCLE], [DIET], [INTELLIGENCE], [ALIGNMENT], [MORALE]) VALUES ('Eye of the deep', NULL, NULL, NULL, NULL, NULL, NULL, NULL, NULL, NULL);
INSERT INTO MONSTER ([NAME], [CLIMATE], [TERRAIN], [FREQUENCY], [ORGANISATION], [ACTIVITY_CYCLE], [DIET], [INTELLIGENCE], [ALIGNMENT], [MORALE]) VALUES ('Gauth', NULL, NULL, NULL, NULL, NULL, NULL, NULL, NULL, NULL);
INSERT INTO MONSTER ([NAME], [CLIMATE], [TERRAIN], [FREQUENCY], [ORGANISATION], [ACTIVITY_CYCLE], [DIET], [INTELLIGENCE], [ALIGNMENT], [MORALE]) VALUES ('Beholder spectator', NULL, NULL, NULL, NULL, NULL, NULL, NULL, NULL, NULL);
INSERT INTO MONSTER ([NAME], [CLIMATE], [TERRAIN], [FREQUENCY], [ORGANISATION], [ACTIVITY_CYCLE], [DIET], [INTELLIGENCE], [ALIGNMENT], [MORALE]) VALUES ('Beholder undead', NULL, NULL, NULL, NULL, NULL, NULL, NULL, NULL, NULL);
INSERT INTO MONSTER ([NAME], [CLIMATE], [TERRAIN], [FREQUENCY], [ORGANISATION], [ACTIVITY_CYCLE], [DIET], [INTELLIGENCE], [ALIGNMENT], [MORALE]) VALUES ('Hive mother', NULL, NULL, NULL, NULL, NULL, NULL, NULL, NULL, NULL);
INSERT INTO MONSTER ([NAME], [CLIMATE], [TERRAIN], [FREQUENCY], [ORGANISATION], [ACTIVITY_CYCLE], [DIET], [INTELLIGENCE], [ALIGNMENT], [MORALE]) VALUES ('Beholder director', NULL, NULL, NULL, NULL, NULL, NULL, NULL, NULL, NULL);
INSERT INTO MONSTER ([NAME], [CLIMATE], [TERRAIN], [FREQUENCY], [ORGANISATION], [ACTIVITY_CYCLE], [DIET], [INTELLIGENCE], [ALIGNMENT], [MORALE]) VALUES ('Beholder examiner', NULL, NULL, NULL, NULL, NULL, NULL, NULL, NULL, NULL);
INSERT INTO MONSTER ([NAME], [CLIMATE], [TERRAIN], [FREQUENCY], [ORGANISATION], [ACTIVITY_CYCLE], [DIET], [INTELLIGENCE], [ALIGNMENT], [MORALE]) VALUES ('Lensman', NULL, NULL, NULL, NULL, NULL, NULL, NULL, NULL, NULL);
INSERT INTO MONSTER ([NAME], [CLIMATE], [TERRAIN], [FREQUENCY], [ORGANISATION], [ACTIVITY_CYCLE], [DIET], [INTELLIGENCE], [ALIGNMENT], [MORALE]) VALUES ('Overseer', NULL, NULL, NULL, NULL, NULL, NULL, NULL, NULL, NULL);
INSERT INTO MONSTER ([NAME], [CLIMATE], [TERRAIN], [FREQUENCY], [ORGANISATION], [ACTIVITY_CYCLE], [DIET], [INTELLIGENCE], [ALIGNMENT], [MORALE]) VALUES ('Watcher', NULL, NULL, NULL, NULL, NULL, NULL, NULL, NULL, NULL);
INSERT INTO MONSTER ([NAME], [CLIMATE], [TERRAIN], [FREQUENCY], [ORGANISATION], [ACTIVITY_CYCLE], [DIET], [INTELLIGENCE], [ALIGNMENT], [MORALE]) VALUES ('Beholder mage', NULL, NULL, NULL, NULL, NULL, NULL, NULL, NULL, NULL);
INSERT INTO MONSTER ([NAME], [CLIMATE], [TERRAIN], [FREQUENCY], [ORGANISATION], [ACTIVITY_CYCLE], [DIET], [INTELLIGENCE], [ALIGNMENT], [MORALE]) VALUES ('Elder orb', NULL, NULL, NULL, NULL, NULL, NULL, NULL, NULL, NULL);
INSERT INTO MONSTER ([NAME], [CLIMATE], [TERRAIN], [FREQUENCY], [ORGANISATION], [ACTIVITY_CYCLE], [DIET], [INTELLIGENCE], [ALIGNMENT], [MORALE]) VALUES ('Orbus', NULL, NULL, NULL, NULL, NULL, NULL, NULL, NULL, NULL);
INSERT INTO MONSTER ([NAME], [CLIMATE], [TERRAIN], [FREQUENCY], [ORGANISATION], [ACTIVITY_CYCLE], [DIET], [INTELLIGENCE], [ALIGNMENT], [MORALE]) VALUES ('Doomsphere', NULL, NULL, NULL, NULL, NULL, NULL, NULL, NULL, NULL);
INSERT INTO MONSTER ([NAME], [CLIMATE], [TERRAIN], [FREQUENCY], [ORGANISATION], [ACTIVITY_CYCLE], [DIET], [INTELLIGENCE], [ALIGNMENT], [MORALE]) VALUES ('Kasharin', NULL, NULL, NULL, NULL, NULL, NULL, NULL, NULL, NULL);
INSERT INTO MONSTER ([NAME], [CLIMATE], [TERRAIN], [FREQUENCY], [ORGANISATION], [ACTIVITY_CYCLE], [DIET], [INTELLIGENCE], [ALIGNMENT], [MORALE]) VALUES ('Astereater', NULL, NULL, NULL, NULL, NULL, NULL, NULL, NULL, NULL);
INSERT INTO MONSTER ([NAME], [CLIMATE], [TERRAIN], [FREQUENCY], [ORGANISATION], [ACTIVITY_CYCLE], [DIET], [INTELLIGENCE], [ALIGNMENT], [MORALE]) VALUES ('Gorbel', NULL, NULL, NULL, NULL, NULL, NULL, NULL, NULL, NULL);
INSERT INTO MONSTER ([NAME], [CLIMATE], [TERRAIN], [FREQUENCY], [ORGANISATION], [ACTIVITY_CYCLE], [DIET], [INTELLIGENCE], [ALIGNMENT], [MORALE]) VALUES ('Blood hawk', NULL, NULL, NULL, NULL, NULL, NULL, NULL, NULL, NULL);
INSERT INTO MONSTER ([NAME], [CLIMATE], [TERRAIN], [FREQUENCY], [ORGANISATION], [ACTIVITY_CYCLE], [DIET], [INTELLIGENCE], [ALIGNMENT], [MORALE]) VALUES ('Boobrie', NULL, NULL, NULL, NULL, NULL, NULL, NULL, NULL, NULL);
INSERT INTO MONSTER ([NAME], [CLIMATE], [TERRAIN], [FREQUENCY], [ORGANISATION], [ACTIVITY_CYCLE], [DIET], [INTELLIGENCE], [ALIGNMENT], [MORALE]) VALUES ('Condor', NULL, NULL, NULL, NULL, NULL, NULL, NULL, NULL, NULL);
INSERT INTO MONSTER ([NAME], [CLIMATE], [TERRAIN], [FREQUENCY], [ORGANISATION], [ACTIVITY_CYCLE], [DIET], [INTELLIGENCE], [ALIGNMENT], [MORALE]) VALUES ('Giant eagle', NULL, NULL, NULL, NULL, NULL, NULL, NULL, NULL, NULL);
INSERT INTO MONSTER ([NAME], [CLIMATE], [TERRAIN], [FREQUENCY], [ORGANISATION], [ACTIVITY_CYCLE], [DIET], [INTELLIGENCE], [ALIGNMENT], [MORALE]) VALUES ('Wild eagle', NULL, NULL, NULL, NULL, NULL, NULL, NULL, NULL, NULL);
INSERT INTO MONSTER ([NAME], [CLIMATE], [TERRAIN], [FREQUENCY], [ORGANISATION], [ACTIVITY_CYCLE], [DIET], [INTELLIGENCE], [ALIGNMENT], [MORALE]) VALUES ('Eblis', NULL, NULL, NULL, NULL, NULL, NULL, NULL, NULL, NULL);
INSERT INTO MONSTER ([NAME], [CLIMATE], [TERRAIN], [FREQUENCY], [ORGANISATION], [ACTIVITY_CYCLE], [DIET], [INTELLIGENCE], [ALIGNMENT], [MORALE]) VALUES ('Emre', NULL, NULL, NULL, NULL, NULL, NULL, NULL, NULL, NULL);
INSERT INTO MONSTER ([NAME], [CLIMATE], [TERRAIN], [FREQUENCY], [ORGANISATION], [ACTIVITY_CYCLE], [DIET], [INTELLIGENCE], [ALIGNMENT], [MORALE]) VALUES ('Falcon', NULL, NULL, NULL, NULL, NULL, NULL, NULL, NULL, NULL);
INSERT INTO MONSTER ([NAME], [CLIMATE], [TERRAIN], [FREQUENCY], [ORGANISATION], [ACTIVITY_CYCLE], [DIET], [INTELLIGENCE], [ALIGNMENT], [MORALE]) VALUES ('Flightless bird', NULL, NULL, NULL, NULL, NULL, NULL, NULL, NULL, NULL);
INSERT INTO MONSTER ([NAME], [CLIMATE], [TERRAIN], [FREQUENCY], [ORGANISATION], [ACTIVITY_CYCLE], [DIET], [INTELLIGENCE], [ALIGNMENT], [MORALE]) VALUES ('Large hawk', NULL, NULL, NULL, NULL, NULL, NULL, NULL, NULL, NULL);
INSERT INTO MONSTER ([NAME], [CLIMATE], [TERRAIN], [FREQUENCY], [ORGANISATION], [ACTIVITY_CYCLE], [DIET], [INTELLIGENCE], [ALIGNMENT], [MORALE]) VALUES ('Kingfisher', NULL, NULL, NULL, NULL, NULL, NULL, NULL, NULL, NULL);
INSERT INTO MONSTER ([NAME], [CLIMATE], [TERRAIN], [FREQUENCY], [ORGANISATION], [ACTIVITY_CYCLE], [DIET], [INTELLIGENCE], [ALIGNMENT], [MORALE]) VALUES ('Owl', NULL, NULL, NULL, NULL, NULL, NULL, NULL, NULL, NULL);
INSERT INTO MONSTER ([NAME], [CLIMATE], [TERRAIN], [FREQUENCY], [ORGANISATION], [ACTIVITY_CYCLE], [DIET], [INTELLIGENCE], [ALIGNMENT], [MORALE]) VALUES ('Giant owl', NULL, NULL, NULL, NULL, NULL, NULL, NULL, NULL, NULL);
INSERT INTO MONSTER ([NAME], [CLIMATE], [TERRAIN], [FREQUENCY], [ORGANISATION], [ACTIVITY_CYCLE], [DIET], [INTELLIGENCE], [ALIGNMENT], [MORALE]) VALUES ('Talking owl', NULL, NULL, NULL, NULL, NULL, NULL, NULL, NULL, NULL);
INSERT INTO MONSTER ([NAME], [CLIMATE], [TERRAIN], [FREQUENCY], [ORGANISATION], [ACTIVITY_CYCLE], [DIET], [INTELLIGENCE], [ALIGNMENT], [MORALE]) VALUES ('Raven', NULL, NULL, NULL, NULL, NULL, NULL, NULL, NULL, NULL);
INSERT INTO MONSTER ([NAME], [CLIMATE], [TERRAIN], [FREQUENCY], [ORGANISATION], [ACTIVITY_CYCLE], [DIET], [INTELLIGENCE], [ALIGNMENT], [MORALE]) VALUES ('Huge raven', NULL, NULL, NULL, NULL, NULL, NULL, NULL, NULL, NULL);
INSERT INTO MONSTER ([NAME], [CLIMATE], [TERRAIN], [FREQUENCY], [ORGANISATION], [ACTIVITY_CYCLE], [DIET], [INTELLIGENCE], [ALIGNMENT], [MORALE]) VALUES ('Giant raven', NULL, NULL, NULL, NULL, NULL, NULL, NULL, NULL, NULL);
INSERT INTO MONSTER ([NAME], [CLIMATE], [TERRAIN], [FREQUENCY], [ORGANISATION], [ACTIVITY_CYCLE], [DIET], [INTELLIGENCE], [ALIGNMENT], [MORALE]) VALUES ('Skyfisher', NULL, NULL, NULL, NULL, NULL, NULL, NULL, NULL, NULL);
INSERT INTO MONSTER ([NAME], [CLIMATE], [TERRAIN], [FREQUENCY], [ORGANISATION], [ACTIVITY_CYCLE], [DIET], [INTELLIGENCE], [ALIGNMENT], [MORALE]) VALUES ('Swan', NULL, NULL, NULL, NULL, NULL, NULL, NULL, NULL, NULL);
INSERT INTO MONSTER ([NAME], [CLIMATE], [TERRAIN], [FREQUENCY], [ORGANISATION], [ACTIVITY_CYCLE], [DIET], [INTELLIGENCE], [ALIGNMENT], [MORALE]) VALUES ('Vulture', NULL, NULL, NULL, NULL, NULL, NULL, NULL, NULL, NULL);
INSERT INTO MONSTER ([NAME], [CLIMATE], [TERRAIN], [FREQUENCY], [ORGANISATION], [ACTIVITY_CYCLE], [DIET], [INTELLIGENCE], [ALIGNMENT], [MORALE]) VALUES ('Giant vulture', NULL, NULL, NULL, NULL, NULL, NULL, NULL, NULL, NULL);
INSERT INTO MONSTER ([NAME], [CLIMATE], [TERRAIN], [FREQUENCY], [ORGANISATION], [ACTIVITY_CYCLE], [DIET], [INTELLIGENCE], [ALIGNMENT], [MORALE]) VALUES ('Brain mole', NULL, NULL, NULL, NULL, NULL, NULL, NULL, NULL, NULL);
INSERT INTO MONSTER ([NAME], [CLIMATE], [TERRAIN], [FREQUENCY], [ORGANISATION], [ACTIVITY_CYCLE], [DIET], [INTELLIGENCE], [ALIGNMENT], [MORALE]) VALUES ('Broken one', NULL, NULL, NULL, NULL, NULL, NULL, NULL, NULL, NULL);
INSERT INTO MONSTER ([NAME], [CLIMATE], [TERRAIN], [FREQUENCY], [ORGANISATION], [ACTIVITY_CYCLE], [DIET], [INTELLIGENCE], [ALIGNMENT], [MORALE]) VALUES ('Greater broken one', NULL, NULL, NULL, NULL, NULL, NULL, NULL, NULL, NULL);
INSERT INTO MONSTER ([NAME], [CLIMATE], [TERRAIN], [FREQUENCY], [ORGANISATION], [ACTIVITY_CYCLE], [DIET], [INTELLIGENCE], [ALIGNMENT], [MORALE]) VALUES ('Brownie', NULL, NULL, NULL, NULL, NULL, NULL, NULL, NULL, NULL);
INSERT INTO MONSTER ([NAME], [CLIMATE], [TERRAIN], [FREQUENCY], [ORGANISATION], [ACTIVITY_CYCLE], [DIET], [INTELLIGENCE], [ALIGNMENT], [MORALE]) VALUES ('Killmoulis', NULL, NULL, NULL, NULL, NULL, NULL, NULL, NULL, NULL);
INSERT INTO MONSTER ([NAME], [CLIMATE], [TERRAIN], [FREQUENCY], [ORGANISATION], [ACTIVITY_CYCLE], [DIET], [INTELLIGENCE], [ALIGNMENT], [MORALE]) VALUES ('Bugbear', NULL, NULL, NULL, NULL, NULL, NULL, NULL, NULL, NULL);
INSERT INTO MONSTER ([NAME], [CLIMATE], [TERRAIN], [FREQUENCY], [ORGANISATION], [ACTIVITY_CYCLE], [DIET], [INTELLIGENCE], [ALIGNMENT], [MORALE]) VALUES ('Bulette', NULL, NULL, NULL, NULL, NULL, NULL, NULL, NULL, NULL);
INSERT INTO MONSTER ([NAME], [CLIMATE], [TERRAIN], [FREQUENCY], [ORGANISATION], [ACTIVITY_CYCLE], [DIET], [INTELLIGENCE], [ALIGNMENT], [MORALE]) VALUES ('Bullywug', NULL, NULL, NULL, NULL, NULL, NULL, NULL, NULL, NULL);
INSERT INTO MONSTER ([NAME], [CLIMATE], [TERRAIN], [FREQUENCY], [ORGANISATION], [ACTIVITY_CYCLE], [DIET], [INTELLIGENCE], [ALIGNMENT], [MORALE]) VALUES ('Carrion crawler', NULL, NULL, NULL, NULL, NULL, NULL, NULL, NULL, NULL);
INSERT INTO MONSTER ([NAME], [CLIMATE], [TERRAIN], [FREQUENCY], [ORGANISATION], [ACTIVITY_CYCLE], [DIET], [INTELLIGENCE], [ALIGNMENT], [MORALE]) VALUES ('Cheetah', NULL, NULL, NULL, NULL, NULL, NULL, NULL, NULL, NULL);
INSERT INTO MONSTER ([NAME], [CLIMATE], [TERRAIN], [FREQUENCY], [ORGANISATION], [ACTIVITY_CYCLE], [DIET], [INTELLIGENCE], [ALIGNMENT], [MORALE]) VALUES ('Jaguar', NULL, NULL, NULL, NULL, NULL, NULL, NULL, NULL, NULL);
INSERT INTO MONSTER ([NAME], [CLIMATE], [TERRAIN], [FREQUENCY], [ORGANISATION], [ACTIVITY_CYCLE], [DIET], [INTELLIGENCE], [ALIGNMENT], [MORALE]) VALUES ('Leopard', NULL, NULL, NULL, NULL, NULL, NULL, NULL, NULL, NULL);
INSERT INTO MONSTER ([NAME], [CLIMATE], [TERRAIN], [FREQUENCY], [ORGANISATION], [ACTIVITY_CYCLE], [DIET], [INTELLIGENCE], [ALIGNMENT], [MORALE]) VALUES ('Common lion', NULL, NULL, NULL, NULL, NULL, NULL, NULL, NULL, NULL);
INSERT INTO MONSTER ([NAME], [CLIMATE], [TERRAIN], [FREQUENCY], [ORGANISATION], [ACTIVITY_CYCLE], [DIET], [INTELLIGENCE], [ALIGNMENT], [MORALE]) VALUES ('Mountain lion', NULL, NULL, NULL, NULL, NULL, NULL, NULL, NULL, NULL);
INSERT INTO MONSTER ([NAME], [CLIMATE], [TERRAIN], [FREQUENCY], [ORGANISATION], [ACTIVITY_CYCLE], [DIET], [INTELLIGENCE], [ALIGNMENT], [MORALE]) VALUES ('Spotted lion', NULL, NULL, NULL, NULL, NULL, NULL, NULL, NULL, NULL);
INSERT INTO MONSTER ([NAME], [CLIMATE], [TERRAIN], [FREQUENCY], [ORGANISATION], [ACTIVITY_CYCLE], [DIET], [INTELLIGENCE], [ALIGNMENT], [MORALE]) VALUES ('Giant lynx', NULL, NULL, NULL, NULL, NULL, NULL, NULL, NULL, NULL);
INSERT INTO MONSTER ([NAME], [CLIMATE], [TERRAIN], [FREQUENCY], [ORGANISATION], [ACTIVITY_CYCLE], [DIET], [INTELLIGENCE], [ALIGNMENT], [MORALE]) VALUES ('Wild tiger', NULL, NULL, NULL, NULL, NULL, NULL, NULL, NULL, NULL);
INSERT INTO MONSTER ([NAME], [CLIMATE], [TERRAIN], [FREQUENCY], [ORGANISATION], [ACTIVITY_CYCLE], [DIET], [INTELLIGENCE], [ALIGNMENT], [MORALE]) VALUES ('Smilodon', NULL, NULL, NULL, NULL, NULL, NULL, NULL, NULL, NULL);
INSERT INTO MONSTER ([NAME], [CLIMATE], [TERRAIN], [FREQUENCY], [ORGANISATION], [ACTIVITY_CYCLE], [DIET], [INTELLIGENCE], [ALIGNMENT], [MORALE]) VALUES ('Domestic cat', NULL, NULL, NULL, NULL, NULL, NULL, NULL, NULL, NULL);
INSERT INTO MONSTER ([NAME], [CLIMATE], [TERRAIN], [FREQUENCY], [ORGANISATION], [ACTIVITY_CYCLE], [DIET], [INTELLIGENCE], [ALIGNMENT], [MORALE]) VALUES ('Wild cat', NULL, NULL, NULL, NULL, NULL, NULL, NULL, NULL, NULL);
INSERT INTO MONSTER ([NAME], [CLIMATE], [TERRAIN], [FREQUENCY], [ORGANISATION], [ACTIVITY_CYCLE], [DIET], [INTELLIGENCE], [ALIGNMENT], [MORALE]) VALUES ('Elven cat', NULL, NULL, NULL, NULL, NULL, NULL, NULL, NULL, NULL);
INSERT INTO MONSTER ([NAME], [CLIMATE], [TERRAIN], [FREQUENCY], [ORGANISATION], [ACTIVITY_CYCLE], [DIET], [INTELLIGENCE], [ALIGNMENT], [MORALE]) VALUES ('Catoblepas', NULL, NULL, NULL, NULL, NULL, NULL, NULL, NULL, NULL);
INSERT INTO MONSTER ([NAME], [CLIMATE], [TERRAIN], [FREQUENCY], [ORGANISATION], [ACTIVITY_CYCLE], [DIET], [INTELLIGENCE], [ALIGNMENT], [MORALE]) VALUES ('Cave fisher', NULL, NULL, NULL, NULL, NULL, NULL, NULL, NULL, NULL);
INSERT INTO MONSTER ([NAME], [CLIMATE], [TERRAIN], [FREQUENCY], [ORGANISATION], [ACTIVITY_CYCLE], [DIET], [INTELLIGENCE], [ALIGNMENT], [MORALE]) VALUES ('Centaur', NULL, NULL, NULL, NULL, NULL, NULL, NULL, NULL, NULL);
INSERT INTO MONSTER ([NAME], [CLIMATE], [TERRAIN], [FREQUENCY], [ORGANISATION], [ACTIVITY_CYCLE], [DIET], [INTELLIGENCE], [ALIGNMENT], [MORALE]) VALUES ('Giant centipede', NULL, NULL, NULL, NULL, NULL, NULL, NULL, NULL, NULL);
INSERT INTO MONSTER ([NAME], [CLIMATE], [TERRAIN], [FREQUENCY], [ORGANISATION], [ACTIVITY_CYCLE], [DIET], [INTELLIGENCE], [ALIGNMENT], [MORALE]) VALUES ('Huge centipede', NULL, NULL, NULL, NULL, NULL, NULL, NULL, NULL, NULL);
INSERT INTO MONSTER ([NAME], [CLIMATE], [TERRAIN], [FREQUENCY], [ORGANISATION], [ACTIVITY_CYCLE], [DIET], [INTELLIGENCE], [ALIGNMENT], [MORALE]) VALUES ('Megalocentipede', NULL, NULL, NULL, NULL, NULL, NULL, NULL, NULL, NULL);
INSERT INTO MONSTER ([NAME], [CLIMATE], [TERRAIN], [FREQUENCY], [ORGANISATION], [ACTIVITY_CYCLE], [DIET], [INTELLIGENCE], [ALIGNMENT], [MORALE]) VALUES ('Tunnel worm', NULL, NULL, NULL, NULL, NULL, NULL, NULL, NULL, NULL);
INSERT INTO MONSTER ([NAME], [CLIMATE], [TERRAIN], [FREQUENCY], [ORGANISATION], [ACTIVITY_CYCLE], [DIET], [INTELLIGENCE], [ALIGNMENT], [MORALE]) VALUES ('Chimera', NULL, NULL, NULL, NULL, NULL, NULL, NULL, NULL, NULL);
INSERT INTO MONSTER ([NAME], [CLIMATE], [TERRAIN], [FREQUENCY], [ORGANISATION], [ACTIVITY_CYCLE], [DIET], [INTELLIGENCE], [ALIGNMENT], [MORALE]) VALUES ('Gorgimera', NULL, NULL, NULL, NULL, NULL, NULL, NULL, NULL, NULL);
INSERT INTO MONSTER ([NAME], [CLIMATE], [TERRAIN], [FREQUENCY], [ORGANISATION], [ACTIVITY_CYCLE], [DIET], [INTELLIGENCE], [ALIGNMENT], [MORALE]) VALUES ('Cloaker', NULL, NULL, NULL, NULL, NULL, NULL, NULL, NULL, NULL);
INSERT INTO MONSTER ([NAME], [CLIMATE], [TERRAIN], [FREQUENCY], [ORGANISATION], [ACTIVITY_CYCLE], [DIET], [INTELLIGENCE], [ALIGNMENT], [MORALE]) VALUES ('Cockatrice', NULL, NULL, NULL, NULL, NULL, NULL, NULL, NULL, NULL);
INSERT INTO MONSTER ([NAME], [CLIMATE], [TERRAIN], [FREQUENCY], [ORGANISATION], [ACTIVITY_CYCLE], [DIET], [INTELLIGENCE], [ALIGNMENT], [MORALE]) VALUES ('Pyrolisk', NULL, NULL, NULL, NULL, NULL, NULL, NULL, NULL, NULL);
INSERT INTO MONSTER ([NAME], [CLIMATE], [TERRAIN], [FREQUENCY], [ORGANISATION], [ACTIVITY_CYCLE], [DIET], [INTELLIGENCE], [ALIGNMENT], [MORALE]) VALUES ('Couatl', NULL, NULL, NULL, NULL, NULL, NULL, NULL, NULL, NULL);
INSERT INTO MONSTER ([NAME], [CLIMATE], [TERRAIN], [FREQUENCY], [ORGANISATION], [ACTIVITY_CYCLE], [DIET], [INTELLIGENCE], [ALIGNMENT], [MORALE]) VALUES ('Crabman', NULL, NULL, NULL, NULL, NULL, NULL, NULL, NULL, NULL);
INSERT INTO MONSTER ([NAME], [CLIMATE], [TERRAIN], [FREQUENCY], [ORGANISATION], [ACTIVITY_CYCLE], [DIET], [INTELLIGENCE], [ALIGNMENT], [MORALE]) VALUES ('Crawling claw', NULL, NULL, NULL, NULL, NULL, NULL, NULL, NULL, NULL);
INSERT INTO MONSTER ([NAME], [CLIMATE], [TERRAIN], [FREQUENCY], [ORGANISATION], [ACTIVITY_CYCLE], [DIET], [INTELLIGENCE], [ALIGNMENT], [MORALE]) VALUES ('Crocodile', NULL, NULL, NULL, NULL, NULL, NULL, NULL, NULL, NULL);
INSERT INTO MONSTER ([NAME], [CLIMATE], [TERRAIN], [FREQUENCY], [ORGANISATION], [ACTIVITY_CYCLE], [DIET], [INTELLIGENCE], [ALIGNMENT], [MORALE]) VALUES ('Giant crocodile', NULL, NULL, NULL, NULL, NULL, NULL, NULL, NULL, NULL);
INSERT INTO MONSTER ([NAME], [CLIMATE], [TERRAIN], [FREQUENCY], [ORGANISATION], [ACTIVITY_CYCLE], [DIET], [INTELLIGENCE], [ALIGNMENT], [MORALE]) VALUES ('Giant crab', NULL, NULL, NULL, NULL, NULL, NULL, NULL, NULL, NULL);
INSERT INTO MONSTER ([NAME], [CLIMATE], [TERRAIN], [FREQUENCY], [ORGANISATION], [ACTIVITY_CYCLE], [DIET], [INTELLIGENCE], [ALIGNMENT], [MORALE]) VALUES ('Giant crayfish', NULL, NULL, NULL, NULL, NULL, NULL, NULL, NULL, NULL);
INSERT INTO MONSTER ([NAME], [CLIMATE], [TERRAIN], [FREQUENCY], [ORGANISATION], [ACTIVITY_CYCLE], [DIET], [INTELLIGENCE], [ALIGNMENT], [MORALE]) VALUES ('Crypt thing', NULL, NULL, NULL, NULL, NULL, NULL, NULL, NULL, NULL);
INSERT INTO MONSTER ([NAME], [CLIMATE], [TERRAIN], [FREQUENCY], [ORGANISATION], [ACTIVITY_CYCLE], [DIET], [INTELLIGENCE], [ALIGNMENT], [MORALE]) VALUES ('Death knight', NULL, NULL, NULL, NULL, NULL, NULL, NULL, NULL, NULL);
INSERT INTO MONSTER ([NAME], [CLIMATE], [TERRAIN], [FREQUENCY], [ORGANISATION], [ACTIVITY_CYCLE], [DIET], [INTELLIGENCE], [ALIGNMENT], [MORALE]) VALUES ('Deepspawn', NULL, NULL, NULL, NULL, NULL, NULL, NULL, NULL, NULL);
INSERT INTO MONSTER ([NAME], [CLIMATE], [TERRAIN], [FREQUENCY], [ORGANISATION], [ACTIVITY_CYCLE], [DIET], [INTELLIGENCE], [ALIGNMENT], [MORALE]) VALUES ('Ankylosaurus', NULL, NULL, NULL, NULL, NULL, NULL, NULL, NULL, NULL);
INSERT INTO MONSTER ([NAME], [CLIMATE], [TERRAIN], [FREQUENCY], [ORGANISATION], [ACTIVITY_CYCLE], [DIET], [INTELLIGENCE], [ALIGNMENT], [MORALE]) VALUES ('Deinonychus', NULL, NULL, NULL, NULL, NULL, NULL, NULL, NULL, NULL);
INSERT INTO MONSTER ([NAME], [CLIMATE], [TERRAIN], [FREQUENCY], [ORGANISATION], [ACTIVITY_CYCLE], [DIET], [INTELLIGENCE], [ALIGNMENT], [MORALE]) VALUES ('Diplodocus', NULL, NULL, NULL, NULL, NULL, NULL, NULL, NULL, NULL);
INSERT INTO MONSTER ([NAME], [CLIMATE], [TERRAIN], [FREQUENCY], [ORGANISATION], [ACTIVITY_CYCLE], [DIET], [INTELLIGENCE], [ALIGNMENT], [MORALE]) VALUES ('Elasmosaurus', NULL, NULL, NULL, NULL, NULL, NULL, NULL, NULL, NULL);
INSERT INTO MONSTER ([NAME], [CLIMATE], [TERRAIN], [FREQUENCY], [ORGANISATION], [ACTIVITY_CYCLE], [DIET], [INTELLIGENCE], [ALIGNMENT], [MORALE]) VALUES ('Lambeosaurus', NULL, NULL, NULL, NULL, NULL, NULL, NULL, NULL, NULL);
INSERT INTO MONSTER ([NAME], [CLIMATE], [TERRAIN], [FREQUENCY], [ORGANISATION], [ACTIVITY_CYCLE], [DIET], [INTELLIGENCE], [ALIGNMENT], [MORALE]) VALUES ('Pteranodon', NULL, NULL, NULL, NULL, NULL, NULL, NULL, NULL, NULL);
INSERT INTO MONSTER ([NAME], [CLIMATE], [TERRAIN], [FREQUENCY], [ORGANISATION], [ACTIVITY_CYCLE], [DIET], [INTELLIGENCE], [ALIGNMENT], [MORALE]) VALUES ('Stegosaurus', NULL, NULL, NULL, NULL, NULL, NULL, NULL, NULL, NULL);
INSERT INTO MONSTER ([NAME], [CLIMATE], [TERRAIN], [FREQUENCY], [ORGANISATION], [ACTIVITY_CYCLE], [DIET], [INTELLIGENCE], [ALIGNMENT], [MORALE]) VALUES ('Triceratops', NULL, NULL, NULL, NULL, NULL, NULL, NULL, NULL, NULL);
INSERT INTO MONSTER ([NAME], [CLIMATE], [TERRAIN], [FREQUENCY], [ORGANISATION], [ACTIVITY_CYCLE], [DIET], [INTELLIGENCE], [ALIGNMENT], [MORALE]) VALUES ('Tyrannosaurus', NULL, NULL, NULL, NULL, NULL, NULL, NULL, NULL, NULL);
INSERT INTO MONSTER ([NAME], [CLIMATE], [TERRAIN], [FREQUENCY], [ORGANISATION], [ACTIVITY_CYCLE], [DIET], [INTELLIGENCE], [ALIGNMENT], [MORALE]) VALUES ('Displacer beast', NULL, NULL, NULL, NULL, NULL, NULL, NULL, NULL, NULL);
INSERT INTO MONSTER ([NAME], [CLIMATE], [TERRAIN], [FREQUENCY], [ORGANISATION], [ACTIVITY_CYCLE], [DIET], [INTELLIGENCE], [ALIGNMENT], [MORALE]) VALUES ('Wild dog', NULL, NULL, NULL, NULL, NULL, NULL, NULL, NULL, NULL);
INSERT INTO MONSTER ([NAME], [CLIMATE], [TERRAIN], [FREQUENCY], [ORGANISATION], [ACTIVITY_CYCLE], [DIET], [INTELLIGENCE], [ALIGNMENT], [MORALE]) VALUES ('War dog', NULL, NULL, NULL, NULL, NULL, NULL, NULL, NULL, NULL);
INSERT INTO MONSTER ([NAME], [CLIMATE], [TERRAIN], [FREQUENCY], [ORGANISATION], [ACTIVITY_CYCLE], [DIET], [INTELLIGENCE], [ALIGNMENT], [MORALE]) VALUES ('Blink dog', NULL, NULL, NULL, NULL, NULL, NULL, NULL, NULL, NULL);
INSERT INTO MONSTER ([NAME], [CLIMATE], [TERRAIN], [FREQUENCY], [ORGANISATION], [ACTIVITY_CYCLE], [DIET], [INTELLIGENCE], [ALIGNMENT], [MORALE]) VALUES ('Death dog', NULL, NULL, NULL, NULL, NULL, NULL, NULL, NULL, NULL);
INSERT INTO MONSTER ([NAME], [CLIMATE], [TERRAIN], [FREQUENCY], [ORGANISATION], [ACTIVITY_CYCLE], [DIET], [INTELLIGENCE], [ALIGNMENT], [MORALE]) VALUES ('Moon dog', NULL, NULL, NULL, NULL, NULL, NULL, NULL, NULL, NULL);
INSERT INTO MONSTER ([NAME], [CLIMATE], [TERRAIN], [FREQUENCY], [ORGANISATION], [ACTIVITY_CYCLE], [DIET], [INTELLIGENCE], [ALIGNMENT], [MORALE]) VALUES ('Dolphin', NULL, NULL, NULL, NULL, NULL, NULL, NULL, NULL, NULL);
INSERT INTO MONSTER ([NAME], [CLIMATE], [TERRAIN], [FREQUENCY], [ORGANISATION], [ACTIVITY_CYCLE], [DIET], [INTELLIGENCE], [ALIGNMENT], [MORALE]) VALUES ('Doppleganger', NULL, NULL, NULL, NULL, NULL, NULL, NULL, NULL, NULL);
INSERT INTO MONSTER ([NAME], [CLIMATE], [TERRAIN], [FREQUENCY], [ORGANISATION], [ACTIVITY_CYCLE], [DIET], [INTELLIGENCE], [ALIGNMENT], [MORALE]) VALUES ('Dracolich', NULL, NULL, NULL, NULL, NULL, NULL, NULL, NULL, NULL);
INSERT INTO MONSTER ([NAME], [CLIMATE], [TERRAIN], [FREQUENCY], [ORGANISATION], [ACTIVITY_CYCLE], [DIET], [INTELLIGENCE], [ALIGNMENT], [MORALE]) VALUES ('Black dragon', NULL, NULL, NULL, NULL, NULL, NULL, NULL, NULL, NULL);
INSERT INTO MONSTER ([NAME], [CLIMATE], [TERRAIN], [FREQUENCY], [ORGANISATION], [ACTIVITY_CYCLE], [DIET], [INTELLIGENCE], [ALIGNMENT], [MORALE]) VALUES ('Blue dragon', NULL, NULL, NULL, NULL, NULL, NULL, NULL, NULL, NULL);
INSERT INTO MONSTER ([NAME], [CLIMATE], [TERRAIN], [FREQUENCY], [ORGANISATION], [ACTIVITY_CYCLE], [DIET], [INTELLIGENCE], [ALIGNMENT], [MORALE]) VALUES ('Green dragon', NULL, NULL, NULL, NULL, NULL, NULL, NULL, NULL, NULL);
INSERT INTO MONSTER ([NAME], [CLIMATE], [TERRAIN], [FREQUENCY], [ORGANISATION], [ACTIVITY_CYCLE], [DIET], [INTELLIGENCE], [ALIGNMENT], [MORALE]) VALUES ('Red dragon', NULL, NULL, NULL, NULL, NULL, NULL, NULL, NULL, NULL);
INSERT INTO MONSTER ([NAME], [CLIMATE], [TERRAIN], [FREQUENCY], [ORGANISATION], [ACTIVITY_CYCLE], [DIET], [INTELLIGENCE], [ALIGNMENT], [MORALE]) VALUES ('White dragon', NULL, NULL, NULL, NULL, NULL, NULL, NULL, NULL, NULL);
INSERT INTO MONSTER ([NAME], [CLIMATE], [TERRAIN], [FREQUENCY], [ORGANISATION], [ACTIVITY_CYCLE], [DIET], [INTELLIGENCE], [ALIGNMENT], [MORALE]) VALUES ('Amethyst dragon', NULL, NULL, NULL, NULL, NULL, NULL, NULL, NULL, NULL);
INSERT INTO MONSTER ([NAME], [CLIMATE], [TERRAIN], [FREQUENCY], [ORGANISATION], [ACTIVITY_CYCLE], [DIET], [INTELLIGENCE], [ALIGNMENT], [MORALE]) VALUES ('Crystal dragon', NULL, NULL, NULL, NULL, NULL, NULL, NULL, NULL, NULL);
INSERT INTO MONSTER ([NAME], [CLIMATE], [TERRAIN], [FREQUENCY], [ORGANISATION], [ACTIVITY_CYCLE], [DIET], [INTELLIGENCE], [ALIGNMENT], [MORALE]) VALUES ('Emerald dragon', NULL, NULL, NULL, NULL, NULL, NULL, NULL, NULL, NULL);
INSERT INTO MONSTER ([NAME], [CLIMATE], [TERRAIN], [FREQUENCY], [ORGANISATION], [ACTIVITY_CYCLE], [DIET], [INTELLIGENCE], [ALIGNMENT], [MORALE]) VALUES ('Sapphire dragon', NULL, NULL, NULL, NULL, NULL, NULL, NULL, NULL, NULL);
INSERT INTO MONSTER ([NAME], [CLIMATE], [TERRAIN], [FREQUENCY], [ORGANISATION], [ACTIVITY_CYCLE], [DIET], [INTELLIGENCE], [ALIGNMENT], [MORALE]) VALUES ('Topaz dragon', NULL, NULL, NULL, NULL, NULL, NULL, NULL, NULL, NULL);
INSERT INTO MONSTER ([NAME], [CLIMATE], [TERRAIN], [FREQUENCY], [ORGANISATION], [ACTIVITY_CYCLE], [DIET], [INTELLIGENCE], [ALIGNMENT], [MORALE]) VALUES ('Brass dragon', NULL, NULL, NULL, NULL, NULL, NULL, NULL, NULL, NULL);
INSERT INTO MONSTER ([NAME], [CLIMATE], [TERRAIN], [FREQUENCY], [ORGANISATION], [ACTIVITY_CYCLE], [DIET], [INTELLIGENCE], [ALIGNMENT], [MORALE]) VALUES ('Bronze dragon', NULL, NULL, NULL, NULL, NULL, NULL, NULL, NULL, NULL);
INSERT INTO MONSTER ([NAME], [CLIMATE], [TERRAIN], [FREQUENCY], [ORGANISATION], [ACTIVITY_CYCLE], [DIET], [INTELLIGENCE], [ALIGNMENT], [MORALE]) VALUES ('Copper dragon', NULL, NULL, NULL, NULL, NULL, NULL, NULL, NULL, NULL);
INSERT INTO MONSTER ([NAME], [CLIMATE], [TERRAIN], [FREQUENCY], [ORGANISATION], [ACTIVITY_CYCLE], [DIET], [INTELLIGENCE], [ALIGNMENT], [MORALE]) VALUES ('Gold dragon', NULL, NULL, NULL, NULL, NULL, NULL, NULL, NULL, NULL);
INSERT INTO MONSTER ([NAME], [CLIMATE], [TERRAIN], [FREQUENCY], [ORGANISATION], [ACTIVITY_CYCLE], [DIET], [INTELLIGENCE], [ALIGNMENT], [MORALE]) VALUES ('Silver dragon', NULL, NULL, NULL, NULL, NULL, NULL, NULL, NULL, NULL);
INSERT INTO MONSTER ([NAME], [CLIMATE], [TERRAIN], [FREQUENCY], [ORGANISATION], [ACTIVITY_CYCLE], [DIET], [INTELLIGENCE], [ALIGNMENT], [MORALE]) VALUES ('Brown dragon', NULL, NULL, NULL, NULL, NULL, NULL, NULL, NULL, NULL);
INSERT INTO MONSTER ([NAME], [CLIMATE], [TERRAIN], [FREQUENCY], [ORGANISATION], [ACTIVITY_CYCLE], [DIET], [INTELLIGENCE], [ALIGNMENT], [MORALE]) VALUES ('Cloud dragon', NULL, NULL, NULL, NULL, NULL, NULL, NULL, NULL, NULL);
INSERT INTO MONSTER ([NAME], [CLIMATE], [TERRAIN], [FREQUENCY], [ORGANISATION], [ACTIVITY_CYCLE], [DIET], [INTELLIGENCE], [ALIGNMENT], [MORALE]) VALUES ('Deep dragon', NULL, NULL, NULL, NULL, NULL, NULL, NULL, NULL, NULL);
INSERT INTO MONSTER ([NAME], [CLIMATE], [TERRAIN], [FREQUENCY], [ORGANISATION], [ACTIVITY_CYCLE], [DIET], [INTELLIGENCE], [ALIGNMENT], [MORALE]) VALUES ('Mercury dragon', NULL, NULL, NULL, NULL, NULL, NULL, NULL, NULL, NULL);
INSERT INTO MONSTER ([NAME], [CLIMATE], [TERRAIN], [FREQUENCY], [ORGANISATION], [ACTIVITY_CYCLE], [DIET], [INTELLIGENCE], [ALIGNMENT], [MORALE]) VALUES ('Mist dragon', NULL, NULL, NULL, NULL, NULL, NULL, NULL, NULL, NULL);
INSERT INTO MONSTER ([NAME], [CLIMATE], [TERRAIN], [FREQUENCY], [ORGANISATION], [ACTIVITY_CYCLE], [DIET], [INTELLIGENCE], [ALIGNMENT], [MORALE]) VALUES ('Shadow dragon', NULL, NULL, NULL, NULL, NULL, NULL, NULL, NULL, NULL);
INSERT INTO MONSTER ([NAME], [CLIMATE], [TERRAIN], [FREQUENCY], [ORGANISATION], [ACTIVITY_CYCLE], [DIET], [INTELLIGENCE], [ALIGNMENT], [MORALE]) VALUES ('Steel dragon', NULL, NULL, NULL, NULL, NULL, NULL, NULL, NULL, NULL);
INSERT INTO MONSTER ([NAME], [CLIMATE], [TERRAIN], [FREQUENCY], [ORGANISATION], [ACTIVITY_CYCLE], [DIET], [INTELLIGENCE], [ALIGNMENT], [MORALE]) VALUES ('Yellow dragon', NULL, NULL, NULL, NULL, NULL, NULL, NULL, NULL, NULL);
INSERT INTO MONSTER ([NAME], [CLIMATE], [TERRAIN], [FREQUENCY], [ORGANISATION], [ACTIVITY_CYCLE], [DIET], [INTELLIGENCE], [ALIGNMENT], [MORALE]) VALUES ('Dragon turtle', NULL, NULL, NULL, NULL, NULL, NULL, NULL, NULL, NULL);
INSERT INTO MONSTER ([NAME], [CLIMATE], [TERRAIN], [FREQUENCY], [ORGANISATION], [ACTIVITY_CYCLE], [DIET], [INTELLIGENCE], [ALIGNMENT], [MORALE]) VALUES ('Faerie dragon', NULL, NULL, NULL, NULL, NULL, NULL, NULL, NULL, NULL);
INSERT INTO MONSTER ([NAME], [CLIMATE], [TERRAIN], [FREQUENCY], [ORGANISATION], [ACTIVITY_CYCLE], [DIET], [INTELLIGENCE], [ALIGNMENT], [MORALE]) VALUES ('Firedrake', NULL, NULL, NULL, NULL, NULL, NULL, NULL, NULL, NULL);
INSERT INTO MONSTER ([NAME], [CLIMATE], [TERRAIN], [FREQUENCY], [ORGANISATION], [ACTIVITY_CYCLE], [DIET], [INTELLIGENCE], [ALIGNMENT], [MORALE]) VALUES ('Pseudodragon', NULL, NULL, NULL, NULL, NULL, NULL, NULL, NULL, NULL);
INSERT INTO MONSTER ([NAME], [CLIMATE], [TERRAIN], [FREQUENCY], [ORGANISATION], [ACTIVITY_CYCLE], [DIET], [INTELLIGENCE], [ALIGNMENT], [MORALE]) VALUES ('Dragonne', NULL, NULL, NULL, NULL, NULL, NULL, NULL, NULL, NULL);
INSERT INTO MONSTER ([NAME], [CLIMATE], [TERRAIN], [FREQUENCY], [ORGANISATION], [ACTIVITY_CYCLE], [DIET], [INTELLIGENCE], [ALIGNMENT], [MORALE]) VALUES ('Dryad', NULL, NULL, NULL, NULL, NULL, NULL, NULL, NULL, NULL);
INSERT INTO MONSTER ([NAME], [CLIMATE], [TERRAIN], [FREQUENCY], [ORGANISATION], [ACTIVITY_CYCLE], [DIET], [INTELLIGENCE], [ALIGNMENT], [MORALE]) VALUES ('Hill dwarf', NULL, NULL, NULL, NULL, NULL, NULL, NULL, NULL, NULL);
INSERT INTO MONSTER ([NAME], [CLIMATE], [TERRAIN], [FREQUENCY], [ORGANISATION], [ACTIVITY_CYCLE], [DIET], [INTELLIGENCE], [ALIGNMENT], [MORALE]) VALUES ('Mountain dwarf', NULL, NULL, NULL, NULL, NULL, NULL, NULL, NULL, NULL);
INSERT INTO MONSTER ([NAME], [CLIMATE], [TERRAIN], [FREQUENCY], [ORGANISATION], [ACTIVITY_CYCLE], [DIET], [INTELLIGENCE], [ALIGNMENT], [MORALE]) VALUES ('Derro', NULL, NULL, NULL, NULL, NULL, NULL, NULL, NULL, NULL);
INSERT INTO MONSTER ([NAME], [CLIMATE], [TERRAIN], [FREQUENCY], [ORGANISATION], [ACTIVITY_CYCLE], [DIET], [INTELLIGENCE], [ALIGNMENT], [MORALE]) VALUES ('Duergar', NULL, NULL, NULL, NULL, NULL, NULL, NULL, NULL, NULL);
INSERT INTO MONSTER ([NAME], [CLIMATE], [TERRAIN], [FREQUENCY], [ORGANISATION], [ACTIVITY_CYCLE], [DIET], [INTELLIGENCE], [ALIGNMENT], [MORALE]) VALUES ('Air elemental', NULL, NULL, NULL, NULL, NULL, NULL, NULL, NULL, NULL);
INSERT INTO MONSTER ([NAME], [CLIMATE], [TERRAIN], [FREQUENCY], [ORGANISATION], [ACTIVITY_CYCLE], [DIET], [INTELLIGENCE], [ALIGNMENT], [MORALE]) VALUES ('Earth elemental', NULL, NULL, NULL, NULL, NULL, NULL, NULL, NULL, NULL);
INSERT INTO MONSTER ([NAME], [CLIMATE], [TERRAIN], [FREQUENCY], [ORGANISATION], [ACTIVITY_CYCLE], [DIET], [INTELLIGENCE], [ALIGNMENT], [MORALE]) VALUES ('Water elemental', NULL, NULL, NULL, NULL, NULL, NULL, NULL, NULL, NULL);
INSERT INTO MONSTER ([NAME], [CLIMATE], [TERRAIN], [FREQUENCY], [ORGANISATION], [ACTIVITY_CYCLE], [DIET], [INTELLIGENCE], [ALIGNMENT], [MORALE]) VALUES ('Fire elemental', NULL, NULL, NULL, NULL, NULL, NULL, NULL, NULL, NULL);
INSERT INTO MONSTER ([NAME], [CLIMATE], [TERRAIN], [FREQUENCY], [ORGANISATION], [ACTIVITY_CYCLE], [DIET], [INTELLIGENCE], [ALIGNMENT], [MORALE]) VALUES ('Sylph', NULL, NULL, NULL, NULL, NULL, NULL, NULL, NULL, NULL);
INSERT INTO MONSTER ([NAME], [CLIMATE], [TERRAIN], [FREQUENCY], [ORGANISATION], [ACTIVITY_CYCLE], [DIET], [INTELLIGENCE], [ALIGNMENT], [MORALE]) VALUES ('Aerial servant', NULL, NULL, NULL, NULL, NULL, NULL, NULL, NULL, NULL);
INSERT INTO MONSTER ([NAME], [CLIMATE], [TERRAIN], [FREQUENCY], [ORGANISATION], [ACTIVITY_CYCLE], [DIET], [INTELLIGENCE], [ALIGNMENT], [MORALE]) VALUES ('Pech', NULL, NULL, NULL, NULL, NULL, NULL, NULL, NULL, NULL);
INSERT INTO MONSTER ([NAME], [CLIMATE], [TERRAIN], [FREQUENCY], [ORGANISATION], [ACTIVITY_CYCLE], [DIET], [INTELLIGENCE], [ALIGNMENT], [MORALE]) VALUES ('Sandling', NULL, NULL, NULL, NULL, NULL, NULL, NULL, NULL, NULL);
INSERT INTO MONSTER ([NAME], [CLIMATE], [TERRAIN], [FREQUENCY], [ORGANISATION], [ACTIVITY_CYCLE], [DIET], [INTELLIGENCE], [ALIGNMENT], [MORALE]) VALUES ('Salamander', NULL, NULL, NULL, NULL, NULL, NULL, NULL, NULL, NULL);
INSERT INTO MONSTER ([NAME], [CLIMATE], [TERRAIN], [FREQUENCY], [ORGANISATION], [ACTIVITY_CYCLE], [DIET], [INTELLIGENCE], [ALIGNMENT], [MORALE]) VALUES ('Fire snake', NULL, NULL, NULL, NULL, NULL, NULL, NULL, NULL, NULL);
INSERT INTO MONSTER ([NAME], [CLIMATE], [TERRAIN], [FREQUENCY], [ORGANISATION], [ACTIVITY_CYCLE], [DIET], [INTELLIGENCE], [ALIGNMENT], [MORALE]) VALUES ('Nereid', NULL, NULL, NULL, NULL, NULL, NULL, NULL, NULL, NULL);
INSERT INTO MONSTER ([NAME], [CLIMATE], [TERRAIN], [FREQUENCY], [ORGANISATION], [ACTIVITY_CYCLE], [DIET], [INTELLIGENCE], [ALIGNMENT], [MORALE]) VALUES ('Water weird', NULL, NULL, NULL, NULL, NULL, NULL, NULL, NULL, NULL);
INSERT INTO MONSTER ([NAME], [CLIMATE], [TERRAIN], [FREQUENCY], [ORGANISATION], [ACTIVITY_CYCLE], [DIET], [INTELLIGENCE], [ALIGNMENT], [MORALE]) VALUES ('Tempest', NULL, NULL, NULL, NULL, NULL, NULL, NULL, NULL, NULL);
INSERT INTO MONSTER ([NAME], [CLIMATE], [TERRAIN], [FREQUENCY], [ORGANISATION], [ACTIVITY_CYCLE], [DIET], [INTELLIGENCE], [ALIGNMENT], [MORALE]) VALUES ('Skriaxit', NULL, NULL, NULL, NULL, NULL, NULL, NULL, NULL, NULL);
INSERT INTO MONSTER ([NAME], [CLIMATE], [TERRAIN], [FREQUENCY], [ORGANISATION], [ACTIVITY_CYCLE], [DIET], [INTELLIGENCE], [ALIGNMENT], [MORALE]) VALUES ('African elephant', NULL, NULL, NULL, NULL, NULL, NULL, NULL, NULL, NULL);
INSERT INTO MONSTER ([NAME], [CLIMATE], [TERRAIN], [FREQUENCY], [ORGANISATION], [ACTIVITY_CYCLE], [DIET], [INTELLIGENCE], [ALIGNMENT], [MORALE]) VALUES ('Mammoth', NULL, NULL, NULL, NULL, NULL, NULL, NULL, NULL, NULL);
INSERT INTO MONSTER ([NAME], [CLIMATE], [TERRAIN], [FREQUENCY], [ORGANISATION], [ACTIVITY_CYCLE], [DIET], [INTELLIGENCE], [ALIGNMENT], [MORALE]) VALUES ('Mastodon', NULL, NULL, NULL, NULL, NULL, NULL, NULL, NULL, NULL);
INSERT INTO MONSTER ([NAME], [CLIMATE], [TERRAIN], [FREQUENCY], [ORGANISATION], [ACTIVITY_CYCLE], [DIET], [INTELLIGENCE], [ALIGNMENT], [MORALE]) VALUES ('Oliphant', NULL, NULL, NULL, NULL, NULL, NULL, NULL, NULL, NULL);
INSERT INTO MONSTER ([NAME], [CLIMATE], [TERRAIN], [FREQUENCY], [ORGANISATION], [ACTIVITY_CYCLE], [DIET], [INTELLIGENCE], [ALIGNMENT], [MORALE]) VALUES ('Elf', NULL, NULL, NULL, NULL, NULL, NULL, NULL, NULL, NULL);
INSERT INTO MONSTER ([NAME], [CLIMATE], [TERRAIN], [FREQUENCY], [ORGANISATION], [ACTIVITY_CYCLE], [DIET], [INTELLIGENCE], [ALIGNMENT], [MORALE]) VALUES ('Aquatic elf', NULL, NULL, NULL, NULL, NULL, NULL, NULL, NULL, NULL);
INSERT INTO MONSTER ([NAME], [CLIMATE], [TERRAIN], [FREQUENCY], [ORGANISATION], [ACTIVITY_CYCLE], [DIET], [INTELLIGENCE], [ALIGNMENT], [MORALE]) VALUES ('Drow', NULL, NULL, NULL, NULL, NULL, NULL, NULL, NULL, NULL);
INSERT INTO MONSTER ([NAME], [CLIMATE], [TERRAIN], [FREQUENCY], [ORGANISATION], [ACTIVITY_CYCLE], [DIET], [INTELLIGENCE], [ALIGNMENT], [MORALE]) VALUES ('Drider', NULL, NULL, NULL, NULL, NULL, NULL, NULL, NULL, NULL);
INSERT INTO MONSTER ([NAME], [CLIMATE], [TERRAIN], [FREQUENCY], [ORGANISATION], [ACTIVITY_CYCLE], [DIET], [INTELLIGENCE], [ALIGNMENT], [MORALE]) VALUES ('Ettercap', NULL, NULL, NULL, NULL, NULL, NULL, NULL, NULL, NULL);
INSERT INTO MONSTER ([NAME], [CLIMATE], [TERRAIN], [FREQUENCY], [ORGANISATION], [ACTIVITY_CYCLE], [DIET], [INTELLIGENCE], [ALIGNMENT], [MORALE]) VALUES ('Eyewing', NULL, NULL, NULL, NULL, NULL, NULL, NULL, NULL, NULL);
INSERT INTO MONSTER ([NAME], [CLIMATE], [TERRAIN], [FREQUENCY], [ORGANISATION], [ACTIVITY_CYCLE], [DIET], [INTELLIGENCE], [ALIGNMENT], [MORALE]) VALUES ('Feyr', NULL, NULL, NULL, NULL, NULL, NULL, NULL, NULL, NULL);
INSERT INTO MONSTER ([NAME], [CLIMATE], [TERRAIN], [FREQUENCY], [ORGANISATION], [ACTIVITY_CYCLE], [DIET], [INTELLIGENCE], [ALIGNMENT], [MORALE]) VALUES ('Great feyr', NULL, NULL, NULL, NULL, NULL, NULL, NULL, NULL, NULL);
INSERT INTO MONSTER ([NAME], [CLIMATE], [TERRAIN], [FREQUENCY], [ORGANISATION], [ACTIVITY_CYCLE], [DIET], [INTELLIGENCE], [ALIGNMENT], [MORALE]) VALUES ('Barracuda', NULL, NULL, NULL, NULL, NULL, NULL, NULL, NULL, NULL);
INSERT INTO MONSTER ([NAME], [CLIMATE], [TERRAIN], [FREQUENCY], [ORGANISATION], [ACTIVITY_CYCLE], [DIET], [INTELLIGENCE], [ALIGNMENT], [MORALE]) VALUES ('Giant carp', NULL, NULL, NULL, NULL, NULL, NULL, NULL, NULL, NULL);
INSERT INTO MONSTER ([NAME], [CLIMATE], [TERRAIN], [FREQUENCY], [ORGANISATION], [ACTIVITY_CYCLE], [DIET], [INTELLIGENCE], [ALIGNMENT], [MORALE]) VALUES ('Giant catfish', NULL, NULL, NULL, NULL, NULL, NULL, NULL, NULL, NULL);
INSERT INTO MONSTER ([NAME], [CLIMATE], [TERRAIN], [FREQUENCY], [ORGANISATION], [ACTIVITY_CYCLE], [DIET], [INTELLIGENCE], [ALIGNMENT], [MORALE]) VALUES ('Dragonfish', NULL, NULL, NULL, NULL, NULL, NULL, NULL, NULL, NULL);
INSERT INTO MONSTER ([NAME], [CLIMATE], [TERRAIN], [FREQUENCY], [ORGANISATION], [ACTIVITY_CYCLE], [DIET], [INTELLIGENCE], [ALIGNMENT], [MORALE]) VALUES ('Electric eel', NULL, NULL, NULL, NULL, NULL, NULL, NULL, NULL, NULL);
INSERT INTO MONSTER ([NAME], [CLIMATE], [TERRAIN], [FREQUENCY], [ORGANISATION], [ACTIVITY_CYCLE], [DIET], [INTELLIGENCE], [ALIGNMENT], [MORALE]) VALUES ('Giant eel', NULL, NULL, NULL, NULL, NULL, NULL, NULL, NULL, NULL);
INSERT INTO MONSTER ([NAME], [CLIMATE], [TERRAIN], [FREQUENCY], [ORGANISATION], [ACTIVITY_CYCLE], [DIET], [INTELLIGENCE], [ALIGNMENT], [MORALE]) VALUES ('Marine eel', NULL, NULL, NULL, NULL, NULL, NULL, NULL, NULL, NULL);
INSERT INTO MONSTER ([NAME], [CLIMATE], [TERRAIN], [FREQUENCY], [ORGANISATION], [ACTIVITY_CYCLE], [DIET], [INTELLIGENCE], [ALIGNMENT], [MORALE]) VALUES ('Weed eel', NULL, NULL, NULL, NULL, NULL, NULL, NULL, NULL, NULL);
INSERT INTO MONSTER ([NAME], [CLIMATE], [TERRAIN], [FREQUENCY], [ORGANISATION], [ACTIVITY_CYCLE], [DIET], [INTELLIGENCE], [ALIGNMENT], [MORALE]) VALUES ('Giant gar', NULL, NULL, NULL, NULL, NULL, NULL, NULL, NULL, NULL);
INSERT INTO MONSTER ([NAME], [CLIMATE], [TERRAIN], [FREQUENCY], [ORGANISATION], [ACTIVITY_CYCLE], [DIET], [INTELLIGENCE], [ALIGNMENT], [MORALE]) VALUES ('Ixitxachitl', NULL, NULL, NULL, NULL, NULL, NULL, NULL, NULL, NULL);
INSERT INTO MONSTER ([NAME], [CLIMATE], [TERRAIN], [FREQUENCY], [ORGANISATION], [ACTIVITY_CYCLE], [DIET], [INTELLIGENCE], [ALIGNMENT], [MORALE]) VALUES ('Lamprey', NULL, NULL, NULL, NULL, NULL, NULL, NULL, NULL, NULL);
INSERT INTO MONSTER ([NAME], [CLIMATE], [TERRAIN], [FREQUENCY], [ORGANISATION], [ACTIVITY_CYCLE], [DIET], [INTELLIGENCE], [ALIGNMENT], [MORALE]) VALUES ('Giant lamprey', NULL, NULL, NULL, NULL, NULL, NULL, NULL, NULL, NULL);
INSERT INTO MONSTER ([NAME], [CLIMATE], [TERRAIN], [FREQUENCY], [ORGANISATION], [ACTIVITY_CYCLE], [DIET], [INTELLIGENCE], [ALIGNMENT], [MORALE]) VALUES ('Land lamprey', NULL, NULL, NULL, NULL, NULL, NULL, NULL, NULL, NULL);
INSERT INTO MONSTER ([NAME], [CLIMATE], [TERRAIN], [FREQUENCY], [ORGANISATION], [ACTIVITY_CYCLE], [DIET], [INTELLIGENCE], [ALIGNMENT], [MORALE]) VALUES ('Manta ray', NULL, NULL, NULL, NULL, NULL, NULL, NULL, NULL, NULL);
INSERT INTO MONSTER ([NAME], [CLIMATE], [TERRAIN], [FREQUENCY], [ORGANISATION], [ACTIVITY_CYCLE], [DIET], [INTELLIGENCE], [ALIGNMENT], [MORALE]) VALUES ('Giant pike', NULL, NULL, NULL, NULL, NULL, NULL, NULL, NULL, NULL);
INSERT INTO MONSTER ([NAME], [CLIMATE], [TERRAIN], [FREQUENCY], [ORGANISATION], [ACTIVITY_CYCLE], [DIET], [INTELLIGENCE], [ALIGNMENT], [MORALE]) VALUES ('Piranha', NULL, NULL, NULL, NULL, NULL, NULL, NULL, NULL, NULL);
INSERT INTO MONSTER ([NAME], [CLIMATE], [TERRAIN], [FREQUENCY], [ORGANISATION], [ACTIVITY_CYCLE], [DIET], [INTELLIGENCE], [ALIGNMENT], [MORALE]) VALUES ('Giant piranha', NULL, NULL, NULL, NULL, NULL, NULL, NULL, NULL, NULL);
INSERT INTO MONSTER ([NAME], [CLIMATE], [TERRAIN], [FREQUENCY], [ORGANISATION], [ACTIVITY_CYCLE], [DIET], [INTELLIGENCE], [ALIGNMENT], [MORALE]) VALUES ('Pungi ray', NULL, NULL, NULL, NULL, NULL, NULL, NULL, NULL, NULL);
INSERT INTO MONSTER ([NAME], [CLIMATE], [TERRAIN], [FREQUENCY], [ORGANISATION], [ACTIVITY_CYCLE], [DIET], [INTELLIGENCE], [ALIGNMENT], [MORALE]) VALUES ('Quipper', NULL, NULL, NULL, NULL, NULL, NULL, NULL, NULL, NULL);
INSERT INTO MONSTER ([NAME], [CLIMATE], [TERRAIN], [FREQUENCY], [ORGANISATION], [ACTIVITY_CYCLE], [DIET], [INTELLIGENCE], [ALIGNMENT], [MORALE]) VALUES ('Giant sea horse', NULL, NULL, NULL, NULL, NULL, NULL, NULL, NULL, NULL);
INSERT INTO MONSTER ([NAME], [CLIMATE], [TERRAIN], [FREQUENCY], [ORGANISATION], [ACTIVITY_CYCLE], [DIET], [INTELLIGENCE], [ALIGNMENT], [MORALE]) VALUES ('Shark', NULL, NULL, NULL, NULL, NULL, NULL, NULL, NULL, NULL);
INSERT INTO MONSTER ([NAME], [CLIMATE], [TERRAIN], [FREQUENCY], [ORGANISATION], [ACTIVITY_CYCLE], [DIET], [INTELLIGENCE], [ALIGNMENT], [MORALE]) VALUES ('Giant shark', NULL, NULL, NULL, NULL, NULL, NULL, NULL, NULL, NULL);
INSERT INTO MONSTER ([NAME], [CLIMATE], [TERRAIN], [FREQUENCY], [ORGANISATION], [ACTIVITY_CYCLE], [DIET], [INTELLIGENCE], [ALIGNMENT], [MORALE]) VALUES ('Sting ray', NULL, NULL, NULL, NULL, NULL, NULL, NULL, NULL, NULL);
INSERT INTO MONSTER ([NAME], [CLIMATE], [TERRAIN], [FREQUENCY], [ORGANISATION], [ACTIVITY_CYCLE], [DIET], [INTELLIGENCE], [ALIGNMENT], [MORALE]) VALUES ('Giant frog', NULL, NULL, NULL, NULL, NULL, NULL, NULL, NULL, NULL);
INSERT INTO MONSTER ([NAME], [CLIMATE], [TERRAIN], [FREQUENCY], [ORGANISATION], [ACTIVITY_CYCLE], [DIET], [INTELLIGENCE], [ALIGNMENT], [MORALE]) VALUES ('Killer frog', NULL, NULL, NULL, NULL, NULL, NULL, NULL, NULL, NULL);
INSERT INTO MONSTER ([NAME], [CLIMATE], [TERRAIN], [FREQUENCY], [ORGANISATION], [ACTIVITY_CYCLE], [DIET], [INTELLIGENCE], [ALIGNMENT], [MORALE]) VALUES ('Poisonous frog', NULL, NULL, NULL, NULL, NULL, NULL, NULL, NULL, NULL);
INSERT INTO MONSTER ([NAME], [CLIMATE], [TERRAIN], [FREQUENCY], [ORGANISATION], [ACTIVITY_CYCLE], [DIET], [INTELLIGENCE], [ALIGNMENT], [MORALE]) VALUES ('Violet fungus', NULL, NULL, NULL, NULL, NULL, NULL, NULL, NULL, NULL);
INSERT INTO MONSTER ([NAME], [CLIMATE], [TERRAIN], [FREQUENCY], [ORGANISATION], [ACTIVITY_CYCLE], [DIET], [INTELLIGENCE], [ALIGNMENT], [MORALE]) VALUES ('Shrieker', NULL, NULL, NULL, NULL, NULL, NULL, NULL, NULL, NULL);
INSERT INTO MONSTER ([NAME], [CLIMATE], [TERRAIN], [FREQUENCY], [ORGANISATION], [ACTIVITY_CYCLE], [DIET], [INTELLIGENCE], [ALIGNMENT], [MORALE]) VALUES ('Phycomid', NULL, NULL, NULL, NULL, NULL, NULL, NULL, NULL, NULL);
INSERT INTO MONSTER ([NAME], [CLIMATE], [TERRAIN], [FREQUENCY], [ORGANISATION], [ACTIVITY_CYCLE], [DIET], [INTELLIGENCE], [ALIGNMENT], [MORALE]) VALUES ('Ascomoid', NULL, NULL, NULL, NULL, NULL, NULL, NULL, NULL, NULL);
INSERT INTO MONSTER ([NAME], [CLIMATE], [TERRAIN], [FREQUENCY], [ORGANISATION], [ACTIVITY_CYCLE], [DIET], [INTELLIGENCE], [ALIGNMENT], [MORALE]) VALUES ('Gas spore', NULL, NULL, NULL, NULL, NULL, NULL, NULL, NULL, NULL);
INSERT INTO MONSTER ([NAME], [CLIMATE], [TERRAIN], [FREQUENCY], [ORGANISATION], [ACTIVITY_CYCLE], [DIET], [INTELLIGENCE], [ALIGNMENT], [MORALE]) VALUES ('Galeb duhr', NULL, NULL, NULL, NULL, NULL, NULL, NULL, NULL, NULL);
INSERT INTO MONSTER ([NAME], [CLIMATE], [TERRAIN], [FREQUENCY], [ORGANISATION], [ACTIVITY_CYCLE], [DIET], [INTELLIGENCE], [ALIGNMENT], [MORALE]) VALUES ('Gargantua reptilian', NULL, NULL, NULL, NULL, NULL, NULL, NULL, NULL, NULL);
INSERT INTO MONSTER ([NAME], [CLIMATE], [TERRAIN], [FREQUENCY], [ORGANISATION], [ACTIVITY_CYCLE], [DIET], [INTELLIGENCE], [ALIGNMENT], [MORALE]) VALUES ('Gargantua humanoid', NULL, NULL, NULL, NULL, NULL, NULL, NULL, NULL, NULL);
INSERT INTO MONSTER ([NAME], [CLIMATE], [TERRAIN], [FREQUENCY], [ORGANISATION], [ACTIVITY_CYCLE], [DIET], [INTELLIGENCE], [ALIGNMENT], [MORALE]) VALUES ('Gargantua insectoid', NULL, NULL, NULL, NULL, NULL, NULL, NULL, NULL, NULL);
INSERT INTO MONSTER ([NAME], [CLIMATE], [TERRAIN], [FREQUENCY], [ORGANISATION], [ACTIVITY_CYCLE], [DIET], [INTELLIGENCE], [ALIGNMENT], [MORALE]) VALUES ('Gargoyle', NULL, NULL, NULL, NULL, NULL, NULL, NULL, NULL, NULL);
INSERT INTO MONSTER ([NAME], [CLIMATE], [TERRAIN], [FREQUENCY], [ORGANISATION], [ACTIVITY_CYCLE], [DIET], [INTELLIGENCE], [ALIGNMENT], [MORALE]) VALUES ('Margoyle', NULL, NULL, NULL, NULL, NULL, NULL, NULL, NULL, NULL);
INSERT INTO MONSTER ([NAME], [CLIMATE], [TERRAIN], [FREQUENCY], [ORGANISATION], [ACTIVITY_CYCLE], [DIET], [INTELLIGENCE], [ALIGNMENT], [MORALE]) VALUES ('Djinni', NULL, NULL, NULL, NULL, NULL, NULL, NULL, NULL, NULL);
INSERT INTO MONSTER ([NAME], [CLIMATE], [TERRAIN], [FREQUENCY], [ORGANISATION], [ACTIVITY_CYCLE], [DIET], [INTELLIGENCE], [ALIGNMENT], [MORALE]) VALUES ('Dao', NULL, NULL, NULL, NULL, NULL, NULL, NULL, NULL, NULL);
INSERT INTO MONSTER ([NAME], [CLIMATE], [TERRAIN], [FREQUENCY], [ORGANISATION], [ACTIVITY_CYCLE], [DIET], [INTELLIGENCE], [ALIGNMENT], [MORALE]) VALUES ('Efreeti', NULL, NULL, NULL, NULL, NULL, NULL, NULL, NULL, NULL);
INSERT INTO MONSTER ([NAME], [CLIMATE], [TERRAIN], [FREQUENCY], [ORGANISATION], [ACTIVITY_CYCLE], [DIET], [INTELLIGENCE], [ALIGNMENT], [MORALE]) VALUES ('Marid', NULL, NULL, NULL, NULL, NULL, NULL, NULL, NULL, NULL);
INSERT INTO MONSTER ([NAME], [CLIMATE], [TERRAIN], [FREQUENCY], [ORGANISATION], [ACTIVITY_CYCLE], [DIET], [INTELLIGENCE], [ALIGNMENT], [MORALE]) VALUES ('Jann', NULL, NULL, NULL, NULL, NULL, NULL, NULL, NULL, NULL);
INSERT INTO MONSTER ([NAME], [CLIMATE], [TERRAIN], [FREQUENCY], [ORGANISATION], [ACTIVITY_CYCLE], [DIET], [INTELLIGENCE], [ALIGNMENT], [MORALE]) VALUES ('Ghost', NULL, NULL, NULL, NULL, NULL, NULL, NULL, NULL, NULL);
INSERT INTO MONSTER ([NAME], [CLIMATE], [TERRAIN], [FREQUENCY], [ORGANISATION], [ACTIVITY_CYCLE], [DIET], [INTELLIGENCE], [ALIGNMENT], [MORALE]) VALUES ('Ghoul', NULL, NULL, NULL, NULL, NULL, NULL, NULL, NULL, NULL);
INSERT INTO MONSTER ([NAME], [CLIMATE], [TERRAIN], [FREQUENCY], [ORGANISATION], [ACTIVITY_CYCLE], [DIET], [INTELLIGENCE], [ALIGNMENT], [MORALE]) VALUES ('Lacedon', NULL, NULL, NULL, NULL, NULL, NULL, NULL, NULL, NULL);
INSERT INTO MONSTER ([NAME], [CLIMATE], [TERRAIN], [FREQUENCY], [ORGANISATION], [ACTIVITY_CYCLE], [DIET], [INTELLIGENCE], [ALIGNMENT], [MORALE]) VALUES ('Ghast', NULL, NULL, NULL, NULL, NULL, NULL, NULL, NULL, NULL);
INSERT INTO MONSTER ([NAME], [CLIMATE], [TERRAIN], [FREQUENCY], [ORGANISATION], [ACTIVITY_CYCLE], [DIET], [INTELLIGENCE], [ALIGNMENT], [MORALE]) VALUES ('Cloud giant', NULL, NULL, NULL, NULL, NULL, NULL, NULL, NULL, NULL);
INSERT INTO MONSTER ([NAME], [CLIMATE], [TERRAIN], [FREQUENCY], [ORGANISATION], [ACTIVITY_CYCLE], [DIET], [INTELLIGENCE], [ALIGNMENT], [MORALE]) VALUES ('Cyclops', NULL, NULL, NULL, NULL, NULL, NULL, NULL, NULL, NULL);
INSERT INTO MONSTER ([NAME], [CLIMATE], [TERRAIN], [FREQUENCY], [ORGANISATION], [ACTIVITY_CYCLE], [DIET], [INTELLIGENCE], [ALIGNMENT], [MORALE]) VALUES ('Desert giant', NULL, NULL, NULL, NULL, NULL, NULL, NULL, NULL, NULL);
INSERT INTO MONSTER ([NAME], [CLIMATE], [TERRAIN], [FREQUENCY], [ORGANISATION], [ACTIVITY_CYCLE], [DIET], [INTELLIGENCE], [ALIGNMENT], [MORALE]) VALUES ('Ettin giant', NULL, NULL, NULL, NULL, NULL, NULL, NULL, NULL, NULL);
INSERT INTO MONSTER ([NAME], [CLIMATE], [TERRAIN], [FREQUENCY], [ORGANISATION], [ACTIVITY_CYCLE], [DIET], [INTELLIGENCE], [ALIGNMENT], [MORALE]) VALUES ('Firbolg giant', NULL, NULL, NULL, NULL, NULL, NULL, NULL, NULL, NULL);
INSERT INTO MONSTER ([NAME], [CLIMATE], [TERRAIN], [FREQUENCY], [ORGANISATION], [ACTIVITY_CYCLE], [DIET], [INTELLIGENCE], [ALIGNMENT], [MORALE]) VALUES ('Fire giant', NULL, NULL, NULL, NULL, NULL, NULL, NULL, NULL, NULL);
INSERT INTO MONSTER ([NAME], [CLIMATE], [TERRAIN], [FREQUENCY], [ORGANISATION], [ACTIVITY_CYCLE], [DIET], [INTELLIGENCE], [ALIGNMENT], [MORALE]) VALUES ('Fog giant', NULL, NULL, NULL, NULL, NULL, NULL, NULL, NULL, NULL);
INSERT INTO MONSTER ([NAME], [CLIMATE], [TERRAIN], [FREQUENCY], [ORGANISATION], [ACTIVITY_CYCLE], [DIET], [INTELLIGENCE], [ALIGNMENT], [MORALE]) VALUES ('Formorian giant', NULL, NULL, NULL, NULL, NULL, NULL, NULL, NULL, NULL);
INSERT INTO MONSTER ([NAME], [CLIMATE], [TERRAIN], [FREQUENCY], [ORGANISATION], [ACTIVITY_CYCLE], [DIET], [INTELLIGENCE], [ALIGNMENT], [MORALE]) VALUES ('Frost giant', NULL, NULL, NULL, NULL, NULL, NULL, NULL, NULL, NULL);
INSERT INTO MONSTER ([NAME], [CLIMATE], [TERRAIN], [FREQUENCY], [ORGANISATION], [ACTIVITY_CYCLE], [DIET], [INTELLIGENCE], [ALIGNMENT], [MORALE]) VALUES ('Hill giant', NULL, NULL, NULL, NULL, NULL, NULL, NULL, NULL, NULL);
INSERT INTO MONSTER ([NAME], [CLIMATE], [TERRAIN], [FREQUENCY], [ORGANISATION], [ACTIVITY_CYCLE], [DIET], [INTELLIGENCE], [ALIGNMENT], [MORALE]) VALUES ('Jungle giant', NULL, NULL, NULL, NULL, NULL, NULL, NULL, NULL, NULL);
INSERT INTO MONSTER ([NAME], [CLIMATE], [TERRAIN], [FREQUENCY], [ORGANISATION], [ACTIVITY_CYCLE], [DIET], [INTELLIGENCE], [ALIGNMENT], [MORALE]) VALUES ('Mountain giant', NULL, NULL, NULL, NULL, NULL, NULL, NULL, NULL, NULL);
INSERT INTO MONSTER ([NAME], [CLIMATE], [TERRAIN], [FREQUENCY], [ORGANISATION], [ACTIVITY_CYCLE], [DIET], [INTELLIGENCE], [ALIGNMENT], [MORALE]) VALUES ('Reef giant', NULL, NULL, NULL, NULL, NULL, NULL, NULL, NULL, NULL);
INSERT INTO MONSTER ([NAME], [CLIMATE], [TERRAIN], [FREQUENCY], [ORGANISATION], [ACTIVITY_CYCLE], [DIET], [INTELLIGENCE], [ALIGNMENT], [MORALE]) VALUES ('Stone giant', NULL, NULL, NULL, NULL, NULL, NULL, NULL, NULL, NULL);
INSERT INTO MONSTER ([NAME], [CLIMATE], [TERRAIN], [FREQUENCY], [ORGANISATION], [ACTIVITY_CYCLE], [DIET], [INTELLIGENCE], [ALIGNMENT], [MORALE]) VALUES ('Storm giant', NULL, NULL, NULL, NULL, NULL, NULL, NULL, NULL, NULL);
INSERT INTO MONSTER ([NAME], [CLIMATE], [TERRAIN], [FREQUENCY], [ORGANISATION], [ACTIVITY_CYCLE], [DIET], [INTELLIGENCE], [ALIGNMENT], [MORALE]) VALUES ('Verbeeg giant', NULL, NULL, NULL, NULL, NULL, NULL, NULL, NULL, NULL);
INSERT INTO MONSTER ([NAME], [CLIMATE], [TERRAIN], [FREQUENCY], [ORGANISATION], [ACTIVITY_CYCLE], [DIET], [INTELLIGENCE], [ALIGNMENT], [MORALE]) VALUES ('Wood giant', NULL, NULL, NULL, NULL, NULL, NULL, NULL, NULL, NULL);
INSERT INTO MONSTER ([NAME], [CLIMATE], [TERRAIN], [FREQUENCY], [ORGANISATION], [ACTIVITY_CYCLE], [DIET], [INTELLIGENCE], [ALIGNMENT], [MORALE]) VALUES ('Gibberling', NULL, NULL, NULL, NULL, NULL, NULL, NULL, NULL, NULL);
INSERT INTO MONSTER ([NAME], [CLIMATE], [TERRAIN], [FREQUENCY], [ORGANISATION], [ACTIVITY_CYCLE], [DIET], [INTELLIGENCE], [ALIGNMENT], [MORALE]) VALUES ('Giff', NULL, NULL, NULL, NULL, NULL, NULL, NULL, NULL, NULL);
INSERT INTO MONSTER ([NAME], [CLIMATE], [TERRAIN], [FREQUENCY], [ORGANISATION], [ACTIVITY_CYCLE], [DIET], [INTELLIGENCE], [ALIGNMENT], [MORALE]) VALUES ('Gith', NULL, NULL, NULL, NULL, NULL, NULL, NULL, NULL, NULL);
INSERT INTO MONSTER ([NAME], [CLIMATE], [TERRAIN], [FREQUENCY], [ORGANISATION], [ACTIVITY_CYCLE], [DIET], [INTELLIGENCE], [ALIGNMENT], [MORALE]) VALUES ('Gith pirate', NULL, NULL, NULL, NULL, NULL, NULL, NULL, NULL, NULL);
INSERT INTO MONSTER ([NAME], [CLIMATE], [TERRAIN], [FREQUENCY], [ORGANISATION], [ACTIVITY_CYCLE], [DIET], [INTELLIGENCE], [ALIGNMENT], [MORALE]) VALUES ('Githyanki', NULL, NULL, NULL, NULL, NULL, NULL, NULL, NULL, NULL);
INSERT INTO MONSTER ([NAME], [CLIMATE], [TERRAIN], [FREQUENCY], [ORGANISATION], [ACTIVITY_CYCLE], [DIET], [INTELLIGENCE], [ALIGNMENT], [MORALE]) VALUES ('Githzerai', NULL, NULL, NULL, NULL, NULL, NULL, NULL, NULL, NULL);
INSERT INTO MONSTER ([NAME], [CLIMATE], [TERRAIN], [FREQUENCY], [ORGANISATION], [ACTIVITY_CYCLE], [DIET], [INTELLIGENCE], [ALIGNMENT], [MORALE]) VALUES ('Gloomwing', NULL, NULL, NULL, NULL, NULL, NULL, NULL, NULL, NULL);
INSERT INTO MONSTER ([NAME], [CLIMATE], [TERRAIN], [FREQUENCY], [ORGANISATION], [ACTIVITY_CYCLE], [DIET], [INTELLIGENCE], [ALIGNMENT], [MORALE]) VALUES ('Gnoll', NULL, NULL, NULL, NULL, NULL, NULL, NULL, NULL, NULL);
INSERT INTO MONSTER ([NAME], [CLIMATE], [TERRAIN], [FREQUENCY], [ORGANISATION], [ACTIVITY_CYCLE], [DIET], [INTELLIGENCE], [ALIGNMENT], [MORALE]) VALUES ('Flind', NULL, NULL, NULL, NULL, NULL, NULL, NULL, NULL, NULL);
INSERT INTO MONSTER ([NAME], [CLIMATE], [TERRAIN], [FREQUENCY], [ORGANISATION], [ACTIVITY_CYCLE], [DIET], [INTELLIGENCE], [ALIGNMENT], [MORALE]) VALUES ('Rock gnome', NULL, NULL, NULL, NULL, NULL, NULL, NULL, NULL, NULL);
INSERT INTO MONSTER ([NAME], [CLIMATE], [TERRAIN], [FREQUENCY], [ORGANISATION], [ACTIVITY_CYCLE], [DIET], [INTELLIGENCE], [ALIGNMENT], [MORALE]) VALUES ('Svirfneblin', NULL, NULL, NULL, NULL, NULL, NULL, NULL, NULL, NULL);
INSERT INTO MONSTER ([NAME], [CLIMATE], [TERRAIN], [FREQUENCY], [ORGANISATION], [ACTIVITY_CYCLE], [DIET], [INTELLIGENCE], [ALIGNMENT], [MORALE]) VALUES ('Thinker', NULL, NULL, NULL, NULL, NULL, NULL, NULL, NULL, NULL);
INSERT INTO MONSTER ([NAME], [CLIMATE], [TERRAIN], [FREQUENCY], [ORGANISATION], [ACTIVITY_CYCLE], [DIET], [INTELLIGENCE], [ALIGNMENT], [MORALE]) VALUES ('Forest giant', NULL, NULL, NULL, NULL, NULL, NULL, NULL, NULL, NULL);
INSERT INTO MONSTER ([NAME], [CLIMATE], [TERRAIN], [FREQUENCY], [ORGANISATION], [ACTIVITY_CYCLE], [DIET], [INTELLIGENCE], [ALIGNMENT], [MORALE]) VALUES ('Gnome spriggan', NULL, NULL, NULL, NULL, NULL, NULL, NULL, NULL, NULL);
INSERT INTO MONSTER ([NAME], [CLIMATE], [TERRAIN], [FREQUENCY], [ORGANISATION], [ACTIVITY_CYCLE], [DIET], [INTELLIGENCE], [ALIGNMENT], [MORALE]) VALUES ('Goblin', NULL, NULL, NULL, NULL, NULL, NULL, NULL, NULL, NULL);
INSERT INTO MONSTER ([NAME], [CLIMATE], [TERRAIN], [FREQUENCY], [ORGANISATION], [ACTIVITY_CYCLE], [DIET], [INTELLIGENCE], [ALIGNMENT], [MORALE]) VALUES ('Stone golem', NULL, NULL, NULL, NULL, NULL, NULL, NULL, NULL, NULL);
INSERT INTO MONSTER ([NAME], [CLIMATE], [TERRAIN], [FREQUENCY], [ORGANISATION], [ACTIVITY_CYCLE], [DIET], [INTELLIGENCE], [ALIGNMENT], [MORALE]) VALUES ('Iron golem', NULL, NULL, NULL, NULL, NULL, NULL, NULL, NULL, NULL);
INSERT INTO MONSTER ([NAME], [CLIMATE], [TERRAIN], [FREQUENCY], [ORGANISATION], [ACTIVITY_CYCLE], [DIET], [INTELLIGENCE], [ALIGNMENT], [MORALE]) VALUES ('Flesh golem', NULL, NULL, NULL, NULL, NULL, NULL, NULL, NULL, NULL);
INSERT INTO MONSTER ([NAME], [CLIMATE], [TERRAIN], [FREQUENCY], [ORGANISATION], [ACTIVITY_CYCLE], [DIET], [INTELLIGENCE], [ALIGNMENT], [MORALE]) VALUES ('Clay golem', NULL, NULL, NULL, NULL, NULL, NULL, NULL, NULL, NULL);
INSERT INTO MONSTER ([NAME], [CLIMATE], [TERRAIN], [FREQUENCY], [ORGANISATION], [ACTIVITY_CYCLE], [DIET], [INTELLIGENCE], [ALIGNMENT], [MORALE]) VALUES ('Bone golem', NULL, NULL, NULL, NULL, NULL, NULL, NULL, NULL, NULL);
INSERT INTO MONSTER ([NAME], [CLIMATE], [TERRAIN], [FREQUENCY], [ORGANISATION], [ACTIVITY_CYCLE], [DIET], [INTELLIGENCE], [ALIGNMENT], [MORALE]) VALUES ('Doll golem', NULL, NULL, NULL, NULL, NULL, NULL, NULL, NULL, NULL);
INSERT INTO MONSTER ([NAME], [CLIMATE], [TERRAIN], [FREQUENCY], [ORGANISATION], [ACTIVITY_CYCLE], [DIET], [INTELLIGENCE], [ALIGNMENT], [MORALE]) VALUES ('Golem gargoyle', NULL, NULL, NULL, NULL, NULL, NULL, NULL, NULL, NULL);
INSERT INTO MONSTER ([NAME], [CLIMATE], [TERRAIN], [FREQUENCY], [ORGANISATION], [ACTIVITY_CYCLE], [DIET], [INTELLIGENCE], [ALIGNMENT], [MORALE]) VALUES ('Glass golem', NULL, NULL, NULL, NULL, NULL, NULL, NULL, NULL, NULL);
INSERT INTO MONSTER ([NAME], [CLIMATE], [TERRAIN], [FREQUENCY], [ORGANISATION], [ACTIVITY_CYCLE], [DIET], [INTELLIGENCE], [ALIGNMENT], [MORALE]) VALUES ('Golem necrophidus', NULL, NULL, NULL, NULL, NULL, NULL, NULL, NULL, NULL);
INSERT INTO MONSTER ([NAME], [CLIMATE], [TERRAIN], [FREQUENCY], [ORGANISATION], [ACTIVITY_CYCLE], [DIET], [INTELLIGENCE], [ALIGNMENT], [MORALE]) VALUES ('Scarecrow', NULL, NULL, NULL, NULL, NULL, NULL, NULL, NULL, NULL);
--INSERT INTO MONSTER, [NAME], [CLIMATE], [TERRAIN], [FREQUENCY], [ORGANISATION], [ACTIVITY_CYCLE], [DIET], [INTELLIGENCE], [ALIGNMENT], [MORALE]) VALUES, 'Stone golem', NULL, NULL, NULL, NULL, NULL, NULL, NULL, NULL, NULL);
INSERT INTO MONSTER ([NAME], [CLIMATE], [TERRAIN], [FREQUENCY], [ORGANISATION], [ACTIVITY_CYCLE], [DIET], [INTELLIGENCE], [ALIGNMENT], [MORALE]) VALUES ('Caryatid column', NULL, NULL, NULL, NULL, NULL, NULL, NULL, NULL, NULL);
INSERT INTO MONSTER ([NAME], [CLIMATE], [TERRAIN], [FREQUENCY], [ORGANISATION], [ACTIVITY_CYCLE], [DIET], [INTELLIGENCE], [ALIGNMENT], [MORALE]) VALUES ('Juggernaut', NULL, NULL, NULL, NULL, NULL, NULL, NULL, NULL, NULL);
INSERT INTO MONSTER ([NAME], [CLIMATE], [TERRAIN], [FREQUENCY], [ORGANISATION], [ACTIVITY_CYCLE], [DIET], [INTELLIGENCE], [ALIGNMENT], [MORALE]) VALUES ('Stone guardian', NULL, NULL, NULL, NULL, NULL, NULL, NULL, NULL, NULL);
INSERT INTO MONSTER ([NAME], [CLIMATE], [TERRAIN], [FREQUENCY], [ORGANISATION], [ACTIVITY_CYCLE], [DIET], [INTELLIGENCE], [ALIGNMENT], [MORALE]) VALUES ('Gorgon', NULL, NULL, NULL, NULL, NULL, NULL, NULL, NULL, NULL);
INSERT INTO MONSTER ([NAME], [CLIMATE], [TERRAIN], [FREQUENCY], [ORGANISATION], [ACTIVITY_CYCLE], [DIET], [INTELLIGENCE], [ALIGNMENT], [MORALE]) VALUES ('Grell worker', NULL, NULL, NULL, NULL, NULL, NULL, NULL, NULL, NULL);
INSERT INTO MONSTER ([NAME], [CLIMATE], [TERRAIN], [FREQUENCY], [ORGANISATION], [ACTIVITY_CYCLE], [DIET], [INTELLIGENCE], [ALIGNMENT], [MORALE]) VALUES ('Grell philosopher', NULL, NULL, NULL, NULL, NULL, NULL, NULL, NULL, NULL);
INSERT INTO MONSTER ([NAME], [CLIMATE], [TERRAIN], [FREQUENCY], [ORGANISATION], [ACTIVITY_CYCLE], [DIET], [INTELLIGENCE], [ALIGNMENT], [MORALE]) VALUES ('Grell patriarch', NULL, NULL, NULL, NULL, NULL, NULL, NULL, NULL, NULL);
INSERT INTO MONSTER ([NAME], [CLIMATE], [TERRAIN], [FREQUENCY], [ORGANISATION], [ACTIVITY_CYCLE], [DIET], [INTELLIGENCE], [ALIGNMENT], [MORALE]) VALUES ('Gremlin', NULL, NULL, NULL, NULL, NULL, NULL, NULL, NULL, NULL);
INSERT INTO MONSTER ([NAME], [CLIMATE], [TERRAIN], [FREQUENCY], [ORGANISATION], [ACTIVITY_CYCLE], [DIET], [INTELLIGENCE], [ALIGNMENT], [MORALE]) VALUES ('Fremlin', NULL, NULL, NULL, NULL, NULL, NULL, NULL, NULL, NULL);
INSERT INTO MONSTER ([NAME], [CLIMATE], [TERRAIN], [FREQUENCY], [ORGANISATION], [ACTIVITY_CYCLE], [DIET], [INTELLIGENCE], [ALIGNMENT], [MORALE]) VALUES ('Galltrit', NULL, NULL, NULL, NULL, NULL, NULL, NULL, NULL, NULL);
INSERT INTO MONSTER ([NAME], [CLIMATE], [TERRAIN], [FREQUENCY], [ORGANISATION], [ACTIVITY_CYCLE], [DIET], [INTELLIGENCE], [ALIGNMENT], [MORALE]) VALUES ('Mite', NULL, NULL, NULL, NULL, NULL, NULL, NULL, NULL, NULL);
INSERT INTO MONSTER ([NAME], [CLIMATE], [TERRAIN], [FREQUENCY], [ORGANISATION], [ACTIVITY_CYCLE], [DIET], [INTELLIGENCE], [ALIGNMENT], [MORALE]) VALUES ('Snyad', NULL, NULL, NULL, NULL, NULL, NULL, NULL, NULL, NULL);
INSERT INTO MONSTER ([NAME], [CLIMATE], [TERRAIN], [FREQUENCY], [ORGANISATION], [ACTIVITY_CYCLE], [DIET], [INTELLIGENCE], [ALIGNMENT], [MORALE]) VALUES ('Jermlaine', NULL, NULL, NULL, NULL, NULL, NULL, NULL, NULL, NULL);
INSERT INTO MONSTER ([NAME], [CLIMATE], [TERRAIN], [FREQUENCY], [ORGANISATION], [ACTIVITY_CYCLE], [DIET], [INTELLIGENCE], [ALIGNMENT], [MORALE]) VALUES ('Griffon', NULL, NULL, NULL, NULL, NULL, NULL, NULL, NULL, NULL);
INSERT INTO MONSTER ([NAME], [CLIMATE], [TERRAIN], [FREQUENCY], [ORGANISATION], [ACTIVITY_CYCLE], [DIET], [INTELLIGENCE], [ALIGNMENT], [MORALE]) VALUES ('Grimlock', NULL, NULL, NULL, NULL, NULL, NULL, NULL, NULL, NULL);
INSERT INTO MONSTER ([NAME], [CLIMATE], [TERRAIN], [FREQUENCY], [ORGANISATION], [ACTIVITY_CYCLE], [DIET], [INTELLIGENCE], [ALIGNMENT], [MORALE]) VALUES ('Grippli', NULL, NULL, NULL, NULL, NULL, NULL, NULL, NULL, NULL);
INSERT INTO MONSTER ([NAME], [CLIMATE], [TERRAIN], [FREQUENCY], [ORGANISATION], [ACTIVITY_CYCLE], [DIET], [INTELLIGENCE], [ALIGNMENT], [MORALE]) VALUES ('Annis', NULL, NULL, NULL, NULL, NULL, NULL, NULL, NULL, NULL);
INSERT INTO MONSTER ([NAME], [CLIMATE], [TERRAIN], [FREQUENCY], [ORGANISATION], [ACTIVITY_CYCLE], [DIET], [INTELLIGENCE], [ALIGNMENT], [MORALE]) VALUES ('Green hag', NULL, NULL, NULL, NULL, NULL, NULL, NULL, NULL, NULL);
INSERT INTO MONSTER ([NAME], [CLIMATE], [TERRAIN], [FREQUENCY], [ORGANISATION], [ACTIVITY_CYCLE], [DIET], [INTELLIGENCE], [ALIGNMENT], [MORALE]) VALUES ('Sea hag', NULL, NULL, NULL, NULL, NULL, NULL, NULL, NULL, NULL);
INSERT INTO MONSTER ([NAME], [CLIMATE], [TERRAIN], [FREQUENCY], [ORGANISATION], [ACTIVITY_CYCLE], [DIET], [INTELLIGENCE], [ALIGNMENT], [MORALE]) VALUES ('Halfling hairfoot', NULL, NULL, NULL, NULL, NULL, NULL, NULL, NULL, NULL);
INSERT INTO MONSTER ([NAME], [CLIMATE], [TERRAIN], [FREQUENCY], [ORGANISATION], [ACTIVITY_CYCLE], [DIET], [INTELLIGENCE], [ALIGNMENT], [MORALE]) VALUES ('Halfling tallfellow', NULL, NULL, NULL, NULL, NULL, NULL, NULL, NULL, NULL);
INSERT INTO MONSTER ([NAME], [CLIMATE], [TERRAIN], [FREQUENCY], [ORGANISATION], [ACTIVITY_CYCLE], [DIET], [INTELLIGENCE], [ALIGNMENT], [MORALE]) VALUES ('Halfling stout', NULL, NULL, NULL, NULL, NULL, NULL, NULL, NULL, NULL);
INSERT INTO MONSTER ([NAME], [CLIMATE], [TERRAIN], [FREQUENCY], [ORGANISATION], [ACTIVITY_CYCLE], [DIET], [INTELLIGENCE], [ALIGNMENT], [MORALE]) VALUES ('Harpy', NULL, NULL, NULL, NULL, NULL, NULL, NULL, NULL, NULL);
INSERT INTO MONSTER ([NAME], [CLIMATE], [TERRAIN], [FREQUENCY], [ORGANISATION], [ACTIVITY_CYCLE], [DIET], [INTELLIGENCE], [ALIGNMENT], [MORALE]) VALUES ('Lesser hatori', NULL, NULL, NULL, NULL, NULL, NULL, NULL, NULL, NULL);
INSERT INTO MONSTER ([NAME], [CLIMATE], [TERRAIN], [FREQUENCY], [ORGANISATION], [ACTIVITY_CYCLE], [DIET], [INTELLIGENCE], [ALIGNMENT], [MORALE]) VALUES ('Greater hatori', NULL, NULL, NULL, NULL, NULL, NULL, NULL, NULL, NULL);
INSERT INTO MONSTER ([NAME], [CLIMATE], [TERRAIN], [FREQUENCY], [ORGANISATION], [ACTIVITY_CYCLE], [DIET], [INTELLIGENCE], [ALIGNMENT], [MORALE]) VALUES ('Haunt', NULL, NULL, NULL, NULL, NULL, NULL, NULL, NULL, NULL);
INSERT INTO MONSTER ([NAME], [CLIMATE], [TERRAIN], [FREQUENCY], [ORGANISATION], [ACTIVITY_CYCLE], [DIET], [INTELLIGENCE], [ALIGNMENT], [MORALE]) VALUES ('Hell hound', NULL, NULL, NULL, NULL, NULL, NULL, NULL, NULL, NULL);
INSERT INTO MONSTER ([NAME], [CLIMATE], [TERRAIN], [FREQUENCY], [ORGANISATION], [ACTIVITY_CYCLE], [DIET], [INTELLIGENCE], [ALIGNMENT], [MORALE]) VALUES ('Heucuva', NULL, NULL, NULL, NULL, NULL, NULL, NULL, NULL, NULL);
INSERT INTO MONSTER ([NAME], [CLIMATE], [TERRAIN], [FREQUENCY], [ORGANISATION], [ACTIVITY_CYCLE], [DIET], [INTELLIGENCE], [ALIGNMENT], [MORALE]) VALUES ('Hippocampus', NULL, NULL, NULL, NULL, NULL, NULL, NULL, NULL, NULL);
INSERT INTO MONSTER ([NAME], [CLIMATE], [TERRAIN], [FREQUENCY], [ORGANISATION], [ACTIVITY_CYCLE], [DIET], [INTELLIGENCE], [ALIGNMENT], [MORALE]) VALUES ('Hippogriff', NULL, NULL, NULL, NULL, NULL, NULL, NULL, NULL, NULL);
INSERT INTO MONSTER ([NAME], [CLIMATE], [TERRAIN], [FREQUENCY], [ORGANISATION], [ACTIVITY_CYCLE], [DIET], [INTELLIGENCE], [ALIGNMENT], [MORALE]) VALUES ('Hobgoblin', NULL, NULL, NULL, NULL, NULL, NULL, NULL, NULL, NULL);
INSERT INTO MONSTER ([NAME], [CLIMATE], [TERRAIN], [FREQUENCY], [ORGANISATION], [ACTIVITY_CYCLE], [DIET], [INTELLIGENCE], [ALIGNMENT], [MORALE]) VALUES ('Homonculus', NULL, NULL, NULL, NULL, NULL, NULL, NULL, NULL, NULL);
INSERT INTO MONSTER ([NAME], [CLIMATE], [TERRAIN], [FREQUENCY], [ORGANISATION], [ACTIVITY_CYCLE], [DIET], [INTELLIGENCE], [ALIGNMENT], [MORALE]) VALUES ('Hook horror', NULL, NULL, NULL, NULL, NULL, NULL, NULL, NULL, NULL);
INSERT INTO MONSTER ([NAME], [CLIMATE], [TERRAIN], [FREQUENCY], [ORGANISATION], [ACTIVITY_CYCLE], [DIET], [INTELLIGENCE], [ALIGNMENT], [MORALE]) VALUES ('Draft horse', NULL, NULL, NULL, NULL, NULL, NULL, NULL, NULL, NULL);
INSERT INTO MONSTER ([NAME], [CLIMATE], [TERRAIN], [FREQUENCY], [ORGANISATION], [ACTIVITY_CYCLE], [DIET], [INTELLIGENCE], [ALIGNMENT], [MORALE]) VALUES ('Heavy horse', NULL, NULL, NULL, NULL, NULL, NULL, NULL, NULL, NULL);
INSERT INTO MONSTER ([NAME], [CLIMATE], [TERRAIN], [FREQUENCY], [ORGANISATION], [ACTIVITY_CYCLE], [DIET], [INTELLIGENCE], [ALIGNMENT], [MORALE]) VALUES ('Medium horse', NULL, NULL, NULL, NULL, NULL, NULL, NULL, NULL, NULL);
INSERT INTO MONSTER ([NAME], [CLIMATE], [TERRAIN], [FREQUENCY], [ORGANISATION], [ACTIVITY_CYCLE], [DIET], [INTELLIGENCE], [ALIGNMENT], [MORALE]) VALUES ('Light horse', NULL, NULL, NULL, NULL, NULL, NULL, NULL, NULL, NULL);
INSERT INTO MONSTER ([NAME], [CLIMATE], [TERRAIN], [FREQUENCY], [ORGANISATION], [ACTIVITY_CYCLE], [DIET], [INTELLIGENCE], [ALIGNMENT], [MORALE]) VALUES ('Wild horse', NULL, NULL, NULL, NULL, NULL, NULL, NULL, NULL, NULL);
INSERT INTO MONSTER ([NAME], [CLIMATE], [TERRAIN], [FREQUENCY], [ORGANISATION], [ACTIVITY_CYCLE], [DIET], [INTELLIGENCE], [ALIGNMENT], [MORALE]) VALUES ('Riding horse', NULL, NULL, NULL, NULL, NULL, NULL, NULL, NULL, NULL);
INSERT INTO MONSTER ([NAME], [CLIMATE], [TERRAIN], [FREQUENCY], [ORGANISATION], [ACTIVITY_CYCLE], [DIET], [INTELLIGENCE], [ALIGNMENT], [MORALE]) VALUES ('Pony', NULL, NULL, NULL, NULL, NULL, NULL, NULL, NULL, NULL);
INSERT INTO MONSTER ([NAME], [CLIMATE], [TERRAIN], [FREQUENCY], [ORGANISATION], [ACTIVITY_CYCLE], [DIET], [INTELLIGENCE], [ALIGNMENT], [MORALE]) VALUES ('Mule', NULL, NULL, NULL, NULL, NULL, NULL, NULL, NULL, NULL);
INSERT INTO MONSTER ([NAME], [CLIMATE], [TERRAIN], [FREQUENCY], [ORGANISATION], [ACTIVITY_CYCLE], [DIET], [INTELLIGENCE], [ALIGNMENT], [MORALE]) VALUES ('Aborigine/caveman', NULL, NULL, NULL, NULL, NULL, NULL, NULL, NULL, NULL);
INSERT INTO MONSTER ([NAME], [CLIMATE], [TERRAIN], [FREQUENCY], [ORGANISATION], [ACTIVITY_CYCLE], [DIET], [INTELLIGENCE], [ALIGNMENT], [MORALE]) VALUES ('Adventurer', NULL, NULL, NULL, NULL, NULL, NULL, NULL, NULL, NULL);
INSERT INTO MONSTER ([NAME], [CLIMATE], [TERRAIN], [FREQUENCY], [ORGANISATION], [ACTIVITY_CYCLE], [DIET], [INTELLIGENCE], [ALIGNMENT], [MORALE]) VALUES ('Bandit/brigand', NULL, NULL, NULL, NULL, NULL, NULL, NULL, NULL, NULL);
INSERT INTO MONSTER ([NAME], [CLIMATE], [TERRAIN], [FREQUENCY], [ORGANISATION], [ACTIVITY_CYCLE], [DIET], [INTELLIGENCE], [ALIGNMENT], [MORALE]) VALUES ('Barbarian/nomad', NULL, NULL, NULL, NULL, NULL, NULL, NULL, NULL, NULL);
INSERT INTO MONSTER ([NAME], [CLIMATE], [TERRAIN], [FREQUENCY], [ORGANISATION], [ACTIVITY_CYCLE], [DIET], [INTELLIGENCE], [ALIGNMENT], [MORALE]) VALUES ('Berserker/dervish', NULL, NULL, NULL, NULL, NULL, NULL, NULL, NULL, NULL);
INSERT INTO MONSTER ([NAME], [CLIMATE], [TERRAIN], [FREQUENCY], [ORGANISATION], [ACTIVITY_CYCLE], [DIET], [INTELLIGENCE], [ALIGNMENT], [MORALE]) VALUES ('Farmer/herder', NULL, NULL, NULL, NULL, NULL, NULL, NULL, NULL, NULL);
INSERT INTO MONSTER ([NAME], [CLIMATE], [TERRAIN], [FREQUENCY], [ORGANISATION], [ACTIVITY_CYCLE], [DIET], [INTELLIGENCE], [ALIGNMENT], [MORALE]) VALUES ('Gentry', NULL, NULL, NULL, NULL, NULL, NULL, NULL, NULL, NULL);
INSERT INTO MONSTER ([NAME], [CLIMATE], [TERRAIN], [FREQUENCY], [ORGANISATION], [ACTIVITY_CYCLE], [DIET], [INTELLIGENCE], [ALIGNMENT], [MORALE]) VALUES ('Knight', NULL, NULL, NULL, NULL, NULL, NULL, NULL, NULL, NULL);
INSERT INTO MONSTER ([NAME], [CLIMATE], [TERRAIN], [FREQUENCY], [ORGANISATION], [ACTIVITY_CYCLE], [DIET], [INTELLIGENCE], [ALIGNMENT], [MORALE]) VALUES ('Mercenary', NULL, NULL, NULL, NULL, NULL, NULL, NULL, NULL, NULL);
INSERT INTO MONSTER ([NAME], [CLIMATE], [TERRAIN], [FREQUENCY], [ORGANISATION], [ACTIVITY_CYCLE], [DIET], [INTELLIGENCE], [ALIGNMENT], [MORALE]) VALUES ('Merchant sailor/fisherman', NULL, NULL, NULL, NULL, NULL, NULL, NULL, NULL, NULL);
INSERT INTO MONSTER ([NAME], [CLIMATE], [TERRAIN], [FREQUENCY], [ORGANISATION], [ACTIVITY_CYCLE], [DIET], [INTELLIGENCE], [ALIGNMENT], [MORALE]) VALUES ('Merchant trader', NULL, NULL, NULL, NULL, NULL, NULL, NULL, NULL, NULL);
INSERT INTO MONSTER ([NAME], [CLIMATE], [TERRAIN], [FREQUENCY], [ORGANISATION], [ACTIVITY_CYCLE], [DIET], [INTELLIGENCE], [ALIGNMENT], [MORALE]) VALUES ('Middle class human', NULL, NULL, NULL, NULL, NULL, NULL, NULL, NULL, NULL);
INSERT INTO MONSTER ([NAME], [CLIMATE], [TERRAIN], [FREQUENCY], [ORGANISATION], [ACTIVITY_CYCLE], [DIET], [INTELLIGENCE], [ALIGNMENT], [MORALE]) VALUES ('Peasant/ serf', NULL, NULL, NULL, NULL, NULL, NULL, NULL, NULL, NULL);
INSERT INTO MONSTER ([NAME], [CLIMATE], [TERRAIN], [FREQUENCY], [ORGANISATION], [ACTIVITY_CYCLE], [DIET], [INTELLIGENCE], [ALIGNMENT], [MORALE]) VALUES ('Pilgrim', NULL, NULL, NULL, NULL, NULL, NULL, NULL, NULL, NULL);
INSERT INTO MONSTER ([NAME], [CLIMATE], [TERRAIN], [FREQUENCY], [ORGANISATION], [ACTIVITY_CYCLE], [DIET], [INTELLIGENCE], [ALIGNMENT], [MORALE]) VALUES ('Pirate/buccaneer', NULL, NULL, NULL, NULL, NULL, NULL, NULL, NULL, NULL);
INSERT INTO MONSTER ([NAME], [CLIMATE], [TERRAIN], [FREQUENCY], [ORGANISATION], [ACTIVITY_CYCLE], [DIET], [INTELLIGENCE], [ALIGNMENT], [MORALE]) VALUES ('Police/constabulary', NULL, NULL, NULL, NULL, NULL, NULL, NULL, NULL, NULL);
INSERT INTO MONSTER ([NAME], [CLIMATE], [TERRAIN], [FREQUENCY], [ORGANISATION], [ACTIVITY_CYCLE], [DIET], [INTELLIGENCE], [ALIGNMENT], [MORALE]) VALUES ('Priest', NULL, NULL, NULL, NULL, NULL, NULL, NULL, NULL, NULL);
INSERT INTO MONSTER ([NAME], [CLIMATE], [TERRAIN], [FREQUENCY], [ORGANISATION], [ACTIVITY_CYCLE], [DIET], [INTELLIGENCE], [ALIGNMENT], [MORALE]) VALUES ('Sailor', NULL, NULL, NULL, NULL, NULL, NULL, NULL, NULL, NULL);
INSERT INTO MONSTER ([NAME], [CLIMATE], [TERRAIN], [FREQUENCY], [ORGANISATION], [ACTIVITY_CYCLE], [DIET], [INTELLIGENCE], [ALIGNMENT], [MORALE]) VALUES ('Slaver', NULL, NULL, NULL, NULL, NULL, NULL, NULL, NULL, NULL);
INSERT INTO MONSTER ([NAME], [CLIMATE], [TERRAIN], [FREQUENCY], [ORGANISATION], [ACTIVITY_CYCLE], [DIET], [INTELLIGENCE], [ALIGNMENT], [MORALE]) VALUES ('Soldier', NULL, NULL, NULL, NULL, NULL, NULL, NULL, NULL, NULL);
INSERT INTO MONSTER ([NAME], [CLIMATE], [TERRAIN], [FREQUENCY], [ORGANISATION], [ACTIVITY_CYCLE], [DIET], [INTELLIGENCE], [ALIGNMENT], [MORALE]) VALUES ('Thief/thug', NULL, NULL, NULL, NULL, NULL, NULL, NULL, NULL, NULL);
INSERT INTO MONSTER ([NAME], [CLIMATE], [TERRAIN], [FREQUENCY], [ORGANISATION], [ACTIVITY_CYCLE], [DIET], [INTELLIGENCE], [ALIGNMENT], [MORALE]) VALUES ('Tradesman/craftsman', NULL, NULL, NULL, NULL, NULL, NULL, NULL, NULL, NULL);
INSERT INTO MONSTER ([NAME], [CLIMATE], [TERRAIN], [FREQUENCY], [ORGANISATION], [ACTIVITY_CYCLE], [DIET], [INTELLIGENCE], [ALIGNMENT], [MORALE]) VALUES ('Tribesman', NULL, NULL, NULL, NULL, NULL, NULL, NULL, NULL, NULL);
INSERT INTO MONSTER ([NAME], [CLIMATE], [TERRAIN], [FREQUENCY], [ORGANISATION], [ACTIVITY_CYCLE], [DIET], [INTELLIGENCE], [ALIGNMENT], [MORALE]) VALUES ('Wizard', NULL, NULL, NULL, NULL, NULL, NULL, NULL, NULL, NULL);
INSERT INTO MONSTER ([NAME], [CLIMATE], [TERRAIN], [FREQUENCY], [ORGANISATION], [ACTIVITY_CYCLE], [DIET], [INTELLIGENCE], [ALIGNMENT], [MORALE]) VALUES ('Hydra', NULL, NULL, NULL, NULL, NULL, NULL, NULL, NULL, NULL);
INSERT INTO MONSTER ([NAME], [CLIMATE], [TERRAIN], [FREQUENCY], [ORGANISATION], [ACTIVITY_CYCLE], [DIET], [INTELLIGENCE], [ALIGNMENT], [MORALE]) VALUES ('Hydra lernaean', NULL, NULL, NULL, NULL, NULL, NULL, NULL, NULL, NULL);
INSERT INTO MONSTER ([NAME], [CLIMATE], [TERRAIN], [FREQUENCY], [ORGANISATION], [ACTIVITY_CYCLE], [DIET], [INTELLIGENCE], [ALIGNMENT], [MORALE]) VALUES ('Pyrohydra', NULL, NULL, NULL, NULL, NULL, NULL, NULL, NULL, NULL);
INSERT INTO MONSTER ([NAME], [CLIMATE], [TERRAIN], [FREQUENCY], [ORGANISATION], [ACTIVITY_CYCLE], [DIET], [INTELLIGENCE], [ALIGNMENT], [MORALE]) VALUES ('Cryohydra', NULL, NULL, NULL, NULL, NULL, NULL, NULL, NULL, NULL);
INSERT INTO MONSTER ([NAME], [CLIMATE], [TERRAIN], [FREQUENCY], [ORGANISATION], [ACTIVITY_CYCLE], [DIET], [INTELLIGENCE], [ALIGNMENT], [MORALE]) VALUES ('Imp', NULL, NULL, NULL, NULL, NULL, NULL, NULL, NULL, NULL);
INSERT INTO MONSTER ([NAME], [CLIMATE], [TERRAIN], [FREQUENCY], [ORGANISATION], [ACTIVITY_CYCLE], [DIET], [INTELLIGENCE], [ALIGNMENT], [MORALE]) VALUES ('Quasit', NULL, NULL, NULL, NULL, NULL, NULL, NULL, NULL, NULL);
INSERT INTO MONSTER ([NAME], [CLIMATE], [TERRAIN], [FREQUENCY], [ORGANISATION], [ACTIVITY_CYCLE], [DIET], [INTELLIGENCE], [ALIGNMENT], [MORALE]) VALUES ('Fire mephit', NULL, NULL, NULL, NULL, NULL, NULL, NULL, NULL, NULL);
INSERT INTO MONSTER ([NAME], [CLIMATE], [TERRAIN], [FREQUENCY], [ORGANISATION], [ACTIVITY_CYCLE], [DIET], [INTELLIGENCE], [ALIGNMENT], [MORALE]) VALUES ('Ice mephit', NULL, NULL, NULL, NULL, NULL, NULL, NULL, NULL, NULL);
INSERT INTO MONSTER ([NAME], [CLIMATE], [TERRAIN], [FREQUENCY], [ORGANISATION], [ACTIVITY_CYCLE], [DIET], [INTELLIGENCE], [ALIGNMENT], [MORALE]) VALUES ('Lava mephit', NULL, NULL, NULL, NULL, NULL, NULL, NULL, NULL, NULL);
INSERT INTO MONSTER ([NAME], [CLIMATE], [TERRAIN], [FREQUENCY], [ORGANISATION], [ACTIVITY_CYCLE], [DIET], [INTELLIGENCE], [ALIGNMENT], [MORALE]) VALUES ('Mist mephit', NULL, NULL, NULL, NULL, NULL, NULL, NULL, NULL, NULL);
INSERT INTO MONSTER ([NAME], [CLIMATE], [TERRAIN], [FREQUENCY], [ORGANISATION], [ACTIVITY_CYCLE], [DIET], [INTELLIGENCE], [ALIGNMENT], [MORALE]) VALUES ('Smoke mephit', NULL, NULL, NULL, NULL, NULL, NULL, NULL, NULL, NULL);
INSERT INTO MONSTER ([NAME], [CLIMATE], [TERRAIN], [FREQUENCY], [ORGANISATION], [ACTIVITY_CYCLE], [DIET], [INTELLIGENCE], [ALIGNMENT], [MORALE]) VALUES ('Steam mephit', NULL, NULL, NULL, NULL, NULL, NULL, NULL, NULL, NULL);
INSERT INTO MONSTER ([NAME], [CLIMATE], [TERRAIN], [FREQUENCY], [ORGANISATION], [ACTIVITY_CYCLE], [DIET], [INTELLIGENCE], [ALIGNMENT], [MORALE]) VALUES ('Giant ant', NULL, NULL, NULL, NULL, NULL, NULL, NULL, NULL, NULL);
INSERT INTO MONSTER ([NAME], [CLIMATE], [TERRAIN], [FREQUENCY], [ORGANISATION], [ACTIVITY_CYCLE], [DIET], [INTELLIGENCE], [ALIGNMENT], [MORALE]) VALUES ('Giant ant lion', NULL, NULL, NULL, NULL, NULL, NULL, NULL, NULL, NULL);
INSERT INTO MONSTER ([NAME], [CLIMATE], [TERRAIN], [FREQUENCY], [ORGANISATION], [ACTIVITY_CYCLE], [DIET], [INTELLIGENCE], [ALIGNMENT], [MORALE]) VALUES ('Aratha', NULL, NULL, NULL, NULL, NULL, NULL, NULL, NULL, NULL);
INSERT INTO MONSTER ([NAME], [CLIMATE], [TERRAIN], [FREQUENCY], [ORGANISATION], [ACTIVITY_CYCLE], [DIET], [INTELLIGENCE], [ALIGNMENT], [MORALE]) VALUES ('Aspis cow', NULL, NULL, NULL, NULL, NULL, NULL, NULL, NULL, NULL);
INSERT INTO MONSTER ([NAME], [CLIMATE], [TERRAIN], [FREQUENCY], [ORGANISATION], [ACTIVITY_CYCLE], [DIET], [INTELLIGENCE], [ALIGNMENT], [MORALE]) VALUES ('Aspis drone', NULL, NULL, NULL, NULL, NULL, NULL, NULL, NULL, NULL);
INSERT INTO MONSTER ([NAME], [CLIMATE], [TERRAIN], [FREQUENCY], [ORGANISATION], [ACTIVITY_CYCLE], [DIET], [INTELLIGENCE], [ALIGNMENT], [MORALE]) VALUES ('Aspis larva', NULL, NULL, NULL, NULL, NULL, NULL, NULL, NULL, NULL);
INSERT INTO MONSTER ([NAME], [CLIMATE], [TERRAIN], [FREQUENCY], [ORGANISATION], [ACTIVITY_CYCLE], [DIET], [INTELLIGENCE], [ALIGNMENT], [MORALE]) VALUES ('Assassin bug', NULL, NULL, NULL, NULL, NULL, NULL, NULL, NULL, NULL);
INSERT INTO MONSTER ([NAME], [CLIMATE], [TERRAIN], [FREQUENCY], [ORGANISATION], [ACTIVITY_CYCLE], [DIET], [INTELLIGENCE], [ALIGNMENT], [MORALE]) VALUES ('Worker bee', NULL, NULL, NULL, NULL, NULL, NULL, NULL, NULL, NULL);
INSERT INTO MONSTER ([NAME], [CLIMATE], [TERRAIN], [FREQUENCY], [ORGANISATION], [ACTIVITY_CYCLE], [DIET], [INTELLIGENCE], [ALIGNMENT], [MORALE]) VALUES ('Soldier bee', NULL, NULL, NULL, NULL, NULL, NULL, NULL, NULL, NULL);
INSERT INTO MONSTER ([NAME], [CLIMATE], [TERRAIN], [FREQUENCY], [ORGANISATION], [ACTIVITY_CYCLE], [DIET], [INTELLIGENCE], [ALIGNMENT], [MORALE]) VALUES ('Bumblebee', NULL, NULL, NULL, NULL, NULL, NULL, NULL, NULL, NULL);
INSERT INTO MONSTER ([NAME], [CLIMATE], [TERRAIN], [FREQUENCY], [ORGANISATION], [ACTIVITY_CYCLE], [DIET], [INTELLIGENCE], [ALIGNMENT], [MORALE]) VALUES ('Cave cricket', NULL, NULL, NULL, NULL, NULL, NULL, NULL, NULL, NULL);
INSERT INTO MONSTER ([NAME], [CLIMATE], [TERRAIN], [FREQUENCY], [ORGANISATION], [ACTIVITY_CYCLE], [DIET], [INTELLIGENCE], [ALIGNMENT], [MORALE]) VALUES ('Giant dragonfly', NULL, NULL, NULL, NULL, NULL, NULL, NULL, NULL, NULL);
INSERT INTO MONSTER ([NAME], [CLIMATE], [TERRAIN], [FREQUENCY], [ORGANISATION], [ACTIVITY_CYCLE], [DIET], [INTELLIGENCE], [ALIGNMENT], [MORALE]) VALUES ('Dragonfly larva', NULL, NULL, NULL, NULL, NULL, NULL, NULL, NULL, NULL);
INSERT INTO MONSTER ([NAME], [CLIMATE], [TERRAIN], [FREQUENCY], [ORGANISATION], [ACTIVITY_CYCLE], [DIET], [INTELLIGENCE], [ALIGNMENT], [MORALE]) VALUES ('Ear seeker', NULL, NULL, NULL, NULL, NULL, NULL, NULL, NULL, NULL);
INSERT INTO MONSTER ([NAME], [CLIMATE], [TERRAIN], [FREQUENCY], [ORGANISATION], [ACTIVITY_CYCLE], [DIET], [INTELLIGENCE], [ALIGNMENT], [MORALE]) VALUES ('Firefriend', NULL, NULL, NULL, NULL, NULL, NULL, NULL, NULL, NULL);
INSERT INTO MONSTER ([NAME], [CLIMATE], [TERRAIN], [FREQUENCY], [ORGANISATION], [ACTIVITY_CYCLE], [DIET], [INTELLIGENCE], [ALIGNMENT], [MORALE]) VALUES ('Giant bluebottle fly', NULL, NULL, NULL, NULL, NULL, NULL, NULL, NULL, NULL);
INSERT INTO MONSTER ([NAME], [CLIMATE], [TERRAIN], [FREQUENCY], [ORGANISATION], [ACTIVITY_CYCLE], [DIET], [INTELLIGENCE], [ALIGNMENT], [MORALE]) VALUES ('Giant horsefly', NULL, NULL, NULL, NULL, NULL, NULL, NULL, NULL, NULL);
INSERT INTO MONSTER ([NAME], [CLIMATE], [TERRAIN], [FREQUENCY], [ORGANISATION], [ACTIVITY_CYCLE], [DIET], [INTELLIGENCE], [ALIGNMENT], [MORALE]) VALUES ('Fyrefly', NULL, NULL, NULL, NULL, NULL, NULL, NULL, NULL, NULL);
INSERT INTO MONSTER ([NAME], [CLIMATE], [TERRAIN], [FREQUENCY], [ORGANISATION], [ACTIVITY_CYCLE], [DIET], [INTELLIGENCE], [ALIGNMENT], [MORALE]) VALUES ('Horax', NULL, NULL, NULL, NULL, NULL, NULL, NULL, NULL, NULL);
INSERT INTO MONSTER ([NAME], [CLIMATE], [TERRAIN], [FREQUENCY], [ORGANISATION], [ACTIVITY_CYCLE], [DIET], [INTELLIGENCE], [ALIGNMENT], [MORALE]) VALUES ('Giant hornet', NULL, NULL, NULL, NULL, NULL, NULL, NULL, NULL, NULL);
INSERT INTO MONSTER ([NAME], [CLIMATE], [TERRAIN], [FREQUENCY], [ORGANISATION], [ACTIVITY_CYCLE], [DIET], [INTELLIGENCE], [ALIGNMENT], [MORALE]) VALUES ('Pernicon', NULL, NULL, NULL, NULL, NULL, NULL, NULL, NULL, NULL);
INSERT INTO MONSTER ([NAME], [CLIMATE], [TERRAIN], [FREQUENCY], [ORGANISATION], [ACTIVITY_CYCLE], [DIET], [INTELLIGENCE], [ALIGNMENT], [MORALE]) VALUES ('Gargantuan praying mantis', NULL, NULL, NULL, NULL, NULL, NULL, NULL, NULL, NULL);
INSERT INTO MONSTER ([NAME], [CLIMATE], [TERRAIN], [FREQUENCY], [ORGANISATION], [ACTIVITY_CYCLE], [DIET], [INTELLIGENCE], [ALIGNMENT], [MORALE]) VALUES ('Giant harvester termite king', NULL, NULL, NULL, NULL, NULL, NULL, NULL, NULL, NULL);
INSERT INTO MONSTER ([NAME], [CLIMATE], [TERRAIN], [FREQUENCY], [ORGANISATION], [ACTIVITY_CYCLE], [DIET], [INTELLIGENCE], [ALIGNMENT], [MORALE]) VALUES ('Giant harvester termite queen', NULL, NULL, NULL, NULL, NULL, NULL, NULL, NULL, NULL);
INSERT INTO MONSTER ([NAME], [CLIMATE], [TERRAIN], [FREQUENCY], [ORGANISATION], [ACTIVITY_CYCLE], [DIET], [INTELLIGENCE], [ALIGNMENT], [MORALE]) VALUES ('Giant harvester termite soldier', NULL, NULL, NULL, NULL, NULL, NULL, NULL, NULL, NULL);
INSERT INTO MONSTER ([NAME], [CLIMATE], [TERRAIN], [FREQUENCY], [ORGANISATION], [ACTIVITY_CYCLE], [DIET], [INTELLIGENCE], [ALIGNMENT], [MORALE]) VALUES ('Giant harvester termite worker', NULL, NULL, NULL, NULL, NULL, NULL, NULL, NULL, NULL);
INSERT INTO MONSTER ([NAME], [CLIMATE], [TERRAIN], [FREQUENCY], [ORGANISATION], [ACTIVITY_CYCLE], [DIET], [INTELLIGENCE], [ALIGNMENT], [MORALE]) VALUES ('Giant tick', NULL, NULL, NULL, NULL, NULL, NULL, NULL, NULL, NULL);
INSERT INTO MONSTER ([NAME], [CLIMATE], [TERRAIN], [FREQUENCY], [ORGANISATION], [ACTIVITY_CYCLE], [DIET], [INTELLIGENCE], [ALIGNMENT], [MORALE]) VALUES ('Giant wasp', NULL, NULL, NULL, NULL, NULL, NULL, NULL, NULL, NULL);
INSERT INTO MONSTER ([NAME], [CLIMATE], [TERRAIN], [FREQUENCY], [ORGANISATION], [ACTIVITY_CYCLE], [DIET], [INTELLIGENCE], [ALIGNMENT], [MORALE]) VALUES ('Velvet ants swarm', NULL, NULL, NULL, NULL, NULL, NULL, NULL, NULL, NULL);
INSERT INTO MONSTER ([NAME], [CLIMATE], [TERRAIN], [FREQUENCY], [ORGANISATION], [ACTIVITY_CYCLE], [DIET], [INTELLIGENCE], [ALIGNMENT], [MORALE]) VALUES ('Grasshoppers swarm', NULL, NULL, NULL, NULL, NULL, NULL, NULL, NULL, NULL);
INSERT INTO MONSTER ([NAME], [CLIMATE], [TERRAIN], [FREQUENCY], [ORGANISATION], [ACTIVITY_CYCLE], [DIET], [INTELLIGENCE], [ALIGNMENT], [MORALE]) VALUES ('Locust swarm', NULL, NULL, NULL, NULL, NULL, NULL, NULL, NULL, NULL);
INSERT INTO MONSTER ([NAME], [CLIMATE], [TERRAIN], [FREQUENCY], [ORGANISATION], [ACTIVITY_CYCLE], [DIET], [INTELLIGENCE], [ALIGNMENT], [MORALE]) VALUES ('Intellect devourer, adult', NULL, NULL, NULL, NULL, NULL, NULL, NULL, NULL, NULL);
INSERT INTO MONSTER ([NAME], [CLIMATE], [TERRAIN], [FREQUENCY], [ORGANISATION], [ACTIVITY_CYCLE], [DIET], [INTELLIGENCE], [ALIGNMENT], [MORALE]) VALUES ('Intellect devourer, larva', NULL, NULL, NULL, NULL, NULL, NULL, NULL, NULL, NULL);
INSERT INTO MONSTER ([NAME], [CLIMATE], [TERRAIN], [FREQUENCY], [ORGANISATION], [ACTIVITY_CYCLE], [DIET], [INTELLIGENCE], [ALIGNMENT], [MORALE]) VALUES ('Invisible stalker', NULL, NULL, NULL, NULL, NULL, NULL, NULL, NULL, NULL);
--INSERT INTO MONSTER ([NAME], [CLIMATE], [TERRAIN], [FREQUENCY], [ORGANISATION], [ACTIVITY_CYCLE], [DIET], [INTELLIGENCE], [ALIGNMENT], [MORALE]) VALUES ('Ixitxachitl', NULL, NULL, NULL, NULL, NULL, NULL, NULL, NULL, NULL);
INSERT INTO MONSTER ([NAME], [CLIMATE], [TERRAIN], [FREQUENCY], [ORGANISATION], [ACTIVITY_CYCLE], [DIET], [INTELLIGENCE], [ALIGNMENT], [MORALE]) VALUES ('Jackalwere', NULL, NULL, NULL, NULL, NULL, NULL, NULL, NULL, NULL);
INSERT INTO MONSTER ([NAME], [CLIMATE], [TERRAIN], [FREQUENCY], [ORGANISATION], [ACTIVITY_CYCLE], [DIET], [INTELLIGENCE], [ALIGNMENT], [MORALE]) VALUES ('Kenku', NULL, NULL, NULL, NULL, NULL, NULL, NULL, NULL, NULL);
INSERT INTO MONSTER ([NAME], [CLIMATE], [TERRAIN], [FREQUENCY], [ORGANISATION], [ACTIVITY_CYCLE], [DIET], [INTELLIGENCE], [ALIGNMENT], [MORALE]) VALUES ('Ki-rin', NULL, NULL, NULL, NULL, NULL, NULL, NULL, NULL, NULL);
INSERT INTO MONSTER ([NAME], [CLIMATE], [TERRAIN], [FREQUENCY], [ORGANISATION], [ACTIVITY_CYCLE], [DIET], [INTELLIGENCE], [ALIGNMENT], [MORALE]) VALUES ('Kirre', NULL, NULL, NULL, NULL, NULL, NULL, NULL, NULL, NULL);
INSERT INTO MONSTER ([NAME], [CLIMATE], [TERRAIN], [FREQUENCY], [ORGANISATION], [ACTIVITY_CYCLE], [DIET], [INTELLIGENCE], [ALIGNMENT], [MORALE]) VALUES ('Kobold', NULL, NULL, NULL, NULL, NULL, NULL, NULL, NULL, NULL);
INSERT INTO MONSTER ([NAME], [CLIMATE], [TERRAIN], [FREQUENCY], [ORGANISATION], [ACTIVITY_CYCLE], [DIET], [INTELLIGENCE], [ALIGNMENT], [MORALE]) VALUES ('Urd', NULL, NULL, NULL, NULL, NULL, NULL, NULL, NULL, NULL);
INSERT INTO MONSTER ([NAME], [CLIMATE], [TERRAIN], [FREQUENCY], [ORGANISATION], [ACTIVITY_CYCLE], [DIET], [INTELLIGENCE], [ALIGNMENT], [MORALE]) VALUES ('Kuo toa', NULL, NULL, NULL, NULL, NULL, NULL, NULL, NULL, NULL);
INSERT INTO MONSTER ([NAME], [CLIMATE], [TERRAIN], [FREQUENCY], [ORGANISATION], [ACTIVITY_CYCLE], [DIET], [INTELLIGENCE], [ALIGNMENT], [MORALE]) VALUES ('Lamia', NULL, NULL, NULL, NULL, NULL, NULL, NULL, NULL, NULL);
INSERT INTO MONSTER ([NAME], [CLIMATE], [TERRAIN], [FREQUENCY], [ORGANISATION], [ACTIVITY_CYCLE], [DIET], [INTELLIGENCE], [ALIGNMENT], [MORALE]) VALUES ('Lamia noble', NULL, NULL, NULL, NULL, NULL, NULL, NULL, NULL, NULL);
INSERT INTO MONSTER ([NAME], [CLIMATE], [TERRAIN], [FREQUENCY], [ORGANISATION], [ACTIVITY_CYCLE], [DIET], [INTELLIGENCE], [ALIGNMENT], [MORALE]) VALUES ('Lesser lammasu', NULL, NULL, NULL, NULL, NULL, NULL, NULL, NULL, NULL);
INSERT INTO MONSTER ([NAME], [CLIMATE], [TERRAIN], [FREQUENCY], [ORGANISATION], [ACTIVITY_CYCLE], [DIET], [INTELLIGENCE], [ALIGNMENT], [MORALE]) VALUES ('Greater lammasu', NULL, NULL, NULL, NULL, NULL, NULL, NULL, NULL, NULL);
INSERT INTO MONSTER ([NAME], [CLIMATE], [TERRAIN], [FREQUENCY], [ORGANISATION], [ACTIVITY_CYCLE], [DIET], [INTELLIGENCE], [ALIGNMENT], [MORALE]) VALUES ('Giant leech', NULL, NULL, NULL, NULL, NULL, NULL, NULL, NULL, NULL);
INSERT INTO MONSTER ([NAME], [CLIMATE], [TERRAIN], [FREQUENCY], [ORGANISATION], [ACTIVITY_CYCLE], [DIET], [INTELLIGENCE], [ALIGNMENT], [MORALE]) VALUES ('Throat leech', NULL, NULL, NULL, NULL, NULL, NULL, NULL, NULL, NULL);
INSERT INTO MONSTER ([NAME], [CLIMATE], [TERRAIN], [FREQUENCY], [ORGANISATION], [ACTIVITY_CYCLE], [DIET], [INTELLIGENCE], [ALIGNMENT], [MORALE]) VALUES ('Leech swarm', NULL, NULL, NULL, NULL, NULL, NULL, NULL, NULL, NULL);
INSERT INTO MONSTER ([NAME], [CLIMATE], [TERRAIN], [FREQUENCY], [ORGANISATION], [ACTIVITY_CYCLE], [DIET], [INTELLIGENCE], [ALIGNMENT], [MORALE]) VALUES ('Leprechaun', NULL, NULL, NULL, NULL, NULL, NULL, NULL, NULL, NULL);
INSERT INTO MONSTER ([NAME], [CLIMATE], [TERRAIN], [FREQUENCY], [ORGANISATION], [ACTIVITY_CYCLE], [DIET], [INTELLIGENCE], [ALIGNMENT], [MORALE]) VALUES ('Leucrotta', NULL, NULL, NULL, NULL, NULL, NULL, NULL, NULL, NULL);
INSERT INTO MONSTER ([NAME], [CLIMATE], [TERRAIN], [FREQUENCY], [ORGANISATION], [ACTIVITY_CYCLE], [DIET], [INTELLIGENCE], [ALIGNMENT], [MORALE]) VALUES ('Lich', NULL, NULL, NULL, NULL, NULL, NULL, NULL, NULL, NULL);
INSERT INTO MONSTER ([NAME], [CLIMATE], [TERRAIN], [FREQUENCY], [ORGANISATION], [ACTIVITY_CYCLE], [DIET], [INTELLIGENCE], [ALIGNMENT], [MORALE]) VALUES ('Demilich', NULL, NULL, NULL, NULL, NULL, NULL, NULL, NULL, NULL);
INSERT INTO MONSTER ([NAME], [CLIMATE], [TERRAIN], [FREQUENCY], [ORGANISATION], [ACTIVITY_CYCLE], [DIET], [INTELLIGENCE], [ALIGNMENT], [MORALE]) VALUES ('Living wall', NULL, NULL, NULL, NULL, NULL, NULL, NULL, NULL, NULL);
INSERT INTO MONSTER ([NAME], [CLIMATE], [TERRAIN], [FREQUENCY], [ORGANISATION], [ACTIVITY_CYCLE], [DIET], [INTELLIGENCE], [ALIGNMENT], [MORALE]) VALUES ('Fire lizard', NULL, NULL, NULL, NULL, NULL, NULL, NULL, NULL, NULL);
INSERT INTO MONSTER ([NAME], [CLIMATE], [TERRAIN], [FREQUENCY], [ORGANISATION], [ACTIVITY_CYCLE], [DIET], [INTELLIGENCE], [ALIGNMENT], [MORALE]) VALUES ('Giant lizard', NULL, NULL, NULL, NULL, NULL, NULL, NULL, NULL, NULL);
INSERT INTO MONSTER ([NAME], [CLIMATE], [TERRAIN], [FREQUENCY], [ORGANISATION], [ACTIVITY_CYCLE], [DIET], [INTELLIGENCE], [ALIGNMENT], [MORALE]) VALUES ('Minotaur lizard', NULL, NULL, NULL, NULL, NULL, NULL, NULL, NULL, NULL);
INSERT INTO MONSTER ([NAME], [CLIMATE], [TERRAIN], [FREQUENCY], [ORGANISATION], [ACTIVITY_CYCLE], [DIET], [INTELLIGENCE], [ALIGNMENT], [MORALE]) VALUES ('Subterranean lizard', NULL, NULL, NULL, NULL, NULL, NULL, NULL, NULL, NULL);
INSERT INTO MONSTER ([NAME], [CLIMATE], [TERRAIN], [FREQUENCY], [ORGANISATION], [ACTIVITY_CYCLE], [DIET], [INTELLIGENCE], [ALIGNMENT], [MORALE]) VALUES ('Lizard man', NULL, NULL, NULL, NULL, NULL, NULL, NULL, NULL, NULL);
INSERT INTO MONSTER ([NAME], [CLIMATE], [TERRAIN], [FREQUENCY], [ORGANISATION], [ACTIVITY_CYCLE], [DIET], [INTELLIGENCE], [ALIGNMENT], [MORALE]) VALUES ('King lizard man', NULL, NULL, NULL, NULL, NULL, NULL, NULL, NULL, NULL);
INSERT INTO MONSTER ([NAME], [CLIMATE], [TERRAIN], [FREQUENCY], [ORGANISATION], [ACTIVITY_CYCLE], [DIET], [INTELLIGENCE], [ALIGNMENT], [MORALE]) VALUES ('Locathah', NULL, NULL, NULL, NULL, NULL, NULL, NULL, NULL, NULL);
INSERT INTO MONSTER ([NAME], [CLIMATE], [TERRAIN], [FREQUENCY], [ORGANISATION], [ACTIVITY_CYCLE], [DIET], [INTELLIGENCE], [ALIGNMENT], [MORALE]) VALUES ('Lurker', NULL, NULL, NULL, NULL, NULL, NULL, NULL, NULL, NULL);
INSERT INTO MONSTER ([NAME], [CLIMATE], [TERRAIN], [FREQUENCY], [ORGANISATION], [ACTIVITY_CYCLE], [DIET], [INTELLIGENCE], [ALIGNMENT], [MORALE]) VALUES ('Lurker, trapper', NULL, NULL, NULL, NULL, NULL, NULL, NULL, NULL, NULL);
INSERT INTO MONSTER ([NAME], [CLIMATE], [TERRAIN], [FREQUENCY], [ORGANISATION], [ACTIVITY_CYCLE], [DIET], [INTELLIGENCE], [ALIGNMENT], [MORALE]) VALUES ('Forest lurker', NULL, NULL, NULL, NULL, NULL, NULL, NULL, NULL, NULL);
INSERT INTO MONSTER ([NAME], [CLIMATE], [TERRAIN], [FREQUENCY], [ORGANISATION], [ACTIVITY_CYCLE], [DIET], [INTELLIGENCE], [ALIGNMENT], [MORALE]) VALUES ('Lycanthrope', NULL, NULL, NULL, NULL, NULL, NULL, NULL, NULL, NULL);
INSERT INTO MONSTER ([NAME], [CLIMATE], [TERRAIN], [FREQUENCY], [ORGANISATION], [ACTIVITY_CYCLE], [DIET], [INTELLIGENCE], [ALIGNMENT], [MORALE]) VALUES ('Lesser seawolf', NULL, NULL, NULL, NULL, NULL, NULL, NULL, NULL, NULL);
INSERT INTO MONSTER ([NAME], [CLIMATE], [TERRAIN], [FREQUENCY], [ORGANISATION], [ACTIVITY_CYCLE], [DIET], [INTELLIGENCE], [ALIGNMENT], [MORALE]) VALUES ('Greater seawolf', NULL, NULL, NULL, NULL, NULL, NULL, NULL, NULL, NULL);
INSERT INTO MONSTER ([NAME], [CLIMATE], [TERRAIN], [FREQUENCY], [ORGANISATION], [ACTIVITY_CYCLE], [DIET], [INTELLIGENCE], [ALIGNMENT], [MORALE]) VALUES ('Werebat', NULL, NULL, NULL, NULL, NULL, NULL, NULL, NULL, NULL);
INSERT INTO MONSTER ([NAME], [CLIMATE], [TERRAIN], [FREQUENCY], [ORGANISATION], [ACTIVITY_CYCLE], [DIET], [INTELLIGENCE], [ALIGNMENT], [MORALE]) VALUES ('Werebear', NULL, NULL, NULL, NULL, NULL, NULL, NULL, NULL, NULL);
INSERT INTO MONSTER ([NAME], [CLIMATE], [TERRAIN], [FREQUENCY], [ORGANISATION], [ACTIVITY_CYCLE], [DIET], [INTELLIGENCE], [ALIGNMENT], [MORALE]) VALUES ('Wereboar', NULL, NULL, NULL, NULL, NULL, NULL, NULL, NULL, NULL);
INSERT INTO MONSTER ([NAME], [CLIMATE], [TERRAIN], [FREQUENCY], [ORGANISATION], [ACTIVITY_CYCLE], [DIET], [INTELLIGENCE], [ALIGNMENT], [MORALE]) VALUES ('Werefox', NULL, NULL, NULL, NULL, NULL, NULL, NULL, NULL, NULL);
INSERT INTO MONSTER ([NAME], [CLIMATE], [TERRAIN], [FREQUENCY], [ORGANISATION], [ACTIVITY_CYCLE], [DIET], [INTELLIGENCE], [ALIGNMENT], [MORALE]) VALUES ('Wererat', NULL, NULL, NULL, NULL, NULL, NULL, NULL, NULL, NULL);
INSERT INTO MONSTER ([NAME], [CLIMATE], [TERRAIN], [FREQUENCY], [ORGANISATION], [ACTIVITY_CYCLE], [DIET], [INTELLIGENCE], [ALIGNMENT], [MORALE]) VALUES ('Wereraven', NULL, NULL, NULL, NULL, NULL, NULL, NULL, NULL, NULL);
INSERT INTO MONSTER ([NAME], [CLIMATE], [TERRAIN], [FREQUENCY], [ORGANISATION], [ACTIVITY_CYCLE], [DIET], [INTELLIGENCE], [ALIGNMENT], [MORALE]) VALUES ('Weretiger', NULL, NULL, NULL, NULL, NULL, NULL, NULL, NULL, NULL);
INSERT INTO MONSTER ([NAME], [CLIMATE], [TERRAIN], [FREQUENCY], [ORGANISATION], [ACTIVITY_CYCLE], [DIET], [INTELLIGENCE], [ALIGNMENT], [MORALE]) VALUES ('Werewolf', NULL, NULL, NULL, NULL, NULL, NULL, NULL, NULL, NULL);
INSERT INTO MONSTER ([NAME], [CLIMATE], [TERRAIN], [FREQUENCY], [ORGANISATION], [ACTIVITY_CYCLE], [DIET], [INTELLIGENCE], [ALIGNMENT], [MORALE]) VALUES ('Carnivorous ape', NULL, NULL, NULL, NULL, NULL, NULL, NULL, NULL, NULL);
INSERT INTO MONSTER ([NAME], [CLIMATE], [TERRAIN], [FREQUENCY], [ORGANISATION], [ACTIVITY_CYCLE], [DIET], [INTELLIGENCE], [ALIGNMENT], [MORALE]) VALUES ('Wild baboon', NULL, NULL, NULL, NULL, NULL, NULL, NULL, NULL, NULL);
INSERT INTO MONSTER ([NAME], [CLIMATE], [TERRAIN], [FREQUENCY], [ORGANISATION], [ACTIVITY_CYCLE], [DIET], [INTELLIGENCE], [ALIGNMENT], [MORALE]) VALUES ('Badger', NULL, NULL, NULL, NULL, NULL, NULL, NULL, NULL, NULL);
INSERT INTO MONSTER ([NAME], [CLIMATE], [TERRAIN], [FREQUENCY], [ORGANISATION], [ACTIVITY_CYCLE], [DIET], [INTELLIGENCE], [ALIGNMENT], [MORALE]) VALUES ('Banderlog', NULL, NULL, NULL, NULL, NULL, NULL, NULL, NULL, NULL);
INSERT INTO MONSTER ([NAME], [CLIMATE], [TERRAIN], [FREQUENCY], [ORGANISATION], [ACTIVITY_CYCLE], [DIET], [INTELLIGENCE], [ALIGNMENT], [MORALE]) VALUES ('Bhaergala', NULL, NULL, NULL, NULL, NULL, NULL, NULL, NULL, NULL);
INSERT INTO MONSTER ([NAME], [CLIMATE], [TERRAIN], [FREQUENCY], [ORGANISATION], [ACTIVITY_CYCLE], [DIET], [INTELLIGENCE], [ALIGNMENT], [MORALE]) VALUES ('Wild boar', NULL, NULL, NULL, NULL, NULL, NULL, NULL, NULL, NULL);
INSERT INTO MONSTER ([NAME], [CLIMATE], [TERRAIN], [FREQUENCY], [ORGANISATION], [ACTIVITY_CYCLE], [DIET], [INTELLIGENCE], [ALIGNMENT], [MORALE]) VALUES ('Chattur', NULL, NULL, NULL, NULL, NULL, NULL, NULL, NULL, NULL);
INSERT INTO MONSTER ([NAME], [CLIMATE], [TERRAIN], [FREQUENCY], [ORGANISATION], [ACTIVITY_CYCLE], [DIET], [INTELLIGENCE], [ALIGNMENT], [MORALE]) VALUES ('Cooshee', NULL, NULL, NULL, NULL, NULL, NULL, NULL, NULL, NULL);
INSERT INTO MONSTER ([NAME], [CLIMATE], [TERRAIN], [FREQUENCY], [ORGANISATION], [ACTIVITY_CYCLE], [DIET], [INTELLIGENCE], [ALIGNMENT], [MORALE]) VALUES ('Dakon', NULL, NULL, NULL, NULL, NULL, NULL, NULL, NULL, NULL);
INSERT INTO MONSTER ([NAME], [CLIMATE], [TERRAIN], [FREQUENCY], [ORGANISATION], [ACTIVITY_CYCLE], [DIET], [INTELLIGENCE], [ALIGNMENT], [MORALE]) VALUES ('Debbi', NULL, NULL, NULL, NULL, NULL, NULL, NULL, NULL, NULL);
INSERT INTO MONSTER ([NAME], [CLIMATE], [TERRAIN], [FREQUENCY], [ORGANISATION], [ACTIVITY_CYCLE], [DIET], [INTELLIGENCE], [ALIGNMENT], [MORALE]) VALUES ('Goat', NULL, NULL, NULL, NULL, NULL, NULL, NULL, NULL, NULL);
INSERT INTO MONSTER ([NAME], [CLIMATE], [TERRAIN], [FREQUENCY], [ORGANISATION], [ACTIVITY_CYCLE], [DIET], [INTELLIGENCE], [ALIGNMENT], [MORALE]) VALUES ('Gorilla', NULL, NULL, NULL, NULL, NULL, NULL, NULL, NULL, NULL);
INSERT INTO MONSTER ([NAME], [CLIMATE], [TERRAIN], [FREQUENCY], [ORGANISATION], [ACTIVITY_CYCLE], [DIET], [INTELLIGENCE], [ALIGNMENT], [MORALE]) VALUES ('Hsing sing', NULL, NULL, NULL, NULL, NULL, NULL, NULL, NULL, NULL);
INSERT INTO MONSTER ([NAME], [CLIMATE], [TERRAIN], [FREQUENCY], [ORGANISATION], [ACTIVITY_CYCLE], [DIET], [INTELLIGENCE], [ALIGNMENT], [MORALE]) VALUES ('Hyena', NULL, NULL, NULL, NULL, NULL, NULL, NULL, NULL, NULL);
INSERT INTO MONSTER ([NAME], [CLIMATE], [TERRAIN], [FREQUENCY], [ORGANISATION], [ACTIVITY_CYCLE], [DIET], [INTELLIGENCE], [ALIGNMENT], [MORALE]) VALUES ('Jackal', NULL, NULL, NULL, NULL, NULL, NULL, NULL, NULL, NULL);
INSERT INTO MONSTER ([NAME], [CLIMATE], [TERRAIN], [FREQUENCY], [ORGANISATION], [ACTIVITY_CYCLE], [DIET], [INTELLIGENCE], [ALIGNMENT], [MORALE]) VALUES ('Losel', NULL, NULL, NULL, NULL, NULL, NULL, NULL, NULL, NULL);
INSERT INTO MONSTER ([NAME], [CLIMATE], [TERRAIN], [FREQUENCY], [ORGANISATION], [ACTIVITY_CYCLE], [DIET], [INTELLIGENCE], [ALIGNMENT], [MORALE]) VALUES ('Monkey spider', NULL, NULL, NULL, NULL, NULL, NULL, NULL, NULL, NULL);
INSERT INTO MONSTER ([NAME], [CLIMATE], [TERRAIN], [FREQUENCY], [ORGANISATION], [ACTIVITY_CYCLE], [DIET], [INTELLIGENCE], [ALIGNMENT], [MORALE]) VALUES ('Osquip', NULL, NULL, NULL, NULL, NULL, NULL, NULL, NULL, NULL);
INSERT INTO MONSTER ([NAME], [CLIMATE], [TERRAIN], [FREQUENCY], [ORGANISATION], [ACTIVITY_CYCLE], [DIET], [INTELLIGENCE], [ALIGNMENT], [MORALE]) VALUES ('Black porcupine', NULL, NULL, NULL, NULL, NULL, NULL, NULL, NULL, NULL);
INSERT INTO MONSTER ([NAME], [CLIMATE], [TERRAIN], [FREQUENCY], [ORGANISATION], [ACTIVITY_CYCLE], [DIET], [INTELLIGENCE], [ALIGNMENT], [MORALE]) VALUES ('Brown porcupine', NULL, NULL, NULL, NULL, NULL, NULL, NULL, NULL, NULL);
INSERT INTO MONSTER ([NAME], [CLIMATE], [TERRAIN], [FREQUENCY], [ORGANISATION], [ACTIVITY_CYCLE], [DIET], [INTELLIGENCE], [ALIGNMENT], [MORALE]) VALUES ('Rothe', NULL, NULL, NULL, NULL, NULL, NULL, NULL, NULL, NULL);
INSERT INTO MONSTER ([NAME], [CLIMATE], [TERRAIN], [FREQUENCY], [ORGANISATION], [ACTIVITY_CYCLE], [DIET], [INTELLIGENCE], [ALIGNMENT], [MORALE]) VALUES ('Skunk', NULL, NULL, NULL, NULL, NULL, NULL, NULL, NULL, NULL);
INSERT INTO MONSTER ([NAME], [CLIMATE], [TERRAIN], [FREQUENCY], [ORGANISATION], [ACTIVITY_CYCLE], [DIET], [INTELLIGENCE], [ALIGNMENT], [MORALE]) VALUES ('Sleek', NULL, NULL, NULL, NULL, NULL, NULL, NULL, NULL, NULL);
INSERT INTO MONSTER ([NAME], [CLIMATE], [TERRAIN], [FREQUENCY], [ORGANISATION], [ACTIVITY_CYCLE], [DIET], [INTELLIGENCE], [ALIGNMENT], [MORALE]) VALUES ('Wild stag', NULL, NULL, NULL, NULL, NULL, NULL, NULL, NULL, NULL);
INSERT INTO MONSTER ([NAME], [CLIMATE], [TERRAIN], [FREQUENCY], [ORGANISATION], [ACTIVITY_CYCLE], [DIET], [INTELLIGENCE], [ALIGNMENT], [MORALE]) VALUES ('Stench kow', NULL, NULL, NULL, NULL, NULL, NULL, NULL, NULL, NULL);
INSERT INTO MONSTER ([NAME], [CLIMATE], [TERRAIN], [FREQUENCY], [ORGANISATION], [ACTIVITY_CYCLE], [DIET], [INTELLIGENCE], [ALIGNMENT], [MORALE]) VALUES ('Taer', NULL, NULL, NULL, NULL, NULL, NULL, NULL, NULL, NULL);
INSERT INTO MONSTER ([NAME], [CLIMATE], [TERRAIN], [FREQUENCY], [ORGANISATION], [ACTIVITY_CYCLE], [DIET], [INTELLIGENCE], [ALIGNMENT], [MORALE]) VALUES ('Tyrg', NULL, NULL, NULL, NULL, NULL, NULL, NULL, NULL, NULL);
INSERT INTO MONSTER ([NAME], [CLIMATE], [TERRAIN], [FREQUENCY], [ORGANISATION], [ACTIVITY_CYCLE], [DIET], [INTELLIGENCE], [ALIGNMENT], [MORALE]) VALUES ('Warthog', NULL, NULL, NULL, NULL, NULL, NULL, NULL, NULL, NULL);
INSERT INTO MONSTER ([NAME], [CLIMATE], [TERRAIN], [FREQUENCY], [ORGANISATION], [ACTIVITY_CYCLE], [DIET], [INTELLIGENCE], [ALIGNMENT], [MORALE]) VALUES ('Weasel', NULL, NULL, NULL, NULL, NULL, NULL, NULL, NULL, NULL);
INSERT INTO MONSTER ([NAME], [CLIMATE], [TERRAIN], [FREQUENCY], [ORGANISATION], [ACTIVITY_CYCLE], [DIET], [INTELLIGENCE], [ALIGNMENT], [MORALE]) VALUES ('Wolverine', NULL, NULL, NULL, NULL, NULL, NULL, NULL, NULL, NULL);
INSERT INTO MONSTER ([NAME], [CLIMATE], [TERRAIN], [FREQUENCY], [ORGANISATION], [ACTIVITY_CYCLE], [DIET], [INTELLIGENCE], [ALIGNMENT], [MORALE]) VALUES ('Camel', NULL, NULL, NULL, NULL, NULL, NULL, NULL, NULL, NULL);
INSERT INTO MONSTER ([NAME], [CLIMATE], [TERRAIN], [FREQUENCY], [ORGANISATION], [ACTIVITY_CYCLE], [DIET], [INTELLIGENCE], [ALIGNMENT], [MORALE]) VALUES ('Cattle', NULL, NULL, NULL, NULL, NULL, NULL, NULL, NULL, NULL);
INSERT INTO MONSTER ([NAME], [CLIMATE], [TERRAIN], [FREQUENCY], [ORGANISATION], [ACTIVITY_CYCLE], [DIET], [INTELLIGENCE], [ALIGNMENT], [MORALE]) VALUES ('Buffalo', NULL, NULL, NULL, NULL, NULL, NULL, NULL, NULL, NULL);
INSERT INTO MONSTER ([NAME], [CLIMATE], [TERRAIN], [FREQUENCY], [ORGANISATION], [ACTIVITY_CYCLE], [DIET], [INTELLIGENCE], [ALIGNMENT], [MORALE]) VALUES ('Antelope', NULL, NULL, NULL, NULL, NULL, NULL, NULL, NULL, NULL);
INSERT INTO MONSTER ([NAME], [CLIMATE], [TERRAIN], [FREQUENCY], [ORGANISATION], [ACTIVITY_CYCLE], [DIET], [INTELLIGENCE], [ALIGNMENT], [MORALE]) VALUES ('Sheep', NULL, NULL, NULL, NULL, NULL, NULL, NULL, NULL, NULL);
INSERT INTO MONSTER ([NAME], [CLIMATE], [TERRAIN], [FREQUENCY], [ORGANISATION], [ACTIVITY_CYCLE], [DIET], [INTELLIGENCE], [ALIGNMENT], [MORALE]) VALUES ('Beaver', NULL, NULL, NULL, NULL, NULL, NULL, NULL, NULL, NULL);
INSERT INTO MONSTER ([NAME], [CLIMATE], [TERRAIN], [FREQUENCY], [ORGANISATION], [ACTIVITY_CYCLE], [DIET], [INTELLIGENCE], [ALIGNMENT], [MORALE]) VALUES ('Chipmunk', NULL, NULL, NULL, NULL, NULL, NULL, NULL, NULL, NULL);
INSERT INTO MONSTER ([NAME], [CLIMATE], [TERRAIN], [FREQUENCY], [ORGANISATION], [ACTIVITY_CYCLE], [DIET], [INTELLIGENCE], [ALIGNMENT], [MORALE]) VALUES ('Ermine', NULL, NULL, NULL, NULL, NULL, NULL, NULL, NULL, NULL);
INSERT INTO MONSTER ([NAME], [CLIMATE], [TERRAIN], [FREQUENCY], [ORGANISATION], [ACTIVITY_CYCLE], [DIET], [INTELLIGENCE], [ALIGNMENT], [MORALE]) VALUES ('Ferret', NULL, NULL, NULL, NULL, NULL, NULL, NULL, NULL, NULL);
INSERT INTO MONSTER ([NAME], [CLIMATE], [TERRAIN], [FREQUENCY], [ORGANISATION], [ACTIVITY_CYCLE], [DIET], [INTELLIGENCE], [ALIGNMENT], [MORALE]) VALUES ('Fox', NULL, NULL, NULL, NULL, NULL, NULL, NULL, NULL, NULL);
INSERT INTO MONSTER ([NAME], [CLIMATE], [TERRAIN], [FREQUENCY], [ORGANISATION], [ACTIVITY_CYCLE], [DIET], [INTELLIGENCE], [ALIGNMENT], [MORALE]) VALUES ('Gopher', NULL, NULL, NULL, NULL, NULL, NULL, NULL, NULL, NULL);
INSERT INTO MONSTER ([NAME], [CLIMATE], [TERRAIN], [FREQUENCY], [ORGANISATION], [ACTIVITY_CYCLE], [DIET], [INTELLIGENCE], [ALIGNMENT], [MORALE]) VALUES ('Hedgehog', NULL, NULL, NULL, NULL, NULL, NULL, NULL, NULL, NULL);
INSERT INTO MONSTER ([NAME], [CLIMATE], [TERRAIN], [FREQUENCY], [ORGANISATION], [ACTIVITY_CYCLE], [DIET], [INTELLIGENCE], [ALIGNMENT], [MORALE]) VALUES ('Mink', NULL, NULL, NULL, NULL, NULL, NULL, NULL, NULL, NULL);
INSERT INTO MONSTER ([NAME], [CLIMATE], [TERRAIN], [FREQUENCY], [ORGANISATION], [ACTIVITY_CYCLE], [DIET], [INTELLIGENCE], [ALIGNMENT], [MORALE]) VALUES ('Mole', NULL, NULL, NULL, NULL, NULL, NULL, NULL, NULL, NULL);
INSERT INTO MONSTER ([NAME], [CLIMATE], [TERRAIN], [FREQUENCY], [ORGANISATION], [ACTIVITY_CYCLE], [DIET], [INTELLIGENCE], [ALIGNMENT], [MORALE]) VALUES ('Monkey', NULL, NULL, NULL, NULL, NULL, NULL, NULL, NULL, NULL);
INSERT INTO MONSTER ([NAME], [CLIMATE], [TERRAIN], [FREQUENCY], [ORGANISATION], [ACTIVITY_CYCLE], [DIET], [INTELLIGENCE], [ALIGNMENT], [MORALE]) VALUES ('Mouse', NULL, NULL, NULL, NULL, NULL, NULL, NULL, NULL, NULL);
INSERT INTO MONSTER ([NAME], [CLIMATE], [TERRAIN], [FREQUENCY], [ORGANISATION], [ACTIVITY_CYCLE], [DIET], [INTELLIGENCE], [ALIGNMENT], [MORALE]) VALUES ('Muskrat', NULL, NULL, NULL, NULL, NULL, NULL, NULL, NULL, NULL);
INSERT INTO MONSTER ([NAME], [CLIMATE], [TERRAIN], [FREQUENCY], [ORGANISATION], [ACTIVITY_CYCLE], [DIET], [INTELLIGENCE], [ALIGNMENT], [MORALE]) VALUES ('Opossum', NULL, NULL, NULL, NULL, NULL, NULL, NULL, NULL, NULL);
INSERT INTO MONSTER ([NAME], [CLIMATE], [TERRAIN], [FREQUENCY], [ORGANISATION], [ACTIVITY_CYCLE], [DIET], [INTELLIGENCE], [ALIGNMENT], [MORALE]) VALUES ('Otter', NULL, NULL, NULL, NULL, NULL, NULL, NULL, NULL, NULL);
INSERT INTO MONSTER ([NAME], [CLIMATE], [TERRAIN], [FREQUENCY], [ORGANISATION], [ACTIVITY_CYCLE], [DIET], [INTELLIGENCE], [ALIGNMENT], [MORALE]) VALUES ('Otter sea', NULL, NULL, NULL, NULL, NULL, NULL, NULL, NULL, NULL);
INSERT INTO MONSTER ([NAME], [CLIMATE], [TERRAIN], [FREQUENCY], [ORGANISATION], [ACTIVITY_CYCLE], [DIET], [INTELLIGENCE], [ALIGNMENT], [MORALE]) VALUES ('Otter giant', NULL, NULL, NULL, NULL, NULL, NULL, NULL, NULL, NULL);
INSERT INTO MONSTER ([NAME], [CLIMATE], [TERRAIN], [FREQUENCY], [ORGANISATION], [ACTIVITY_CYCLE], [DIET], [INTELLIGENCE], [ALIGNMENT], [MORALE]) VALUES ('Pig domestic', NULL, NULL, NULL, NULL, NULL, NULL, NULL, NULL, NULL);
INSERT INTO MONSTER ([NAME], [CLIMATE], [TERRAIN], [FREQUENCY], [ORGANISATION], [ACTIVITY_CYCLE], [DIET], [INTELLIGENCE], [ALIGNMENT], [MORALE]) VALUES ('Pig wild', NULL, NULL, NULL, NULL, NULL, NULL, NULL, NULL, NULL);
INSERT INTO MONSTER ([NAME], [CLIMATE], [TERRAIN], [FREQUENCY], [ORGANISATION], [ACTIVITY_CYCLE], [DIET], [INTELLIGENCE], [ALIGNMENT], [MORALE]) VALUES ('Rabbit', NULL, NULL, NULL, NULL, NULL, NULL, NULL, NULL, NULL);
INSERT INTO MONSTER ([NAME], [CLIMATE], [TERRAIN], [FREQUENCY], [ORGANISATION], [ACTIVITY_CYCLE], [DIET], [INTELLIGENCE], [ALIGNMENT], [MORALE]) VALUES ('Raccoon', NULL, NULL, NULL, NULL, NULL, NULL, NULL, NULL, NULL);
INSERT INTO MONSTER ([NAME], [CLIMATE], [TERRAIN], [FREQUENCY], [ORGANISATION], [ACTIVITY_CYCLE], [DIET], [INTELLIGENCE], [ALIGNMENT], [MORALE]) VALUES ('Squirrel flying', NULL, NULL, NULL, NULL, NULL, NULL, NULL, NULL, NULL);
INSERT INTO MONSTER ([NAME], [CLIMATE], [TERRAIN], [FREQUENCY], [ORGANISATION], [ACTIVITY_CYCLE], [DIET], [INTELLIGENCE], [ALIGNMENT], [MORALE]) VALUES ('Squirrel giant black', NULL, NULL, NULL, NULL, NULL, NULL, NULL, NULL, NULL);
INSERT INTO MONSTER ([NAME], [CLIMATE], [TERRAIN], [FREQUENCY], [ORGANISATION], [ACTIVITY_CYCLE], [DIET], [INTELLIGENCE], [ALIGNMENT], [MORALE]) VALUES ('Woodchuck', NULL, NULL, NULL, NULL, NULL, NULL, NULL, NULL, NULL);
INSERT INTO MONSTER ([NAME], [CLIMATE], [TERRAIN], [FREQUENCY], [ORGANISATION], [ACTIVITY_CYCLE], [DIET], [INTELLIGENCE], [ALIGNMENT], [MORALE]) VALUES ('Manscorpion', NULL, NULL, NULL, NULL, NULL, NULL, NULL, NULL, NULL);
INSERT INTO MONSTER ([NAME], [CLIMATE], [TERRAIN], [FREQUENCY], [ORGANISATION], [ACTIVITY_CYCLE], [DIET], [INTELLIGENCE], [ALIGNMENT], [MORALE]) VALUES ('Manticore', NULL, NULL, NULL, NULL, NULL, NULL, NULL, NULL, NULL);
INSERT INTO MONSTER ([NAME], [CLIMATE], [TERRAIN], [FREQUENCY], [ORGANISATION], [ACTIVITY_CYCLE], [DIET], [INTELLIGENCE], [ALIGNMENT], [MORALE]) VALUES ('Medusa', NULL, NULL, NULL, NULL, NULL, NULL, NULL, NULL, NULL);
INSERT INTO MONSTER ([NAME], [CLIMATE], [TERRAIN], [FREQUENCY], [ORGANISATION], [ACTIVITY_CYCLE], [DIET], [INTELLIGENCE], [ALIGNMENT], [MORALE]) VALUES ('Maedar', NULL, NULL, NULL, NULL, NULL, NULL, NULL, NULL, NULL);
INSERT INTO MONSTER ([NAME], [CLIMATE], [TERRAIN], [FREQUENCY], [ORGANISATION], [ACTIVITY_CYCLE], [DIET], [INTELLIGENCE], [ALIGNMENT], [MORALE]) VALUES ('Glyptar', NULL, NULL, NULL, NULL, NULL, NULL, NULL, NULL, NULL);
INSERT INTO MONSTER ([NAME], [CLIMATE], [TERRAIN], [FREQUENCY], [ORGANISATION], [ACTIVITY_CYCLE], [DIET], [INTELLIGENCE], [ALIGNMENT], [MORALE]) VALUES ('Merman', NULL, NULL, NULL, NULL, NULL, NULL, NULL, NULL, NULL);
INSERT INTO MONSTER ([NAME], [CLIMATE], [TERRAIN], [FREQUENCY], [ORGANISATION], [ACTIVITY_CYCLE], [DIET], [INTELLIGENCE], [ALIGNMENT], [MORALE]) VALUES ('Mimic', NULL, NULL, NULL, NULL, NULL, NULL, NULL, NULL, NULL);
INSERT INTO MONSTER ([NAME], [CLIMATE], [TERRAIN], [FREQUENCY], [ORGANISATION], [ACTIVITY_CYCLE], [DIET], [INTELLIGENCE], [ALIGNMENT], [MORALE]) VALUES ('Killer mimic', NULL, NULL, NULL, NULL, NULL, NULL, NULL, NULL, NULL);
INSERT INTO MONSTER ([NAME], [CLIMATE], [TERRAIN], [FREQUENCY], [ORGANISATION], [ACTIVITY_CYCLE], [DIET], [INTELLIGENCE], [ALIGNMENT], [MORALE]) VALUES ('Mind flayer', NULL, NULL, NULL, NULL, NULL, NULL, NULL, NULL, NULL);
INSERT INTO MONSTER ([NAME], [CLIMATE], [TERRAIN], [FREQUENCY], [ORGANISATION], [ACTIVITY_CYCLE], [DIET], [INTELLIGENCE], [ALIGNMENT], [MORALE]) VALUES ('Minotaur', NULL, NULL, NULL, NULL, NULL, NULL, NULL, NULL, NULL);
INSERT INTO MONSTER ([NAME], [CLIMATE], [TERRAIN], [FREQUENCY], [ORGANISATION], [ACTIVITY_CYCLE], [DIET], [INTELLIGENCE], [ALIGNMENT], [MORALE]) VALUES ('Mist, crimson death', NULL, NULL, NULL, NULL, NULL, NULL, NULL, NULL, NULL);
INSERT INTO MONSTER ([NAME], [CLIMATE], [TERRAIN], [FREQUENCY], [ORGANISATION], [ACTIVITY_CYCLE], [DIET], [INTELLIGENCE], [ALIGNMENT], [MORALE]) VALUES ('Vampiric mist', NULL, NULL, NULL, NULL, NULL, NULL, NULL, NULL, NULL);
INSERT INTO MONSTER ([NAME], [CLIMATE], [TERRAIN], [FREQUENCY], [ORGANISATION], [ACTIVITY_CYCLE], [DIET], [INTELLIGENCE], [ALIGNMENT], [MORALE]) VALUES ('Brown mold', NULL, NULL, NULL, NULL, NULL, NULL, NULL, NULL, NULL);
INSERT INTO MONSTER ([NAME], [CLIMATE], [TERRAIN], [FREQUENCY], [ORGANISATION], [ACTIVITY_CYCLE], [DIET], [INTELLIGENCE], [ALIGNMENT], [MORALE]) VALUES ('Russet mold', NULL, NULL, NULL, NULL, NULL, NULL, NULL, NULL, NULL);
INSERT INTO MONSTER ([NAME], [CLIMATE], [TERRAIN], [FREQUENCY], [ORGANISATION], [ACTIVITY_CYCLE], [DIET], [INTELLIGENCE], [ALIGNMENT], [MORALE]) VALUES ('Yellow mold', NULL, NULL, NULL, NULL, NULL, NULL, NULL, NULL, NULL);
INSERT INTO MONSTER ([NAME], [CLIMATE], [TERRAIN], [FREQUENCY], [ORGANISATION], [ACTIVITY_CYCLE], [DIET], [INTELLIGENCE], [ALIGNMENT], [MORALE]) VALUES ('Mold man', NULL, NULL, NULL, NULL, NULL, NULL, NULL, NULL, NULL);
INSERT INTO MONSTER ([NAME], [CLIMATE], [TERRAIN], [FREQUENCY], [ORGANISATION], [ACTIVITY_CYCLE], [DIET], [INTELLIGENCE], [ALIGNMENT], [MORALE]) VALUES ('Mongrelman', NULL, NULL, NULL, NULL, NULL, NULL, NULL, NULL, NULL);
INSERT INTO MONSTER ([NAME], [CLIMATE], [TERRAIN], [FREQUENCY], [ORGANISATION], [ACTIVITY_CYCLE], [DIET], [INTELLIGENCE], [ALIGNMENT], [MORALE]) VALUES ('Morkoth', NULL, NULL, NULL, NULL, NULL, NULL, NULL, NULL, NULL);
INSERT INTO MONSTER ([NAME], [CLIMATE], [TERRAIN], [FREQUENCY], [ORGANISATION], [ACTIVITY_CYCLE], [DIET], [INTELLIGENCE], [ALIGNMENT], [MORALE]) VALUES ('Muckdweller', NULL, NULL, NULL, NULL, NULL, NULL, NULL, NULL, NULL);
INSERT INTO MONSTER ([NAME], [CLIMATE], [TERRAIN], [FREQUENCY], [ORGANISATION], [ACTIVITY_CYCLE], [DIET], [INTELLIGENCE], [ALIGNMENT], [MORALE]) VALUES ('Mudman', NULL, NULL, NULL, NULL, NULL, NULL, NULL, NULL, NULL);
INSERT INTO MONSTER ([NAME], [CLIMATE], [TERRAIN], [FREQUENCY], [ORGANISATION], [ACTIVITY_CYCLE], [DIET], [INTELLIGENCE], [ALIGNMENT], [MORALE]) VALUES ('Mummy', NULL, NULL, NULL, NULL, NULL, NULL, NULL, NULL, NULL);
INSERT INTO MONSTER ([NAME], [CLIMATE], [TERRAIN], [FREQUENCY], [ORGANISATION], [ACTIVITY_CYCLE], [DIET], [INTELLIGENCE], [ALIGNMENT], [MORALE]) VALUES ('Mummy greater', NULL, NULL, NULL, NULL, NULL, NULL, NULL, NULL, NULL);
INSERT INTO MONSTER ([NAME], [CLIMATE], [TERRAIN], [FREQUENCY], [ORGANISATION], [ACTIVITY_CYCLE], [DIET], [INTELLIGENCE], [ALIGNMENT], [MORALE]) VALUES ('Myconid', NULL, NULL, NULL, NULL, NULL, NULL, NULL, NULL, NULL);
INSERT INTO MONSTER ([NAME], [CLIMATE], [TERRAIN], [FREQUENCY], [ORGANISATION], [ACTIVITY_CYCLE], [DIET], [INTELLIGENCE], [ALIGNMENT], [MORALE]) VALUES ('Guardian naga', NULL, NULL, NULL, NULL, NULL, NULL, NULL, NULL, NULL);
INSERT INTO MONSTER ([NAME], [CLIMATE], [TERRAIN], [FREQUENCY], [ORGANISATION], [ACTIVITY_CYCLE], [DIET], [INTELLIGENCE], [ALIGNMENT], [MORALE]) VALUES ('Naga spirit', NULL, NULL, NULL, NULL, NULL, NULL, NULL, NULL, NULL);
INSERT INTO MONSTER ([NAME], [CLIMATE], [TERRAIN], [FREQUENCY], [ORGANISATION], [ACTIVITY_CYCLE], [DIET], [INTELLIGENCE], [ALIGNMENT], [MORALE]) VALUES ('Water naga', NULL, NULL, NULL, NULL, NULL, NULL, NULL, NULL, NULL);
INSERT INTO MONSTER ([NAME], [CLIMATE], [TERRAIN], [FREQUENCY], [ORGANISATION], [ACTIVITY_CYCLE], [DIET], [INTELLIGENCE], [ALIGNMENT], [MORALE]) VALUES ('Dark naga', NULL, NULL, NULL, NULL, NULL, NULL, NULL, NULL, NULL);
INSERT INTO MONSTER ([NAME], [CLIMATE], [TERRAIN], [FREQUENCY], [ORGANISATION], [ACTIVITY_CYCLE], [DIET], [INTELLIGENCE], [ALIGNMENT], [MORALE]) VALUES ('Neogi', NULL, NULL, NULL, NULL, NULL, NULL, NULL, NULL, NULL);
INSERT INTO MONSTER ([NAME], [CLIMATE], [TERRAIN], [FREQUENCY], [ORGANISATION], [ACTIVITY_CYCLE], [DIET], [INTELLIGENCE], [ALIGNMENT], [MORALE]) VALUES ('Neogi great old master', NULL, NULL, NULL, NULL, NULL, NULL, NULL, NULL, NULL);
INSERT INTO MONSTER ([NAME], [CLIMATE], [TERRAIN], [FREQUENCY], [ORGANISATION], [ACTIVITY_CYCLE], [DIET], [INTELLIGENCE], [ALIGNMENT], [MORALE]) VALUES ('Nightmare', NULL, NULL, NULL, NULL, NULL, NULL, NULL, NULL, NULL);
INSERT INTO MONSTER ([NAME], [CLIMATE], [TERRAIN], [FREQUENCY], [ORGANISATION], [ACTIVITY_CYCLE], [DIET], [INTELLIGENCE], [ALIGNMENT], [MORALE]) VALUES ('Nymph', NULL, NULL, NULL, NULL, NULL, NULL, NULL, NULL, NULL);
INSERT INTO MONSTER ([NAME], [CLIMATE], [TERRAIN], [FREQUENCY], [ORGANISATION], [ACTIVITY_CYCLE], [DIET], [INTELLIGENCE], [ALIGNMENT], [MORALE]) VALUES ('Octopus giant', NULL, NULL, NULL, NULL, NULL, NULL, NULL, NULL, NULL);
INSERT INTO MONSTER ([NAME], [CLIMATE], [TERRAIN], [FREQUENCY], [ORGANISATION], [ACTIVITY_CYCLE], [DIET], [INTELLIGENCE], [ALIGNMENT], [MORALE]) VALUES ('Ogre', NULL, NULL, NULL, NULL, NULL, NULL, NULL, NULL, NULL);
INSERT INTO MONSTER ([NAME], [CLIMATE], [TERRAIN], [FREQUENCY], [ORGANISATION], [ACTIVITY_CYCLE], [DIET], [INTELLIGENCE], [ALIGNMENT], [MORALE]) VALUES ('Ogre mage', NULL, NULL, NULL, NULL, NULL, NULL, NULL, NULL, NULL);
INSERT INTO MONSTER ([NAME], [CLIMATE], [TERRAIN], [FREQUENCY], [ORGANISATION], [ACTIVITY_CYCLE], [DIET], [INTELLIGENCE], [ALIGNMENT], [MORALE]) VALUES ('Merrow', NULL, NULL, NULL, NULL, NULL, NULL, NULL, NULL, NULL);
INSERT INTO MONSTER ([NAME], [CLIMATE], [TERRAIN], [FREQUENCY], [ORGANISATION], [ACTIVITY_CYCLE], [DIET], [INTELLIGENCE], [ALIGNMENT], [MORALE]) VALUES ('Half-ogre', NULL, NULL, NULL, NULL, NULL, NULL, NULL, NULL, NULL);
INSERT INTO MONSTER ([NAME], [CLIMATE], [TERRAIN], [FREQUENCY], [ORGANISATION], [ACTIVITY_CYCLE], [DIET], [INTELLIGENCE], [ALIGNMENT], [MORALE]) VALUES ('Ogrillion', NULL, NULL, NULL, NULL, NULL, NULL, NULL, NULL, NULL);
INSERT INTO MONSTER ([NAME], [CLIMATE], [TERRAIN], [FREQUENCY], [ORGANISATION], [ACTIVITY_CYCLE], [DIET], [INTELLIGENCE], [ALIGNMENT], [MORALE]) VALUES ('Olive slime', NULL, NULL, NULL, NULL, NULL, NULL, NULL, NULL, NULL);
INSERT INTO MONSTER ([NAME], [CLIMATE], [TERRAIN], [FREQUENCY], [ORGANISATION], [ACTIVITY_CYCLE], [DIET], [INTELLIGENCE], [ALIGNMENT], [MORALE]) VALUES ('Olive slime creature', NULL, NULL, NULL, NULL, NULL, NULL, NULL, NULL, NULL);
INSERT INTO MONSTER ([NAME], [CLIMATE], [TERRAIN], [FREQUENCY], [ORGANISATION], [ACTIVITY_CYCLE], [DIET], [INTELLIGENCE], [ALIGNMENT], [MORALE]) VALUES ('Mustard', NULL, NULL, NULL, NULL, NULL, NULL, NULL, NULL, NULL);
INSERT INTO MONSTER ([NAME], [CLIMATE], [TERRAIN], [FREQUENCY], [ORGANISATION], [ACTIVITY_CYCLE], [DIET], [INTELLIGENCE], [ALIGNMENT], [MORALE]) VALUES ('Stunjelly', NULL, NULL, NULL, NULL, NULL, NULL, NULL, NULL, NULL);
INSERT INTO MONSTER ([NAME], [CLIMATE], [TERRAIN], [FREQUENCY], [ORGANISATION], [ACTIVITY_CYCLE], [DIET], [INTELLIGENCE], [ALIGNMENT], [MORALE]) VALUES ('Ochre jelly', NULL, NULL, NULL, NULL, NULL, NULL, NULL, NULL, NULL);
INSERT INTO MONSTER ([NAME], [CLIMATE], [TERRAIN], [FREQUENCY], [ORGANISATION], [ACTIVITY_CYCLE], [DIET], [INTELLIGENCE], [ALIGNMENT], [MORALE]) VALUES ('Gray ooze', NULL, NULL, NULL, NULL, NULL, NULL, NULL, NULL, NULL);
INSERT INTO MONSTER ([NAME], [CLIMATE], [TERRAIN], [FREQUENCY], [ORGANISATION], [ACTIVITY_CYCLE], [DIET], [INTELLIGENCE], [ALIGNMENT], [MORALE]) VALUES ('Crystal ooze', NULL, NULL, NULL, NULL, NULL, NULL, NULL, NULL, NULL);
INSERT INTO MONSTER ([NAME], [CLIMATE], [TERRAIN], [FREQUENCY], [ORGANISATION], [ACTIVITY_CYCLE], [DIET], [INTELLIGENCE], [ALIGNMENT], [MORALE]) VALUES ('Gelatinous cube', NULL, NULL, NULL, NULL, NULL, NULL, NULL, NULL, NULL);
INSERT INTO MONSTER ([NAME], [CLIMATE], [TERRAIN], [FREQUENCY], [ORGANISATION], [ACTIVITY_CYCLE], [DIET], [INTELLIGENCE], [ALIGNMENT], [MORALE]) VALUES ('Green slime', NULL, NULL, NULL, NULL, NULL, NULL, NULL, NULL, NULL);
INSERT INTO MONSTER ([NAME], [CLIMATE], [TERRAIN], [FREQUENCY], [ORGANISATION], [ACTIVITY_CYCLE], [DIET], [INTELLIGENCE], [ALIGNMENT], [MORALE]) VALUES ('Slithering tracker', NULL, NULL, NULL, NULL, NULL, NULL, NULL, NULL, NULL);
INSERT INTO MONSTER ([NAME], [CLIMATE], [TERRAIN], [FREQUENCY], [ORGANISATION], [ACTIVITY_CYCLE], [DIET], [INTELLIGENCE], [ALIGNMENT], [MORALE]) VALUES ('Orc', NULL, NULL, NULL, NULL, NULL, NULL, NULL, NULL, NULL);
INSERT INTO MONSTER ([NAME], [CLIMATE], [TERRAIN], [FREQUENCY], [ORGANISATION], [ACTIVITY_CYCLE], [DIET], [INTELLIGENCE], [ALIGNMENT], [MORALE]) VALUES ('Orog', NULL, NULL, NULL, NULL, NULL, NULL, NULL, NULL, NULL);
INSERT INTO MONSTER ([NAME], [CLIMATE], [TERRAIN], [FREQUENCY], [ORGANISATION], [ACTIVITY_CYCLE], [DIET], [INTELLIGENCE], [ALIGNMENT], [MORALE]) VALUES ('Otyugh', NULL, NULL, NULL, NULL, NULL, NULL, NULL, NULL, NULL);
INSERT INTO MONSTER ([NAME], [CLIMATE], [TERRAIN], [FREQUENCY], [ORGANISATION], [ACTIVITY_CYCLE], [DIET], [INTELLIGENCE], [ALIGNMENT], [MORALE]) VALUES ('Neo otyugh', NULL, NULL, NULL, NULL, NULL, NULL, NULL, NULL, NULL);
INSERT INTO MONSTER ([NAME], [CLIMATE], [TERRAIN], [FREQUENCY], [ORGANISATION], [ACTIVITY_CYCLE], [DIET], [INTELLIGENCE], [ALIGNMENT], [MORALE]) VALUES ('Owlbear', NULL, NULL, NULL, NULL, NULL, NULL, NULL, NULL, NULL);
INSERT INTO MONSTER ([NAME], [CLIMATE], [TERRAIN], [FREQUENCY], [ORGANISATION], [ACTIVITY_CYCLE], [DIET], [INTELLIGENCE], [ALIGNMENT], [MORALE]) VALUES ('Pegasus', NULL, NULL, NULL, NULL, NULL, NULL, NULL, NULL, NULL);
INSERT INTO MONSTER ([NAME], [CLIMATE], [TERRAIN], [FREQUENCY], [ORGANISATION], [ACTIVITY_CYCLE], [DIET], [INTELLIGENCE], [ALIGNMENT], [MORALE]) VALUES ('Peryton', NULL, NULL, NULL, NULL, NULL, NULL, NULL, NULL, NULL);
INSERT INTO MONSTER ([NAME], [CLIMATE], [TERRAIN], [FREQUENCY], [ORGANISATION], [ACTIVITY_CYCLE], [DIET], [INTELLIGENCE], [ALIGNMENT], [MORALE]) VALUES ('Phantom', NULL, NULL, NULL, NULL, NULL, NULL, NULL, NULL, NULL);
INSERT INTO MONSTER ([NAME], [CLIMATE], [TERRAIN], [FREQUENCY], [ORGANISATION], [ACTIVITY_CYCLE], [DIET], [INTELLIGENCE], [ALIGNMENT], [MORALE]) VALUES ('Phoenix', NULL, NULL, NULL, NULL, NULL, NULL, NULL, NULL, NULL);
INSERT INTO MONSTER ([NAME], [CLIMATE], [TERRAIN], [FREQUENCY], [ORGANISATION], [ACTIVITY_CYCLE], [DIET], [INTELLIGENCE], [ALIGNMENT], [MORALE]) VALUES ('Piercer', NULL, NULL, NULL, NULL, NULL, NULL, NULL, NULL, NULL);
INSERT INTO MONSTER ([NAME], [CLIMATE], [TERRAIN], [FREQUENCY], [ORGANISATION], [ACTIVITY_CYCLE], [DIET], [INTELLIGENCE], [ALIGNMENT], [MORALE]) VALUES ('Choke creeper', NULL, NULL, NULL, NULL, NULL, NULL, NULL, NULL, NULL);
INSERT INTO MONSTER ([NAME], [CLIMATE], [TERRAIN], [FREQUENCY], [ORGANISATION], [ACTIVITY_CYCLE], [DIET], [INTELLIGENCE], [ALIGNMENT], [MORALE]) VALUES ('Mantrap', NULL, NULL, NULL, NULL, NULL, NULL, NULL, NULL, NULL);
INSERT INTO MONSTER ([NAME], [CLIMATE], [TERRAIN], [FREQUENCY], [ORGANISATION], [ACTIVITY_CYCLE], [DIET], [INTELLIGENCE], [ALIGNMENT], [MORALE]) VALUES ('Retch plant', NULL, NULL, NULL, NULL, NULL, NULL, NULL, NULL, NULL);
INSERT INTO MONSTER ([NAME], [CLIMATE], [TERRAIN], [FREQUENCY], [ORGANISATION], [ACTIVITY_CYCLE], [DIET], [INTELLIGENCE], [ALIGNMENT], [MORALE]) VALUES ('Snapper saw', NULL, NULL, NULL, NULL, NULL, NULL, NULL, NULL, NULL);
INSERT INTO MONSTER ([NAME], [CLIMATE], [TERRAIN], [FREQUENCY], [ORGANISATION], [ACTIVITY_CYCLE], [DIET], [INTELLIGENCE], [ALIGNMENT], [MORALE]) VALUES ('Thornslinger', NULL, NULL, NULL, NULL, NULL, NULL, NULL, NULL, NULL);
INSERT INTO MONSTER ([NAME], [CLIMATE], [TERRAIN], [FREQUENCY], [ORGANISATION], [ACTIVITY_CYCLE], [DIET], [INTELLIGENCE], [ALIGNMENT], [MORALE]) VALUES ('Tri flower frond', NULL, NULL, NULL, NULL, NULL, NULL, NULL, NULL, NULL);
INSERT INTO MONSTER ([NAME], [CLIMATE], [TERRAIN], [FREQUENCY], [ORGANISATION], [ACTIVITY_CYCLE], [DIET], [INTELLIGENCE], [ALIGNMENT], [MORALE]) VALUES ('Yellow musk creeper', NULL, NULL, NULL, NULL, NULL, NULL, NULL, NULL, NULL);
INSERT INTO MONSTER ([NAME], [CLIMATE], [TERRAIN], [FREQUENCY], [ORGANISATION], [ACTIVITY_CYCLE], [DIET], [INTELLIGENCE], [ALIGNMENT], [MORALE]) VALUES ('Yellow musk zombie', NULL, NULL, NULL, NULL, NULL, NULL, NULL, NULL, NULL);
INSERT INTO MONSTER ([NAME], [CLIMATE], [TERRAIN], [FREQUENCY], [ORGANISATION], [ACTIVITY_CYCLE], [DIET], [INTELLIGENCE], [ALIGNMENT], [MORALE]) VALUES ('Hangman tree', NULL, NULL, NULL, NULL, NULL, NULL, NULL, NULL, NULL);
INSERT INTO MONSTER ([NAME], [CLIMATE], [TERRAIN], [FREQUENCY], [ORGANISATION], [ACTIVITY_CYCLE], [DIET], [INTELLIGENCE], [ALIGNMENT], [MORALE]) VALUES ('Kelpie', NULL, NULL, NULL, NULL, NULL, NULL, NULL, NULL, NULL);
INSERT INTO MONSTER ([NAME], [CLIMATE], [TERRAIN], [FREQUENCY], [ORGANISATION], [ACTIVITY_CYCLE], [DIET], [INTELLIGENCE], [ALIGNMENT], [MORALE]) VALUES ('Obliviax', NULL, NULL, NULL, NULL, NULL, NULL, NULL, NULL, NULL);
INSERT INTO MONSTER ([NAME], [CLIMATE], [TERRAIN], [FREQUENCY], [ORGANISATION], [ACTIVITY_CYCLE], [DIET], [INTELLIGENCE], [ALIGNMENT], [MORALE]) VALUES ('Quickwood', NULL, NULL, NULL, NULL, NULL, NULL, NULL, NULL, NULL);
INSERT INTO MONSTER ([NAME], [CLIMATE], [TERRAIN], [FREQUENCY], [ORGANISATION], [ACTIVITY_CYCLE], [DIET], [INTELLIGENCE], [ALIGNMENT], [MORALE]) VALUES ('Shambling mound', NULL, NULL, NULL, NULL, NULL, NULL, NULL, NULL, NULL);
INSERT INTO MONSTER ([NAME], [CLIMATE], [TERRAIN], [FREQUENCY], [ORGANISATION], [ACTIVITY_CYCLE], [DIET], [INTELLIGENCE], [ALIGNMENT], [MORALE]) VALUES ('Strangleweed', NULL, NULL, NULL, NULL, NULL, NULL, NULL, NULL, NULL);
INSERT INTO MONSTER ([NAME], [CLIMATE], [TERRAIN], [FREQUENCY], [ORGANISATION], [ACTIVITY_CYCLE], [DIET], [INTELLIGENCE], [ALIGNMENT], [MORALE]) VALUES ('Giant sundew', NULL, NULL, NULL, NULL, NULL, NULL, NULL, NULL, NULL);
INSERT INTO MONSTER ([NAME], [CLIMATE], [TERRAIN], [FREQUENCY], [ORGANISATION], [ACTIVITY_CYCLE], [DIET], [INTELLIGENCE], [ALIGNMENT], [MORALE]) VALUES ('Thorny', NULL, NULL, NULL, NULL, NULL, NULL, NULL, NULL, NULL);
INSERT INTO MONSTER ([NAME], [CLIMATE], [TERRAIN], [FREQUENCY], [ORGANISATION], [ACTIVITY_CYCLE], [DIET], [INTELLIGENCE], [ALIGNMENT], [MORALE]) VALUES ('Poltergeist', NULL, NULL, NULL, NULL, NULL, NULL, NULL, NULL, NULL);
INSERT INTO MONSTER ([NAME], [CLIMATE], [TERRAIN], [FREQUENCY], [ORGANISATION], [ACTIVITY_CYCLE], [DIET], [INTELLIGENCE], [ALIGNMENT], [MORALE]) VALUES ('Black deadly pudding', NULL, NULL, NULL, NULL, NULL, NULL, NULL, NULL, NULL);
INSERT INTO MONSTER ([NAME], [CLIMATE], [TERRAIN], [FREQUENCY], [ORGANISATION], [ACTIVITY_CYCLE], [DIET], [INTELLIGENCE], [ALIGNMENT], [MORALE]) VALUES ('White deadly pudding', NULL, NULL, NULL, NULL, NULL, NULL, NULL, NULL, NULL);
INSERT INTO MONSTER ([NAME], [CLIMATE], [TERRAIN], [FREQUENCY], [ORGANISATION], [ACTIVITY_CYCLE], [DIET], [INTELLIGENCE], [ALIGNMENT], [MORALE]) VALUES ('Brown deadly pudding', NULL, NULL, NULL, NULL, NULL, NULL, NULL, NULL, NULL);
INSERT INTO MONSTER ([NAME], [CLIMATE], [TERRAIN], [FREQUENCY], [ORGANISATION], [ACTIVITY_CYCLE], [DIET], [INTELLIGENCE], [ALIGNMENT], [MORALE]) VALUES ('Dun deadly pudding', NULL, NULL, NULL, NULL, NULL, NULL, NULL, NULL, NULL);
INSERT INTO MONSTER ([NAME], [CLIMATE], [TERRAIN], [FREQUENCY], [ORGANISATION], [ACTIVITY_CYCLE], [DIET], [INTELLIGENCE], [ALIGNMENT], [MORALE]) VALUES ('Quaggoth', NULL, NULL, NULL, NULL, NULL, NULL, NULL, NULL, NULL);
INSERT INTO MONSTER ([NAME], [CLIMATE], [TERRAIN], [FREQUENCY], [ORGANISATION], [ACTIVITY_CYCLE], [DIET], [INTELLIGENCE], [ALIGNMENT], [MORALE]) VALUES ('Rakshasa', NULL, NULL, NULL, NULL, NULL, NULL, NULL, NULL, NULL);
INSERT INTO MONSTER ([NAME], [CLIMATE], [TERRAIN], [FREQUENCY], [ORGANISATION], [ACTIVITY_CYCLE], [DIET], [INTELLIGENCE], [ALIGNMENT], [MORALE]) VALUES ('Greater rakshasa', NULL, NULL, NULL, NULL, NULL, NULL, NULL, NULL, NULL);
INSERT INTO MONSTER ([NAME], [CLIMATE], [TERRAIN], [FREQUENCY], [ORGANISATION], [ACTIVITY_CYCLE], [DIET], [INTELLIGENCE], [ALIGNMENT], [MORALE]) VALUES ('Giant rat', NULL, NULL, NULL, NULL, NULL, NULL, NULL, NULL, NULL);
--INSERT INTO MONSTER ([NAME], [CLIMATE], [TERRAIN], [FREQUENCY], [ORGANISATION], [ACTIVITY_CYCLE], [DIET], [INTELLIGENCE], [ALIGNMENT], [MORALE]) VALUES ('Osquip', NULL, NULL, NULL, NULL, NULL, NULL, NULL, NULL, NULL);
INSERT INTO MONSTER ([NAME], [CLIMATE], [TERRAIN], [FREQUENCY], [ORGANISATION], [ACTIVITY_CYCLE], [DIET], [INTELLIGENCE], [ALIGNMENT], [MORALE]) VALUES ('Remorhaz', NULL, NULL, NULL, NULL, NULL, NULL, NULL, NULL, NULL);
INSERT INTO MONSTER ([NAME], [CLIMATE], [TERRAIN], [FREQUENCY], [ORGANISATION], [ACTIVITY_CYCLE], [DIET], [INTELLIGENCE], [ALIGNMENT], [MORALE]) VALUES ('Revenant', NULL, NULL, NULL, NULL, NULL, NULL, NULL, NULL, NULL);
INSERT INTO MONSTER ([NAME], [CLIMATE], [TERRAIN], [FREQUENCY], [ORGANISATION], [ACTIVITY_CYCLE], [DIET], [INTELLIGENCE], [ALIGNMENT], [MORALE]) VALUES ('Roc', NULL, NULL, NULL, NULL, NULL, NULL, NULL, NULL, NULL);
INSERT INTO MONSTER ([NAME], [CLIMATE], [TERRAIN], [FREQUENCY], [ORGANISATION], [ACTIVITY_CYCLE], [DIET], [INTELLIGENCE], [ALIGNMENT], [MORALE]) VALUES ('Roper', NULL, NULL, NULL, NULL, NULL, NULL, NULL, NULL, NULL);
INSERT INTO MONSTER ([NAME], [CLIMATE], [TERRAIN], [FREQUENCY], [ORGANISATION], [ACTIVITY_CYCLE], [DIET], [INTELLIGENCE], [ALIGNMENT], [MORALE]) VALUES ('Rust monster', NULL, NULL, NULL, NULL, NULL, NULL, NULL, NULL, NULL);
INSERT INTO MONSTER ([NAME], [CLIMATE], [TERRAIN], [FREQUENCY], [ORGANISATION], [ACTIVITY_CYCLE], [DIET], [INTELLIGENCE], [ALIGNMENT], [MORALE]) VALUES ('Sahuagin', NULL, NULL, NULL, NULL, NULL, NULL, NULL, NULL, NULL);
INSERT INTO MONSTER ([NAME], [CLIMATE], [TERRAIN], [FREQUENCY], [ORGANISATION], [ACTIVITY_CYCLE], [DIET], [INTELLIGENCE], [ALIGNMENT], [MORALE]) VALUES ('Satyr', NULL, NULL, NULL, NULL, NULL, NULL, NULL, NULL, NULL);
INSERT INTO MONSTER ([NAME], [CLIMATE], [TERRAIN], [FREQUENCY], [ORGANISATION], [ACTIVITY_CYCLE], [DIET], [INTELLIGENCE], [ALIGNMENT], [MORALE]) VALUES ('Satyr korred', NULL, NULL, NULL, NULL, NULL, NULL, NULL, NULL, NULL);
INSERT INTO MONSTER ([NAME], [CLIMATE], [TERRAIN], [FREQUENCY], [ORGANISATION], [ACTIVITY_CYCLE], [DIET], [INTELLIGENCE], [ALIGNMENT], [MORALE]) VALUES ('Large scorpion', NULL, NULL, NULL, NULL, NULL, NULL, NULL, NULL, NULL);
INSERT INTO MONSTER ([NAME], [CLIMATE], [TERRAIN], [FREQUENCY], [ORGANISATION], [ACTIVITY_CYCLE], [DIET], [INTELLIGENCE], [ALIGNMENT], [MORALE]) VALUES ('Huge scorpion', NULL, NULL, NULL, NULL, NULL, NULL, NULL, NULL, NULL);
INSERT INTO MONSTER ([NAME], [CLIMATE], [TERRAIN], [FREQUENCY], [ORGANISATION], [ACTIVITY_CYCLE], [DIET], [INTELLIGENCE], [ALIGNMENT], [MORALE]) VALUES ('Giant scorpion', NULL, NULL, NULL, NULL, NULL, NULL, NULL, NULL, NULL);
INSERT INTO MONSTER ([NAME], [CLIMATE], [TERRAIN], [FREQUENCY], [ORGANISATION], [ACTIVITY_CYCLE], [DIET], [INTELLIGENCE], [ALIGNMENT], [MORALE]) VALUES ('Sea lion', NULL, NULL, NULL, NULL, NULL, NULL, NULL, NULL, NULL);
INSERT INTO MONSTER ([NAME], [CLIMATE], [TERRAIN], [FREQUENCY], [ORGANISATION], [ACTIVITY_CYCLE], [DIET], [INTELLIGENCE], [ALIGNMENT], [MORALE]) VALUES ('Selkie', NULL, NULL, NULL, NULL, NULL, NULL, NULL, NULL, NULL);
INSERT INTO MONSTER ([NAME], [CLIMATE], [TERRAIN], [FREQUENCY], [ORGANISATION], [ACTIVITY_CYCLE], [DIET], [INTELLIGENCE], [ALIGNMENT], [MORALE]) VALUES ('Shadow', NULL, NULL, NULL, NULL, NULL, NULL, NULL, NULL, NULL);
INSERT INTO MONSTER ([NAME], [CLIMATE], [TERRAIN], [FREQUENCY], [ORGANISATION], [ACTIVITY_CYCLE], [DIET], [INTELLIGENCE], [ALIGNMENT], [MORALE]) VALUES ('Lesser shedu', NULL, NULL, NULL, NULL, NULL, NULL, NULL, NULL, NULL);
INSERT INTO MONSTER ([NAME], [CLIMATE], [TERRAIN], [FREQUENCY], [ORGANISATION], [ACTIVITY_CYCLE], [DIET], [INTELLIGENCE], [ALIGNMENT], [MORALE]) VALUES ('Greater shedu', NULL, NULL, NULL, NULL, NULL, NULL, NULL, NULL, NULL);
INSERT INTO MONSTER ([NAME], [CLIMATE], [TERRAIN], [FREQUENCY], [ORGANISATION], [ACTIVITY_CYCLE], [DIET], [INTELLIGENCE], [ALIGNMENT], [MORALE]) VALUES ('Sirine', NULL, NULL, NULL, NULL, NULL, NULL, NULL, NULL, NULL);
INSERT INTO MONSTER ([NAME], [CLIMATE], [TERRAIN], [FREQUENCY], [ORGANISATION], [ACTIVITY_CYCLE], [DIET], [INTELLIGENCE], [ALIGNMENT], [MORALE]) VALUES ('Skeleton', NULL, NULL, NULL, NULL, NULL, NULL, NULL, NULL, NULL);
INSERT INTO MONSTER ([NAME], [CLIMATE], [TERRAIN], [FREQUENCY], [ORGANISATION], [ACTIVITY_CYCLE], [DIET], [INTELLIGENCE], [ALIGNMENT], [MORALE]) VALUES ('Skeleton, animal', NULL, NULL, NULL, NULL, NULL, NULL, NULL, NULL, NULL);
INSERT INTO MONSTER ([NAME], [CLIMATE], [TERRAIN], [FREQUENCY], [ORGANISATION], [ACTIVITY_CYCLE], [DIET], [INTELLIGENCE], [ALIGNMENT], [MORALE]) VALUES ('Skeleton, monster', NULL, NULL, NULL, NULL, NULL, NULL, NULL, NULL, NULL);
INSERT INTO MONSTER ([NAME], [CLIMATE], [TERRAIN], [FREQUENCY], [ORGANISATION], [ACTIVITY_CYCLE], [DIET], [INTELLIGENCE], [ALIGNMENT], [MORALE]) VALUES ('Giant skeleton', NULL, NULL, NULL, NULL, NULL, NULL, NULL, NULL, NULL);
INSERT INTO MONSTER ([NAME], [CLIMATE], [TERRAIN], [FREQUENCY], [ORGANISATION], [ACTIVITY_CYCLE], [DIET], [INTELLIGENCE], [ALIGNMENT], [MORALE]) VALUES ('Skeleton warrior', NULL, NULL, NULL, NULL, NULL, NULL, NULL, NULL, NULL);
INSERT INTO MONSTER ([NAME], [CLIMATE], [TERRAIN], [FREQUENCY], [ORGANISATION], [ACTIVITY_CYCLE], [DIET], [INTELLIGENCE], [ALIGNMENT], [MORALE]) VALUES ('Red slaad', NULL, NULL, NULL, NULL, NULL, NULL, NULL, NULL, NULL);
INSERT INTO MONSTER ([NAME], [CLIMATE], [TERRAIN], [FREQUENCY], [ORGANISATION], [ACTIVITY_CYCLE], [DIET], [INTELLIGENCE], [ALIGNMENT], [MORALE]) VALUES ('Blue slaad', NULL, NULL, NULL, NULL, NULL, NULL, NULL, NULL, NULL);
INSERT INTO MONSTER ([NAME], [CLIMATE], [TERRAIN], [FREQUENCY], [ORGANISATION], [ACTIVITY_CYCLE], [DIET], [INTELLIGENCE], [ALIGNMENT], [MORALE]) VALUES ('Giant slug ', NULL, NULL, NULL, NULL, NULL, NULL, NULL, NULL, NULL);
INSERT INTO MONSTER ([NAME], [CLIMATE], [TERRAIN], [FREQUENCY], [ORGANISATION], [ACTIVITY_CYCLE], [DIET], [INTELLIGENCE], [ALIGNMENT], [MORALE]) VALUES ('Amphisbaena', NULL, NULL, NULL, NULL, NULL, NULL, NULL, NULL, NULL);
INSERT INTO MONSTER ([NAME], [CLIMATE], [TERRAIN], [FREQUENCY], [ORGANISATION], [ACTIVITY_CYCLE], [DIET], [INTELLIGENCE], [ALIGNMENT], [MORALE]) VALUES ('Boalisk', NULL, NULL, NULL, NULL, NULL, NULL, NULL, NULL, NULL);
INSERT INTO MONSTER ([NAME], [CLIMATE], [TERRAIN], [FREQUENCY], [ORGANISATION], [ACTIVITY_CYCLE], [DIET], [INTELLIGENCE], [ALIGNMENT], [MORALE]) VALUES ('Constrictor snake', NULL, NULL, NULL, NULL, NULL, NULL, NULL, NULL, NULL);
INSERT INTO MONSTER ([NAME], [CLIMATE], [TERRAIN], [FREQUENCY], [ORGANISATION], [ACTIVITY_CYCLE], [DIET], [INTELLIGENCE], [ALIGNMENT], [MORALE]) VALUES ('Giant constrictor snake', NULL, NULL, NULL, NULL, NULL, NULL, NULL, NULL, NULL);
INSERT INTO MONSTER ([NAME], [CLIMATE], [TERRAIN], [FREQUENCY], [ORGANISATION], [ACTIVITY_CYCLE], [DIET], [INTELLIGENCE], [ALIGNMENT], [MORALE]) VALUES ('Heway', NULL, NULL, NULL, NULL, NULL, NULL, NULL, NULL, NULL);
INSERT INTO MONSTER ([NAME], [CLIMATE], [TERRAIN], [FREQUENCY], [ORGANISATION], [ACTIVITY_CYCLE], [DIET], [INTELLIGENCE], [ALIGNMENT], [MORALE]) VALUES ('Poisonous snake', NULL, NULL, NULL, NULL, NULL, NULL, NULL, NULL, NULL);
INSERT INTO MONSTER ([NAME], [CLIMATE], [TERRAIN], [FREQUENCY], [ORGANISATION], [ACTIVITY_CYCLE], [DIET], [INTELLIGENCE], [ALIGNMENT], [MORALE]) VALUES ('Giant poisonous snake', NULL, NULL, NULL, NULL, NULL, NULL, NULL, NULL, NULL);
INSERT INTO MONSTER ([NAME], [CLIMATE], [TERRAIN], [FREQUENCY], [ORGANISATION], [ACTIVITY_CYCLE], [DIET], [INTELLIGENCE], [ALIGNMENT], [MORALE]) VALUES ('Giant sea snake', NULL, NULL, NULL, NULL, NULL, NULL, NULL, NULL, NULL);
INSERT INTO MONSTER ([NAME], [CLIMATE], [TERRAIN], [FREQUENCY], [ORGANISATION], [ACTIVITY_CYCLE], [DIET], [INTELLIGENCE], [ALIGNMENT], [MORALE]) VALUES ('Spitting snake', NULL, NULL, NULL, NULL, NULL, NULL, NULL, NULL, NULL);
INSERT INTO MONSTER ([NAME], [CLIMATE], [TERRAIN], [FREQUENCY], [ORGANISATION], [ACTIVITY_CYCLE], [DIET], [INTELLIGENCE], [ALIGNMENT], [MORALE]) VALUES ('Winged snake', NULL, NULL, NULL, NULL, NULL, NULL, NULL, NULL, NULL);
INSERT INTO MONSTER ([NAME], [CLIMATE], [TERRAIN], [FREQUENCY], [ORGANISATION], [ACTIVITY_CYCLE], [DIET], [INTELLIGENCE], [ALIGNMENT], [MORALE]) VALUES ('Spectre', NULL, NULL, NULL, NULL, NULL, NULL, NULL, NULL, NULL);
INSERT INTO MONSTER ([NAME], [CLIMATE], [TERRAIN], [FREQUENCY], [ORGANISATION], [ACTIVITY_CYCLE], [DIET], [INTELLIGENCE], [ALIGNMENT], [MORALE]) VALUES ('Androsphinx', NULL, NULL, NULL, NULL, NULL, NULL, NULL, NULL, NULL);
INSERT INTO MONSTER ([NAME], [CLIMATE], [TERRAIN], [FREQUENCY], [ORGANISATION], [ACTIVITY_CYCLE], [DIET], [INTELLIGENCE], [ALIGNMENT], [MORALE]) VALUES ('Criosphinx', NULL, NULL, NULL, NULL, NULL, NULL, NULL, NULL, NULL);
INSERT INTO MONSTER ([NAME], [CLIMATE], [TERRAIN], [FREQUENCY], [ORGANISATION], [ACTIVITY_CYCLE], [DIET], [INTELLIGENCE], [ALIGNMENT], [MORALE]) VALUES ('Gynosphinx', NULL, NULL, NULL, NULL, NULL, NULL, NULL, NULL, NULL);
INSERT INTO MONSTER ([NAME], [CLIMATE], [TERRAIN], [FREQUENCY], [ORGANISATION], [ACTIVITY_CYCLE], [DIET], [INTELLIGENCE], [ALIGNMENT], [MORALE]) VALUES ('Hieracosphinx', NULL, NULL, NULL, NULL, NULL, NULL, NULL, NULL, NULL);
INSERT INTO MONSTER ([NAME], [CLIMATE], [TERRAIN], [FREQUENCY], [ORGANISATION], [ACTIVITY_CYCLE], [DIET], [INTELLIGENCE], [ALIGNMENT], [MORALE]) VALUES ('Hairy spider', NULL, NULL, NULL, NULL, NULL, NULL, NULL, NULL, NULL);
INSERT INTO MONSTER ([NAME], [CLIMATE], [TERRAIN], [FREQUENCY], [ORGANISATION], [ACTIVITY_CYCLE], [DIET], [INTELLIGENCE], [ALIGNMENT], [MORALE]) VALUES ('Large spider', NULL, NULL, NULL, NULL, NULL, NULL, NULL, NULL, NULL);
INSERT INTO MONSTER ([NAME], [CLIMATE], [TERRAIN], [FREQUENCY], [ORGANISATION], [ACTIVITY_CYCLE], [DIET], [INTELLIGENCE], [ALIGNMENT], [MORALE]) VALUES ('Huge spider', NULL, NULL, NULL, NULL, NULL, NULL, NULL, NULL, NULL);
INSERT INTO MONSTER ([NAME], [CLIMATE], [TERRAIN], [FREQUENCY], [ORGANISATION], [ACTIVITY_CYCLE], [DIET], [INTELLIGENCE], [ALIGNMENT], [MORALE]) VALUES ('Giant spider', NULL, NULL, NULL, NULL, NULL, NULL, NULL, NULL, NULL);
INSERT INTO MONSTER ([NAME], [CLIMATE], [TERRAIN], [FREQUENCY], [ORGANISATION], [ACTIVITY_CYCLE], [DIET], [INTELLIGENCE], [ALIGNMENT], [MORALE]) VALUES ('Phase spider', NULL, NULL, NULL, NULL, NULL, NULL, NULL, NULL, NULL);
INSERT INTO MONSTER ([NAME], [CLIMATE], [TERRAIN], [FREQUENCY], [ORGANISATION], [ACTIVITY_CYCLE], [DIET], [INTELLIGENCE], [ALIGNMENT], [MORALE]) VALUES ('Sword spider', NULL, NULL, NULL, NULL, NULL, NULL, NULL, NULL, NULL);
INSERT INTO MONSTER ([NAME], [CLIMATE], [TERRAIN], [FREQUENCY], [ORGANISATION], [ACTIVITY_CYCLE], [DIET], [INTELLIGENCE], [ALIGNMENT], [MORALE]) VALUES ('Gargantuan spider', NULL, NULL, NULL, NULL, NULL, NULL, NULL, NULL, NULL);
INSERT INTO MONSTER ([NAME], [CLIMATE], [TERRAIN], [FREQUENCY], [ORGANISATION], [ACTIVITY_CYCLE], [DIET], [INTELLIGENCE], [ALIGNMENT], [MORALE]) VALUES ('Sprite', NULL, NULL, NULL, NULL, NULL, NULL, NULL, NULL, NULL);
INSERT INTO MONSTER ([NAME], [CLIMATE], [TERRAIN], [FREQUENCY], [ORGANISATION], [ACTIVITY_CYCLE], [DIET], [INTELLIGENCE], [ALIGNMENT], [MORALE]) VALUES ('Sea sprite', NULL, NULL, NULL, NULL, NULL, NULL, NULL, NULL, NULL);
INSERT INTO MONSTER ([NAME], [CLIMATE], [TERRAIN], [FREQUENCY], [ORGANISATION], [ACTIVITY_CYCLE], [DIET], [INTELLIGENCE], [ALIGNMENT], [MORALE]) VALUES ('Pixie', NULL, NULL, NULL, NULL, NULL, NULL, NULL, NULL, NULL);
INSERT INTO MONSTER ([NAME], [CLIMATE], [TERRAIN], [FREQUENCY], [ORGANISATION], [ACTIVITY_CYCLE], [DIET], [INTELLIGENCE], [ALIGNMENT], [MORALE]) VALUES ('Nixie', NULL, NULL, NULL, NULL, NULL, NULL, NULL, NULL, NULL);
INSERT INTO MONSTER ([NAME], [CLIMATE], [TERRAIN], [FREQUENCY], [ORGANISATION], [ACTIVITY_CYCLE], [DIET], [INTELLIGENCE], [ALIGNMENT], [MORALE]) VALUES ('Atomie', NULL, NULL, NULL, NULL, NULL, NULL, NULL, NULL, NULL);
INSERT INTO MONSTER ([NAME], [CLIMATE], [TERRAIN], [FREQUENCY], [ORGANISATION], [ACTIVITY_CYCLE], [DIET], [INTELLIGENCE], [ALIGNMENT], [MORALE]) VALUES ('Grig', NULL, NULL, NULL, NULL, NULL, NULL, NULL, NULL, NULL);
INSERT INTO MONSTER ([NAME], [CLIMATE], [TERRAIN], [FREQUENCY], [ORGANISATION], [ACTIVITY_CYCLE], [DIET], [INTELLIGENCE], [ALIGNMENT], [MORALE]) VALUES ('Giant squid', NULL, NULL, NULL, NULL, NULL, NULL, NULL, NULL, NULL);
INSERT INTO MONSTER ([NAME], [CLIMATE], [TERRAIN], [FREQUENCY], [ORGANISATION], [ACTIVITY_CYCLE], [DIET], [INTELLIGENCE], [ALIGNMENT], [MORALE]) VALUES ('Kraken', NULL, NULL, NULL, NULL, NULL, NULL, NULL, NULL, NULL);
INSERT INTO MONSTER ([NAME], [CLIMATE], [TERRAIN], [FREQUENCY], [ORGANISATION], [ACTIVITY_CYCLE], [DIET], [INTELLIGENCE], [ALIGNMENT], [MORALE]) VALUES ('Stirge', NULL, NULL, NULL, NULL, NULL, NULL, NULL, NULL, NULL);
INSERT INTO MONSTER ([NAME], [CLIMATE], [TERRAIN], [FREQUENCY], [ORGANISATION], [ACTIVITY_CYCLE], [DIET], [INTELLIGENCE], [ALIGNMENT], [MORALE]) VALUES ('Su-monster', NULL, NULL, NULL, NULL, NULL, NULL, NULL, NULL, NULL);
INSERT INTO MONSTER ([NAME], [CLIMATE], [TERRAIN], [FREQUENCY], [ORGANISATION], [ACTIVITY_CYCLE], [DIET], [INTELLIGENCE], [ALIGNMENT], [MORALE]) VALUES ('Swanmay', NULL, NULL, NULL, NULL, NULL, NULL, NULL, NULL, NULL);
INSERT INTO MONSTER ([NAME], [CLIMATE], [TERRAIN], [FREQUENCY], [ORGANISATION], [ACTIVITY_CYCLE], [DIET], [INTELLIGENCE], [ALIGNMENT], [MORALE]) VALUES ('Bird maiden', NULL, NULL, NULL, NULL, NULL, NULL, NULL, NULL, NULL);
INSERT INTO MONSTER ([NAME], [CLIMATE], [TERRAIN], [FREQUENCY], [ORGANISATION], [ACTIVITY_CYCLE], [DIET], [INTELLIGENCE], [ALIGNMENT], [MORALE]) VALUES ('Tabaxi', NULL, NULL, NULL, NULL, NULL, NULL, NULL, NULL, NULL);
INSERT INTO MONSTER ([NAME], [CLIMATE], [TERRAIN], [FREQUENCY], [ORGANISATION], [ACTIVITY_CYCLE], [DIET], [INTELLIGENCE], [ALIGNMENT], [MORALE]) VALUES ('Tabaxi lord', NULL, NULL, NULL, NULL, NULL, NULL, NULL, NULL, NULL);
INSERT INTO MONSTER ([NAME], [CLIMATE], [TERRAIN], [FREQUENCY], [ORGANISATION], [ACTIVITY_CYCLE], [DIET], [INTELLIGENCE], [ALIGNMENT], [MORALE]) VALUES ('Male tako', NULL, NULL, NULL, NULL, NULL, NULL, NULL, NULL, NULL);
INSERT INTO MONSTER ([NAME], [CLIMATE], [TERRAIN], [FREQUENCY], [ORGANISATION], [ACTIVITY_CYCLE], [DIET], [INTELLIGENCE], [ALIGNMENT], [MORALE]) VALUES ('Female tako', NULL, NULL, NULL, NULL, NULL, NULL, NULL, NULL, NULL);
INSERT INTO MONSTER ([NAME], [CLIMATE], [TERRAIN], [FREQUENCY], [ORGANISATION], [ACTIVITY_CYCLE], [DIET], [INTELLIGENCE], [ALIGNMENT], [MORALE]) VALUES ('Balor', NULL, NULL, NULL, NULL, NULL, NULL, NULL, NULL, NULL);
INSERT INTO MONSTER ([NAME], [CLIMATE], [TERRAIN], [FREQUENCY], [ORGANISATION], [ACTIVITY_CYCLE], [DIET], [INTELLIGENCE], [ALIGNMENT], [MORALE]) VALUES ('Marilith', NULL, NULL, NULL, NULL, NULL, NULL, NULL, NULL, NULL);
INSERT INTO MONSTER ([NAME], [CLIMATE], [TERRAIN], [FREQUENCY], [ORGANISATION], [ACTIVITY_CYCLE], [DIET], [INTELLIGENCE], [ALIGNMENT], [MORALE]) VALUES ('Tarrasque', NULL, NULL, NULL, NULL, NULL, NULL, NULL, NULL, NULL);
INSERT INTO MONSTER ([NAME], [CLIMATE], [TERRAIN], [FREQUENCY], [ORGANISATION], [ACTIVITY_CYCLE], [DIET], [INTELLIGENCE], [ALIGNMENT], [MORALE]) VALUES ('Tasloi', NULL, NULL, NULL, NULL, NULL, NULL, NULL, NULL, NULL);
INSERT INTO MONSTER ([NAME], [CLIMATE], [TERRAIN], [FREQUENCY], [ORGANISATION], [ACTIVITY_CYCLE], [DIET], [INTELLIGENCE], [ALIGNMENT], [MORALE]) VALUES ('Thought eater', NULL, NULL, NULL, NULL, NULL, NULL, NULL, NULL, NULL);
INSERT INTO MONSTER ([NAME], [CLIMATE], [TERRAIN], [FREQUENCY], [ORGANISATION], [ACTIVITY_CYCLE], [DIET], [INTELLIGENCE], [ALIGNMENT], [MORALE]) VALUES ('Thri-kreen', NULL, NULL, NULL, NULL, NULL, NULL, NULL, NULL, NULL);
INSERT INTO MONSTER ([NAME], [CLIMATE], [TERRAIN], [FREQUENCY], [ORGANISATION], [ACTIVITY_CYCLE], [DIET], [INTELLIGENCE], [ALIGNMENT], [MORALE]) VALUES ('Titan', NULL, NULL, NULL, NULL, NULL, NULL, NULL, NULL, NULL);
INSERT INTO MONSTER ([NAME], [CLIMATE], [TERRAIN], [FREQUENCY], [ORGANISATION], [ACTIVITY_CYCLE], [DIET], [INTELLIGENCE], [ALIGNMENT], [MORALE]) VALUES ('Giant toad', NULL, NULL, NULL, NULL, NULL, NULL, NULL, NULL, NULL);
INSERT INTO MONSTER ([NAME], [CLIMATE], [TERRAIN], [FREQUENCY], [ORGANISATION], [ACTIVITY_CYCLE], [DIET], [INTELLIGENCE], [ALIGNMENT], [MORALE]) VALUES ('Fire toad', NULL, NULL, NULL, NULL, NULL, NULL, NULL, NULL, NULL);
INSERT INTO MONSTER ([NAME], [CLIMATE], [TERRAIN], [FREQUENCY], [ORGANISATION], [ACTIVITY_CYCLE], [DIET], [INTELLIGENCE], [ALIGNMENT], [MORALE]) VALUES ('Ice toad', NULL, NULL, NULL, NULL, NULL, NULL, NULL, NULL, NULL);
INSERT INTO MONSTER ([NAME], [CLIMATE], [TERRAIN], [FREQUENCY], [ORGANISATION], [ACTIVITY_CYCLE], [DIET], [INTELLIGENCE], [ALIGNMENT], [MORALE]) VALUES ('Poisonous toad', NULL, NULL, NULL, NULL, NULL, NULL, NULL, NULL, NULL);
INSERT INTO MONSTER ([NAME], [CLIMATE], [TERRAIN], [FREQUENCY], [ORGANISATION], [ACTIVITY_CYCLE], [DIET], [INTELLIGENCE], [ALIGNMENT], [MORALE]) VALUES ('Treant', NULL, NULL, NULL, NULL, NULL, NULL, NULL, NULL, NULL);
INSERT INTO MONSTER ([NAME], [CLIMATE], [TERRAIN], [FREQUENCY], [ORGANISATION], [ACTIVITY_CYCLE], [DIET], [INTELLIGENCE], [ALIGNMENT], [MORALE]) VALUES ('Triton', NULL, NULL, NULL, NULL, NULL, NULL, NULL, NULL, NULL);
INSERT INTO MONSTER ([NAME], [CLIMATE], [TERRAIN], [FREQUENCY], [ORGANISATION], [ACTIVITY_CYCLE], [DIET], [INTELLIGENCE], [ALIGNMENT], [MORALE]) VALUES ('Troglodyte', NULL, NULL, NULL, NULL, NULL, NULL, NULL, NULL, NULL);
INSERT INTO MONSTER ([NAME], [CLIMATE], [TERRAIN], [FREQUENCY], [ORGANISATION], [ACTIVITY_CYCLE], [DIET], [INTELLIGENCE], [ALIGNMENT], [MORALE]) VALUES ('Troll', NULL, NULL, NULL, NULL, NULL, NULL, NULL, NULL, NULL);
INSERT INTO MONSTER ([NAME], [CLIMATE], [TERRAIN], [FREQUENCY], [ORGANISATION], [ACTIVITY_CYCLE], [DIET], [INTELLIGENCE], [ALIGNMENT], [MORALE]) VALUES ('Two-headed troll', NULL, NULL, NULL, NULL, NULL, NULL, NULL, NULL, NULL);
INSERT INTO MONSTER ([NAME], [CLIMATE], [TERRAIN], [FREQUENCY], [ORGANISATION], [ACTIVITY_CYCLE], [DIET], [INTELLIGENCE], [ALIGNMENT], [MORALE]) VALUES ('Freshwater troll', NULL, NULL, NULL, NULL, NULL, NULL, NULL, NULL, NULL);
INSERT INTO MONSTER ([NAME], [CLIMATE], [TERRAIN], [FREQUENCY], [ORGANISATION], [ACTIVITY_CYCLE], [DIET], [INTELLIGENCE], [ALIGNMENT], [MORALE]) VALUES ('Saltwater troll', NULL, NULL, NULL, NULL, NULL, NULL, NULL, NULL, NULL);
INSERT INTO MONSTER ([NAME], [CLIMATE], [TERRAIN], [FREQUENCY], [ORGANISATION], [ACTIVITY_CYCLE], [DIET], [INTELLIGENCE], [ALIGNMENT], [MORALE]) VALUES ('Desert troll', NULL, NULL, NULL, NULL, NULL, NULL, NULL, NULL, NULL);
INSERT INTO MONSTER ([NAME], [CLIMATE], [TERRAIN], [FREQUENCY], [ORGANISATION], [ACTIVITY_CYCLE], [DIET], [INTELLIGENCE], [ALIGNMENT], [MORALE]) VALUES ('Spectral troll', NULL, NULL, NULL, NULL, NULL, NULL, NULL, NULL, NULL);
INSERT INTO MONSTER ([NAME], [CLIMATE], [TERRAIN], [FREQUENCY], [ORGANISATION], [ACTIVITY_CYCLE], [DIET], [INTELLIGENCE], [ALIGNMENT], [MORALE]) VALUES ('Giant troll', NULL, NULL, NULL, NULL, NULL, NULL, NULL, NULL, NULL);
INSERT INTO MONSTER ([NAME], [CLIMATE], [TERRAIN], [FREQUENCY], [ORGANISATION], [ACTIVITY_CYCLE], [DIET], [INTELLIGENCE], [ALIGNMENT], [MORALE]) VALUES ('Ice troll', NULL, NULL, NULL, NULL, NULL, NULL, NULL, NULL, NULL);
INSERT INTO MONSTER ([NAME], [CLIMATE], [TERRAIN], [FREQUENCY], [ORGANISATION], [ACTIVITY_CYCLE], [DIET], [INTELLIGENCE], [ALIGNMENT], [MORALE]) VALUES ('Spirit troll', NULL, NULL, NULL, NULL, NULL, NULL, NULL, NULL, NULL);
INSERT INTO MONSTER ([NAME], [CLIMATE], [TERRAIN], [FREQUENCY], [ORGANISATION], [ACTIVITY_CYCLE], [DIET], [INTELLIGENCE], [ALIGNMENT], [MORALE]) VALUES ('Umber hulk', NULL, NULL, NULL, NULL, NULL, NULL, NULL, NULL, NULL);
INSERT INTO MONSTER ([NAME], [CLIMATE], [TERRAIN], [FREQUENCY], [ORGANISATION], [ACTIVITY_CYCLE], [DIET], [INTELLIGENCE], [ALIGNMENT], [MORALE]) VALUES ('Vodyanoi', NULL, NULL, NULL, NULL, NULL, NULL, NULL, NULL, NULL);
INSERT INTO MONSTER ([NAME], [CLIMATE], [TERRAIN], [FREQUENCY], [ORGANISATION], [ACTIVITY_CYCLE], [DIET], [INTELLIGENCE], [ALIGNMENT], [MORALE]) VALUES ('Unicorn', NULL, NULL, NULL, NULL, NULL, NULL, NULL, NULL, NULL);
INSERT INTO MONSTER ([NAME], [CLIMATE], [TERRAIN], [FREQUENCY], [ORGANISATION], [ACTIVITY_CYCLE], [DIET], [INTELLIGENCE], [ALIGNMENT], [MORALE]) VALUES ('Black urchin', NULL, NULL, NULL, NULL, NULL, NULL, NULL, NULL, NULL);
INSERT INTO MONSTER ([NAME], [CLIMATE], [TERRAIN], [FREQUENCY], [ORGANISATION], [ACTIVITY_CYCLE], [DIET], [INTELLIGENCE], [ALIGNMENT], [MORALE]) VALUES ('Green urchin', NULL, NULL, NULL, NULL, NULL, NULL, NULL, NULL, NULL);
INSERT INTO MONSTER ([NAME], [CLIMATE], [TERRAIN], [FREQUENCY], [ORGANISATION], [ACTIVITY_CYCLE], [DIET], [INTELLIGENCE], [ALIGNMENT], [MORALE]) VALUES ('Red urchin', NULL, NULL, NULL, NULL, NULL, NULL, NULL, NULL, NULL);
INSERT INTO MONSTER ([NAME], [CLIMATE], [TERRAIN], [FREQUENCY], [ORGANISATION], [ACTIVITY_CYCLE], [DIET], [INTELLIGENCE], [ALIGNMENT], [MORALE]) VALUES ('Silver urchin', NULL, NULL, NULL, NULL, NULL, NULL, NULL, NULL, NULL);
INSERT INTO MONSTER ([NAME], [CLIMATE], [TERRAIN], [FREQUENCY], [ORGANISATION], [ACTIVITY_CYCLE], [DIET], [INTELLIGENCE], [ALIGNMENT], [MORALE]) VALUES ('Yellow urchin', NULL, NULL, NULL, NULL, NULL, NULL, NULL, NULL, NULL);
INSERT INTO MONSTER ([NAME], [CLIMATE], [TERRAIN], [FREQUENCY], [ORGANISATION], [ACTIVITY_CYCLE], [DIET], [INTELLIGENCE], [ALIGNMENT], [MORALE]) VALUES ('Land urchin', NULL, NULL, NULL, NULL, NULL, NULL, NULL, NULL, NULL);
INSERT INTO MONSTER ([NAME], [CLIMATE], [TERRAIN], [FREQUENCY], [ORGANISATION], [ACTIVITY_CYCLE], [DIET], [INTELLIGENCE], [ALIGNMENT], [MORALE]) VALUES ('Vampire', NULL, NULL, NULL, NULL, NULL, NULL, NULL, NULL, NULL);
INSERT INTO MONSTER ([NAME], [CLIMATE], [TERRAIN], [FREQUENCY], [ORGANISATION], [ACTIVITY_CYCLE], [DIET], [INTELLIGENCE], [ALIGNMENT], [MORALE]) VALUES ('Wemic', NULL, NULL, NULL, NULL, NULL, NULL, NULL, NULL, NULL);
INSERT INTO MONSTER ([NAME], [CLIMATE], [TERRAIN], [FREQUENCY], [ORGANISATION], [ACTIVITY_CYCLE], [DIET], [INTELLIGENCE], [ALIGNMENT], [MORALE]) VALUES ('Common whale', NULL, NULL, NULL, NULL, NULL, NULL, NULL, NULL, NULL);
INSERT INTO MONSTER ([NAME], [CLIMATE], [TERRAIN], [FREQUENCY], [ORGANISATION], [ACTIVITY_CYCLE], [DIET], [INTELLIGENCE], [ALIGNMENT], [MORALE]) VALUES ('Giant whale', NULL, NULL, NULL, NULL, NULL, NULL, NULL, NULL, NULL);
INSERT INTO MONSTER ([NAME], [CLIMATE], [TERRAIN], [FREQUENCY], [ORGANISATION], [ACTIVITY_CYCLE], [DIET], [INTELLIGENCE], [ALIGNMENT], [MORALE]) VALUES ('Leviathan', NULL, NULL, NULL, NULL, NULL, NULL, NULL, NULL, NULL);
INSERT INTO MONSTER ([NAME], [CLIMATE], [TERRAIN], [FREQUENCY], [ORGANISATION], [ACTIVITY_CYCLE], [DIET], [INTELLIGENCE], [ALIGNMENT], [MORALE]) VALUES ('Killer whale', NULL, NULL, NULL, NULL, NULL, NULL, NULL, NULL, NULL);
INSERT INTO MONSTER ([NAME], [CLIMATE], [TERRAIN], [FREQUENCY], [ORGANISATION], [ACTIVITY_CYCLE], [DIET], [INTELLIGENCE], [ALIGNMENT], [MORALE]) VALUES ('Narwhal', NULL, NULL, NULL, NULL, NULL, NULL, NULL, NULL, NULL);
INSERT INTO MONSTER ([NAME], [CLIMATE], [TERRAIN], [FREQUENCY], [ORGANISATION], [ACTIVITY_CYCLE], [DIET], [INTELLIGENCE], [ALIGNMENT], [MORALE]) VALUES ('Wight', NULL, NULL, NULL, NULL, NULL, NULL, NULL, NULL, NULL);
INSERT INTO MONSTER ([NAME], [CLIMATE], [TERRAIN], [FREQUENCY], [ORGANISATION], [ACTIVITY_CYCLE], [DIET], [INTELLIGENCE], [ALIGNMENT], [MORALE]) VALUES ('Will o''wisp', NULL, NULL, NULL, NULL, NULL, NULL, NULL, NULL, NULL);
INSERT INTO MONSTER ([NAME], [CLIMATE], [TERRAIN], [FREQUENCY], [ORGANISATION], [ACTIVITY_CYCLE], [DIET], [INTELLIGENCE], [ALIGNMENT], [MORALE]) VALUES ('Wolf', NULL, NULL, NULL, NULL, NULL, NULL, NULL, NULL, NULL);
INSERT INTO MONSTER ([NAME], [CLIMATE], [TERRAIN], [FREQUENCY], [ORGANISATION], [ACTIVITY_CYCLE], [DIET], [INTELLIGENCE], [ALIGNMENT], [MORALE]) VALUES ('Worg', NULL, NULL, NULL, NULL, NULL, NULL, NULL, NULL, NULL);
INSERT INTO MONSTER ([NAME], [CLIMATE], [TERRAIN], [FREQUENCY], [ORGANISATION], [ACTIVITY_CYCLE], [DIET], [INTELLIGENCE], [ALIGNMENT], [MORALE]) VALUES ('Dire wolf', NULL, NULL, NULL, NULL, NULL, NULL, NULL, NULL, NULL);
INSERT INTO MONSTER ([NAME], [CLIMATE], [TERRAIN], [FREQUENCY], [ORGANISATION], [ACTIVITY_CYCLE], [DIET], [INTELLIGENCE], [ALIGNMENT], [MORALE]) VALUES ('Winter wolf', NULL, NULL, NULL, NULL, NULL, NULL, NULL, NULL, NULL);
INSERT INTO MONSTER ([NAME], [CLIMATE], [TERRAIN], [FREQUENCY], [ORGANISATION], [ACTIVITY_CYCLE], [DIET], [INTELLIGENCE], [ALIGNMENT], [MORALE]) VALUES ('Wolfwere', NULL, NULL, NULL, NULL, NULL, NULL, NULL, NULL, NULL);
INSERT INTO MONSTER ([NAME], [CLIMATE], [TERRAIN], [FREQUENCY], [ORGANISATION], [ACTIVITY_CYCLE], [DIET], [INTELLIGENCE], [ALIGNMENT], [MORALE]) VALUES ('Purple worm', NULL, NULL, NULL, NULL, NULL, NULL, NULL, NULL, NULL);
INSERT INTO MONSTER ([NAME], [CLIMATE], [TERRAIN], [FREQUENCY], [ORGANISATION], [ACTIVITY_CYCLE], [DIET], [INTELLIGENCE], [ALIGNMENT], [MORALE]) VALUES ('Giant bloodworm', NULL, NULL, NULL, NULL, NULL, NULL, NULL, NULL, NULL);
INSERT INTO MONSTER ([NAME], [CLIMATE], [TERRAIN], [FREQUENCY], [ORGANISATION], [ACTIVITY_CYCLE], [DIET], [INTELLIGENCE], [ALIGNMENT], [MORALE]) VALUES ('Bookworm', NULL, NULL, NULL, NULL, NULL, NULL, NULL, NULL, NULL);
INSERT INTO MONSTER ([NAME], [CLIMATE], [TERRAIN], [FREQUENCY], [ORGANISATION], [ACTIVITY_CYCLE], [DIET], [INTELLIGENCE], [ALIGNMENT], [MORALE]) VALUES ('Rot grub worm', NULL, NULL, NULL, NULL, NULL, NULL, NULL, NULL, NULL);
INSERT INTO MONSTER ([NAME], [CLIMATE], [TERRAIN], [FREQUENCY], [ORGANISATION], [ACTIVITY_CYCLE], [DIET], [INTELLIGENCE], [ALIGNMENT], [MORALE]) VALUES ('Wraith', NULL, NULL, NULL, NULL, NULL, NULL, NULL, NULL, NULL);
INSERT INTO MONSTER ([NAME], [CLIMATE], [TERRAIN], [FREQUENCY], [ORGANISATION], [ACTIVITY_CYCLE], [DIET], [INTELLIGENCE], [ALIGNMENT], [MORALE]) VALUES ('Wyvern', NULL, NULL, NULL, NULL, NULL, NULL, NULL, NULL, NULL);
INSERT INTO MONSTER ([NAME], [CLIMATE], [TERRAIN], [FREQUENCY], [ORGANISATION], [ACTIVITY_CYCLE], [DIET], [INTELLIGENCE], [ALIGNMENT], [MORALE]) VALUES ('Xorn', NULL, NULL, NULL, NULL, NULL, NULL, NULL, NULL, NULL);
INSERT INTO MONSTER ([NAME], [CLIMATE], [TERRAIN], [FREQUENCY], [ORGANISATION], [ACTIVITY_CYCLE], [DIET], [INTELLIGENCE], [ALIGNMENT], [MORALE]) VALUES ('Xorn xaren', NULL, NULL, NULL, NULL, NULL, NULL, NULL, NULL, NULL);
INSERT INTO MONSTER ([NAME], [CLIMATE], [TERRAIN], [FREQUENCY], [ORGANISATION], [ACTIVITY_CYCLE], [DIET], [INTELLIGENCE], [ALIGNMENT], [MORALE]) VALUES ('Yeti', NULL, NULL, NULL, NULL, NULL, NULL, NULL, NULL, NULL);
INSERT INTO MONSTER ([NAME], [CLIMATE], [TERRAIN], [FREQUENCY], [ORGANISATION], [ACTIVITY_CYCLE], [DIET], [INTELLIGENCE], [ALIGNMENT], [MORALE]) VALUES ('Yuan''ti', NULL, NULL, NULL, NULL, NULL, NULL, NULL, NULL, NULL);
INSERT INTO MONSTER ([NAME], [CLIMATE], [TERRAIN], [FREQUENCY], [ORGANISATION], [ACTIVITY_CYCLE], [DIET], [INTELLIGENCE], [ALIGNMENT], [MORALE]) VALUES ('Yuan''ti histachii', NULL, NULL, NULL, NULL, NULL, NULL, NULL, NULL, NULL);
INSERT INTO MONSTER ([NAME], [CLIMATE], [TERRAIN], [FREQUENCY], [ORGANISATION], [ACTIVITY_CYCLE], [DIET], [INTELLIGENCE], [ALIGNMENT], [MORALE]) VALUES ('Least guardian yugoloth', NULL, NULL, NULL, NULL, NULL, NULL, NULL, NULL, NULL);
INSERT INTO MONSTER ([NAME], [CLIMATE], [TERRAIN], [FREQUENCY], [ORGANISATION], [ACTIVITY_CYCLE], [DIET], [INTELLIGENCE], [ALIGNMENT], [MORALE]) VALUES ('Lesser guardian yugoloth', NULL, NULL, NULL, NULL, NULL, NULL, NULL, NULL, NULL);
INSERT INTO MONSTER ([NAME], [CLIMATE], [TERRAIN], [FREQUENCY], [ORGANISATION], [ACTIVITY_CYCLE], [DIET], [INTELLIGENCE], [ALIGNMENT], [MORALE]) VALUES ('Greater guardian yugoloth', NULL, NULL, NULL, NULL, NULL, NULL, NULL, NULL, NULL);
INSERT INTO MONSTER ([NAME], [CLIMATE], [TERRAIN], [FREQUENCY], [ORGANISATION], [ACTIVITY_CYCLE], [DIET], [INTELLIGENCE], [ALIGNMENT], [MORALE]) VALUES ('Zaratan', NULL, NULL, NULL, NULL, NULL, NULL, NULL, NULL, NULL);
INSERT INTO MONSTER ([NAME], [CLIMATE], [TERRAIN], [FREQUENCY], [ORGANISATION], [ACTIVITY_CYCLE], [DIET], [INTELLIGENCE], [ALIGNMENT], [MORALE]) VALUES ('Zombie', NULL, NULL, NULL, NULL, NULL, NULL, NULL, NULL, NULL);
INSERT INTO MONSTER ([NAME], [CLIMATE], [TERRAIN], [FREQUENCY], [ORGANISATION], [ACTIVITY_CYCLE], [DIET], [INTELLIGENCE], [ALIGNMENT], [MORALE]) VALUES ('Zombie monster', NULL, NULL, NULL, NULL, NULL, NULL, NULL, NULL, NULL);
INSERT INTO MONSTER ([NAME], [CLIMATE], [TERRAIN], [FREQUENCY], [ORGANISATION], [ACTIVITY_CYCLE], [DIET], [INTELLIGENCE], [ALIGNMENT], [MORALE]) VALUES ('Zombie ju-ju', NULL, NULL, NULL, NULL, NULL, NULL, NULL, NULL, NULL);
INSERT INTO MONSTER ([NAME], [CLIMATE], [TERRAIN], [FREQUENCY], [ORGANISATION], [ACTIVITY_CYCLE], [DIET], [INTELLIGENCE], [ALIGNMENT], [MORALE]) VALUES ('Sea zombie', NULL, NULL, NULL, NULL, NULL, NULL, NULL, NULL, NULL);
INSERT INTO MONSTER ([NAME], [CLIMATE], [TERRAIN], [FREQUENCY], [ORGANISATION], [ACTIVITY_CYCLE], [DIET], [INTELLIGENCE], [ALIGNMENT], [MORALE]) VALUES ('Zombie lord', NULL, NULL, NULL, NULL, NULL, NULL, NULL, NULL, NULL);

COMMIT TRANSACTION;

-----------------------------------------------------------------------------------------------------------

BEGIN TRANSACTION;

INSERT INTO MONSTER_UNDEAD ([MONSTER_ID], [TURNED_AS]) VALUES (10,  24);	--Banshee
INSERT INTO MONSTER_UNDEAD ([MONSTER_ID], [TURNED_AS]) VALUES (36,  NULL);	--Beholder undead
INSERT INTO MONSTER_UNDEAD ([MONSTER_ID], [TURNED_AS]) VALUES (131,  NULL);	--Dracolich
INSERT INTO MONSTER_UNDEAD ([MONSTER_ID], [TURNED_AS]) VALUES (233, 20);	--Ghost
INSERT INTO MONSTER_UNDEAD ([MONSTER_ID], [TURNED_AS]) VALUES (234, 4);		--Ghoul
INSERT INTO MONSTER_UNDEAD ([MONSTER_ID], [TURNED_AS]) VALUES (235, 4);		--Lacedon
INSERT INTO MONSTER_UNDEAD ([MONSTER_ID], [TURNED_AS]) VALUES (236, 11);	--Ghast
INSERT INTO MONSTER_UNDEAD ([MONSTER_ID], [TURNED_AS]) VALUES (408, 22);	--Lich
INSERT INTO MONSTER_UNDEAD ([MONSTER_ID], [TURNED_AS]) VALUES (409, 22);	--Demilich
INSERT INTO MONSTER_UNDEAD ([MONSTER_ID], [TURNED_AS]) VALUES (510, 14);	--Mummy
INSERT INTO MONSTER_UNDEAD ([MONSTER_ID], [TURNED_AS]) VALUES (511, 14);	--Mummy greater
INSERT INTO MONSTER_UNDEAD ([MONSTER_ID], [TURNED_AS]) VALUES (574, NULL);	--Revenant
INSERT INTO MONSTER_UNDEAD ([MONSTER_ID], [TURNED_AS]) VALUES (586, 6);		--Shadow
INSERT INTO MONSTER_UNDEAD ([MONSTER_ID], [TURNED_AS]) VALUES (590, 1);		--Skeleton
INSERT INTO MONSTER_UNDEAD ([MONSTER_ID], [TURNED_AS]) VALUES (591, 1);		--Skeleton, animal
INSERT INTO MONSTER_UNDEAD ([MONSTER_ID], [TURNED_AS]) VALUES (592, 1);		--Skeleton, monster
INSERT INTO MONSTER_UNDEAD ([MONSTER_ID], [TURNED_AS]) VALUES (593, 14);	--Giant skeleton
INSERT INTO MONSTER_UNDEAD ([MONSTER_ID], [TURNED_AS]) VALUES (594, NULL);	--Skeleton warrior
INSERT INTO MONSTER_UNDEAD ([MONSTER_ID], [TURNED_AS]) VALUES (608, 16);	--Spectre
INSERT INTO MONSTER_UNDEAD ([MONSTER_ID], [TURNED_AS]) VALUES (668, 18);	--Vampire
INSERT INTO MONSTER_UNDEAD ([MONSTER_ID], [TURNED_AS]) VALUES (675, 9);		--Wight
INSERT INTO MONSTER_UNDEAD ([MONSTER_ID], [TURNED_AS]) VALUES (686, 12);	--Wraith
INSERT INTO MONSTER_UNDEAD ([MONSTER_ID], [TURNED_AS]) VALUES (697, 3);		--Zombie
INSERT INTO MONSTER_UNDEAD ([MONSTER_ID], [TURNED_AS]) VALUES (698, 3);		--Zombie monster
INSERT INTO MONSTER_UNDEAD ([MONSTER_ID], [TURNED_AS]) VALUES (699, 16);	--Zombie ju-ju
INSERT INTO MONSTER_UNDEAD ([MONSTER_ID], [TURNED_AS]) VALUES (700, NULL);	--Sea zombie
INSERT INTO MONSTER_UNDEAD ([MONSTER_ID], [TURNED_AS]) VALUES (701, 18);	--Zombie lord
INSERT INTO MONSTER_UNDEAD ([MONSTER_ID], [TURNED_AS]) VALUES (112, NULL);	--Death knight
INSERT INTO MONSTER_UNDEAD ([MONSTER_ID], [TURNED_AS]) VALUES (305, NULL);	--Haunt
INSERT INTO MONSTER_UNDEAD ([MONSTER_ID], [TURNED_AS]) VALUES (544, NULL);	--Phantom
INSERT INTO MONSTER_UNDEAD ([MONSTER_ID], [TURNED_AS]) VALUES (563, 1);		--Poltergeist
INSERT INTO MONSTER_UNDEAD ([MONSTER_ID], [TURNED_AS]) VALUES (655, 16);	--Spectral troll

COMMIT TRANSACTION;

-----------------------------------------------------------------------------------------------------------

BEGIN TRANSACTION;

INSERT INTO MONSTER_ELEMENTAL ([MONSTER_ID], [ELEMENT_ID]) VALUES (165, 0);		-- Air elemental
INSERT INTO MONSTER_ELEMENTAL ([MONSTER_ID], [ELEMENT_ID]) VALUES (166, 3);		-- Earth elemental
INSERT INTO MONSTER_ELEMENTAL ([MONSTER_ID], [ELEMENT_ID]) VALUES (167, 1);		-- Water elemental
INSERT INTO MONSTER_ELEMENTAL ([MONSTER_ID], [ELEMENT_ID]) VALUES (168, 2);		-- Fire elemental
INSERT INTO MONSTER_ELEMENTAL ([MONSTER_ID], [ELEMENT_ID]) VALUES (169, 0);		-- Sylph
INSERT INTO MONSTER_ELEMENTAL ([MONSTER_ID], [ELEMENT_ID]) VALUES (170, 0);		-- Aerial Servant
INSERT INTO MONSTER_ELEMENTAL ([MONSTER_ID], [ELEMENT_ID]) VALUES (171, 3);		-- Pech
INSERT INTO MONSTER_ELEMENTAL ([MONSTER_ID], [ELEMENT_ID]) VALUES (172, 3);		-- Sandling
INSERT INTO MONSTER_ELEMENTAL ([MONSTER_ID], [ELEMENT_ID]) VALUES (173, 2);		-- Salamander
INSERT INTO MONSTER_ELEMENTAL ([MONSTER_ID], [ELEMENT_ID]) VALUES (174, 2);		-- Fire snake
INSERT INTO MONSTER_ELEMENTAL ([MONSTER_ID], [ELEMENT_ID]) VALUES (175, 1);		-- Nereid
INSERT INTO MONSTER_ELEMENTAL ([MONSTER_ID], [ELEMENT_ID]) VALUES (176, 1);		-- Water weird
INSERT INTO MONSTER_ELEMENTAL ([MONSTER_ID], [ELEMENT_ID]) VALUES (177, 0);		-- Tempest
INSERT INTO MONSTER_ELEMENTAL ([MONSTER_ID], [ELEMENT_ID]) VALUES (177, 1);
INSERT INTO MONSTER_ELEMENTAL ([MONSTER_ID], [ELEMENT_ID]) VALUES (178, 0);		-- Skriaxit
INSERT INTO MONSTER_ELEMENTAL ([MONSTER_ID], [ELEMENT_ID]) VALUES (178, 3);

COMMIT TRANSACTION;

-----------------------------------------------------------------------------------------------------------

BEGIN TRANSACTION;

INSERT INTO MONSTER_DRAGON_TYPE ([ID], [NAME]) VALUES (0, 'Chromatic');
INSERT INTO MONSTER_DRAGON_TYPE ([ID], [NAME]) VALUES (1, 'Gem');
INSERT INTO MONSTER_DRAGON_TYPE ([ID], [NAME]) VALUES (2, 'Metallic');
INSERT INTO MONSTER_DRAGON_TYPE ([ID], [NAME]) VALUES (3, 'Other');
INSERT INTO MONSTER_DRAGON_TYPE ([ID], [NAME]) VALUES (4, 'Dragonet');

COMMIT TRANSACTION;

-----------------------------------------------------------------------------------------------------------

BEGIN TRANSACTION;

INSERT INTO MONSTER_DRAGON ([MONSTER_ID], [TYPE]) VALUES (131, 3);
INSERT INTO MONSTER_DRAGON ([MONSTER_ID], [TYPE]) VALUES (132, 0);
INSERT INTO MONSTER_DRAGON ([MONSTER_ID], [TYPE]) VALUES (133, 0);
INSERT INTO MONSTER_DRAGON ([MONSTER_ID], [TYPE]) VALUES (134, 0);
INSERT INTO MONSTER_DRAGON ([MONSTER_ID], [TYPE]) VALUES (135, 0);
INSERT INTO MONSTER_DRAGON ([MONSTER_ID], [TYPE]) VALUES (136, 0);
INSERT INTO MONSTER_DRAGON ([MONSTER_ID], [TYPE]) VALUES (137, 1);
INSERT INTO MONSTER_DRAGON ([MONSTER_ID], [TYPE]) VALUES (138, 1);
INSERT INTO MONSTER_DRAGON ([MONSTER_ID], [TYPE]) VALUES (139, 1);
INSERT INTO MONSTER_DRAGON ([MONSTER_ID], [TYPE]) VALUES (140, 1);
INSERT INTO MONSTER_DRAGON ([MONSTER_ID], [TYPE]) VALUES (141, 1);
INSERT INTO MONSTER_DRAGON ([MONSTER_ID], [TYPE]) VALUES (142, 2);
INSERT INTO MONSTER_DRAGON ([MONSTER_ID], [TYPE]) VALUES (143, 2);
INSERT INTO MONSTER_DRAGON ([MONSTER_ID], [TYPE]) VALUES (144, 2);
INSERT INTO MONSTER_DRAGON ([MONSTER_ID], [TYPE]) VALUES (145, 2);
INSERT INTO MONSTER_DRAGON ([MONSTER_ID], [TYPE]) VALUES (146, 2);
INSERT INTO MONSTER_DRAGON ([MONSTER_ID], [TYPE]) VALUES (147, 3);
INSERT INTO MONSTER_DRAGON ([MONSTER_ID], [TYPE]) VALUES (148, 3);
INSERT INTO MONSTER_DRAGON ([MONSTER_ID], [TYPE]) VALUES (149, 3);
INSERT INTO MONSTER_DRAGON ([MONSTER_ID], [TYPE]) VALUES (150, 3);
INSERT INTO MONSTER_DRAGON ([MONSTER_ID], [TYPE]) VALUES (151, 3);
INSERT INTO MONSTER_DRAGON ([MONSTER_ID], [TYPE]) VALUES (152, 3);
INSERT INTO MONSTER_DRAGON ([MONSTER_ID], [TYPE]) VALUES (153, 3);
INSERT INTO MONSTER_DRAGON ([MONSTER_ID], [TYPE]) VALUES (154, 3);
INSERT INTO MONSTER_DRAGON ([MONSTER_ID], [TYPE]) VALUES (155, 3);
INSERT INTO MONSTER_DRAGON ([MONSTER_ID], [TYPE]) VALUES (156, 4);
INSERT INTO MONSTER_DRAGON ([MONSTER_ID], [TYPE]) VALUES (158, 4);

COMMIT TRANSACTION;

-----------------------------------------------------------------------------------------------------------

BEGIN TRANSACTION;

INSERT INTO MONSTER_TREASURE ([MONSTER_ID], [TREASURE_LOCATION_ID], [TREASURE_CLASS_ID], [MULTIPLIER]) VALUES (0, 1, 3, NULL);

COMMIT TRANSACTION;