BEGIN TRANSACTION;

INSERT INTO DEITY_RANK ([ID], [DESCRIPTION]) VALUES (0, 'Quasi-deity');
INSERT INTO DEITY_RANK ([ID], [DESCRIPTION]) VALUES (1, 'Demigod');
INSERT INTO DEITY_RANK ([ID], [DESCRIPTION]) VALUES (2, 'Lesser deity');
INSERT INTO DEITY_RANK ([ID], [DESCRIPTION]) VALUES (3, 'Intermediate deity');
INSERT INTO DEITY_RANK ([ID], [DESCRIPTION]) VALUES (4, 'Greater deity');
INSERT INTO DEITY_RANK ([ID], [DESCRIPTION]) VALUES (5, 'Overdeity');

COMMIT TRANSACTION;

-----------------------------------------------------------------------------------------------------------

BEGIN TRANSACTION;

INSERT INTO DEITY_ACTIVITY ([ID], [DESCRIPTION]) VALUES (0, 'Alive');
INSERT INTO DEITY_ACTIVITY ([ID], [DESCRIPTION]) VALUES (1, 'Dead');
INSERT INTO DEITY_ACTIVITY ([ID], [DESCRIPTION]) VALUES (2, 'Forgotten');

COMMIT TRANSACTION;

-----------------------------------------------------------------------------------------------------------

--BEGIN TRANSACTION;

--INSERT INTO PLANE_ALIGNMENT ([ID], [PLANE_ID] [MORAL_ALIGNMENT]) VALUES ()

--COMMIT TRANSACTION;

-----------------------------------------------------------------------------------------------------------

BEGIN TRANSACTION;

INSERT INTO CULT ([ID], [NAME]) VALUES (0, 'Common');
INSERT INTO CULT ([ID], [NAME]) VALUES (1, 'Beast Cults');
INSERT INTO CULT ([ID], [NAME]) VALUES (2, 'Elemental Cults');
INSERT INTO CULT ([ID], [NAME]) VALUES (3, 'Elven Deities');
INSERT INTO CULT ([ID], [NAME]) VALUES (4, 'Dwarven Deities');
INSERT INTO CULT ([ID], [NAME]) VALUES (5, 'Halfling Deities');
INSERT INTO CULT ([ID], [NAME]) VALUES (6, 'Gnome Deities');
INSERT INTO CULT ([ID], [NAME]) VALUES (7, 'Orc Deities');
INSERT INTO CULT ([ID], [NAME]) VALUES (8, 'Drow Deities');

COMMIT TRANSACTION;

-----------------------------------------------------------------------------------------------------------

BEGIN TRANSACTION;

INSERT INTO DEITY ([ID], [NAME], [RANK], [MORAL_ALIGNMENT], [REALM], [PLANE], [SEX], [ACTIVITY], [FOLLOWERS_RACE], [CULT]) VALUES (0, 'Bane', 4, 260, 0, NULL, 1, 1, NULL, 0);
INSERT INTO DEITY ([ID], [NAME], [RANK], [MORAL_ALIGNMENT], [REALM], [PLANE], [SEX], [ACTIVITY], [FOLLOWERS_RACE], [CULT]) VALUES (1, 'Lathander', 4, 513, 1, NULL, 1, 0, NULL, 0);
INSERT INTO DEITY ([ID], [NAME], [RANK], [MORAL_ALIGNMENT], [REALM], [PLANE], [SEX], [ACTIVITY], [FOLLOWERS_RACE], [CULT]) VALUES (2, 'Helm', 3, 258, 2, NULL, 1, 0, NULL, 0);
INSERT INTO DEITY ([ID], [NAME], [RANK], [MORAL_ALIGNMENT], [REALM], [PLANE], [SEX], [ACTIVITY], [FOLLOWERS_RACE], [CULT]) VALUES (3, 'Tempus', 4, 1026, 3, NULL, 1, 0, NULL, 0);
INSERT INTO DEITY ([ID], [NAME], [RANK], [MORAL_ALIGNMENT], [REALM], [PLANE], [SEX], [ACTIVITY], [FOLLOWERS_RACE], [CULT]) VALUES (4, 'Selune', 3, 1025, 4, NULL, 2, 0, NULL, 0);
INSERT INTO DEITY ([ID], [NAME], [RANK], [MORAL_ALIGNMENT], [REALM], [PLANE], [SEX], [ACTIVITY], [FOLLOWERS_RACE], [CULT]) VALUES (5, 'Lolth', 3, 1028, 5, NULL, 2, 0, NULL, 8);
INSERT INTO DEITY ([ID], [NAME], [RANK], [MORAL_ALIGNMENT], [REALM], [PLANE], [SEX], [ACTIVITY], [FOLLOWERS_RACE], [CULT]) VALUES (6, 'Ilmater', 3, 257, 6, NULL, 1, 0, NULL, 0);
INSERT INTO DEITY ([ID], [NAME], [RANK], [MORAL_ALIGNMENT], [REALM], [PLANE], [SEX], [ACTIVITY], [FOLLOWERS_RACE], [CULT]) VALUES (7, 'Tyr', 4, 257, 7, NULL, 1, 0, NULL, 0);
INSERT INTO DEITY ([ID], [NAME], [RANK], [MORAL_ALIGNMENT], [REALM], [PLANE], [SEX], [ACTIVITY], [FOLLOWERS_RACE], [CULT]) VALUES (8, 'Chauntea', 4, 513, 8, NULL, 2, 0, NULL, 0);
INSERT INTO DEITY ([ID], [NAME], [RANK], [MORAL_ALIGNMENT], [REALM], [PLANE], [SEX], [ACTIVITY], [FOLLOWERS_RACE], [CULT]) VALUES (9, 'Mystryl', 4, 1026, 9, NULL, 2, 1, NULL, 0);
INSERT INTO DEITY ([ID], [NAME], [RANK], [MORAL_ALIGNMENT], [REALM], [PLANE], [SEX], [ACTIVITY], [FOLLOWERS_RACE], [CULT]) VALUES (11, 'Oghma', 4, 514, 11, NULL, 1, 0, NULL, 0);
INSERT INTO DEITY ([ID], [NAME], [RANK], [MORAL_ALIGNMENT], [REALM], [PLANE], [SEX], [ACTIVITY], [FOLLOWERS_RACE], [CULT]) VALUES (12, 'Sune', 4, 1025, NULL, 38, 2, 0, NULL, 0);
INSERT INTO DEITY ([ID], [NAME], [RANK], [MORAL_ALIGNMENT], [REALM], [PLANE], [SEX], [ACTIVITY], [FOLLOWERS_RACE], [CULT]) VALUES (13, 'Talos', 4, 1028, 13, NULL, 1, 0, NULL, 0);
INSERT INTO DEITY ([ID], [NAME], [RANK], [MORAL_ALIGNMENT], [REALM], [PLANE], [SEX], [ACTIVITY], [FOLLOWERS_RACE], [CULT]) VALUES (14, 'Torm', 2, 257, NULL, 0, 1, 0, NULL, 0);
INSERT INTO DEITY ([ID], [NAME], [RANK], [MORAL_ALIGNMENT], [REALM], [PLANE], [SEX], [ACTIVITY], [FOLLOWERS_RACE], [CULT]) VALUES (15, 'Cyric', 4, 516, 15, NULL, 1, 0, NULL, 0);
INSERT INTO DEITY ([ID], [NAME], [RANK], [MORAL_ALIGNMENT], [REALM], [PLANE], [SEX], [ACTIVITY], [FOLLOWERS_RACE], [CULT]) VALUES (16, 'Corellon Larethian', 4, 1025, NULL, 38, 1, 0, 1, 3);
INSERT INTO DEITY ([ID], [NAME], [RANK], [MORAL_ALIGNMENT], [REALM], [PLANE], [SEX], [ACTIVITY], [FOLLOWERS_RACE], [CULT]) VALUES (17, 'Mystra', 4, 258, NULL, 21, 2, 0, NULL, 0);
INSERT INTO DEITY ([ID], [NAME], [RANK], [MORAL_ALIGNMENT], [REALM], [PLANE], [SEX], [ACTIVITY], [FOLLOWERS_RACE], [CULT]) VALUES (18, 'Shar', 4, 516, NULL, 33, 2, 0, NULL, 0);
INSERT INTO DEITY ([ID], [NAME], [RANK], [MORAL_ALIGNMENT], [REALM], [PLANE], [SEX], [ACTIVITY], [FOLLOWERS_RACE], [CULT]) VALUES (19, 'Silvanus', 4, 514, NULL, 21, 1, 0, NULL, 0);
INSERT INTO DEITY ([ID], [NAME], [RANK], [MORAL_ALIGNMENT], [REALM], [PLANE], [SEX], [ACTIVITY], [FOLLOWERS_RACE], [CULT]) VALUES (20, 'Beshaba', 3, 1028, NULL, 31, 2, 0, NULL, 0);
INSERT INTO DEITY ([ID], [NAME], [RANK], [MORAL_ALIGNMENT], [REALM], [PLANE], [SEX], [ACTIVITY], [FOLLOWERS_RACE], [CULT]) VALUES (21, 'Gond', 3, 514, NULL, 37, 1, 0, NULL, 0);
INSERT INTO DEITY ([ID], [NAME], [RANK], [MORAL_ALIGNMENT], [REALM], [PLANE], [SEX], [ACTIVITY], [FOLLOWERS_RACE], [CULT]) VALUES (22, 'Mask', 3, 516, NULL, 33, 1, 0, NULL, 0);
INSERT INTO DEITY ([ID], [NAME], [RANK], [MORAL_ALIGNMENT], [REALM], [PLANE], [SEX], [ACTIVITY], [FOLLOWERS_RACE], [CULT]) VALUES (23, 'Mielikki', 3, 513, NULL, 0, 2, 0, NULL, 0);
INSERT INTO DEITY ([ID], [NAME], [RANK], [MORAL_ALIGNMENT], [REALM], [PLANE], [SEX], [ACTIVITY], [FOLLOWERS_RACE], [CULT]) VALUES (24, 'Tymora', 3, 1025, NULL, 38, 2, 0, NULL, 0);
INSERT INTO DEITY ([ID], [NAME], [RANK], [MORAL_ALIGNMENT], [REALM], [PLANE], [SEX], [ACTIVITY], [FOLLOWERS_RACE], [CULT]) VALUES (25, 'Umberlee', 3, 1028, NULL, 31, 2, 0, NULL, 0);
INSERT INTO DEITY ([ID], [NAME], [RANK], [MORAL_ALIGNMENT], [REALM], [PLANE], [SEX], [ACTIVITY], [FOLLOWERS_RACE], [CULT]) VALUES (26, 'Auril', 2, 516, NULL, 30, 2, 0, NULL, 0);
INSERT INTO DEITY ([ID], [NAME], [RANK], [MORAL_ALIGNMENT], [REALM], [PLANE], [SEX], [ACTIVITY], [FOLLOWERS_RACE], [CULT]) VALUES (27, 'Azuth', 2, 258, NULL, 22, 1, 0, NULL, 0);
INSERT INTO DEITY ([ID], [NAME], [RANK], [MORAL_ALIGNMENT], [REALM], [PLANE], [SEX], [ACTIVITY], [FOLLOWERS_RACE], [CULT]) VALUES (28, 'Deneir', 2, 513, NULL, 39, 1, 0, NULL, 0);
INSERT INTO DEITY ([ID], [NAME], [RANK], [MORAL_ALIGNMENT], [REALM], [PLANE], [SEX], [ACTIVITY], [FOLLOWERS_RACE], [CULT]) VALUES (29, 'Eldath', 2, 514, NULL, 0, 2, 0, NULL, 0);
INSERT INTO DEITY ([ID], [NAME], [RANK], [MORAL_ALIGNMENT], [REALM], [PLANE], [SEX], [ACTIVITY], [FOLLOWERS_RACE], [CULT]) VALUES (30, 'Lliira', 2, 1025, NULL, 38, 2, 0, NULL, 0);
INSERT INTO DEITY ([ID], [NAME], [RANK], [MORAL_ALIGNMENT], [REALM], [PLANE], [SEX], [ACTIVITY], [FOLLOWERS_RACE], [CULT]) VALUES (31, 'Loviatar', 2, 260, NULL, 34, 2, 0, NULL, 0);
INSERT INTO DEITY ([ID], [NAME], [RANK], [MORAL_ALIGNMENT], [REALM], [PLANE], [SEX], [ACTIVITY], [FOLLOWERS_RACE], [CULT]) VALUES (32, 'Malar', 2, 1028, NULL, 32, 1, 0, NULL, 0);
INSERT INTO DEITY ([ID], [NAME], [RANK], [MORAL_ALIGNMENT], [REALM], [PLANE], [SEX], [ACTIVITY], [FOLLOWERS_RACE], [CULT]) VALUES (33, 'Milil', 2, 513, NULL, 39, 1, 0, NULL, 0);
INSERT INTO DEITY ([ID], [NAME], [RANK], [MORAL_ALIGNMENT], [REALM], [PLANE], [SEX], [ACTIVITY], [FOLLOWERS_RACE], [CULT]) VALUES (34, 'Talona', 2, 1028, NULL, 32, 2, 0, NULL, 0);
INSERT INTO DEITY ([ID], [NAME], [RANK], [MORAL_ALIGNMENT], [REALM], [PLANE], [SEX], [ACTIVITY], [FOLLOWERS_RACE], [CULT]) VALUES (35, 'Bhaal', 3, 260, NULL, NULL, 1, 1, NULL, 0);
INSERT INTO DEITY ([ID], [NAME], [RANK], [MORAL_ALIGNMENT], [REALM], [PLANE], [SEX], [ACTIVITY], [FOLLOWERS_RACE], [CULT]) VALUES (36, 'Leira', 2, 1026, NULL, NULL, 2, 1, NULL, 0);
INSERT INTO DEITY ([ID], [NAME], [RANK], [MORAL_ALIGNMENT], [REALM], [PLANE], [SEX], [ACTIVITY], [FOLLOWERS_RACE], [CULT]) VALUES (37, 'Myrkul', 4, 516, 16, NULL, 1, 1, NULL, 0);
INSERT INTO DEITY ([ID], [NAME], [RANK], [MORAL_ALIGNMENT], [REALM], [PLANE], [SEX], [ACTIVITY], [FOLLOWERS_RACE], [CULT]) VALUES (38, 'Waukeen', 3, 514, NULL, NULL, 2, 1, NULL, 0);
--INSERT INTO DEITY ([ID], [NAME], [RANK], [MORAL_ALIGNMENT], [REALM], [PLANE], [SEX], [ACTIVITY], [FOLLOWERS_RACE], [CULT]) VALUES (39, 'At’ar', 0, ALIGN, NULL, NULL, 2, 0, NULL, 0);
--INSERT INTO DEITY ([ID], [NAME], [RANK], [MORAL_ALIGNMENT], [REALM], [PLANE], [SEX], [ACTIVITY], [FOLLOWERS_RACE], [CULT]) VALUES (40, 'Baelros', 0, ALIGN, NULL, NULL, 1, 0, NULL, 0);
--INSERT INTO DEITY ([ID], [NAME], [RANK], [MORAL_ALIGNMENT], [REALM], [PLANE], [SEX], [ACTIVITY], [FOLLOWERS_RACE], [CULT]) VALUES (41, 'Earthmother', 0, ALIGN, NULL, NULL, 2, 0, NULL, 0);
--INSERT INTO DEITY ([ID], [NAME], [RANK], [MORAL_ALIGNMENT], [REALM], [PLANE], [SEX], [ACTIVITY], [FOLLOWERS_RACE], [CULT]) VALUES (42, 'Entropy,', 0, ALIGN, NULL, NULL, SEX, 0, NULL, 0);
INSERT INTO DEITY ([ID], [NAME], [RANK], [MORAL_ALIGNMENT], [REALM], [PLANE], [SEX], [ACTIVITY], [FOLLOWERS_RACE], [CULT]) VALUES (43, 'Garagos', 0, 1026, 30, NULL, 1, 0, NULL, 0);
INSERT INTO DEITY ([ID], [NAME], [RANK], [MORAL_ALIGNMENT], [REALM], [PLANE], [SEX], [ACTIVITY], [FOLLOWERS_RACE], [CULT]) VALUES (44, 'Gargauth the Outcast', 0, 260, NULL, 0, 1, 0, NULL, 0);
--INSERT INTO DEITY ([ID], [NAME], [RANK], [MORAL_ALIGNMENT], [REALM], [PLANE], [SEX], [ACTIVITY], [FOLLOWERS_RACE], [CULT]) VALUES (45, 'Gwaeron Windstrom', 0, ALIGN, NULL, NULL, SEX, 0, NULL, 0);
--INSERT INTO DEITY ([ID], [NAME], [RANK], [MORAL_ALIGNMENT], [REALM], [PLANE], [SEX], [ACTIVITY], [FOLLOWERS_RACE], [CULT]) VALUES (46, 'Hoar the Doombringer', 0, ALIGN, NULL, NULL, SEX, 0, NULL, 0);
INSERT INTO DEITY ([ID], [NAME], [RANK], [MORAL_ALIGNMENT], [REALM], [PLANE], [SEX], [ACTIVITY], [FOLLOWERS_RACE], [CULT]) VALUES (47, 'Iyachtu Xvim', 0    , 260, 26, NULL, 1, 0, NULL, 0);
--INSERT INTO DEITY ([ID], [NAME], [RANK], [MORAL_ALIGNMENT], [REALM], [PLANE], [SEX], [ACTIVITY], [FOLLOWERS_RACE], [CULT]) VALUES (48, 'Jergal', 0, ALIGN, NULL, NULL, SEX, 0, NULL, 0);
--INSERT INTO DEITY ([ID], [NAME], [RANK], [MORAL_ALIGNMENT], [REALM], [PLANE], [SEX], [ACTIVITY], [FOLLOWERS_RACE], [CULT]) VALUES (49, 'Moander', 0, ALIGN, NULL, NULL, SEX, 0, NULL, 0);
--INSERT INTO DEITY ([ID], [NAME], [RANK], [MORAL_ALIGNMENT], [REALM], [PLANE], [SEX], [ACTIVITY], [FOLLOWERS_RACE], [CULT]) VALUES (50, 'Red Knight', 2, ALIGN, NULL, NULL, SEX, 0, NULL, 0);
--INSERT INTO DEITY ([ID], [NAME], [RANK], [MORAL_ALIGNMENT], [REALM], [PLANE], [SEX], [ACTIVITY], [FOLLOWERS_RACE], [CULT]) VALUES (51, 'Savras the All-Seeing', 0, ALIGN, NULL, NULL, SEX, 0, NULL, 0);
INSERT INTO DEITY ([ID], [NAME], [RANK], [MORAL_ALIGNMENT], [REALM], [PLANE], [SEX], [ACTIVITY], [FOLLOWERS_RACE], [CULT]) VALUES (52, 'Sharess', 0, 1025, 12, NULL, 2, 0, NULL, 0);
INSERT INTO DEITY ([ID], [NAME], [RANK], [MORAL_ALIGNMENT], [REALM], [PLANE], [SEX], [ACTIVITY], [FOLLOWERS_RACE], [CULT]) VALUES (53, 'Shaundakul', 0, 1026, 31, NULL, 1, 0, NULL, 0);
--INSERT INTO DEITY ([ID], [NAME], [RANK], [MORAL_ALIGNMENT], [REALM], [PLANE], [SEX], [ACTIVITY], [FOLLOWERS_RACE], [CULT]) VALUES (54, 'Shiallia', 0, ALIGN, NULL, NULL, SEX, 0, NULL, 0);
--INSERT INTO DEITY ([ID], [NAME], [RANK], [MORAL_ALIGNMENT], [REALM], [PLANE], [SEX], [ACTIVITY], [FOLLOWERS_RACE], [CULT]) VALUES (55, 'Siamorphe the Noble', 0, ALIGN, NULL, NULL, SEX, 0, NULL, 0);
--INSERT INTO DEITY ([ID], [NAME], [RANK], [MORAL_ALIGNMENT], [REALM], [PLANE], [SEX], [ACTIVITY], [FOLLOWERS_RACE], [CULT]) VALUES (56, 'Tchazzar', 0, ALIGN, NULL, NULL, SEX, 0, NULL, 0);
--INSERT INTO DEITY ([ID], [NAME], [RANK], [MORAL_ALIGNMENT], [REALM], [PLANE], [SEX], [ACTIVITY], [FOLLOWERS_RACE], [CULT]) VALUES (57, 'Uthgar', 0, ALIGN, NULL, NULL, SEX, 0, NULL, 0);
--INSERT INTO DEITY ([ID], [NAME], [RANK], [MORAL_ALIGNMENT], [REALM], [PLANE], [SEX], [ACTIVITY], [FOLLOWERS_RACE], [CULT]) VALUES (58, 'Valkur the Mighty', 0, ALIGN, NULL, NULL, SEX, 0, NULL, 0);
--INSERT INTO DEITY ([ID], [NAME], [RANK], [MORAL_ALIGNMENT], [REALM], [PLANE], [SEX], [ACTIVITY], [FOLLOWERS_RACE], [CULT]) VALUES (59, 'The Blue Bear', 0, ALIGN, NULL, NULL, SEX, 0, NULL, 1);
--INSERT INTO DEITY ([ID], [NAME], [RANK], [MORAL_ALIGNMENT], [REALM], [PLANE], [SEX], [ACTIVITY], [FOLLOWERS_RACE], [CULT]) VALUES (60, 'The Bright Sword', 0, ALIGN, NULL, NULL, SEX, 0, NULL, 1);
--INSERT INTO DEITY ([ID], [NAME], [RANK], [MORAL_ALIGNMENT], [REALM], [PLANE], [SEX], [ACTIVITY], [FOLLOWERS_RACE], [CULT]) VALUES (61, 'Cult of the Singing Skull', 0, ALIGN, NULL, NULL, SEX, 0, NULL, 1);
--INSERT INTO DEITY ([ID], [NAME], [RANK], [MORAL_ALIGNMENT], [REALM], [PLANE], [SEX], [ACTIVITY], [FOLLOWERS_RACE], [CULT]) VALUES (62, 'Elrem the Wise Great Worm', 0, ALIGN, NULL, NULL, SEX, 0, NULL, 1);
--INSERT INTO DEITY ([ID], [NAME], [RANK], [MORAL_ALIGNMENT], [REALM], [PLANE], [SEX], [ACTIVITY], [FOLLOWERS_RACE], [CULT]) VALUES (63, 'Kazgoroth', 0, ALIGN, NULL, NULL, SEX, 0, NULL, 1);
--INSERT INTO DEITY ([ID], [NAME], [RANK], [MORAL_ALIGNMENT], [REALM], [PLANE], [SEX], [ACTIVITY], [FOLLOWERS_RACE], [CULT]) VALUES (64, 'Lurue the Unicorn', 0, ALIGN, NULL, NULL, SEX, 0, NULL, 1);
--INSERT INTO DEITY ([ID], [NAME], [RANK], [MORAL_ALIGNMENT], [REALM], [PLANE], [SEX], [ACTIVITY], [FOLLOWERS_RACE], [CULT]) VALUES (65, 'Nobanion', 0, ALIGN, NULL, NULL, SEX, 0, NULL, 1);
--INSERT INTO DEITY ([ID], [NAME], [RANK], [MORAL_ALIGNMENT], [REALM], [PLANE], [SEX], [ACTIVITY], [FOLLOWERS_RACE], [CULT]) VALUES (66, 'Red Tiger', 0, ALIGN, NULL, NULL, SEX, 0, NULL, 1);
--INSERT INTO DEITY ([ID], [NAME], [RANK], [MORAL_ALIGNMENT], [REALM], [PLANE], [SEX], [ACTIVITY], [FOLLOWERS_RACE], [CULT]) VALUES (67, 'Tree Ghost', 0, ALIGN, NULL, NULL, SEX, 0, NULL, 1);
--INSERT INTO DEITY ([ID], [NAME], [RANK], [MORAL_ALIGNMENT], [REALM], [PLANE], [SEX], [ACTIVITY], [FOLLOWERS_RACE], [CULT]) VALUES (68, 'The Cult of the Dragon', 0, ALIGN, NULL, NULL, SEX, 0, NULL, 1);

INSERT INTO DEITY ([ID], [NAME], [RANK], [MORAL_ALIGNMENT], [REALM], [PLANE], [SEX], [ACTIVITY], [FOLLOWERS_RACE], [CULT]) VALUES (69, 'Akadia', 4, 514, 17, NULL, 2, 0, NULL, 2);
INSERT INTO DEITY ([ID], [NAME], [RANK], [MORAL_ALIGNMENT], [REALM], [PLANE], [SEX], [ACTIVITY], [FOLLOWERS_RACE], [CULT]) VALUES (70, 'Grumbar', 4, 514, 18, NULL, 1, 0, NULL, 2);
INSERT INTO DEITY ([ID], [NAME], [RANK], [MORAL_ALIGNMENT], [REALM], [PLANE], [SEX], [ACTIVITY], [FOLLOWERS_RACE], [CULT]) VALUES (71, 'Ishtishia', 4, 514, 20, NULL, 1, 0, NULL, 2);
INSERT INTO DEITY ([ID], [NAME], [RANK], [MORAL_ALIGNMENT], [REALM], [PLANE], [SEX], [ACTIVITY], [FOLLOWERS_RACE], [CULT]) VALUES (72, 'Kossuth', 4, 514, 19, NULL, 1, 0, NULL, 2);

--INSERT INTO DEITY ([ID], [NAME], [RANK], [MORAL_ALIGNMENT], [REALM], [PLANE], [SEX], [ACTIVITY], [FOLLOWERS_RACE], [CULT]) VALUES (73, 'Ao', 0, ALIGN, NULL, NULL, 0, 0, NULL, 0);

INSERT INTO DEITY ([ID], [NAME], [RANK], [MORAL_ALIGNMENT], [REALM], [PLANE], [SEX], [ACTIVITY], [FOLLOWERS_RACE], [CULT]) VALUES (74, 'Aerdrie Faenya', 3, 1025, 21, NULL, 2, 0, 1, 3);
INSERT INTO DEITY ([ID], [NAME], [RANK], [MORAL_ALIGNMENT], [REALM], [PLANE], [SEX], [ACTIVITY], [FOLLOWERS_RACE], [CULT]) VALUES (75, 'Deep Sashelas', 3, 1025, 22, NULL, 1, 0, 1, 3);
INSERT INTO DEITY ([ID], [NAME], [RANK], [MORAL_ALIGNMENT], [REALM], [PLANE], [SEX], [ACTIVITY], [FOLLOWERS_RACE], [CULT]) VALUES (76, 'Erevan Ilesere', 3, 1026, NULL, 38, 1, 1, 1, 3);
INSERT INTO DEITY ([ID], [NAME], [RANK], [MORAL_ALIGNMENT], [REALM], [PLANE], [SEX], [ACTIVITY], [FOLLOWERS_RACE], [CULT]) VALUES (77, 'Fenmarel Mestarine', 2, 1026, 23, NULL, 1, 0, 1, 3);
INSERT INTO DEITY ([ID], [NAME], [RANK], [MORAL_ALIGNMENT], [REALM], [PLANE], [SEX], [ACTIVITY], [FOLLOWERS_RACE], [CULT]) VALUES (78, 'Hanali Celanil', 3, 1025, NULL, 38, 2, 0, 1, 3);
INSERT INTO DEITY ([ID], [NAME], [RANK], [MORAL_ALIGNMENT], [REALM], [PLANE], [SEX], [ACTIVITY], [FOLLOWERS_RACE], [CULT]) VALUES (79, 'Labelas Enoreth', 3, 1025, NULL, 38, 1, 0, 1, 3);
INSERT INTO DEITY ([ID], [NAME], [RANK], [MORAL_ALIGNMENT], [REALM], [PLANE], [SEX], [ACTIVITY], [FOLLOWERS_RACE], [CULT]) VALUES (80, 'Rillifane Rallathil', 3, 1025, NULL, 38, 1, 0, 1, 3);
INSERT INTO DEITY ([ID], [NAME], [RANK], [MORAL_ALIGNMENT], [REALM], [PLANE], [SEX], [ACTIVITY], [FOLLOWERS_RACE], [CULT]) VALUES (81, 'Sehanine Moonbow', 3, 1025, NULL, 38, 2, 0, 1, 3);
INSERT INTO DEITY ([ID], [NAME], [RANK], [MORAL_ALIGNMENT], [REALM], [PLANE], [SEX], [ACTIVITY], [FOLLOWERS_RACE], [CULT]) VALUES (82, 'Solonor Thelandira', 3, 1025, 24, NULL, 1, 0, 1, 3);

INSERT INTO DEITY ([ID], [NAME], [RANK], [MORAL_ALIGNMENT], [REALM], [PLANE], [SEX], [ACTIVITY], [FOLLOWERS_RACE], [CULT]) VALUES (10, 'Moradin', 4, 257, 10, NULL, 1, 0, NULL, 4);
INSERT INTO DEITY ([ID], [NAME], [RANK], [MORAL_ALIGNMENT], [REALM], [PLANE], [SEX], [ACTIVITY], [FOLLOWERS_RACE], [CULT]) VALUES (83, 'Abbathor', 3, 516, 25, NULL, 1, 0, 2, 4);
INSERT INTO DEITY ([ID], [NAME], [RANK], [MORAL_ALIGNMENT], [REALM], [PLANE], [SEX], [ACTIVITY], [FOLLOWERS_RACE], [CULT]) VALUES (84, 'Berronar Truesilver', 3, 257, 10, NULL, 2, 0, 2, 4);
INSERT INTO DEITY ([ID], [NAME], [RANK], [MORAL_ALIGNMENT], [REALM], [PLANE], [SEX], [ACTIVITY], [FOLLOWERS_RACE], [CULT]) VALUES (85, 'Clangeddin Silverbeard', 3, 257, 27, NULL, 1, 0, 2, 4);
INSERT INTO DEITY ([ID], [NAME], [RANK], [MORAL_ALIGNMENT], [REALM], [PLANE], [SEX], [ACTIVITY], [FOLLOWERS_RACE], [CULT]) VALUES (86, 'Dugmaren Brightmantle', 2, 1025, 28, NULL, 1, 0, 2, 4);
INSERT INTO DEITY ([ID], [NAME], [RANK], [MORAL_ALIGNMENT], [REALM], [PLANE], [SEX], [ACTIVITY], [FOLLOWERS_RACE], [CULT]) VALUES (87, 'Dumathoin', 3, 514, 28, NULL, 1, 0, 2, 4);
INSERT INTO DEITY ([ID], [NAME], [RANK], [MORAL_ALIGNMENT], [REALM], [PLANE], [SEX], [ACTIVITY], [FOLLOWERS_RACE], [CULT]) VALUES (88, 'Gorm Gulthyn', 2, 257, 29, NULL, 1, 0, 2, 4);
INSERT INTO DEITY ([ID], [NAME], [RANK], [MORAL_ALIGNMENT], [REALM], [PLANE], [SEX], [ACTIVITY], [FOLLOWERS_RACE], [CULT]) VALUES (89, 'Haela Brightaxe', 1, 1025, 32, NULL, 2, 0, 2, 4);
INSERT INTO DEITY ([ID], [NAME], [RANK], [MORAL_ALIGNMENT], [REALM], [PLANE], [SEX], [ACTIVITY], [FOLLOWERS_RACE], [CULT]) VALUES (90, 'Marthammor Duin', 2, 513, 33, NULL, 1, 0, 2, 4);
INSERT INTO DEITY ([ID], [NAME], [RANK], [MORAL_ALIGNMENT], [REALM], [PLANE], [SEX], [ACTIVITY], [FOLLOWERS_RACE], [CULT]) VALUES (91, 'Sharindlar', 3, 1025, 34, NULL, 2, 0, 2, 4);
INSERT INTO DEITY ([ID], [NAME], [RANK], [MORAL_ALIGNMENT], [REALM], [PLANE], [SEX], [ACTIVITY], [FOLLOWERS_RACE], [CULT]) VALUES (92, 'Vergadain', 3, 514, 28, NULL, 1, 0, 2, 4);

INSERT INTO DEITY ([ID], [NAME], [RANK], [MORAL_ALIGNMENT], [REALM], [PLANE], [SEX], [ACTIVITY], [FOLLOWERS_RACE], [CULT]) VALUES (93, 'Yondalla', 4, 257, 38, NULL, 2, 0, 5, 5);
INSERT INTO DEITY ([ID], [NAME], [RANK], [MORAL_ALIGNMENT], [REALM], [PLANE], [SEX], [ACTIVITY], [FOLLOWERS_RACE], [CULT]) VALUES (94, 'Arvoreen the Defender', 3, 257, 38, NULL, 1, 0, 5, 5);
INSERT INTO DEITY ([ID], [NAME], [RANK], [MORAL_ALIGNMENT], [REALM], [PLANE], [SEX], [ACTIVITY], [FOLLOWERS_RACE], [CULT]) VALUES (95, 'Brandobaris', 2, 514, NULL, NULL, 1, 0, 5, 5);
INSERT INTO DEITY ([ID], [NAME], [RANK], [MORAL_ALIGNMENT], [REALM], [PLANE], [SEX], [ACTIVITY], [FOLLOWERS_RACE], [CULT]) VALUES (96, 'Cyrrollalee', 3, 257, 38, NULL, 2, 0, 5, 5);
INSERT INTO DEITY ([ID], [NAME], [RANK], [MORAL_ALIGNMENT], [REALM], [PLANE], [SEX], [ACTIVITY], [FOLLOWERS_RACE], [CULT]) VALUES (97, 'Sheela Peryroyl', 3, 514, 39, NULL, 2, 0, 5, 5);
INSERT INTO DEITY ([ID], [NAME], [RANK], [MORAL_ALIGNMENT], [REALM], [PLANE], [SEX], [ACTIVITY], [FOLLOWERS_RACE], [CULT]) VALUES (98, 'Urogalan', 1, 258, 40, NULL, 1, 0, 5, 5);
--INSERT INTO DEITY ([ID], [NAME], [RANK], [MORAL_ALIGNMENT], [REALM], [PLANE], [SEX], [ACTIVITY], [FOLLOWERS_RACE], [CULT]) VALUES (99, 'Tymora', 0, ALIGN, NULL, NULL, SEX, 0, 5, 5);

INSERT INTO DEITY ([ID], [NAME], [RANK], [MORAL_ALIGNMENT], [REALM], [PLANE], [SEX], [ACTIVITY], [FOLLOWERS_RACE], [CULT]) VALUES (100, 'Garl Glittergold', 4, 257, 41, NULL, 1, 0, 3, 6);
INSERT INTO DEITY ([ID], [NAME], [RANK], [MORAL_ALIGNMENT], [REALM], [PLANE], [SEX], [ACTIVITY], [FOLLOWERS_RACE], [CULT]) VALUES (101, 'Baervan Wildwanderer', 3, 513, 42, NULL, 1, 0, 3, 6);
INSERT INTO DEITY ([ID], [NAME], [RANK], [MORAL_ALIGNMENT], [REALM], [PLANE], [SEX], [ACTIVITY], [FOLLOWERS_RACE], [CULT]) VALUES (102, 'Baravar Cloakshadow', 2, 513, 41, NULL, 1, 0, 3, 6);
INSERT INTO DEITY ([ID], [NAME], [RANK], [MORAL_ALIGNMENT], [REALM], [PLANE], [SEX], [ACTIVITY], [FOLLOWERS_RACE], [CULT]) VALUES (103, 'Flandal Steelskin', 3, 513, 41, NULL, 1, 0, 3, 6);
INSERT INTO DEITY ([ID], [NAME], [RANK], [MORAL_ALIGNMENT], [REALM], [PLANE], [SEX], [ACTIVITY], [FOLLOWERS_RACE], [CULT]) VALUES (104, 'Gaerdal Ironhand', 2, 257, 41, NULL, 3, 0, 3, 6);
INSERT INTO DEITY ([ID], [NAME], [RANK], [MORAL_ALIGNMENT], [REALM], [PLANE], [SEX], [ACTIVITY], [FOLLOWERS_RACE], [CULT]) VALUES (105, 'Segojan Earthcaller', 3, 513, 41, NULL, 1, 0, 3, 6);
INSERT INTO DEITY ([ID], [NAME], [RANK], [MORAL_ALIGNMENT], [REALM], [PLANE], [SEX], [ACTIVITY], [FOLLOWERS_RACE], [CULT]) VALUES (106, 'Urdlen', 3, 1028, 43, NULL, 3, 0, 0, 6);
--INSERT INTO DEITY ([ID], [NAME], [RANK], [MORAL_ALIGNMENT], [REALM], [PLANE], [SEX], [ACTIVITY], [FOLLOWERS_RACE], [CULT]) VALUES (107, 'Gond Wonderbringer', 0, ALIGN, NULL, NULL, SEX, 0, 3, 6);

INSERT INTO DEITY ([ID], [NAME], [RANK], [MORAL_ALIGNMENT], [REALM], [PLANE], [SEX], [ACTIVITY], [FOLLOWERS_RACE], [CULT]) VALUES (108, 'Gruumsh', 4, 260, 37, 36, 1, 0, NULL, 7);
INSERT INTO DEITY ([ID], [NAME], [RANK], [MORAL_ALIGNMENT], [REALM], [PLANE], [SEX], [ACTIVITY], [FOLLOWERS_RACE], [CULT]) VALUES (109, 'Bahgtru', 3, 260, 37, 36, 1, 0, NULL, 7);
INSERT INTO DEITY ([ID], [NAME], [RANK], [MORAL_ALIGNMENT], [REALM], [PLANE], [SEX], [ACTIVITY], [FOLLOWERS_RACE], [CULT]) VALUES (110, 'Ilneval', 3, 260, 37, 36, 1, 0, NULL, 7);
INSERT INTO DEITY ([ID], [NAME], [RANK], [MORAL_ALIGNMENT], [REALM], [PLANE], [SEX], [ACTIVITY], [FOLLOWERS_RACE], [CULT]) VALUES (111, 'Luthic', 2, 260, 37, 36, 2, 0, NULL, 7);
INSERT INTO DEITY ([ID], [NAME], [RANK], [MORAL_ALIGNMENT], [REALM], [PLANE], [SEX], [ACTIVITY], [FOLLOWERS_RACE], [CULT]) VALUES (112, 'Shargaas', 3, 516, 36, 34, 1, 0, NULL, 7);
INSERT INTO DEITY ([ID], [NAME], [RANK], [MORAL_ALIGNMENT], [REALM], [PLANE], [SEX], [ACTIVITY], [FOLLOWERS_RACE], [CULT]) VALUES (113, 'Yurtrus', 3, 516, 35, 33, 1, 0, NULL, 7);

COMMIT TRANSACTION;

-----------------------------------------------------------------------------------------------------------

BEGIN TRANSACTION;

INSERT INTO DEITY_TITLE ([DEITY_ID], [TITLE]) VALUES (0, 'Lord Bane');
INSERT INTO DEITY_TITLE ([DEITY_ID], [TITLE]) VALUES (0, 'The Black Lord');
INSERT INTO DEITY_TITLE ([DEITY_ID], [TITLE]) VALUES (0, 'Lord of Darkness');
INSERT INTO DEITY_TITLE ([DEITY_ID], [TITLE]) VALUES (0, 'The Black Hand');
INSERT INTO DEITY_TITLE ([DEITY_ID], [TITLE]) VALUES (0, 'The Dark One');

INSERT INTO DEITY_TITLE ([DEITY_ID], [TITLE]) VALUES (1, 'Morninglord');
INSERT INTO DEITY_TITLE ([DEITY_ID], [TITLE]) VALUES (1, 'Commander of Creativity');
INSERT INTO DEITY_TITLE ([DEITY_ID], [TITLE]) VALUES (1, 'Inspiration''s Dawn');
INSERT INTO DEITY_TITLE ([DEITY_ID], [TITLE]) VALUES (1, 'The Rose-and-Gold God');

INSERT INTO DEITY_TITLE ([DEITY_ID], [TITLE]) VALUES (2, 'He of the Unsleeping Eyes');
INSERT INTO DEITY_TITLE ([DEITY_ID], [TITLE]) VALUES (2, 'God of Guardians');
INSERT INTO DEITY_TITLE ([DEITY_ID], [TITLE]) VALUES (2, 'The Watcher');
INSERT INTO DEITY_TITLE ([DEITY_ID], [TITLE]) VALUES (2, 'The Vigilant');
INSERT INTO DEITY_TITLE ([DEITY_ID], [TITLE]) VALUES (2, 'The Vgilant One');
INSERT INTO DEITY_TITLE ([DEITY_ID], [TITLE]) VALUES (2, 'The Great Guard');

INSERT INTO DEITY_TITLE ([DEITY_ID], [TITLE]) VALUES (3, 'Foehammer');
INSERT INTO DEITY_TITLE ([DEITY_ID], [TITLE]) VALUES (3, 'Lord of Battles');

INSERT INTO DEITY_TITLE ([DEITY_ID], [TITLE]) VALUES (4, 'Our Lady of Silver');
INSERT INTO DEITY_TITLE ([DEITY_ID], [TITLE]) VALUES (4, 'The Moonmaiden');
INSERT INTO DEITY_TITLE ([DEITY_ID], [TITLE]) VALUES (4, 'The Night White Lady');
INSERT INTO DEITY_TITLE ([DEITY_ID], [TITLE]) VALUES (4, 'She Who Guides');

INSERT INTO DEITY_TITLE ([DEITY_ID], [TITLE]) VALUES (5, 'Queen of Spiders');
INSERT INTO DEITY_TITLE ([DEITY_ID], [TITLE]) VALUES (5, 'Queen of the Demonweb Pits');
INSERT INTO DEITY_TITLE ([DEITY_ID], [TITLE]) VALUES (5, 'Dark Mother');
INSERT INTO DEITY_TITLE ([DEITY_ID], [TITLE]) VALUES (5, 'Mother of Lusts');
INSERT INTO DEITY_TITLE ([DEITY_ID], [TITLE]) VALUES (5, 'The Lady of Chaos');
INSERT INTO DEITY_TITLE ([DEITY_ID], [TITLE]) VALUES (5, 'Spider Bitch');
INSERT INTO DEITY_TITLE ([DEITY_ID], [TITLE]) VALUES (5, 'Weaver of Destiny');

INSERT INTO DEITY_TITLE ([DEITY_ID], [TITLE]) VALUES (6, 'The Crying God');
INSERT INTO DEITY_TITLE ([DEITY_ID], [TITLE]) VALUES (6, 'The Broken God');
INSERT INTO DEITY_TITLE ([DEITY_ID], [TITLE]) VALUES (6, 'The Lord on the Rack');
INSERT INTO DEITY_TITLE ([DEITY_ID], [TITLE]) VALUES (6, 'The One Who Endures');
INSERT INTO DEITY_TITLE ([DEITY_ID], [TITLE]) VALUES (6, 'The Rack-Broken Lord');

INSERT INTO DEITY_TITLE ([DEITY_ID], [TITLE]) VALUES (7, 'God of Justice');
INSERT INTO DEITY_TITLE ([DEITY_ID], [TITLE]) VALUES (7, 'Grimjaws');
INSERT INTO DEITY_TITLE ([DEITY_ID], [TITLE]) VALUES (7, 'The Even-Handed');
INSERT INTO DEITY_TITLE ([DEITY_ID], [TITLE]) VALUES (7, 'The Maimed God');
INSERT INTO DEITY_TITLE ([DEITY_ID], [TITLE]) VALUES (7, 'Blind, Blind Tyr');
INSERT INTO DEITY_TITLE ([DEITY_ID], [TITLE]) VALUES (7, 'The Blind Overlord');
INSERT INTO DEITY_TITLE ([DEITY_ID], [TITLE]) VALUES (7, 'The Wounded One');
INSERT INTO DEITY_TITLE ([DEITY_ID], [TITLE]) VALUES (7, 'The Just God');

INSERT INTO DEITY_TITLE ([DEITY_ID], [TITLE]) VALUES (8, 'She Who Shapes All');
INSERT INTO DEITY_TITLE ([DEITY_ID], [TITLE]) VALUES (8, 'The Grain Goddess');
INSERT INTO DEITY_TITLE ([DEITY_ID], [TITLE]) VALUES (8, 'The Great Mother');

INSERT INTO DEITY_TITLE ([DEITY_ID], [TITLE]) VALUES (9, 'The Lady of Mysteries');
INSERT INTO DEITY_TITLE ([DEITY_ID], [TITLE]) VALUES (9, 'The Mother of All Magic');
INSERT INTO DEITY_TITLE ([DEITY_ID], [TITLE]) VALUES (9, 'Our Lady of Spells');
INSERT INTO DEITY_TITLE ([DEITY_ID], [TITLE]) VALUES (9, 'The Hidden One');

INSERT INTO DEITY_TITLE ([DEITY_ID], [TITLE]) VALUES (10, 'All-Father');
INSERT INTO DEITY_TITLE ([DEITY_ID], [TITLE]) VALUES (10, 'The Creator');
INSERT INTO DEITY_TITLE ([DEITY_ID], [TITLE]) VALUES (10, 'Dwarffather');
INSERT INTO DEITY_TITLE ([DEITY_ID], [TITLE]) VALUES (10, 'Soul Forger');

COMMIT TRANSACTION;

-----------------------------------------------------------------------------------------------------------

BEGIN TRANSACTION;

INSERT INTO AREA_OF_CONTROL ([DESCRIPTION]) VALUES ('Strife');
INSERT INTO AREA_OF_CONTROL ([DESCRIPTION]) VALUES ('Hatred');
INSERT INTO AREA_OF_CONTROL ([DESCRIPTION]) VALUES ('Tyranny');
INSERT INTO AREA_OF_CONTROL ([DESCRIPTION]) VALUES ('Athletics');
INSERT INTO AREA_OF_CONTROL ([DESCRIPTION]) VALUES ('Birth');
INSERT INTO AREA_OF_CONTROL ([DESCRIPTION]) VALUES ('Creativity');
INSERT INTO AREA_OF_CONTROL ([DESCRIPTION]) VALUES ('Dawn');
INSERT INTO AREA_OF_CONTROL ([DESCRIPTION]) VALUES ('Renewal');
INSERT INTO AREA_OF_CONTROL ([DESCRIPTION]) VALUES ('Self-perfection');
INSERT INTO AREA_OF_CONTROL ([DESCRIPTION]) VALUES ('Spring');
INSERT INTO AREA_OF_CONTROL ([DESCRIPTION]) VALUES ('Vitality');
INSERT INTO AREA_OF_CONTROL ([DESCRIPTION]) VALUES ('Youth');
INSERT INTO AREA_OF_CONTROL ([DESCRIPTION]) VALUES ('Guardians');
INSERT INTO AREA_OF_CONTROL ([DESCRIPTION]) VALUES ('Protectors');
INSERT INTO AREA_OF_CONTROL ([DESCRIPTION]) VALUES ('Protection');
INSERT INTO AREA_OF_CONTROL ([DESCRIPTION]) VALUES ('War');
INSERT INTO AREA_OF_CONTROL ([DESCRIPTION]) VALUES ('Battle');
INSERT INTO AREA_OF_CONTROL ([DESCRIPTION]) VALUES ('Warriors');
INSERT INTO AREA_OF_CONTROL ([DESCRIPTION]) VALUES ('The moon');
INSERT INTO AREA_OF_CONTROL ([DESCRIPTION]) VALUES ('Stars');
INSERT INTO AREA_OF_CONTROL ([DESCRIPTION]) VALUES ('Navigation');
INSERT INTO AREA_OF_CONTROL ([DESCRIPTION]) VALUES ('Navigators');
INSERT INTO AREA_OF_CONTROL ([DESCRIPTION]) VALUES ('Wanderers');
INSERT INTO AREA_OF_CONTROL ([DESCRIPTION]) VALUES ('Seekers');
INSERT INTO AREA_OF_CONTROL ([DESCRIPTION]) VALUES ('Good lycanthropes');
INSERT INTO AREA_OF_CONTROL ([DESCRIPTION]) VALUES ('Neutral lycanthropes');
INSERT INTO AREA_OF_CONTROL ([DESCRIPTION]) VALUES ('Spiders');
INSERT INTO AREA_OF_CONTROL ([DESCRIPTION]) VALUES ('Evil');
INSERT INTO AREA_OF_CONTROL ([DESCRIPTION]) VALUES ('Darkness');
INSERT INTO AREA_OF_CONTROL ([DESCRIPTION]) VALUES ('Chaos');
INSERT INTO AREA_OF_CONTROL ([DESCRIPTION]) VALUES ('Assassins');
INSERT INTO AREA_OF_CONTROL ([DESCRIPTION]) VALUES ('The Drow Race');
INSERT INTO AREA_OF_CONTROL ([DESCRIPTION]) VALUES ('Endurance');
INSERT INTO AREA_OF_CONTROL ([DESCRIPTION]) VALUES ('Martyrdom');
INSERT INTO AREA_OF_CONTROL ([DESCRIPTION]) VALUES ('Perseverance');
INSERT INTO AREA_OF_CONTROL ([DESCRIPTION]) VALUES ('Suffering');
INSERT INTO AREA_OF_CONTROL ([DESCRIPTION]) VALUES ('Justice');
INSERT INTO AREA_OF_CONTROL ([DESCRIPTION]) VALUES ('Agricolture');
INSERT INTO AREA_OF_CONTROL ([DESCRIPTION]) VALUES ('Crops');
INSERT INTO AREA_OF_CONTROL ([DESCRIPTION]) VALUES ('Farmers');
INSERT INTO AREA_OF_CONTROL ([DESCRIPTION]) VALUES ('Gardeners');
INSERT INTO AREA_OF_CONTROL ([DESCRIPTION]) VALUES ('Summer');
INSERT INTO AREA_OF_CONTROL ([DESCRIPTION]) VALUES ('Magic');
INSERT INTO AREA_OF_CONTROL ([DESCRIPTION]) VALUES ('Spells');
INSERT INTO AREA_OF_CONTROL ([DESCRIPTION]) VALUES ('The Weave');
INSERT INTO AREA_OF_CONTROL ([DESCRIPTION]) VALUES ('Wizards');
INSERT INTO AREA_OF_CONTROL ([DESCRIPTION]) VALUES ('Spellcasters');
INSERT INTO AREA_OF_CONTROL ([DESCRIPTION]) VALUES ('Energy');
INSERT INTO AREA_OF_CONTROL ([DESCRIPTION]) VALUES ('Knowledge');
INSERT INTO AREA_OF_CONTROL ([DESCRIPTION]) VALUES ('Invention');
INSERT INTO AREA_OF_CONTROL ([DESCRIPTION]) VALUES ('Song');
INSERT INTO AREA_OF_CONTROL ([DESCRIPTION]) VALUES ('Time');
--INSERT INTO AREA_OF_CONTROL ([DESCRIPTION]) VALUES ('Spring');
INSERT INTO AREA_OF_CONTROL ([DESCRIPTION]) VALUES ('Dwarves');
INSERT INTO AREA_OF_CONTROL ([DESCRIPTION]) VALUES ('Creation');
INSERT INTO AREA_OF_CONTROL ([DESCRIPTION]) VALUES ('Smithing');
INSERT INTO AREA_OF_CONTROL ([DESCRIPTION]) VALUES ('Craftsmanship');
--INSERT INTO AREA_OF_CONTROL ([DESCRIPTION]) VALUES ('War');
INSERT INTO AREA_OF_CONTROL ([DESCRIPTION]) VALUES ('Metalcraft');
INSERT INTO AREA_OF_CONTROL ([DESCRIPTION]) VALUES ('Stonework');
INSERT INTO AREA_OF_CONTROL ([DESCRIPTION]) VALUES ('Engineering');

COMMIT TRANSACTION;

-----------------------------------------------------------------------------------------------------------

BEGIN TRANSACTION;

INSERT INTO DEITY_AREA_OF_CONTROL ([DEITY_ID], [AREA_OR_CONTROL]) VALUES (0, 0);
INSERT INTO DEITY_AREA_OF_CONTROL ([DEITY_ID], [AREA_OR_CONTROL]) VALUES (0, 1);
INSERT INTO DEITY_AREA_OF_CONTROL ([DEITY_ID], [AREA_OR_CONTROL]) VALUES (0, 2);
INSERT INTO DEITY_AREA_OF_CONTROL ([DEITY_ID], [AREA_OR_CONTROL]) VALUES (1, 3);
INSERT INTO DEITY_AREA_OF_CONTROL ([DEITY_ID], [AREA_OR_CONTROL]) VALUES (1, 4);
INSERT INTO DEITY_AREA_OF_CONTROL ([DEITY_ID], [AREA_OR_CONTROL]) VALUES (1, 5);
INSERT INTO DEITY_AREA_OF_CONTROL ([DEITY_ID], [AREA_OR_CONTROL]) VALUES (1, 6);
INSERT INTO DEITY_AREA_OF_CONTROL ([DEITY_ID], [AREA_OR_CONTROL]) VALUES (1, 7);
INSERT INTO DEITY_AREA_OF_CONTROL ([DEITY_ID], [AREA_OR_CONTROL]) VALUES (1, 8);
INSERT INTO DEITY_AREA_OF_CONTROL ([DEITY_ID], [AREA_OR_CONTROL]) VALUES (1, 9);
INSERT INTO DEITY_AREA_OF_CONTROL ([DEITY_ID], [AREA_OR_CONTROL]) VALUES (1, 10);
INSERT INTO DEITY_AREA_OF_CONTROL ([DEITY_ID], [AREA_OR_CONTROL]) VALUES (1, 11);
INSERT INTO DEITY_AREA_OF_CONTROL ([DEITY_ID], [AREA_OR_CONTROL]) VALUES (2, 12);
INSERT INTO DEITY_AREA_OF_CONTROL ([DEITY_ID], [AREA_OR_CONTROL]) VALUES (2, 13);
INSERT INTO DEITY_AREA_OF_CONTROL ([DEITY_ID], [AREA_OR_CONTROL]) VALUES (2, 14);
INSERT INTO DEITY_AREA_OF_CONTROL ([DEITY_ID], [AREA_OR_CONTROL]) VALUES (3, 15);
INSERT INTO DEITY_AREA_OF_CONTROL ([DEITY_ID], [AREA_OR_CONTROL]) VALUES (3, 16);
INSERT INTO DEITY_AREA_OF_CONTROL ([DEITY_ID], [AREA_OR_CONTROL]) VALUES (3, 17);
INSERT INTO DEITY_AREA_OF_CONTROL ([DEITY_ID], [AREA_OR_CONTROL]) VALUES (4, 18);
INSERT INTO DEITY_AREA_OF_CONTROL ([DEITY_ID], [AREA_OR_CONTROL]) VALUES (4, 19);
INSERT INTO DEITY_AREA_OF_CONTROL ([DEITY_ID], [AREA_OR_CONTROL]) VALUES (4, 20);
INSERT INTO DEITY_AREA_OF_CONTROL ([DEITY_ID], [AREA_OR_CONTROL]) VALUES (4, 21);
INSERT INTO DEITY_AREA_OF_CONTROL ([DEITY_ID], [AREA_OR_CONTROL]) VALUES (4, 22);
INSERT INTO DEITY_AREA_OF_CONTROL ([DEITY_ID], [AREA_OR_CONTROL]) VALUES (4, 23);
INSERT INTO DEITY_AREA_OF_CONTROL ([DEITY_ID], [AREA_OR_CONTROL]) VALUES (4, 24);
INSERT INTO DEITY_AREA_OF_CONTROL ([DEITY_ID], [AREA_OR_CONTROL]) VALUES (4, 25);
INSERT INTO DEITY_AREA_OF_CONTROL ([DEITY_ID], [AREA_OR_CONTROL]) VALUES (5, 26);
INSERT INTO DEITY_AREA_OF_CONTROL ([DEITY_ID], [AREA_OR_CONTROL]) VALUES (5, 27);
INSERT INTO DEITY_AREA_OF_CONTROL ([DEITY_ID], [AREA_OR_CONTROL]) VALUES (5, 28);
INSERT INTO DEITY_AREA_OF_CONTROL ([DEITY_ID], [AREA_OR_CONTROL]) VALUES (5, 29);
INSERT INTO DEITY_AREA_OF_CONTROL ([DEITY_ID], [AREA_OR_CONTROL]) VALUES (5, 30);
INSERT INTO DEITY_AREA_OF_CONTROL ([DEITY_ID], [AREA_OR_CONTROL]) VALUES (5, 31);
INSERT INTO DEITY_AREA_OF_CONTROL ([DEITY_ID], [AREA_OR_CONTROL]) VALUES (6, 32);
INSERT INTO DEITY_AREA_OF_CONTROL ([DEITY_ID], [AREA_OR_CONTROL]) VALUES (6, 33);
INSERT INTO DEITY_AREA_OF_CONTROL ([DEITY_ID], [AREA_OR_CONTROL]) VALUES (6, 34);
INSERT INTO DEITY_AREA_OF_CONTROL ([DEITY_ID], [AREA_OR_CONTROL]) VALUES (6, 35);
INSERT INTO DEITY_AREA_OF_CONTROL ([DEITY_ID], [AREA_OR_CONTROL]) VALUES (7, 36);
INSERT INTO DEITY_AREA_OF_CONTROL ([DEITY_ID], [AREA_OR_CONTROL]) VALUES (8, 37);
INSERT INTO DEITY_AREA_OF_CONTROL ([DEITY_ID], [AREA_OR_CONTROL]) VALUES (8, 38);
INSERT INTO DEITY_AREA_OF_CONTROL ([DEITY_ID], [AREA_OR_CONTROL]) VALUES (8, 39);
INSERT INTO DEITY_AREA_OF_CONTROL ([DEITY_ID], [AREA_OR_CONTROL]) VALUES (8, 40);
INSERT INTO DEITY_AREA_OF_CONTROL ([DEITY_ID], [AREA_OR_CONTROL]) VALUES (8, 41);
INSERT INTO DEITY_AREA_OF_CONTROL ([DEITY_ID], [AREA_OR_CONTROL]) VALUES (9, 42);
INSERT INTO DEITY_AREA_OF_CONTROL ([DEITY_ID], [AREA_OR_CONTROL]) VALUES (9, 43);
INSERT INTO DEITY_AREA_OF_CONTROL ([DEITY_ID], [AREA_OR_CONTROL]) VALUES (9, 44);
INSERT INTO DEITY_AREA_OF_CONTROL ([DEITY_ID], [AREA_OR_CONTROL]) VALUES (9, 45);
INSERT INTO DEITY_AREA_OF_CONTROL ([DEITY_ID], [AREA_OR_CONTROL]) VALUES (9, 46);
INSERT INTO DEITY_AREA_OF_CONTROL ([DEITY_ID], [AREA_OR_CONTROL]) VALUES (9, 47);
INSERT INTO DEITY_AREA_OF_CONTROL ([DEITY_ID], [AREA_OR_CONTROL]) VALUES (9, 5);
INSERT INTO DEITY_AREA_OF_CONTROL ([DEITY_ID], [AREA_OR_CONTROL]) VALUES (9, 48);
INSERT INTO DEITY_AREA_OF_CONTROL ([DEITY_ID], [AREA_OR_CONTROL]) VALUES (9, 49);
INSERT INTO DEITY_AREA_OF_CONTROL ([DEITY_ID], [AREA_OR_CONTROL]) VALUES (9, 50);
INSERT INTO DEITY_AREA_OF_CONTROL ([DEITY_ID], [AREA_OR_CONTROL]) VALUES (9, 51);
INSERT INTO DEITY_AREA_OF_CONTROL ([DEITY_ID], [AREA_OR_CONTROL]) VALUES (9, 9);
INSERT INTO DEITY_AREA_OF_CONTROL ([DEITY_ID], [AREA_OR_CONTROL]) VALUES (10, 52);
INSERT INTO DEITY_AREA_OF_CONTROL ([DEITY_ID], [AREA_OR_CONTROL]) VALUES (10, 53);
INSERT INTO DEITY_AREA_OF_CONTROL ([DEITY_ID], [AREA_OR_CONTROL]) VALUES (10, 54);
INSERT INTO DEITY_AREA_OF_CONTROL ([DEITY_ID], [AREA_OR_CONTROL]) VALUES (10, 55);
INSERT INTO DEITY_AREA_OF_CONTROL ([DEITY_ID], [AREA_OR_CONTROL]) VALUES (10, 15);
INSERT INTO DEITY_AREA_OF_CONTROL ([DEITY_ID], [AREA_OR_CONTROL]) VALUES (10, 14);
INSERT INTO DEITY_AREA_OF_CONTROL ([DEITY_ID], [AREA_OR_CONTROL]) VALUES (10, 56);
INSERT INTO DEITY_AREA_OF_CONTROL ([DEITY_ID], [AREA_OR_CONTROL]) VALUES (10, 57);
INSERT INTO DEITY_AREA_OF_CONTROL ([DEITY_ID], [AREA_OR_CONTROL]) VALUES (10, 58);

COMMIT TRANSACTION;

-----------------------------------------------------------------------------------------------------------

BEGIN TRANSACTION;

INSERT INTO WORSHIPPER_ALIGNMENT ([DEITY_ID], [MORAL_ALIGNMENT]) VALUES (0, 260);
INSERT INTO WORSHIPPER_ALIGNMENT ([DEITY_ID], [MORAL_ALIGNMENT]) VALUES (0, 516);
INSERT INTO WORSHIPPER_ALIGNMENT ([DEITY_ID], [MORAL_ALIGNMENT]) VALUES (0, 1028);
INSERT INTO WORSHIPPER_ALIGNMENT ([DEITY_ID], [MORAL_ALIGNMENT]) VALUES (1, 257);
INSERT INTO WORSHIPPER_ALIGNMENT ([DEITY_ID], [MORAL_ALIGNMENT]) VALUES (1, 258);
INSERT INTO WORSHIPPER_ALIGNMENT ([DEITY_ID], [MORAL_ALIGNMENT]) VALUES (1, 513);
INSERT INTO WORSHIPPER_ALIGNMENT ([DEITY_ID], [MORAL_ALIGNMENT]) VALUES (1, 1025);
INSERT INTO WORSHIPPER_ALIGNMENT ([DEITY_ID], [MORAL_ALIGNMENT]) VALUES (2, 257);
INSERT INTO WORSHIPPER_ALIGNMENT ([DEITY_ID], [MORAL_ALIGNMENT]) VALUES (2, 258);
INSERT INTO WORSHIPPER_ALIGNMENT ([DEITY_ID], [MORAL_ALIGNMENT]) VALUES (2, 513);
INSERT INTO WORSHIPPER_ALIGNMENT ([DEITY_ID], [MORAL_ALIGNMENT]) VALUES (2, 514);
INSERT INTO WORSHIPPER_ALIGNMENT ([DEITY_ID], [MORAL_ALIGNMENT]) VALUES (2, 1025);
INSERT INTO WORSHIPPER_ALIGNMENT ([DEITY_ID], [MORAL_ALIGNMENT]) VALUES (2, 1026);
INSERT INTO WORSHIPPER_ALIGNMENT ([DEITY_ID], [MORAL_ALIGNMENT]) VALUES (3, 257);
INSERT INTO WORSHIPPER_ALIGNMENT ([DEITY_ID], [MORAL_ALIGNMENT]) VALUES (3, 258);
INSERT INTO WORSHIPPER_ALIGNMENT ([DEITY_ID], [MORAL_ALIGNMENT]) VALUES (3, 260);
INSERT INTO WORSHIPPER_ALIGNMENT ([DEITY_ID], [MORAL_ALIGNMENT]) VALUES (3, 513);
INSERT INTO WORSHIPPER_ALIGNMENT ([DEITY_ID], [MORAL_ALIGNMENT]) VALUES (3, 514);
INSERT INTO WORSHIPPER_ALIGNMENT ([DEITY_ID], [MORAL_ALIGNMENT]) VALUES (3, 516);
INSERT INTO WORSHIPPER_ALIGNMENT ([DEITY_ID], [MORAL_ALIGNMENT]) VALUES (3, 1025);
INSERT INTO WORSHIPPER_ALIGNMENT ([DEITY_ID], [MORAL_ALIGNMENT]) VALUES (3, 1026);
INSERT INTO WORSHIPPER_ALIGNMENT ([DEITY_ID], [MORAL_ALIGNMENT]) VALUES (3, 1028);
INSERT INTO WORSHIPPER_ALIGNMENT ([DEITY_ID], [MORAL_ALIGNMENT]) VALUES (4, 257);
INSERT INTO WORSHIPPER_ALIGNMENT ([DEITY_ID], [MORAL_ALIGNMENT]) VALUES (4, 258);
INSERT INTO WORSHIPPER_ALIGNMENT ([DEITY_ID], [MORAL_ALIGNMENT]) VALUES (4, 513);
INSERT INTO WORSHIPPER_ALIGNMENT ([DEITY_ID], [MORAL_ALIGNMENT]) VALUES (4, 514);
INSERT INTO WORSHIPPER_ALIGNMENT ([DEITY_ID], [MORAL_ALIGNMENT]) VALUES (4, 1025);
INSERT INTO WORSHIPPER_ALIGNMENT ([DEITY_ID], [MORAL_ALIGNMENT]) VALUES (4, 1026);
INSERT INTO WORSHIPPER_ALIGNMENT ([DEITY_ID], [MORAL_ALIGNMENT]) VALUES (5, 260);
INSERT INTO WORSHIPPER_ALIGNMENT ([DEITY_ID], [MORAL_ALIGNMENT]) VALUES (5, 516);
INSERT INTO WORSHIPPER_ALIGNMENT ([DEITY_ID], [MORAL_ALIGNMENT]) VALUES (5, 1026);
INSERT INTO WORSHIPPER_ALIGNMENT ([DEITY_ID], [MORAL_ALIGNMENT]) VALUES (5, 1028);
INSERT INTO WORSHIPPER_ALIGNMENT ([DEITY_ID], [MORAL_ALIGNMENT]) VALUES (6, 257);
INSERT INTO WORSHIPPER_ALIGNMENT ([DEITY_ID], [MORAL_ALIGNMENT]) VALUES (6, 258);
INSERT INTO WORSHIPPER_ALIGNMENT ([DEITY_ID], [MORAL_ALIGNMENT]) VALUES (6, 513);
INSERT INTO WORSHIPPER_ALIGNMENT ([DEITY_ID], [MORAL_ALIGNMENT]) VALUES (6, 1025);
INSERT INTO WORSHIPPER_ALIGNMENT ([DEITY_ID], [MORAL_ALIGNMENT]) VALUES (7, 257);
INSERT INTO WORSHIPPER_ALIGNMENT ([DEITY_ID], [MORAL_ALIGNMENT]) VALUES (7, 258);
INSERT INTO WORSHIPPER_ALIGNMENT ([DEITY_ID], [MORAL_ALIGNMENT]) VALUES (7, 513);
INSERT INTO WORSHIPPER_ALIGNMENT ([DEITY_ID], [MORAL_ALIGNMENT]) VALUES (8, 257);
INSERT INTO WORSHIPPER_ALIGNMENT ([DEITY_ID], [MORAL_ALIGNMENT]) VALUES (8, 258);
INSERT INTO WORSHIPPER_ALIGNMENT ([DEITY_ID], [MORAL_ALIGNMENT]) VALUES (8, 513);
INSERT INTO WORSHIPPER_ALIGNMENT ([DEITY_ID], [MORAL_ALIGNMENT]) VALUES (8, 514);
INSERT INTO WORSHIPPER_ALIGNMENT ([DEITY_ID], [MORAL_ALIGNMENT]) VALUES (8, 1025);
INSERT INTO WORSHIPPER_ALIGNMENT ([DEITY_ID], [MORAL_ALIGNMENT]) VALUES (8, 1026);

INSERT INTO WORSHIPPER_ALIGNMENT ([DEITY_ID], [MORAL_ALIGNMENT]) VALUES (9, 257);
INSERT INTO WORSHIPPER_ALIGNMENT ([DEITY_ID], [MORAL_ALIGNMENT]) VALUES (9, 258);
INSERT INTO WORSHIPPER_ALIGNMENT ([DEITY_ID], [MORAL_ALIGNMENT]) VALUES (9, 260);
INSERT INTO WORSHIPPER_ALIGNMENT ([DEITY_ID], [MORAL_ALIGNMENT]) VALUES (9, 513);
INSERT INTO WORSHIPPER_ALIGNMENT ([DEITY_ID], [MORAL_ALIGNMENT]) VALUES (9, 514);
INSERT INTO WORSHIPPER_ALIGNMENT ([DEITY_ID], [MORAL_ALIGNMENT]) VALUES (9, 516);
INSERT INTO WORSHIPPER_ALIGNMENT ([DEITY_ID], [MORAL_ALIGNMENT]) VALUES (9, 1025);
INSERT INTO WORSHIPPER_ALIGNMENT ([DEITY_ID], [MORAL_ALIGNMENT]) VALUES (9, 1026);
INSERT INTO WORSHIPPER_ALIGNMENT ([DEITY_ID], [MORAL_ALIGNMENT]) VALUES (9, 1028);

INSERT INTO WORSHIPPER_ALIGNMENT ([DEITY_ID], [MORAL_ALIGNMENT]) VALUES (10, 257);
INSERT INTO WORSHIPPER_ALIGNMENT ([DEITY_ID], [MORAL_ALIGNMENT]) VALUES (10, 258);
INSERT INTO WORSHIPPER_ALIGNMENT ([DEITY_ID], [MORAL_ALIGNMENT]) VALUES (10, 513);
INSERT INTO WORSHIPPER_ALIGNMENT ([DEITY_ID], [MORAL_ALIGNMENT]) VALUES (10, 514);
INSERT INTO WORSHIPPER_ALIGNMENT ([DEITY_ID], [MORAL_ALIGNMENT]) VALUES (10, 1025);
INSERT INTO WORSHIPPER_ALIGNMENT ([DEITY_ID], [MORAL_ALIGNMENT]) VALUES (10, 1026);

INSERT INTO WORSHIPPER_ALIGNMENT ([DEITY_ID], [MORAL_ALIGNMENT]) VALUES (11, 258);
INSERT INTO WORSHIPPER_ALIGNMENT ([DEITY_ID], [MORAL_ALIGNMENT]) VALUES (11, 514);
INSERT INTO WORSHIPPER_ALIGNMENT ([DEITY_ID], [MORAL_ALIGNMENT]) VALUES (11, 1026);

INSERT INTO WORSHIPPER_ALIGNMENT ([DEITY_ID], [MORAL_ALIGNMENT]) VALUES (12, 257);
INSERT INTO WORSHIPPER_ALIGNMENT ([DEITY_ID], [MORAL_ALIGNMENT]) VALUES (12, 258);
INSERT INTO WORSHIPPER_ALIGNMENT ([DEITY_ID], [MORAL_ALIGNMENT]) VALUES (12, 513);
INSERT INTO WORSHIPPER_ALIGNMENT ([DEITY_ID], [MORAL_ALIGNMENT]) VALUES (12, 514);
INSERT INTO WORSHIPPER_ALIGNMENT ([DEITY_ID], [MORAL_ALIGNMENT]) VALUES (12, 1025);
INSERT INTO WORSHIPPER_ALIGNMENT ([DEITY_ID], [MORAL_ALIGNMENT]) VALUES (12, 1026);

INSERT INTO WORSHIPPER_ALIGNMENT ([DEITY_ID], [MORAL_ALIGNMENT]) VALUES (13, 1028);

INSERT INTO WORSHIPPER_ALIGNMENT ([DEITY_ID], [MORAL_ALIGNMENT]) VALUES (14, 257);
INSERT INTO WORSHIPPER_ALIGNMENT ([DEITY_ID], [MORAL_ALIGNMENT]) VALUES (14, 258);
INSERT INTO WORSHIPPER_ALIGNMENT ([DEITY_ID], [MORAL_ALIGNMENT]) VALUES (14, 513);

INSERT INTO WORSHIPPER_ALIGNMENT ([DEITY_ID], [MORAL_ALIGNMENT]) VALUES (15, 258);
INSERT INTO WORSHIPPER_ALIGNMENT ([DEITY_ID], [MORAL_ALIGNMENT]) VALUES (15, 260);
INSERT INTO WORSHIPPER_ALIGNMENT ([DEITY_ID], [MORAL_ALIGNMENT]) VALUES (15, 514);
INSERT INTO WORSHIPPER_ALIGNMENT ([DEITY_ID], [MORAL_ALIGNMENT]) VALUES (15, 516);
INSERT INTO WORSHIPPER_ALIGNMENT ([DEITY_ID], [MORAL_ALIGNMENT]) VALUES (15, 1026);
INSERT INTO WORSHIPPER_ALIGNMENT ([DEITY_ID], [MORAL_ALIGNMENT]) VALUES (15, 1028);

INSERT INTO WORSHIPPER_ALIGNMENT ([DEITY_ID], [MORAL_ALIGNMENT]) VALUES (16, 257);
INSERT INTO WORSHIPPER_ALIGNMENT ([DEITY_ID], [MORAL_ALIGNMENT]) VALUES (16, 258);
INSERT INTO WORSHIPPER_ALIGNMENT ([DEITY_ID], [MORAL_ALIGNMENT]) VALUES (16, 260);
INSERT INTO WORSHIPPER_ALIGNMENT ([DEITY_ID], [MORAL_ALIGNMENT]) VALUES (16, 513);
INSERT INTO WORSHIPPER_ALIGNMENT ([DEITY_ID], [MORAL_ALIGNMENT]) VALUES (16, 514);
INSERT INTO WORSHIPPER_ALIGNMENT ([DEITY_ID], [MORAL_ALIGNMENT]) VALUES (16, 516);
INSERT INTO WORSHIPPER_ALIGNMENT ([DEITY_ID], [MORAL_ALIGNMENT]) VALUES (16, 1025);
INSERT INTO WORSHIPPER_ALIGNMENT ([DEITY_ID], [MORAL_ALIGNMENT]) VALUES (16, 1026);
INSERT INTO WORSHIPPER_ALIGNMENT ([DEITY_ID], [MORAL_ALIGNMENT]) VALUES (16, 1028);

INSERT INTO WORSHIPPER_ALIGNMENT ([DEITY_ID], [MORAL_ALIGNMENT]) VALUES (17, 257);
INSERT INTO WORSHIPPER_ALIGNMENT ([DEITY_ID], [MORAL_ALIGNMENT]) VALUES (17, 258);
INSERT INTO WORSHIPPER_ALIGNMENT ([DEITY_ID], [MORAL_ALIGNMENT]) VALUES (17, 260);
INSERT INTO WORSHIPPER_ALIGNMENT ([DEITY_ID], [MORAL_ALIGNMENT]) VALUES (17, 513);
INSERT INTO WORSHIPPER_ALIGNMENT ([DEITY_ID], [MORAL_ALIGNMENT]) VALUES (17, 1025);
INSERT INTO WORSHIPPER_ALIGNMENT ([DEITY_ID], [MORAL_ALIGNMENT]) VALUES (17, 1026);

INSERT INTO WORSHIPPER_ALIGNMENT ([DEITY_ID], [MORAL_ALIGNMENT]) VALUES (18, 257);
INSERT INTO WORSHIPPER_ALIGNMENT ([DEITY_ID], [MORAL_ALIGNMENT]) VALUES (18, 258);
INSERT INTO WORSHIPPER_ALIGNMENT ([DEITY_ID], [MORAL_ALIGNMENT]) VALUES (18, 260);
INSERT INTO WORSHIPPER_ALIGNMENT ([DEITY_ID], [MORAL_ALIGNMENT]) VALUES (18, 513);
INSERT INTO WORSHIPPER_ALIGNMENT ([DEITY_ID], [MORAL_ALIGNMENT]) VALUES (18, 514);
INSERT INTO WORSHIPPER_ALIGNMENT ([DEITY_ID], [MORAL_ALIGNMENT]) VALUES (18, 516);
INSERT INTO WORSHIPPER_ALIGNMENT ([DEITY_ID], [MORAL_ALIGNMENT]) VALUES (18, 1025);
INSERT INTO WORSHIPPER_ALIGNMENT ([DEITY_ID], [MORAL_ALIGNMENT]) VALUES (18, 1026);
INSERT INTO WORSHIPPER_ALIGNMENT ([DEITY_ID], [MORAL_ALIGNMENT]) VALUES (18, 1028);

INSERT INTO WORSHIPPER_ALIGNMENT ([DEITY_ID], [MORAL_ALIGNMENT]) VALUES (19, 258);
INSERT INTO WORSHIPPER_ALIGNMENT ([DEITY_ID], [MORAL_ALIGNMENT]) VALUES (19, 514);
INSERT INTO WORSHIPPER_ALIGNMENT ([DEITY_ID], [MORAL_ALIGNMENT]) VALUES (19, 1026);

INSERT INTO WORSHIPPER_ALIGNMENT ([DEITY_ID], [MORAL_ALIGNMENT]) VALUES (20, 516);
INSERT INTO WORSHIPPER_ALIGNMENT ([DEITY_ID], [MORAL_ALIGNMENT]) VALUES (20, 1026);
INSERT INTO WORSHIPPER_ALIGNMENT ([DEITY_ID], [MORAL_ALIGNMENT]) VALUES (20, 1028);

INSERT INTO WORSHIPPER_ALIGNMENT ([DEITY_ID], [MORAL_ALIGNMENT]) VALUES (21, 257);
INSERT INTO WORSHIPPER_ALIGNMENT ([DEITY_ID], [MORAL_ALIGNMENT]) VALUES (21, 258);
INSERT INTO WORSHIPPER_ALIGNMENT ([DEITY_ID], [MORAL_ALIGNMENT]) VALUES (21, 260);
INSERT INTO WORSHIPPER_ALIGNMENT ([DEITY_ID], [MORAL_ALIGNMENT]) VALUES (21, 513);
INSERT INTO WORSHIPPER_ALIGNMENT ([DEITY_ID], [MORAL_ALIGNMENT]) VALUES (21, 514);
INSERT INTO WORSHIPPER_ALIGNMENT ([DEITY_ID], [MORAL_ALIGNMENT]) VALUES (21, 516);
INSERT INTO WORSHIPPER_ALIGNMENT ([DEITY_ID], [MORAL_ALIGNMENT]) VALUES (21, 1025);
INSERT INTO WORSHIPPER_ALIGNMENT ([DEITY_ID], [MORAL_ALIGNMENT]) VALUES (21, 1026);
INSERT INTO WORSHIPPER_ALIGNMENT ([DEITY_ID], [MORAL_ALIGNMENT]) VALUES (21, 1028);

INSERT INTO WORSHIPPER_ALIGNMENT ([DEITY_ID], [MORAL_ALIGNMENT]) VALUES (22, 513);
INSERT INTO WORSHIPPER_ALIGNMENT ([DEITY_ID], [MORAL_ALIGNMENT]) VALUES (22, 514);
INSERT INTO WORSHIPPER_ALIGNMENT ([DEITY_ID], [MORAL_ALIGNMENT]) VALUES (22, 516);
INSERT INTO WORSHIPPER_ALIGNMENT ([DEITY_ID], [MORAL_ALIGNMENT]) VALUES (22, 1025);
INSERT INTO WORSHIPPER_ALIGNMENT ([DEITY_ID], [MORAL_ALIGNMENT]) VALUES (22, 1026);
INSERT INTO WORSHIPPER_ALIGNMENT ([DEITY_ID], [MORAL_ALIGNMENT]) VALUES (22, 1028);

INSERT INTO WORSHIPPER_ALIGNMENT ([DEITY_ID], [MORAL_ALIGNMENT]) VALUES (23, 257);
INSERT INTO WORSHIPPER_ALIGNMENT ([DEITY_ID], [MORAL_ALIGNMENT]) VALUES (23, 513);
INSERT INTO WORSHIPPER_ALIGNMENT ([DEITY_ID], [MORAL_ALIGNMENT]) VALUES (23, 514);
INSERT INTO WORSHIPPER_ALIGNMENT ([DEITY_ID], [MORAL_ALIGNMENT]) VALUES (23, 1025);

INSERT INTO WORSHIPPER_ALIGNMENT ([DEITY_ID], [MORAL_ALIGNMENT]) VALUES (24, 258);
INSERT INTO WORSHIPPER_ALIGNMENT ([DEITY_ID], [MORAL_ALIGNMENT]) VALUES (24, 260);
INSERT INTO WORSHIPPER_ALIGNMENT ([DEITY_ID], [MORAL_ALIGNMENT]) VALUES (24, 514);
INSERT INTO WORSHIPPER_ALIGNMENT ([DEITY_ID], [MORAL_ALIGNMENT]) VALUES (24, 516);

INSERT INTO WORSHIPPER_ALIGNMENT ([DEITY_ID], [MORAL_ALIGNMENT]) VALUES (25, 516);
INSERT INTO WORSHIPPER_ALIGNMENT ([DEITY_ID], [MORAL_ALIGNMENT]) VALUES (25, 1026);
INSERT INTO WORSHIPPER_ALIGNMENT ([DEITY_ID], [MORAL_ALIGNMENT]) VALUES (25, 1028);

INSERT INTO WORSHIPPER_ALIGNMENT ([DEITY_ID], [MORAL_ALIGNMENT]) VALUES (26, 1025);
INSERT INTO WORSHIPPER_ALIGNMENT ([DEITY_ID], [MORAL_ALIGNMENT]) VALUES (26, 1026);
INSERT INTO WORSHIPPER_ALIGNMENT ([DEITY_ID], [MORAL_ALIGNMENT]) VALUES (26, 1028);

INSERT INTO WORSHIPPER_ALIGNMENT ([DEITY_ID], [MORAL_ALIGNMENT]) VALUES (27, 257);
INSERT INTO WORSHIPPER_ALIGNMENT ([DEITY_ID], [MORAL_ALIGNMENT]) VALUES (27, 258);
INSERT INTO WORSHIPPER_ALIGNMENT ([DEITY_ID], [MORAL_ALIGNMENT]) VALUES (27, 260);
INSERT INTO WORSHIPPER_ALIGNMENT ([DEITY_ID], [MORAL_ALIGNMENT]) VALUES (27, 514);
INSERT INTO WORSHIPPER_ALIGNMENT ([DEITY_ID], [MORAL_ALIGNMENT]) VALUES (27, 1026);

INSERT INTO WORSHIPPER_ALIGNMENT ([DEITY_ID], [MORAL_ALIGNMENT]) VALUES (28, 257);
INSERT INTO WORSHIPPER_ALIGNMENT ([DEITY_ID], [MORAL_ALIGNMENT]) VALUES (28, 258);
INSERT INTO WORSHIPPER_ALIGNMENT ([DEITY_ID], [MORAL_ALIGNMENT]) VALUES (28, 260);
INSERT INTO WORSHIPPER_ALIGNMENT ([DEITY_ID], [MORAL_ALIGNMENT]) VALUES (28, 513);
INSERT INTO WORSHIPPER_ALIGNMENT ([DEITY_ID], [MORAL_ALIGNMENT]) VALUES (28, 514);
INSERT INTO WORSHIPPER_ALIGNMENT ([DEITY_ID], [MORAL_ALIGNMENT]) VALUES (28, 516);
INSERT INTO WORSHIPPER_ALIGNMENT ([DEITY_ID], [MORAL_ALIGNMENT]) VALUES (28, 1025);
INSERT INTO WORSHIPPER_ALIGNMENT ([DEITY_ID], [MORAL_ALIGNMENT]) VALUES (28, 1026);
INSERT INTO WORSHIPPER_ALIGNMENT ([DEITY_ID], [MORAL_ALIGNMENT]) VALUES (28, 1028);

INSERT INTO WORSHIPPER_ALIGNMENT ([DEITY_ID], [MORAL_ALIGNMENT]) VALUES (29, 257);
INSERT INTO WORSHIPPER_ALIGNMENT ([DEITY_ID], [MORAL_ALIGNMENT]) VALUES (29, 258);
INSERT INTO WORSHIPPER_ALIGNMENT ([DEITY_ID], [MORAL_ALIGNMENT]) VALUES (29, 260);
INSERT INTO WORSHIPPER_ALIGNMENT ([DEITY_ID], [MORAL_ALIGNMENT]) VALUES (29, 513);
INSERT INTO WORSHIPPER_ALIGNMENT ([DEITY_ID], [MORAL_ALIGNMENT]) VALUES (29, 514);
INSERT INTO WORSHIPPER_ALIGNMENT ([DEITY_ID], [MORAL_ALIGNMENT]) VALUES (29, 516);
INSERT INTO WORSHIPPER_ALIGNMENT ([DEITY_ID], [MORAL_ALIGNMENT]) VALUES (29, 1025);
INSERT INTO WORSHIPPER_ALIGNMENT ([DEITY_ID], [MORAL_ALIGNMENT]) VALUES (29, 1026);
INSERT INTO WORSHIPPER_ALIGNMENT ([DEITY_ID], [MORAL_ALIGNMENT]) VALUES (29, 1028);

INSERT INTO WORSHIPPER_ALIGNMENT ([DEITY_ID], [MORAL_ALIGNMENT]) VALUES (30, 513);
INSERT INTO WORSHIPPER_ALIGNMENT ([DEITY_ID], [MORAL_ALIGNMENT]) VALUES (30, 1025);
INSERT INTO WORSHIPPER_ALIGNMENT ([DEITY_ID], [MORAL_ALIGNMENT]) VALUES (30, 1026);

INSERT INTO WORSHIPPER_ALIGNMENT ([DEITY_ID], [MORAL_ALIGNMENT]) VALUES (31, 258);
INSERT INTO WORSHIPPER_ALIGNMENT ([DEITY_ID], [MORAL_ALIGNMENT]) VALUES (31, 260);
INSERT INTO WORSHIPPER_ALIGNMENT ([DEITY_ID], [MORAL_ALIGNMENT]) VALUES (31, 516);

INSERT INTO WORSHIPPER_ALIGNMENT ([DEITY_ID], [MORAL_ALIGNMENT]) VALUES (32, 1028);

INSERT INTO WORSHIPPER_ALIGNMENT ([DEITY_ID], [MORAL_ALIGNMENT]) VALUES (33, 257);
INSERT INTO WORSHIPPER_ALIGNMENT ([DEITY_ID], [MORAL_ALIGNMENT]) VALUES (33, 258);
INSERT INTO WORSHIPPER_ALIGNMENT ([DEITY_ID], [MORAL_ALIGNMENT]) VALUES (33, 260);
INSERT INTO WORSHIPPER_ALIGNMENT ([DEITY_ID], [MORAL_ALIGNMENT]) VALUES (33, 513);
INSERT INTO WORSHIPPER_ALIGNMENT ([DEITY_ID], [MORAL_ALIGNMENT]) VALUES (33, 514);
INSERT INTO WORSHIPPER_ALIGNMENT ([DEITY_ID], [MORAL_ALIGNMENT]) VALUES (33, 516);

INSERT INTO WORSHIPPER_ALIGNMENT ([DEITY_ID], [MORAL_ALIGNMENT]) VALUES (34, 1025);
INSERT INTO WORSHIPPER_ALIGNMENT ([DEITY_ID], [MORAL_ALIGNMENT]) VALUES (34, 1026);
INSERT INTO WORSHIPPER_ALIGNMENT ([DEITY_ID], [MORAL_ALIGNMENT]) VALUES (34, 1028);

INSERT INTO WORSHIPPER_ALIGNMENT ([DEITY_ID], [MORAL_ALIGNMENT]) VALUES (35, 258);
INSERT INTO WORSHIPPER_ALIGNMENT ([DEITY_ID], [MORAL_ALIGNMENT]) VALUES (35, 260);
INSERT INTO WORSHIPPER_ALIGNMENT ([DEITY_ID], [MORAL_ALIGNMENT]) VALUES (35, 514);
INSERT INTO WORSHIPPER_ALIGNMENT ([DEITY_ID], [MORAL_ALIGNMENT]) VALUES (35, 516);
INSERT INTO WORSHIPPER_ALIGNMENT ([DEITY_ID], [MORAL_ALIGNMENT]) VALUES (35, 1026);
INSERT INTO WORSHIPPER_ALIGNMENT ([DEITY_ID], [MORAL_ALIGNMENT]) VALUES (35, 1028);

INSERT INTO WORSHIPPER_ALIGNMENT ([DEITY_ID], [MORAL_ALIGNMENT]) VALUES (36, 258);
INSERT INTO WORSHIPPER_ALIGNMENT ([DEITY_ID], [MORAL_ALIGNMENT]) VALUES (36, 514);
INSERT INTO WORSHIPPER_ALIGNMENT ([DEITY_ID], [MORAL_ALIGNMENT]) VALUES (36, 1025);
INSERT INTO WORSHIPPER_ALIGNMENT ([DEITY_ID], [MORAL_ALIGNMENT]) VALUES (36, 1026);
INSERT INTO WORSHIPPER_ALIGNMENT ([DEITY_ID], [MORAL_ALIGNMENT]) VALUES (36, 1028);

INSERT INTO WORSHIPPER_ALIGNMENT ([DEITY_ID], [MORAL_ALIGNMENT]) VALUES (37, 260);
INSERT INTO WORSHIPPER_ALIGNMENT ([DEITY_ID], [MORAL_ALIGNMENT]) VALUES (37, 516);
INSERT INTO WORSHIPPER_ALIGNMENT ([DEITY_ID], [MORAL_ALIGNMENT]) VALUES (37, 1028);

INSERT INTO WORSHIPPER_ALIGNMENT ([DEITY_ID], [MORAL_ALIGNMENT]) VALUES (38, 257);
INSERT INTO WORSHIPPER_ALIGNMENT ([DEITY_ID], [MORAL_ALIGNMENT]) VALUES (38, 258);
INSERT INTO WORSHIPPER_ALIGNMENT ([DEITY_ID], [MORAL_ALIGNMENT]) VALUES (38, 260);
INSERT INTO WORSHIPPER_ALIGNMENT ([DEITY_ID], [MORAL_ALIGNMENT]) VALUES (38, 513);
INSERT INTO WORSHIPPER_ALIGNMENT ([DEITY_ID], [MORAL_ALIGNMENT]) VALUES (38, 514);
INSERT INTO WORSHIPPER_ALIGNMENT ([DEITY_ID], [MORAL_ALIGNMENT]) VALUES (38, 516);
INSERT INTO WORSHIPPER_ALIGNMENT ([DEITY_ID], [MORAL_ALIGNMENT]) VALUES (38, 1025);
INSERT INTO WORSHIPPER_ALIGNMENT ([DEITY_ID], [MORAL_ALIGNMENT]) VALUES (38, 1026);
INSERT INTO WORSHIPPER_ALIGNMENT ([DEITY_ID], [MORAL_ALIGNMENT]) VALUES (38, 1028);

INSERT INTO WORSHIPPER_ALIGNMENT ([DEITY_ID], [MORAL_ALIGNMENT]) VALUES (43, 258);
INSERT INTO WORSHIPPER_ALIGNMENT ([DEITY_ID], [MORAL_ALIGNMENT]) VALUES (43, 260);
INSERT INTO WORSHIPPER_ALIGNMENT ([DEITY_ID], [MORAL_ALIGNMENT]) VALUES (43, 514);
INSERT INTO WORSHIPPER_ALIGNMENT ([DEITY_ID], [MORAL_ALIGNMENT]) VALUES (43, 516);
INSERT INTO WORSHIPPER_ALIGNMENT ([DEITY_ID], [MORAL_ALIGNMENT]) VALUES (43, 1026);
INSERT INTO WORSHIPPER_ALIGNMENT ([DEITY_ID], [MORAL_ALIGNMENT]) VALUES (43, 1028);

INSERT INTO WORSHIPPER_ALIGNMENT ([DEITY_ID], [MORAL_ALIGNMENT]) VALUES (44, 258);
INSERT INTO WORSHIPPER_ALIGNMENT ([DEITY_ID], [MORAL_ALIGNMENT]) VALUES (44, 260);
INSERT INTO WORSHIPPER_ALIGNMENT ([DEITY_ID], [MORAL_ALIGNMENT]) VALUES (44, 516);

INSERT INTO WORSHIPPER_ALIGNMENT ([DEITY_ID], [MORAL_ALIGNMENT]) VALUES (47, 258);
INSERT INTO WORSHIPPER_ALIGNMENT ([DEITY_ID], [MORAL_ALIGNMENT]) VALUES (47, 260);
INSERT INTO WORSHIPPER_ALIGNMENT ([DEITY_ID], [MORAL_ALIGNMENT]) VALUES (47, 514);
INSERT INTO WORSHIPPER_ALIGNMENT ([DEITY_ID], [MORAL_ALIGNMENT]) VALUES (47, 516);
INSERT INTO WORSHIPPER_ALIGNMENT ([DEITY_ID], [MORAL_ALIGNMENT]) VALUES (47, 1028);

INSERT INTO WORSHIPPER_ALIGNMENT ([DEITY_ID], [MORAL_ALIGNMENT]) VALUES (52, 513);
INSERT INTO WORSHIPPER_ALIGNMENT ([DEITY_ID], [MORAL_ALIGNMENT]) VALUES (52, 514);
INSERT INTO WORSHIPPER_ALIGNMENT ([DEITY_ID], [MORAL_ALIGNMENT]) VALUES (52, 1025);
INSERT INTO WORSHIPPER_ALIGNMENT ([DEITY_ID], [MORAL_ALIGNMENT]) VALUES (52, 1026);

INSERT INTO WORSHIPPER_ALIGNMENT ([DEITY_ID], [MORAL_ALIGNMENT]) VALUES (53, 1025);
INSERT INTO WORSHIPPER_ALIGNMENT ([DEITY_ID], [MORAL_ALIGNMENT]) VALUES (53, 1026);
INSERT INTO WORSHIPPER_ALIGNMENT ([DEITY_ID], [MORAL_ALIGNMENT]) VALUES (53, 1028);

INSERT INTO WORSHIPPER_ALIGNMENT ([DEITY_ID], [MORAL_ALIGNMENT]) VALUES (69, 513);
INSERT INTO WORSHIPPER_ALIGNMENT ([DEITY_ID], [MORAL_ALIGNMENT]) VALUES (69, 514);
INSERT INTO WORSHIPPER_ALIGNMENT ([DEITY_ID], [MORAL_ALIGNMENT]) VALUES (69, 516);
INSERT INTO WORSHIPPER_ALIGNMENT ([DEITY_ID], [MORAL_ALIGNMENT]) VALUES (69, 1025);
INSERT INTO WORSHIPPER_ALIGNMENT ([DEITY_ID], [MORAL_ALIGNMENT]) VALUES (69, 1026);
INSERT INTO WORSHIPPER_ALIGNMENT ([DEITY_ID], [MORAL_ALIGNMENT]) VALUES (69, 1028);

INSERT INTO WORSHIPPER_ALIGNMENT ([DEITY_ID], [MORAL_ALIGNMENT]) VALUES (70, 258);
INSERT INTO WORSHIPPER_ALIGNMENT ([DEITY_ID], [MORAL_ALIGNMENT]) VALUES (70, 513);
INSERT INTO WORSHIPPER_ALIGNMENT ([DEITY_ID], [MORAL_ALIGNMENT]) VALUES (70, 514);
INSERT INTO WORSHIPPER_ALIGNMENT ([DEITY_ID], [MORAL_ALIGNMENT]) VALUES (70, 516);
INSERT INTO WORSHIPPER_ALIGNMENT ([DEITY_ID], [MORAL_ALIGNMENT]) VALUES (70, 1026);

INSERT INTO WORSHIPPER_ALIGNMENT ([DEITY_ID], [MORAL_ALIGNMENT]) VALUES (71, 258);
INSERT INTO WORSHIPPER_ALIGNMENT ([DEITY_ID], [MORAL_ALIGNMENT]) VALUES (71, 513);
INSERT INTO WORSHIPPER_ALIGNMENT ([DEITY_ID], [MORAL_ALIGNMENT]) VALUES (71, 514);
INSERT INTO WORSHIPPER_ALIGNMENT ([DEITY_ID], [MORAL_ALIGNMENT]) VALUES (71, 516);
INSERT INTO WORSHIPPER_ALIGNMENT ([DEITY_ID], [MORAL_ALIGNMENT]) VALUES (71, 1026);

INSERT INTO WORSHIPPER_ALIGNMENT ([DEITY_ID], [MORAL_ALIGNMENT]) VALUES (72, 257);
INSERT INTO WORSHIPPER_ALIGNMENT ([DEITY_ID], [MORAL_ALIGNMENT]) VALUES (72, 258);
INSERT INTO WORSHIPPER_ALIGNMENT ([DEITY_ID], [MORAL_ALIGNMENT]) VALUES (72, 260);
INSERT INTO WORSHIPPER_ALIGNMENT ([DEITY_ID], [MORAL_ALIGNMENT]) VALUES (72, 513);
INSERT INTO WORSHIPPER_ALIGNMENT ([DEITY_ID], [MORAL_ALIGNMENT]) VALUES (72, 514);
INSERT INTO WORSHIPPER_ALIGNMENT ([DEITY_ID], [MORAL_ALIGNMENT]) VALUES (72, 516);
INSERT INTO WORSHIPPER_ALIGNMENT ([DEITY_ID], [MORAL_ALIGNMENT]) VALUES (72, 1026);

INSERT INTO WORSHIPPER_ALIGNMENT ([DEITY_ID], [MORAL_ALIGNMENT]) VALUES (74, 513);
INSERT INTO WORSHIPPER_ALIGNMENT ([DEITY_ID], [MORAL_ALIGNMENT]) VALUES (74, 514);
INSERT INTO WORSHIPPER_ALIGNMENT ([DEITY_ID], [MORAL_ALIGNMENT]) VALUES (74, 1025);
INSERT INTO WORSHIPPER_ALIGNMENT ([DEITY_ID], [MORAL_ALIGNMENT]) VALUES (74, 1026);

INSERT INTO WORSHIPPER_ALIGNMENT ([DEITY_ID], [MORAL_ALIGNMENT]) VALUES (75, 513);
INSERT INTO WORSHIPPER_ALIGNMENT ([DEITY_ID], [MORAL_ALIGNMENT]) VALUES (75, 1025);
INSERT INTO WORSHIPPER_ALIGNMENT ([DEITY_ID], [MORAL_ALIGNMENT]) VALUES (75, 1026);

-- INSERT INTO WORSHIPPER_ALIGNMENT ([DEITY_ID], [MORAL_ALIGNMENT]) VALUES (76, 257);
-- INSERT INTO WORSHIPPER_ALIGNMENT ([DEITY_ID], [MORAL_ALIGNMENT]) VALUES (76, 258);
-- INSERT INTO WORSHIPPER_ALIGNMENT ([DEITY_ID], [MORAL_ALIGNMENT]) VALUES (76, 260);
-- INSERT INTO WORSHIPPER_ALIGNMENT ([DEITY_ID], [MORAL_ALIGNMENT]) VALUES (76, 513);
-- INSERT INTO WORSHIPPER_ALIGNMENT ([DEITY_ID], [MORAL_ALIGNMENT]) VALUES (76, 514);
-- INSERT INTO WORSHIPPER_ALIGNMENT ([DEITY_ID], [MORAL_ALIGNMENT]) VALUES (76, 516);
-- INSERT INTO WORSHIPPER_ALIGNMENT ([DEITY_ID], [MORAL_ALIGNMENT]) VALUES (76, 1025);
-- INSERT INTO WORSHIPPER_ALIGNMENT ([DEITY_ID], [MORAL_ALIGNMENT]) VALUES (76, 1026);
-- INSERT INTO WORSHIPPER_ALIGNMENT ([DEITY_ID], [MORAL_ALIGNMENT]) VALUES (76, 1028);

INSERT INTO WORSHIPPER_ALIGNMENT ([DEITY_ID], [MORAL_ALIGNMENT]) VALUES (77, 1025);
INSERT INTO WORSHIPPER_ALIGNMENT ([DEITY_ID], [MORAL_ALIGNMENT]) VALUES (77, 1026);
INSERT INTO WORSHIPPER_ALIGNMENT ([DEITY_ID], [MORAL_ALIGNMENT]) VALUES (77, 1028);

INSERT INTO WORSHIPPER_ALIGNMENT ([DEITY_ID], [MORAL_ALIGNMENT]) VALUES (78, 513);
INSERT INTO WORSHIPPER_ALIGNMENT ([DEITY_ID], [MORAL_ALIGNMENT]) VALUES (78, 1025);
INSERT INTO WORSHIPPER_ALIGNMENT ([DEITY_ID], [MORAL_ALIGNMENT]) VALUES (78, 1026);

INSERT INTO WORSHIPPER_ALIGNMENT ([DEITY_ID], [MORAL_ALIGNMENT]) VALUES (79, 257);
INSERT INTO WORSHIPPER_ALIGNMENT ([DEITY_ID], [MORAL_ALIGNMENT]) VALUES (79, 258);
INSERT INTO WORSHIPPER_ALIGNMENT ([DEITY_ID], [MORAL_ALIGNMENT]) VALUES (79, 260);
INSERT INTO WORSHIPPER_ALIGNMENT ([DEITY_ID], [MORAL_ALIGNMENT]) VALUES (79, 513);
INSERT INTO WORSHIPPER_ALIGNMENT ([DEITY_ID], [MORAL_ALIGNMENT]) VALUES (79, 514);
INSERT INTO WORSHIPPER_ALIGNMENT ([DEITY_ID], [MORAL_ALIGNMENT]) VALUES (79, 516);

INSERT INTO WORSHIPPER_ALIGNMENT ([DEITY_ID], [MORAL_ALIGNMENT]) VALUES (80, 513);
INSERT INTO WORSHIPPER_ALIGNMENT ([DEITY_ID], [MORAL_ALIGNMENT]) VALUES (80, 1025);
INSERT INTO WORSHIPPER_ALIGNMENT ([DEITY_ID], [MORAL_ALIGNMENT]) VALUES (80, 1026);

INSERT INTO WORSHIPPER_ALIGNMENT ([DEITY_ID], [MORAL_ALIGNMENT]) VALUES (81, 513);
INSERT INTO WORSHIPPER_ALIGNMENT ([DEITY_ID], [MORAL_ALIGNMENT]) VALUES (81, 1025);
INSERT INTO WORSHIPPER_ALIGNMENT ([DEITY_ID], [MORAL_ALIGNMENT]) VALUES (81, 1026);

INSERT INTO WORSHIPPER_ALIGNMENT ([DEITY_ID], [MORAL_ALIGNMENT]) VALUES (82, 513);
INSERT INTO WORSHIPPER_ALIGNMENT ([DEITY_ID], [MORAL_ALIGNMENT]) VALUES (82, 1025);
INSERT INTO WORSHIPPER_ALIGNMENT ([DEITY_ID], [MORAL_ALIGNMENT]) VALUES (82, 1026);

INSERT INTO WORSHIPPER_ALIGNMENT ([DEITY_ID], [MORAL_ALIGNMENT]) VALUES (83, 260);
INSERT INTO WORSHIPPER_ALIGNMENT ([DEITY_ID], [MORAL_ALIGNMENT]) VALUES (83, 516);
INSERT INTO WORSHIPPER_ALIGNMENT ([DEITY_ID], [MORAL_ALIGNMENT]) VALUES (83, 1026);
INSERT INTO WORSHIPPER_ALIGNMENT ([DEITY_ID], [MORAL_ALIGNMENT]) VALUES (83, 1028);

INSERT INTO WORSHIPPER_ALIGNMENT ([DEITY_ID], [MORAL_ALIGNMENT]) VALUES (84, 257);
INSERT INTO WORSHIPPER_ALIGNMENT ([DEITY_ID], [MORAL_ALIGNMENT]) VALUES (84, 258);
INSERT INTO WORSHIPPER_ALIGNMENT ([DEITY_ID], [MORAL_ALIGNMENT]) VALUES (84, 260);
INSERT INTO WORSHIPPER_ALIGNMENT ([DEITY_ID], [MORAL_ALIGNMENT]) VALUES (84, 513);
INSERT INTO WORSHIPPER_ALIGNMENT ([DEITY_ID], [MORAL_ALIGNMENT]) VALUES (84, 514);
INSERT INTO WORSHIPPER_ALIGNMENT ([DEITY_ID], [MORAL_ALIGNMENT]) VALUES (84, 516);
INSERT INTO WORSHIPPER_ALIGNMENT ([DEITY_ID], [MORAL_ALIGNMENT]) VALUES (84, 1025);
INSERT INTO WORSHIPPER_ALIGNMENT ([DEITY_ID], [MORAL_ALIGNMENT]) VALUES (84, 1026);
INSERT INTO WORSHIPPER_ALIGNMENT ([DEITY_ID], [MORAL_ALIGNMENT]) VALUES (84, 1028);

INSERT INTO WORSHIPPER_ALIGNMENT ([DEITY_ID], [MORAL_ALIGNMENT]) VALUES (85, 257);

INSERT INTO WORSHIPPER_ALIGNMENT ([DEITY_ID], [MORAL_ALIGNMENT]) VALUES (86, 513);
INSERT INTO WORSHIPPER_ALIGNMENT ([DEITY_ID], [MORAL_ALIGNMENT]) VALUES (86, 514);
INSERT INTO WORSHIPPER_ALIGNMENT ([DEITY_ID], [MORAL_ALIGNMENT]) VALUES (86, 1025);
INSERT INTO WORSHIPPER_ALIGNMENT ([DEITY_ID], [MORAL_ALIGNMENT]) VALUES (86, 1026);

INSERT INTO WORSHIPPER_ALIGNMENT ([DEITY_ID], [MORAL_ALIGNMENT]) VALUES (87, 258);
INSERT INTO WORSHIPPER_ALIGNMENT ([DEITY_ID], [MORAL_ALIGNMENT]) VALUES (87, 513);
INSERT INTO WORSHIPPER_ALIGNMENT ([DEITY_ID], [MORAL_ALIGNMENT]) VALUES (87, 514);
INSERT INTO WORSHIPPER_ALIGNMENT ([DEITY_ID], [MORAL_ALIGNMENT]) VALUES (87, 516);
INSERT INTO WORSHIPPER_ALIGNMENT ([DEITY_ID], [MORAL_ALIGNMENT]) VALUES (87, 1026);

INSERT INTO WORSHIPPER_ALIGNMENT ([DEITY_ID], [MORAL_ALIGNMENT]) VALUES (88, 257);
INSERT INTO WORSHIPPER_ALIGNMENT ([DEITY_ID], [MORAL_ALIGNMENT]) VALUES (88, 258);
INSERT INTO WORSHIPPER_ALIGNMENT ([DEITY_ID], [MORAL_ALIGNMENT]) VALUES (88, 513);
INSERT INTO WORSHIPPER_ALIGNMENT ([DEITY_ID], [MORAL_ALIGNMENT]) VALUES (88, 514);
INSERT INTO WORSHIPPER_ALIGNMENT ([DEITY_ID], [MORAL_ALIGNMENT]) VALUES (88, 1025);

INSERT INTO WORSHIPPER_ALIGNMENT ([DEITY_ID], [MORAL_ALIGNMENT]) VALUES (89, 513);
INSERT INTO WORSHIPPER_ALIGNMENT ([DEITY_ID], [MORAL_ALIGNMENT]) VALUES (89, 514);
INSERT INTO WORSHIPPER_ALIGNMENT ([DEITY_ID], [MORAL_ALIGNMENT]) VALUES (89, 1025);
INSERT INTO WORSHIPPER_ALIGNMENT ([DEITY_ID], [MORAL_ALIGNMENT]) VALUES (89, 1026);

INSERT INTO WORSHIPPER_ALIGNMENT ([DEITY_ID], [MORAL_ALIGNMENT]) VALUES (90, 257);
INSERT INTO WORSHIPPER_ALIGNMENT ([DEITY_ID], [MORAL_ALIGNMENT]) VALUES (90, 513);
INSERT INTO WORSHIPPER_ALIGNMENT ([DEITY_ID], [MORAL_ALIGNMENT]) VALUES (90, 1025);

INSERT INTO WORSHIPPER_ALIGNMENT ([DEITY_ID], [MORAL_ALIGNMENT]) VALUES (91, 257);
INSERT INTO WORSHIPPER_ALIGNMENT ([DEITY_ID], [MORAL_ALIGNMENT]) VALUES (91, 513);
INSERT INTO WORSHIPPER_ALIGNMENT ([DEITY_ID], [MORAL_ALIGNMENT]) VALUES (91, 1025);

INSERT INTO WORSHIPPER_ALIGNMENT ([DEITY_ID], [MORAL_ALIGNMENT]) VALUES (92, 258);
INSERT INTO WORSHIPPER_ALIGNMENT ([DEITY_ID], [MORAL_ALIGNMENT]) VALUES (92, 513);
INSERT INTO WORSHIPPER_ALIGNMENT ([DEITY_ID], [MORAL_ALIGNMENT]) VALUES (92, 514);
INSERT INTO WORSHIPPER_ALIGNMENT ([DEITY_ID], [MORAL_ALIGNMENT]) VALUES (92, 516);
INSERT INTO WORSHIPPER_ALIGNMENT ([DEITY_ID], [MORAL_ALIGNMENT]) VALUES (92, 1026);

INSERT INTO WORSHIPPER_ALIGNMENT ([DEITY_ID], [MORAL_ALIGNMENT]) VALUES (93, 257);
INSERT INTO WORSHIPPER_ALIGNMENT ([DEITY_ID], [MORAL_ALIGNMENT]) VALUES (93, 258);
INSERT INTO WORSHIPPER_ALIGNMENT ([DEITY_ID], [MORAL_ALIGNMENT]) VALUES (93, 513);

INSERT INTO WORSHIPPER_ALIGNMENT ([DEITY_ID], [MORAL_ALIGNMENT]) VALUES (94, 257);
INSERT INTO WORSHIPPER_ALIGNMENT ([DEITY_ID], [MORAL_ALIGNMENT]) VALUES (94, 258);
INSERT INTO WORSHIPPER_ALIGNMENT ([DEITY_ID], [MORAL_ALIGNMENT]) VALUES (94, 513);

INSERT INTO WORSHIPPER_ALIGNMENT ([DEITY_ID], [MORAL_ALIGNMENT]) VALUES (95, 513);
INSERT INTO WORSHIPPER_ALIGNMENT ([DEITY_ID], [MORAL_ALIGNMENT]) VALUES (95, 1025);

INSERT INTO WORSHIPPER_ALIGNMENT ([DEITY_ID], [MORAL_ALIGNMENT]) VALUES (96, 257);
INSERT INTO WORSHIPPER_ALIGNMENT ([DEITY_ID], [MORAL_ALIGNMENT]) VALUES (96, 258);
INSERT INTO WORSHIPPER_ALIGNMENT ([DEITY_ID], [MORAL_ALIGNMENT]) VALUES (96, 513);
INSERT INTO WORSHIPPER_ALIGNMENT ([DEITY_ID], [MORAL_ALIGNMENT]) VALUES (96, 1025);

INSERT INTO WORSHIPPER_ALIGNMENT ([DEITY_ID], [MORAL_ALIGNMENT]) VALUES (97, 258);
INSERT INTO WORSHIPPER_ALIGNMENT ([DEITY_ID], [MORAL_ALIGNMENT]) VALUES (97, 513);
INSERT INTO WORSHIPPER_ALIGNMENT ([DEITY_ID], [MORAL_ALIGNMENT]) VALUES (97, 514);
INSERT INTO WORSHIPPER_ALIGNMENT ([DEITY_ID], [MORAL_ALIGNMENT]) VALUES (97, 516);
INSERT INTO WORSHIPPER_ALIGNMENT ([DEITY_ID], [MORAL_ALIGNMENT]) VALUES (97, 1026);

INSERT INTO WORSHIPPER_ALIGNMENT ([DEITY_ID], [MORAL_ALIGNMENT]) VALUES (98, 257);
INSERT INTO WORSHIPPER_ALIGNMENT ([DEITY_ID], [MORAL_ALIGNMENT]) VALUES (98, 258);
INSERT INTO WORSHIPPER_ALIGNMENT ([DEITY_ID], [MORAL_ALIGNMENT]) VALUES (98, 260);

INSERT INTO WORSHIPPER_ALIGNMENT ([DEITY_ID], [MORAL_ALIGNMENT]) VALUES (100, 257);
INSERT INTO WORSHIPPER_ALIGNMENT ([DEITY_ID], [MORAL_ALIGNMENT]) VALUES (100, 258);
INSERT INTO WORSHIPPER_ALIGNMENT ([DEITY_ID], [MORAL_ALIGNMENT]) VALUES (100, 513);

INSERT INTO WORSHIPPER_ALIGNMENT ([DEITY_ID], [MORAL_ALIGNMENT]) VALUES (101, 257);
INSERT INTO WORSHIPPER_ALIGNMENT ([DEITY_ID], [MORAL_ALIGNMENT]) VALUES (101, 513);
INSERT INTO WORSHIPPER_ALIGNMENT ([DEITY_ID], [MORAL_ALIGNMENT]) VALUES (101, 1025);

INSERT INTO WORSHIPPER_ALIGNMENT ([DEITY_ID], [MORAL_ALIGNMENT]) VALUES (102, 257);
INSERT INTO WORSHIPPER_ALIGNMENT ([DEITY_ID], [MORAL_ALIGNMENT]) VALUES (102, 513);
INSERT INTO WORSHIPPER_ALIGNMENT ([DEITY_ID], [MORAL_ALIGNMENT]) VALUES (102, 1025);

INSERT INTO WORSHIPPER_ALIGNMENT ([DEITY_ID], [MORAL_ALIGNMENT]) VALUES (103, 257);
INSERT INTO WORSHIPPER_ALIGNMENT ([DEITY_ID], [MORAL_ALIGNMENT]) VALUES (103, 513);
INSERT INTO WORSHIPPER_ALIGNMENT ([DEITY_ID], [MORAL_ALIGNMENT]) VALUES (103, 1025);

INSERT INTO WORSHIPPER_ALIGNMENT ([DEITY_ID], [MORAL_ALIGNMENT]) VALUES (104, 257);
INSERT INTO WORSHIPPER_ALIGNMENT ([DEITY_ID], [MORAL_ALIGNMENT]) VALUES (104, 258);
INSERT INTO WORSHIPPER_ALIGNMENT ([DEITY_ID], [MORAL_ALIGNMENT]) VALUES (104, 513);

INSERT INTO WORSHIPPER_ALIGNMENT ([DEITY_ID], [MORAL_ALIGNMENT]) VALUES (105, 257);
INSERT INTO WORSHIPPER_ALIGNMENT ([DEITY_ID], [MORAL_ALIGNMENT]) VALUES (105, 513);
INSERT INTO WORSHIPPER_ALIGNMENT ([DEITY_ID], [MORAL_ALIGNMENT]) VALUES (105, 1025);

INSERT INTO WORSHIPPER_ALIGNMENT ([DEITY_ID], [MORAL_ALIGNMENT]) VALUES (106, 516);
INSERT INTO WORSHIPPER_ALIGNMENT ([DEITY_ID], [MORAL_ALIGNMENT]) VALUES (106, 1026);
INSERT INTO WORSHIPPER_ALIGNMENT ([DEITY_ID], [MORAL_ALIGNMENT]) VALUES (106, 1028);

INSERT INTO WORSHIPPER_ALIGNMENT ([DEITY_ID], [MORAL_ALIGNMENT]) VALUES (108, 1025);

INSERT INTO WORSHIPPER_ALIGNMENT ([DEITY_ID], [MORAL_ALIGNMENT]) VALUES (109, 1025);

INSERT INTO WORSHIPPER_ALIGNMENT ([DEITY_ID], [MORAL_ALIGNMENT]) VALUES (110, 1025);

INSERT INTO WORSHIPPER_ALIGNMENT ([DEITY_ID], [MORAL_ALIGNMENT]) VALUES (111, 1025);

INSERT INTO WORSHIPPER_ALIGNMENT ([DEITY_ID], [MORAL_ALIGNMENT]) VALUES (112, 1025);
INSERT INTO WORSHIPPER_ALIGNMENT ([DEITY_ID], [MORAL_ALIGNMENT]) VALUES (112, 1026);
INSERT INTO WORSHIPPER_ALIGNMENT ([DEITY_ID], [MORAL_ALIGNMENT]) VALUES (112, 1028);

INSERT INTO WORSHIPPER_ALIGNMENT ([DEITY_ID], [MORAL_ALIGNMENT]) VALUES (113, 1025);
INSERT INTO WORSHIPPER_ALIGNMENT ([DEITY_ID], [MORAL_ALIGNMENT]) VALUES (113, 1026);
INSERT INTO WORSHIPPER_ALIGNMENT ([DEITY_ID], [MORAL_ALIGNMENT]) VALUES (113, 1028);

COMMIT TRANSACTION;

-----------------------------------------------------------------------------------------------------------

BEGIN TRANSACTION;

-- Bane
INSERT INTO DEITY_SPHERE_OF_INFLUENCE ([DEITY_ID], [SPHERE_ID], [ACCESS_LEVEL], [MODE]) VALUES (0, 0, NULL, NULL);		--All
INSERT INTO DEITY_SPHERE_OF_INFLUENCE ([DEITY_ID], [SPHERE_ID], [ACCESS_LEVEL], [MODE]) VALUES (0, 4, NULL, NULL);		--Combat
INSERT INTO DEITY_SPHERE_OF_INFLUENCE ([DEITY_ID], [SPHERE_ID], [ACCESS_LEVEL], [MODE]) VALUES (0, 5,    1, NULL);		--Creation
INSERT INTO DEITY_SPHERE_OF_INFLUENCE ([DEITY_ID], [SPHERE_ID], [ACCESS_LEVEL], [MODE]) VALUES (0, 6, NULL, NULL);		--Divination
INSERT INTO DEITY_SPHERE_OF_INFLUENCE ([DEITY_ID], [SPHERE_ID], [ACCESS_LEVEL], [MODE]) VALUES (0, 7, NULL, NULL);		--Elemental
INSERT INTO DEITY_SPHERE_OF_INFLUENCE ([DEITY_ID], [SPHERE_ID], [ACCESS_LEVEL], [MODE]) VALUES (0, 8, NULL, NULL);		--Guardian
INSERT INTO DEITY_SPHERE_OF_INFLUENCE ([DEITY_ID], [SPHERE_ID], [ACCESS_LEVEL], [MODE]) VALUES (0, 9, NULL, NULL);		--Healing
INSERT INTO DEITY_SPHERE_OF_INFLUENCE ([DEITY_ID], [SPHERE_ID], [ACCESS_LEVEL], [MODE]) VALUES (0, 10, NULL, NULL);		--Law
INSERT INTO DEITY_SPHERE_OF_INFLUENCE ([DEITY_ID], [SPHERE_ID], [ACCESS_LEVEL], [MODE]) VALUES (0, 11, NULL, NULL);		--Necromantic
INSERT INTO DEITY_SPHERE_OF_INFLUENCE ([DEITY_ID], [SPHERE_ID], [ACCESS_LEVEL], [MODE]) VALUES (0, 12,    1, NULL);		--Numbers
INSERT INTO DEITY_SPHERE_OF_INFLUENCE ([DEITY_ID], [SPHERE_ID], [ACCESS_LEVEL], [MODE]) VALUES (0, 15, NULL, NULL);		--Summoning
INSERT INTO DEITY_SPHERE_OF_INFLUENCE ([DEITY_ID], [SPHERE_ID], [ACCESS_LEVEL], [MODE]) VALUES (0, 18,    1,    1);		--Sun
INSERT INTO DEITY_SPHERE_OF_INFLUENCE ([DEITY_ID], [SPHERE_ID], [ACCESS_LEVEL], [MODE]) VALUES (0, 19, NULL, NULL);		--War

-- Lathander
INSERT INTO DEITY_SPHERE_OF_INFLUENCE ([DEITY_ID], [SPHERE_ID], [ACCESS_LEVEL], [MODE]) VALUES (1, 0,  NULL, NULL);	--All
INSERT INTO DEITY_SPHERE_OF_INFLUENCE ([DEITY_ID], [SPHERE_ID], [ACCESS_LEVEL], [MODE]) VALUES (1, 2,  NULL, NULL);	--Astral
INSERT INTO DEITY_SPHERE_OF_INFLUENCE ([DEITY_ID], [SPHERE_ID], [ACCESS_LEVEL], [MODE]) VALUES (1, 3,  NULL, NULL);	--Charm
INSERT INTO DEITY_SPHERE_OF_INFLUENCE ([DEITY_ID], [SPHERE_ID], [ACCESS_LEVEL], [MODE]) VALUES (1, 4,     1, NULL);	--Combat
INSERT INTO DEITY_SPHERE_OF_INFLUENCE ([DEITY_ID], [SPHERE_ID], [ACCESS_LEVEL], [MODE]) VALUES (1, 5,  NULL, NULL);	--Creation
INSERT INTO DEITY_SPHERE_OF_INFLUENCE ([DEITY_ID], [SPHERE_ID], [ACCESS_LEVEL], [MODE]) VALUES (1, 6,     1, NULL);	--Divination
INSERT INTO DEITY_SPHERE_OF_INFLUENCE ([DEITY_ID], [SPHERE_ID], [ACCESS_LEVEL], [MODE]) VALUES (1, 7,  NULL, NULL);	--Elemental
INSERT INTO DEITY_SPHERE_OF_INFLUENCE ([DEITY_ID], [SPHERE_ID], [ACCESS_LEVEL], [MODE]) VALUES (1, 8,     1, NULL);	--Guardian
INSERT INTO DEITY_SPHERE_OF_INFLUENCE ([DEITY_ID], [SPHERE_ID], [ACCESS_LEVEL], [MODE]) VALUES (1, 9,  NULL, NULL);	--Healing
INSERT INTO DEITY_SPHERE_OF_INFLUENCE ([DEITY_ID], [SPHERE_ID], [ACCESS_LEVEL], [MODE]) VALUES (1, 11, NULL, NULL);	--Necromantic
INSERT INTO DEITY_SPHERE_OF_INFLUENCE ([DEITY_ID], [SPHERE_ID], [ACCESS_LEVEL], [MODE]) VALUES (1, 13, NULL, NULL);	--Plant
INSERT INTO DEITY_SPHERE_OF_INFLUENCE ([DEITY_ID], [SPHERE_ID], [ACCESS_LEVEL], [MODE]) VALUES (1, 16, NULL, NULL);	--Thought
INSERT INTO DEITY_SPHERE_OF_INFLUENCE ([DEITY_ID], [SPHERE_ID], [ACCESS_LEVEL], [MODE]) VALUES (1, 17, NULL, NULL);	--Time
INSERT INTO DEITY_SPHERE_OF_INFLUENCE ([DEITY_ID], [SPHERE_ID], [ACCESS_LEVEL], [MODE]) VALUES (1, 18, NULL, NULL);	--Sun
INSERT INTO DEITY_SPHERE_OF_INFLUENCE ([DEITY_ID], [SPHERE_ID], [ACCESS_LEVEL], [MODE]) VALUES (1, 20, NULL, NULL);	--Wards
INSERT INTO DEITY_SPHERE_OF_INFLUENCE ([DEITY_ID], [SPHERE_ID], [ACCESS_LEVEL], [MODE]) VALUES (1, 21, NULL, NULL);	--Wheather

-- Helm
--INSERT INTO DEITY_SPHERE_OF_INFLUENCE ([DEITY_ID], [SPHERE_ID], [ACCESS_LEVEL], [MODE]) VALUES (2, 0,  NULL, NULL);	--All
--INSERT INTO DEITY_SPHERE_OF_INFLUENCE ([DEITY_ID], [SPHERE_ID], [ACCESS_LEVEL], [MODE]) VALUES (2, 1,  NULL, NULL);	--Animal
--INSERT INTO DEITY_SPHERE_OF_INFLUENCE ([DEITY_ID], [SPHERE_ID], [ACCESS_LEVEL], [MODE]) VALUES (2, 2,  NULL, NULL);	--Astral
--INSERT INTO DEITY_SPHERE_OF_INFLUENCE ([DEITY_ID], [SPHERE_ID], [ACCESS_LEVEL], [MODE]) VALUES (2, 3,  NULL, NULL);	--Charm
--INSERT INTO DEITY_SPHERE_OF_INFLUENCE ([DEITY_ID], [SPHERE_ID], [ACCESS_LEVEL], [MODE]) VALUES (2, 4,  NULL, NULL);	--Combat
--INSERT INTO DEITY_SPHERE_OF_INFLUENCE ([DEITY_ID], [SPHERE_ID], [ACCESS_LEVEL], [MODE]) VALUES (2, 5,  NULL, NULL);	--Creation
--INSERT INTO DEITY_SPHERE_OF_INFLUENCE ([DEITY_ID], [SPHERE_ID], [ACCESS_LEVEL], [MODE]) VALUES (2, 6,  NULL, NULL);	--Divination
--INSERT INTO DEITY_SPHERE_OF_INFLUENCE ([DEITY_ID], [SPHERE_ID], [ACCESS_LEVEL], [MODE]) VALUES (2, 7,  NULL, NULL);	--Elemental
--INSERT INTO DEITY_SPHERE_OF_INFLUENCE ([DEITY_ID], [SPHERE_ID], [ACCESS_LEVEL], [MODE]) VALUES (2, 8,  NULL, NULL);	--Guardian
--INSERT INTO DEITY_SPHERE_OF_INFLUENCE ([DEITY_ID], [SPHERE_ID], [ACCESS_LEVEL], [MODE]) VALUES (2, 9,  NULL, NULL);	--Healing
--INSERT INTO DEITY_SPHERE_OF_INFLUENCE ([DEITY_ID], [SPHERE_ID], [ACCESS_LEVEL], [MODE]) VALUES (2, 10, NULL, NULL);	--Law
--INSERT INTO DEITY_SPHERE_OF_INFLUENCE ([DEITY_ID], [SPHERE_ID], [ACCESS_LEVEL], [MODE]) VALUES (2, 11, NULL, NULL);	--Necromantic
--INSERT INTO DEITY_SPHERE_OF_INFLUENCE ([DEITY_ID], [SPHERE_ID], [ACCESS_LEVEL], [MODE]) VALUES (2, 12, NULL, NULL);	--Numbers
--INSERT INTO DEITY_SPHERE_OF_INFLUENCE ([DEITY_ID], [SPHERE_ID], [ACCESS_LEVEL], [MODE]) VALUES (2, 13, NULL, NULL);	--Plant
--INSERT INTO DEITY_SPHERE_OF_INFLUENCE ([DEITY_ID], [SPHERE_ID], [ACCESS_LEVEL], [MODE]) VALUES (2, 14, NULL, NULL);	--Protection
--INSERT INTO DEITY_SPHERE_OF_INFLUENCE ([DEITY_ID], [SPHERE_ID], [ACCESS_LEVEL], [MODE]) VALUES (2, 15, NULL, NULL);	--Summoning
--INSERT INTO DEITY_SPHERE_OF_INFLUENCE ([DEITY_ID], [SPHERE_ID], [ACCESS_LEVEL], [MODE]) VALUES (2, 16, NULL, NULL);	--Thought
--INSERT INTO DEITY_SPHERE_OF_INFLUENCE ([DEITY_ID], [SPHERE_ID], [ACCESS_LEVEL], [MODE]) VALUES (2, 17, NULL, NULL);	--Time
--INSERT INTO DEITY_SPHERE_OF_INFLUENCE ([DEITY_ID], [SPHERE_ID], [ACCESS_LEVEL], [MODE]) VALUES (2, 18, NULL, NULL);	--Sun
--INSERT INTO DEITY_SPHERE_OF_INFLUENCE ([DEITY_ID], [SPHERE_ID], [ACCESS_LEVEL], [MODE]) VALUES (2, 19, NULL, NULL);	--War
--INSERT INTO DEITY_SPHERE_OF_INFLUENCE ([DEITY_ID], [SPHERE_ID], [ACCESS_LEVEL], [MODE]) VALUES (2, 20, NULL, NULL);	--Wards
--INSERT INTO DEITY_SPHERE_OF_INFLUENCE ([DEITY_ID], [SPHERE_ID], [ACCESS_LEVEL], [MODE]) VALUES (2, 21, NULL, NULL);	--Wheather

-- Tempus
--INSERT INTO DEITY_SPHERE_OF_INFLUENCE ([DEITY_ID], [SPHERE_ID], [ACCESS_LEVEL], [MODE]) VALUES (3, 0,  NULL, NULL);	--All
--INSERT INTO DEITY_SPHERE_OF_INFLUENCE ([DEITY_ID], [SPHERE_ID], [ACCESS_LEVEL], [MODE]) VALUES (3, 1,  NULL, NULL);	--Animal
--INSERT INTO DEITY_SPHERE_OF_INFLUENCE ([DEITY_ID], [SPHERE_ID], [ACCESS_LEVEL], [MODE]) VALUES (3, 2,  NULL, NULL);	--Astral
--INSERT INTO DEITY_SPHERE_OF_INFLUENCE ([DEITY_ID], [SPHERE_ID], [ACCESS_LEVEL], [MODE]) VALUES (3, 3,  NULL, NULL);	--Charm
--INSERT INTO DEITY_SPHERE_OF_INFLUENCE ([DEITY_ID], [SPHERE_ID], [ACCESS_LEVEL], [MODE]) VALUES (3, 4,  NULL, NULL);	--Combat
--INSERT INTO DEITY_SPHERE_OF_INFLUENCE ([DEITY_ID], [SPHERE_ID], [ACCESS_LEVEL], [MODE]) VALUES (3, 5,  NULL, NULL);	--Creation
--INSERT INTO DEITY_SPHERE_OF_INFLUENCE ([DEITY_ID], [SPHERE_ID], [ACCESS_LEVEL], [MODE]) VALUES (3, 6,  NULL, NULL);	--Divination
--INSERT INTO DEITY_SPHERE_OF_INFLUENCE ([DEITY_ID], [SPHERE_ID], [ACCESS_LEVEL], [MODE]) VALUES (3, 7,  NULL, NULL);	--Elemental
--INSERT INTO DEITY_SPHERE_OF_INFLUENCE ([DEITY_ID], [SPHERE_ID], [ACCESS_LEVEL], [MODE]) VALUES (3, 8,  NULL, NULL);	--Guardian
--INSERT INTO DEITY_SPHERE_OF_INFLUENCE ([DEITY_ID], [SPHERE_ID], [ACCESS_LEVEL], [MODE]) VALUES (3, 9,  NULL, NULL);	--Healing
--INSERT INTO DEITY_SPHERE_OF_INFLUENCE ([DEITY_ID], [SPHERE_ID], [ACCESS_LEVEL], [MODE]) VALUES (3, 10, NULL, NULL);	--Law
--INSERT INTO DEITY_SPHERE_OF_INFLUENCE ([DEITY_ID], [SPHERE_ID], [ACCESS_LEVEL], [MODE]) VALUES (3, 11, NULL, NULL);	--Necromantic
--INSERT INTO DEITY_SPHERE_OF_INFLUENCE ([DEITY_ID], [SPHERE_ID], [ACCESS_LEVEL], [MODE]) VALUES (3, 12, NULL, NULL);	--Numbers
--INSERT INTO DEITY_SPHERE_OF_INFLUENCE ([DEITY_ID], [SPHERE_ID], [ACCESS_LEVEL], [MODE]) VALUES (3, 13, NULL, NULL);	--Plant
--INSERT INTO DEITY_SPHERE_OF_INFLUENCE ([DEITY_ID], [SPHERE_ID], [ACCESS_LEVEL], [MODE]) VALUES (3, 14, NULL, NULL);	--Protection
--INSERT INTO DEITY_SPHERE_OF_INFLUENCE ([DEITY_ID], [SPHERE_ID], [ACCESS_LEVEL], [MODE]) VALUES (3, 15, NULL, NULL);	--Summoning
--INSERT INTO DEITY_SPHERE_OF_INFLUENCE ([DEITY_ID], [SPHERE_ID], [ACCESS_LEVEL], [MODE]) VALUES (3, 16, NULL, NULL);	--Thought
--INSERT INTO DEITY_SPHERE_OF_INFLUENCE ([DEITY_ID], [SPHERE_ID], [ACCESS_LEVEL], [MODE]) VALUES (3, 17, NULL, NULL);	--Time
--INSERT INTO DEITY_SPHERE_OF_INFLUENCE ([DEITY_ID], [SPHERE_ID], [ACCESS_LEVEL], [MODE]) VALUES (3, 18, NULL, NULL);	--Sun
--INSERT INTO DEITY_SPHERE_OF_INFLUENCE ([DEITY_ID], [SPHERE_ID], [ACCESS_LEVEL], [MODE]) VALUES (3, 19, NULL, NULL);	--War
--INSERT INTO DEITY_SPHERE_OF_INFLUENCE ([DEITY_ID], [SPHERE_ID], [ACCESS_LEVEL], [MODE]) VALUES (3, 20, NULL, NULL);	--Wards
--INSERT INTO DEITY_SPHERE_OF_INFLUENCE ([DEITY_ID], [SPHERE_ID], [ACCESS_LEVEL], [MODE]) VALUES (3, 21, NULL, NULL);	--Wheather

-- Selune
--INSERT INTO DEITY_SPHERE_OF_INFLUENCE ([DEITY_ID], [SPHERE_ID], [ACCESS_LEVEL], [MODE]) VALUES (4, 0,  NULL, NULL);	--All
--INSERT INTO DEITY_SPHERE_OF_INFLUENCE ([DEITY_ID], [SPHERE_ID], [ACCESS_LEVEL], [MODE]) VALUES (4, 1,  NULL, NULL);	--Animal
--INSERT INTO DEITY_SPHERE_OF_INFLUENCE ([DEITY_ID], [SPHERE_ID], [ACCESS_LEVEL], [MODE]) VALUES (4, 2,  NULL, NULL);	--Astral
--INSERT INTO DEITY_SPHERE_OF_INFLUENCE ([DEITY_ID], [SPHERE_ID], [ACCESS_LEVEL], [MODE]) VALUES (4, 3,  NULL, NULL);	--Charm
--INSERT INTO DEITY_SPHERE_OF_INFLUENCE ([DEITY_ID], [SPHERE_ID], [ACCESS_LEVEL], [MODE]) VALUES (4, 4,  NULL, NULL);	--Combat
--INSERT INTO DEITY_SPHERE_OF_INFLUENCE ([DEITY_ID], [SPHERE_ID], [ACCESS_LEVEL], [MODE]) VALUES (4, 5,  NULL, NULL);	--Creation
--INSERT INTO DEITY_SPHERE_OF_INFLUENCE ([DEITY_ID], [SPHERE_ID], [ACCESS_LEVEL], [MODE]) VALUES (4, 6,  NULL, NULL);	--Divination
--INSERT INTO DEITY_SPHERE_OF_INFLUENCE ([DEITY_ID], [SPHERE_ID], [ACCESS_LEVEL], [MODE]) VALUES (4, 7,  NULL, NULL);	--Elemental
--INSERT INTO DEITY_SPHERE_OF_INFLUENCE ([DEITY_ID], [SPHERE_ID], [ACCESS_LEVEL], [MODE]) VALUES (4, 8,  NULL, NULL);	--Guardian
--INSERT INTO DEITY_SPHERE_OF_INFLUENCE ([DEITY_ID], [SPHERE_ID], [ACCESS_LEVEL], [MODE]) VALUES (4, 9,  NULL, NULL);	--Healing
--INSERT INTO DEITY_SPHERE_OF_INFLUENCE ([DEITY_ID], [SPHERE_ID], [ACCESS_LEVEL], [MODE]) VALUES (4, 10, NULL, NULL);	--Law
--INSERT INTO DEITY_SPHERE_OF_INFLUENCE ([DEITY_ID], [SPHERE_ID], [ACCESS_LEVEL], [MODE]) VALUES (4, 11, NULL, NULL);	--Necromantic
--INSERT INTO DEITY_SPHERE_OF_INFLUENCE ([DEITY_ID], [SPHERE_ID], [ACCESS_LEVEL], [MODE]) VALUES (4, 12, NULL, NULL);	--Numbers
--INSERT INTO DEITY_SPHERE_OF_INFLUENCE ([DEITY_ID], [SPHERE_ID], [ACCESS_LEVEL], [MODE]) VALUES (4, 13, NULL, NULL);	--Plant
--INSERT INTO DEITY_SPHERE_OF_INFLUENCE ([DEITY_ID], [SPHERE_ID], [ACCESS_LEVEL], [MODE]) VALUES (4, 14, NULL, NULL);	--Protection
--INSERT INTO DEITY_SPHERE_OF_INFLUENCE ([DEITY_ID], [SPHERE_ID], [ACCESS_LEVEL], [MODE]) VALUES (4, 15, NULL, NULL);	--Summoning
--INSERT INTO DEITY_SPHERE_OF_INFLUENCE ([DEITY_ID], [SPHERE_ID], [ACCESS_LEVEL], [MODE]) VALUES (4, 16, NULL, NULL);	--Thought
--INSERT INTO DEITY_SPHERE_OF_INFLUENCE ([DEITY_ID], [SPHERE_ID], [ACCESS_LEVEL], [MODE]) VALUES (4, 17, NULL, NULL);	--Time
--INSERT INTO DEITY_SPHERE_OF_INFLUENCE ([DEITY_ID], [SPHERE_ID], [ACCESS_LEVEL], [MODE]) VALUES (4, 18, NULL, NULL);	--Sun
--INSERT INTO DEITY_SPHERE_OF_INFLUENCE ([DEITY_ID], [SPHERE_ID], [ACCESS_LEVEL], [MODE]) VALUES (4, 19, NULL, NULL);	--War
--INSERT INTO DEITY_SPHERE_OF_INFLUENCE ([DEITY_ID], [SPHERE_ID], [ACCESS_LEVEL], [MODE]) VALUES (4, 20, NULL, NULL);	--Wards
--INSERT INTO DEITY_SPHERE_OF_INFLUENCE ([DEITY_ID], [SPHERE_ID], [ACCESS_LEVEL], [MODE]) VALUES (4, 21, NULL, NULL);	--Wheather

-- Lolth
--INSERT INTO DEITY_SPHERE_OF_INFLUENCE ([DEITY_ID], [SPHERE_ID], [ACCESS_LEVEL], [MODE]) VALUES (5, 0,  NULL, NULL);	--All
--INSERT INTO DEITY_SPHERE_OF_INFLUENCE ([DEITY_ID], [SPHERE_ID], [ACCESS_LEVEL], [MODE]) VALUES (5, 1,  NULL, NULL);	--Animal
--INSERT INTO DEITY_SPHERE_OF_INFLUENCE ([DEITY_ID], [SPHERE_ID], [ACCESS_LEVEL], [MODE]) VALUES (5, 2,  NULL, NULL);	--Astral
--INSERT INTO DEITY_SPHERE_OF_INFLUENCE ([DEITY_ID], [SPHERE_ID], [ACCESS_LEVEL], [MODE]) VALUES (5, 3,  NULL, NULL);	--Charm
--INSERT INTO DEITY_SPHERE_OF_INFLUENCE ([DEITY_ID], [SPHERE_ID], [ACCESS_LEVEL], [MODE]) VALUES (5, 4,  NULL, NULL);	--Combat
--INSERT INTO DEITY_SPHERE_OF_INFLUENCE ([DEITY_ID], [SPHERE_ID], [ACCESS_LEVEL], [MODE]) VALUES (5, 5,  NULL, NULL);	--Creation
--INSERT INTO DEITY_SPHERE_OF_INFLUENCE ([DEITY_ID], [SPHERE_ID], [ACCESS_LEVEL], [MODE]) VALUES (5, 6,  NULL, NULL);	--Divination
--INSERT INTO DEITY_SPHERE_OF_INFLUENCE ([DEITY_ID], [SPHERE_ID], [ACCESS_LEVEL], [MODE]) VALUES (5, 7,  NULL, NULL);	--Elemental
--INSERT INTO DEITY_SPHERE_OF_INFLUENCE ([DEITY_ID], [SPHERE_ID], [ACCESS_LEVEL], [MODE]) VALUES (5, 8,  NULL, NULL);	--Guardian
--INSERT INTO DEITY_SPHERE_OF_INFLUENCE ([DEITY_ID], [SPHERE_ID], [ACCESS_LEVEL], [MODE]) VALUES (5, 9,  NULL, NULL);	--Healing
--INSERT INTO DEITY_SPHERE_OF_INFLUENCE ([DEITY_ID], [SPHERE_ID], [ACCESS_LEVEL], [MODE]) VALUES (5, 10, NULL, NULL);	--Law
--INSERT INTO DEITY_SPHERE_OF_INFLUENCE ([DEITY_ID], [SPHERE_ID], [ACCESS_LEVEL], [MODE]) VALUES (5, 11, NULL, NULL);	--Necromantic
--INSERT INTO DEITY_SPHERE_OF_INFLUENCE ([DEITY_ID], [SPHERE_ID], [ACCESS_LEVEL], [MODE]) VALUES (5, 12, NULL, NULL);	--Numbers
--INSERT INTO DEITY_SPHERE_OF_INFLUENCE ([DEITY_ID], [SPHERE_ID], [ACCESS_LEVEL], [MODE]) VALUES (5, 13, NULL, NULL);	--Plant
--INSERT INTO DEITY_SPHERE_OF_INFLUENCE ([DEITY_ID], [SPHERE_ID], [ACCESS_LEVEL], [MODE]) VALUES (5, 14, NULL, NULL);	--Protection
--INSERT INTO DEITY_SPHERE_OF_INFLUENCE ([DEITY_ID], [SPHERE_ID], [ACCESS_LEVEL], [MODE]) VALUES (5, 15, NULL, NULL);	--Summoning
--INSERT INTO DEITY_SPHERE_OF_INFLUENCE ([DEITY_ID], [SPHERE_ID], [ACCESS_LEVEL], [MODE]) VALUES (5, 16, NULL, NULL);	--Thought
--INSERT INTO DEITY_SPHERE_OF_INFLUENCE ([DEITY_ID], [SPHERE_ID], [ACCESS_LEVEL], [MODE]) VALUES (5, 17, NULL, NULL);	--Time
--INSERT INTO DEITY_SPHERE_OF_INFLUENCE ([DEITY_ID], [SPHERE_ID], [ACCESS_LEVEL], [MODE]) VALUES (5, 18, NULL, NULL);	--Sun
--INSERT INTO DEITY_SPHERE_OF_INFLUENCE ([DEITY_ID], [SPHERE_ID], [ACCESS_LEVEL], [MODE]) VALUES (5, 19, NULL, NULL);	--War
--INSERT INTO DEITY_SPHERE_OF_INFLUENCE ([DEITY_ID], [SPHERE_ID], [ACCESS_LEVEL], [MODE]) VALUES (5, 20, NULL, NULL);	--Wards
--INSERT INTO DEITY_SPHERE_OF_INFLUENCE ([DEITY_ID], [SPHERE_ID], [ACCESS_LEVEL], [MODE]) VALUES (5, 21, NULL, NULL);	--Wheather

-- Ilmater
--INSERT INTO DEITY_SPHERE_OF_INFLUENCE ([DEITY_ID], [SPHERE_ID], [ACCESS_LEVEL], [MODE]) VALUES (6, 0,  NULL, NULL);	--All
--INSERT INTO DEITY_SPHERE_OF_INFLUENCE ([DEITY_ID], [SPHERE_ID], [ACCESS_LEVEL], [MODE]) VALUES (6, 1,  NULL, NULL);	--Animal
--INSERT INTO DEITY_SPHERE_OF_INFLUENCE ([DEITY_ID], [SPHERE_ID], [ACCESS_LEVEL], [MODE]) VALUES (6, 2,  NULL, NULL);	--Astral
--INSERT INTO DEITY_SPHERE_OF_INFLUENCE ([DEITY_ID], [SPHERE_ID], [ACCESS_LEVEL], [MODE]) VALUES (6, 3,  NULL, NULL);	--Charm
--INSERT INTO DEITY_SPHERE_OF_INFLUENCE ([DEITY_ID], [SPHERE_ID], [ACCESS_LEVEL], [MODE]) VALUES (6, 4,  NULL, NULL);	--Combat
--INSERT INTO DEITY_SPHERE_OF_INFLUENCE ([DEITY_ID], [SPHERE_ID], [ACCESS_LEVEL], [MODE]) VALUES (6, 5,  NULL, NULL);	--Creation
--INSERT INTO DEITY_SPHERE_OF_INFLUENCE ([DEITY_ID], [SPHERE_ID], [ACCESS_LEVEL], [MODE]) VALUES (6, 6,  NULL, NULL);	--Divination
--INSERT INTO DEITY_SPHERE_OF_INFLUENCE ([DEITY_ID], [SPHERE_ID], [ACCESS_LEVEL], [MODE]) VALUES (6, 7,  NULL, NULL);	--Elemental
--INSERT INTO DEITY_SPHERE_OF_INFLUENCE ([DEITY_ID], [SPHERE_ID], [ACCESS_LEVEL], [MODE]) VALUES (6, 8,  NULL, NULL);	--Guardian
--INSERT INTO DEITY_SPHERE_OF_INFLUENCE ([DEITY_ID], [SPHERE_ID], [ACCESS_LEVEL], [MODE]) VALUES (6, 9,  NULL, NULL);	--Healing
--INSERT INTO DEITY_SPHERE_OF_INFLUENCE ([DEITY_ID], [SPHERE_ID], [ACCESS_LEVEL], [MODE]) VALUES (6, 10, NULL, NULL);	--Law
--INSERT INTO DEITY_SPHERE_OF_INFLUENCE ([DEITY_ID], [SPHERE_ID], [ACCESS_LEVEL], [MODE]) VALUES (6, 11, NULL, NULL);	--Necromantic
--INSERT INTO DEITY_SPHERE_OF_INFLUENCE ([DEITY_ID], [SPHERE_ID], [ACCESS_LEVEL], [MODE]) VALUES (6, 12, NULL, NULL);	--Numbers
--INSERT INTO DEITY_SPHERE_OF_INFLUENCE ([DEITY_ID], [SPHERE_ID], [ACCESS_LEVEL], [MODE]) VALUES (6, 13, NULL, NULL);	--Plant
--INSERT INTO DEITY_SPHERE_OF_INFLUENCE ([DEITY_ID], [SPHERE_ID], [ACCESS_LEVEL], [MODE]) VALUES (6, 14, NULL, NULL);	--Protection
--INSERT INTO DEITY_SPHERE_OF_INFLUENCE ([DEITY_ID], [SPHERE_ID], [ACCESS_LEVEL], [MODE]) VALUES (6, 15, NULL, NULL);	--Summoning
--INSERT INTO DEITY_SPHERE_OF_INFLUENCE ([DEITY_ID], [SPHERE_ID], [ACCESS_LEVEL], [MODE]) VALUES (6, 16, NULL, NULL);	--Thought
--INSERT INTO DEITY_SPHERE_OF_INFLUENCE ([DEITY_ID], [SPHERE_ID], [ACCESS_LEVEL], [MODE]) VALUES (6, 17, NULL, NULL);	--Time
--INSERT INTO DEITY_SPHERE_OF_INFLUENCE ([DEITY_ID], [SPHERE_ID], [ACCESS_LEVEL], [MODE]) VALUES (6, 18, NULL, NULL);	--Sun
--INSERT INTO DEITY_SPHERE_OF_INFLUENCE ([DEITY_ID], [SPHERE_ID], [ACCESS_LEVEL], [MODE]) VALUES (6, 19, NULL, NULL);	--War
--INSERT INTO DEITY_SPHERE_OF_INFLUENCE ([DEITY_ID], [SPHERE_ID], [ACCESS_LEVEL], [MODE]) VALUES (6, 20, NULL, NULL);	--Wards
--INSERT INTO DEITY_SPHERE_OF_INFLUENCE ([DEITY_ID], [SPHERE_ID], [ACCESS_LEVEL], [MODE]) VALUES (6, 21, NULL, NULL);	--Wheather

-- Tyr
--INSERT INTO DEITY_SPHERE_OF_INFLUENCE ([DEITY_ID], [SPHERE_ID], [ACCESS_LEVEL], [MODE]) VALUES (7, 0,  NULL, NULL);	--All
--INSERT INTO DEITY_SPHERE_OF_INFLUENCE ([DEITY_ID], [SPHERE_ID], [ACCESS_LEVEL], [MODE]) VALUES (7, 1,  NULL, NULL);	--Animal
--INSERT INTO DEITY_SPHERE_OF_INFLUENCE ([DEITY_ID], [SPHERE_ID], [ACCESS_LEVEL], [MODE]) VALUES (7, 2,  NULL, NULL);	--Astral
--INSERT INTO DEITY_SPHERE_OF_INFLUENCE ([DEITY_ID], [SPHERE_ID], [ACCESS_LEVEL], [MODE]) VALUES (7, 3,  NULL, NULL);	--Charm
--INSERT INTO DEITY_SPHERE_OF_INFLUENCE ([DEITY_ID], [SPHERE_ID], [ACCESS_LEVEL], [MODE]) VALUES (7, 4,  NULL, NULL);	--Combat
--INSERT INTO DEITY_SPHERE_OF_INFLUENCE ([DEITY_ID], [SPHERE_ID], [ACCESS_LEVEL], [MODE]) VALUES (7, 5,  NULL, NULL);	--Creation
--INSERT INTO DEITY_SPHERE_OF_INFLUENCE ([DEITY_ID], [SPHERE_ID], [ACCESS_LEVEL], [MODE]) VALUES (7, 6,  NULL, NULL);	--Divination
--INSERT INTO DEITY_SPHERE_OF_INFLUENCE ([DEITY_ID], [SPHERE_ID], [ACCESS_LEVEL], [MODE]) VALUES (7, 7,  NULL, NULL);	--Elemental
--INSERT INTO DEITY_SPHERE_OF_INFLUENCE ([DEITY_ID], [SPHERE_ID], [ACCESS_LEVEL], [MODE]) VALUES (7, 8,  NULL, NULL);	--Guardian
--INSERT INTO DEITY_SPHERE_OF_INFLUENCE ([DEITY_ID], [SPHERE_ID], [ACCESS_LEVEL], [MODE]) VALUES (7, 9,  NULL, NULL);	--Healing
--INSERT INTO DEITY_SPHERE_OF_INFLUENCE ([DEITY_ID], [SPHERE_ID], [ACCESS_LEVEL], [MODE]) VALUES (7, 10, NULL, NULL);	--Law
--INSERT INTO DEITY_SPHERE_OF_INFLUENCE ([DEITY_ID], [SPHERE_ID], [ACCESS_LEVEL], [MODE]) VALUES (7, 11, NULL, NULL);	--Necromantic
--INSERT INTO DEITY_SPHERE_OF_INFLUENCE ([DEITY_ID], [SPHERE_ID], [ACCESS_LEVEL], [MODE]) VALUES (7, 12, NULL, NULL);	--Numbers
--INSERT INTO DEITY_SPHERE_OF_INFLUENCE ([DEITY_ID], [SPHERE_ID], [ACCESS_LEVEL], [MODE]) VALUES (7, 13, NULL, NULL);	--Plant
--INSERT INTO DEITY_SPHERE_OF_INFLUENCE ([DEITY_ID], [SPHERE_ID], [ACCESS_LEVEL], [MODE]) VALUES (7, 14, NULL, NULL);	--Protection
--INSERT INTO DEITY_SPHERE_OF_INFLUENCE ([DEITY_ID], [SPHERE_ID], [ACCESS_LEVEL], [MODE]) VALUES (7, 15, NULL, NULL);	--Summoning
--INSERT INTO DEITY_SPHERE_OF_INFLUENCE ([DEITY_ID], [SPHERE_ID], [ACCESS_LEVEL], [MODE]) VALUES (7, 16, NULL, NULL);	--Thought
--INSERT INTO DEITY_SPHERE_OF_INFLUENCE ([DEITY_ID], [SPHERE_ID], [ACCESS_LEVEL], [MODE]) VALUES (7, 17, NULL, NULL);	--Time
--INSERT INTO DEITY_SPHERE_OF_INFLUENCE ([DEITY_ID], [SPHERE_ID], [ACCESS_LEVEL], [MODE]) VALUES (7, 18, NULL, NULL);	--Sun
--INSERT INTO DEITY_SPHERE_OF_INFLUENCE ([DEITY_ID], [SPHERE_ID], [ACCESS_LEVEL], [MODE]) VALUES (7, 19, NULL, NULL);	--War
--INSERT INTO DEITY_SPHERE_OF_INFLUENCE ([DEITY_ID], [SPHERE_ID], [ACCESS_LEVEL], [MODE]) VALUES (7, 20, NULL, NULL);	--Wards
--INSERT INTO DEITY_SPHERE_OF_INFLUENCE ([DEITY_ID], [SPHERE_ID], [ACCESS_LEVEL], [MODE]) VALUES (7, 21, NULL, NULL);	--Wheather

-- Chauntea
--INSERT INTO DEITY_SPHERE_OF_INFLUENCE ([DEITY_ID], [SPHERE_ID], [ACCESS_LEVEL], [MODE]) VALUES (8, 0,  NULL, NULL);	--All
--INSERT INTO DEITY_SPHERE_OF_INFLUENCE ([DEITY_ID], [SPHERE_ID], [ACCESS_LEVEL], [MODE]) VALUES (8, 1,  NULL, NULL);	--Animal
--INSERT INTO DEITY_SPHERE_OF_INFLUENCE ([DEITY_ID], [SPHERE_ID], [ACCESS_LEVEL], [MODE]) VALUES (8, 2,  NULL, NULL);	--Astral
--INSERT INTO DEITY_SPHERE_OF_INFLUENCE ([DEITY_ID], [SPHERE_ID], [ACCESS_LEVEL], [MODE]) VALUES (8, 3,  NULL, NULL);	--Charm
--INSERT INTO DEITY_SPHERE_OF_INFLUENCE ([DEITY_ID], [SPHERE_ID], [ACCESS_LEVEL], [MODE]) VALUES (8, 4,  NULL, NULL);	--Combat
--INSERT INTO DEITY_SPHERE_OF_INFLUENCE ([DEITY_ID], [SPHERE_ID], [ACCESS_LEVEL], [MODE]) VALUES (8, 5,  NULL, NULL);	--Creation
--INSERT INTO DEITY_SPHERE_OF_INFLUENCE ([DEITY_ID], [SPHERE_ID], [ACCESS_LEVEL], [MODE]) VALUES (8, 6,  NULL, NULL);	--Divination
--INSERT INTO DEITY_SPHERE_OF_INFLUENCE ([DEITY_ID], [SPHERE_ID], [ACCESS_LEVEL], [MODE]) VALUES (8, 7,  NULL, NULL);	--Elemental
--INSERT INTO DEITY_SPHERE_OF_INFLUENCE ([DEITY_ID], [SPHERE_ID], [ACCESS_LEVEL], [MODE]) VALUES (8, 8,  NULL, NULL);	--Guardian
--INSERT INTO DEITY_SPHERE_OF_INFLUENCE ([DEITY_ID], [SPHERE_ID], [ACCESS_LEVEL], [MODE]) VALUES (8, 9,  NULL, NULL);	--Healing
--INSERT INTO DEITY_SPHERE_OF_INFLUENCE ([DEITY_ID], [SPHERE_ID], [ACCESS_LEVEL], [MODE]) VALUES (8, 10, NULL, NULL);	--Law
--INSERT INTO DEITY_SPHERE_OF_INFLUENCE ([DEITY_ID], [SPHERE_ID], [ACCESS_LEVEL], [MODE]) VALUES (8, 11, NULL, NULL);	--Necromantic
--INSERT INTO DEITY_SPHERE_OF_INFLUENCE ([DEITY_ID], [SPHERE_ID], [ACCESS_LEVEL], [MODE]) VALUES (8, 12, NULL, NULL);	--Numbers
--INSERT INTO DEITY_SPHERE_OF_INFLUENCE ([DEITY_ID], [SPHERE_ID], [ACCESS_LEVEL], [MODE]) VALUES (8, 13, NULL, NULL);	--Plant
--INSERT INTO DEITY_SPHERE_OF_INFLUENCE ([DEITY_ID], [SPHERE_ID], [ACCESS_LEVEL], [MODE]) VALUES (8, 14, NULL, NULL);	--Protection
--INSERT INTO DEITY_SPHERE_OF_INFLUENCE ([DEITY_ID], [SPHERE_ID], [ACCESS_LEVEL], [MODE]) VALUES (8, 15, NULL, NULL);	--Summoning
--INSERT INTO DEITY_SPHERE_OF_INFLUENCE ([DEITY_ID], [SPHERE_ID], [ACCESS_LEVEL], [MODE]) VALUES (8, 16, NULL, NULL);	--Thought
--INSERT INTO DEITY_SPHERE_OF_INFLUENCE ([DEITY_ID], [SPHERE_ID], [ACCESS_LEVEL], [MODE]) VALUES (8, 17, NULL, NULL);	--Time
--INSERT INTO DEITY_SPHERE_OF_INFLUENCE ([DEITY_ID], [SPHERE_ID], [ACCESS_LEVEL], [MODE]) VALUES (8, 18, NULL, NULL);	--Sun
--INSERT INTO DEITY_SPHERE_OF_INFLUENCE ([DEITY_ID], [SPHERE_ID], [ACCESS_LEVEL], [MODE]) VALUES (8, 19, NULL, NULL);	--War
--INSERT INTO DEITY_SPHERE_OF_INFLUENCE ([DEITY_ID], [SPHERE_ID], [ACCESS_LEVEL], [MODE]) VALUES (8, 20, NULL, NULL);	--Wards
--INSERT INTO DEITY_SPHERE_OF_INFLUENCE ([DEITY_ID], [SPHERE_ID], [ACCESS_LEVEL], [MODE]) VALUES (8, 21, NULL, NULL);	--Wheather

-- Mystryl
--INSERT INTO DEITY_SPHERE_OF_INFLUENCE ([DEITY_ID], [SPHERE_ID], [ACCESS_LEVEL], [MODE]) VALUES (9, 0,  NULL, NULL);	--All
--INSERT INTO DEITY_SPHERE_OF_INFLUENCE ([DEITY_ID], [SPHERE_ID], [ACCESS_LEVEL], [MODE]) VALUES (9, 1,  NULL, NULL);	--Animal
--INSERT INTO DEITY_SPHERE_OF_INFLUENCE ([DEITY_ID], [SPHERE_ID], [ACCESS_LEVEL], [MODE]) VALUES (9, 2,  NULL, NULL);	--Astral
--INSERT INTO DEITY_SPHERE_OF_INFLUENCE ([DEITY_ID], [SPHERE_ID], [ACCESS_LEVEL], [MODE]) VALUES (9, 3,  NULL, NULL);	--Charm
--INSERT INTO DEITY_SPHERE_OF_INFLUENCE ([DEITY_ID], [SPHERE_ID], [ACCESS_LEVEL], [MODE]) VALUES (9, 4,  NULL, NULL);	--Combat
--INSERT INTO DEITY_SPHERE_OF_INFLUENCE ([DEITY_ID], [SPHERE_ID], [ACCESS_LEVEL], [MODE]) VALUES (9, 5,  NULL, NULL);	--Creation
--INSERT INTO DEITY_SPHERE_OF_INFLUENCE ([DEITY_ID], [SPHERE_ID], [ACCESS_LEVEL], [MODE]) VALUES (9, 6,  NULL, NULL);	--Divination
--INSERT INTO DEITY_SPHERE_OF_INFLUENCE ([DEITY_ID], [SPHERE_ID], [ACCESS_LEVEL], [MODE]) VALUES (9, 7,  NULL, NULL);	--Elemental
--INSERT INTO DEITY_SPHERE_OF_INFLUENCE ([DEITY_ID], [SPHERE_ID], [ACCESS_LEVEL], [MODE]) VALUES (9, 8,  NULL, NULL);	--Guardian
--INSERT INTO DEITY_SPHERE_OF_INFLUENCE ([DEITY_ID], [SPHERE_ID], [ACCESS_LEVEL], [MODE]) VALUES (9, 9,  NULL, NULL);	--Healing
--INSERT INTO DEITY_SPHERE_OF_INFLUENCE ([DEITY_ID], [SPHERE_ID], [ACCESS_LEVEL], [MODE]) VALUES (9, 10, NULL, NULL);	--Law
--INSERT INTO DEITY_SPHERE_OF_INFLUENCE ([DEITY_ID], [SPHERE_ID], [ACCESS_LEVEL], [MODE]) VALUES (9, 11, NULL, NULL);	--Necromantic
--INSERT INTO DEITY_SPHERE_OF_INFLUENCE ([DEITY_ID], [SPHERE_ID], [ACCESS_LEVEL], [MODE]) VALUES (9, 12, NULL, NULL);	--Numbers
--INSERT INTO DEITY_SPHERE_OF_INFLUENCE ([DEITY_ID], [SPHERE_ID], [ACCESS_LEVEL], [MODE]) VALUES (9, 13, NULL, NULL);	--Plant
--INSERT INTO DEITY_SPHERE_OF_INFLUENCE ([DEITY_ID], [SPHERE_ID], [ACCESS_LEVEL], [MODE]) VALUES (9, 14, NULL, NULL);	--Protection
--INSERT INTO DEITY_SPHERE_OF_INFLUENCE ([DEITY_ID], [SPHERE_ID], [ACCESS_LEVEL], [MODE]) VALUES (9, 15, NULL, NULL);	--Summoning
--INSERT INTO DEITY_SPHERE_OF_INFLUENCE ([DEITY_ID], [SPHERE_ID], [ACCESS_LEVEL], [MODE]) VALUES (9, 16, NULL, NULL);	--Thought
--INSERT INTO DEITY_SPHERE_OF_INFLUENCE ([DEITY_ID], [SPHERE_ID], [ACCESS_LEVEL], [MODE]) VALUES (9, 17, NULL, NULL);	--Time
--INSERT INTO DEITY_SPHERE_OF_INFLUENCE ([DEITY_ID], [SPHERE_ID], [ACCESS_LEVEL], [MODE]) VALUES (9, 18, NULL, NULL);	--Sun
--INSERT INTO DEITY_SPHERE_OF_INFLUENCE ([DEITY_ID], [SPHERE_ID], [ACCESS_LEVEL], [MODE]) VALUES (9, 19, NULL, NULL);	--War
--INSERT INTO DEITY_SPHERE_OF_INFLUENCE ([DEITY_ID], [SPHERE_ID], [ACCESS_LEVEL], [MODE]) VALUES (9, 20, NULL, NULL);	--Wards
--INSERT INTO DEITY_SPHERE_OF_INFLUENCE ([DEITY_ID], [SPHERE_ID], [ACCESS_LEVEL], [MODE]) VALUES (9, 21, NULL, NULL);	--Wheather

-- Moradin
--INSERT INTO DEITY_SPHERE_OF_INFLUENCE ([DEITY_ID], [SPHERE_ID], [ACCESS_LEVEL], [MODE]) VALUES (10, 0,  NULL, NULL);	--All
--INSERT INTO DEITY_SPHERE_OF_INFLUENCE ([DEITY_ID], [SPHERE_ID], [ACCESS_LEVEL], [MODE]) VALUES (10, 1,  NULL, NULL);	--Animal
--INSERT INTO DEITY_SPHERE_OF_INFLUENCE ([DEITY_ID], [SPHERE_ID], [ACCESS_LEVEL], [MODE]) VALUES (10, 2,  NULL, NULL);	--Astral
--INSERT INTO DEITY_SPHERE_OF_INFLUENCE ([DEITY_ID], [SPHERE_ID], [ACCESS_LEVEL], [MODE]) VALUES (10, 3,  NULL, NULL);	--Charm
--INSERT INTO DEITY_SPHERE_OF_INFLUENCE ([DEITY_ID], [SPHERE_ID], [ACCESS_LEVEL], [MODE]) VALUES (10, 4,  NULL, NULL);	--Combat
--INSERT INTO DEITY_SPHERE_OF_INFLUENCE ([DEITY_ID], [SPHERE_ID], [ACCESS_LEVEL], [MODE]) VALUES (10, 5,  NULL, NULL);	--Creation
--INSERT INTO DEITY_SPHERE_OF_INFLUENCE ([DEITY_ID], [SPHERE_ID], [ACCESS_LEVEL], [MODE]) VALUES (10, 6,  NULL, NULL);	--Divination
--INSERT INTO DEITY_SPHERE_OF_INFLUENCE ([DEITY_ID], [SPHERE_ID], [ACCESS_LEVEL], [MODE]) VALUES (10, 7,  NULL, NULL);	--Elemental
--INSERT INTO DEITY_SPHERE_OF_INFLUENCE ([DEITY_ID], [SPHERE_ID], [ACCESS_LEVEL], [MODE]) VALUES (10, 8,  NULL, NULL);	--Guardian
--INSERT INTO DEITY_SPHERE_OF_INFLUENCE ([DEITY_ID], [SPHERE_ID], [ACCESS_LEVEL], [MODE]) VALUES (10, 9,  NULL, NULL);	--Healing
--INSERT INTO DEITY_SPHERE_OF_INFLUENCE ([DEITY_ID], [SPHERE_ID], [ACCESS_LEVEL], [MODE]) VALUES (10, 10, NULL, NULL);	--Law
--INSERT INTO DEITY_SPHERE_OF_INFLUENCE ([DEITY_ID], [SPHERE_ID], [ACCESS_LEVEL], [MODE]) VALUES (10, 11, NULL, NULL);	--Necromantic
--INSERT INTO DEITY_SPHERE_OF_INFLUENCE ([DEITY_ID], [SPHERE_ID], [ACCESS_LEVEL], [MODE]) VALUES (10, 12, NULL, NULL);	--Numbers
--INSERT INTO DEITY_SPHERE_OF_INFLUENCE ([DEITY_ID], [SPHERE_ID], [ACCESS_LEVEL], [MODE]) VALUES (10, 13, NULL, NULL);	--Plant
--INSERT INTO DEITY_SPHERE_OF_INFLUENCE ([DEITY_ID], [SPHERE_ID], [ACCESS_LEVEL], [MODE]) VALUES (10, 14, NULL, NULL);	--Protection
--INSERT INTO DEITY_SPHERE_OF_INFLUENCE ([DEITY_ID], [SPHERE_ID], [ACCESS_LEVEL], [MODE]) VALUES (10, 15, NULL, NULL);	--Summoning
--INSERT INTO DEITY_SPHERE_OF_INFLUENCE ([DEITY_ID], [SPHERE_ID], [ACCESS_LEVEL], [MODE]) VALUES (10, 16, NULL, NULL);	--Thought
--INSERT INTO DEITY_SPHERE_OF_INFLUENCE ([DEITY_ID], [SPHERE_ID], [ACCESS_LEVEL], [MODE]) VALUES (10, 17, NULL, NULL);	--Time
--INSERT INTO DEITY_SPHERE_OF_INFLUENCE ([DEITY_ID], [SPHERE_ID], [ACCESS_LEVEL], [MODE]) VALUES (10, 18, NULL, NULL);	--Sun
--INSERT INTO DEITY_SPHERE_OF_INFLUENCE ([DEITY_ID], [SPHERE_ID], [ACCESS_LEVEL], [MODE]) VALUES (10, 19, NULL, NULL);	--War
--INSERT INTO DEITY_SPHERE_OF_INFLUENCE ([DEITY_ID], [SPHERE_ID], [ACCESS_LEVEL], [MODE]) VALUES (10, 20, NULL, NULL);	--Wards
--INSERT INTO DEITY_SPHERE_OF_INFLUENCE ([DEITY_ID], [SPHERE_ID], [ACCESS_LEVEL], [MODE]) VALUES (10, 21, NULL, NULL);	--Wheather

-- Oghma
--INSERT INTO DEITY_SPHERE_OF_INFLUENCE ([DEITY_ID], [SPHERE_ID], [ACCESS_LEVEL], [MODE]) VALUES (11, 0,  NULL, NULL);	--All
--INSERT INTO DEITY_SPHERE_OF_INFLUENCE ([DEITY_ID], [SPHERE_ID], [ACCESS_LEVEL], [MODE]) VALUES (11, 1,  NULL, NULL);	--Animal
--INSERT INTO DEITY_SPHERE_OF_INFLUENCE ([DEITY_ID], [SPHERE_ID], [ACCESS_LEVEL], [MODE]) VALUES (11, 2,  NULL, NULL);	--Astral
--INSERT INTO DEITY_SPHERE_OF_INFLUENCE ([DEITY_ID], [SPHERE_ID], [ACCESS_LEVEL], [MODE]) VALUES (11, 3,  NULL, NULL);	--Charm
--INSERT INTO DEITY_SPHERE_OF_INFLUENCE ([DEITY_ID], [SPHERE_ID], [ACCESS_LEVEL], [MODE]) VALUES (11, 4,  NULL, NULL);	--Combat
--INSERT INTO DEITY_SPHERE_OF_INFLUENCE ([DEITY_ID], [SPHERE_ID], [ACCESS_LEVEL], [MODE]) VALUES (11, 5,  NULL, NULL);	--Creation
--INSERT INTO DEITY_SPHERE_OF_INFLUENCE ([DEITY_ID], [SPHERE_ID], [ACCESS_LEVEL], [MODE]) VALUES (11, 6,  NULL, NULL);	--Divination
--INSERT INTO DEITY_SPHERE_OF_INFLUENCE ([DEITY_ID], [SPHERE_ID], [ACCESS_LEVEL], [MODE]) VALUES (11, 7,  NULL, NULL);	--Elemental
--INSERT INTO DEITY_SPHERE_OF_INFLUENCE ([DEITY_ID], [SPHERE_ID], [ACCESS_LEVEL], [MODE]) VALUES (11, 8,  NULL, NULL);	--Guardian
--INSERT INTO DEITY_SPHERE_OF_INFLUENCE ([DEITY_ID], [SPHERE_ID], [ACCESS_LEVEL], [MODE]) VALUES (11, 9,  NULL, NULL);	--Healing
--INSERT INTO DEITY_SPHERE_OF_INFLUENCE ([DEITY_ID], [SPHERE_ID], [ACCESS_LEVEL], [MODE]) VALUES (11, 10, NULL, NULL);	--Law
--INSERT INTO DEITY_SPHERE_OF_INFLUENCE ([DEITY_ID], [SPHERE_ID], [ACCESS_LEVEL], [MODE]) VALUES (11, 11, NULL, NULL);	--Necromantic
--INSERT INTO DEITY_SPHERE_OF_INFLUENCE ([DEITY_ID], [SPHERE_ID], [ACCESS_LEVEL], [MODE]) VALUES (11, 12, NULL, NULL);	--Numbers
--INSERT INTO DEITY_SPHERE_OF_INFLUENCE ([DEITY_ID], [SPHERE_ID], [ACCESS_LEVEL], [MODE]) VALUES (11, 13, NULL, NULL);	--Plant
--INSERT INTO DEITY_SPHERE_OF_INFLUENCE ([DEITY_ID], [SPHERE_ID], [ACCESS_LEVEL], [MODE]) VALUES (11, 14, NULL, NULL);	--Protection
--INSERT INTO DEITY_SPHERE_OF_INFLUENCE ([DEITY_ID], [SPHERE_ID], [ACCESS_LEVEL], [MODE]) VALUES (11, 15, NULL, NULL);	--Summoning
--INSERT INTO DEITY_SPHERE_OF_INFLUENCE ([DEITY_ID], [SPHERE_ID], [ACCESS_LEVEL], [MODE]) VALUES (11, 16, NULL, NULL);	--Thought
--INSERT INTO DEITY_SPHERE_OF_INFLUENCE ([DEITY_ID], [SPHERE_ID], [ACCESS_LEVEL], [MODE]) VALUES (11, 17, NULL, NULL);	--Time
--INSERT INTO DEITY_SPHERE_OF_INFLUENCE ([DEITY_ID], [SPHERE_ID], [ACCESS_LEVEL], [MODE]) VALUES (11, 18, NULL, NULL);	--Sun
--INSERT INTO DEITY_SPHERE_OF_INFLUENCE ([DEITY_ID], [SPHERE_ID], [ACCESS_LEVEL], [MODE]) VALUES (11, 19, NULL, NULL);	--War
--INSERT INTO DEITY_SPHERE_OF_INFLUENCE ([DEITY_ID], [SPHERE_ID], [ACCESS_LEVEL], [MODE]) VALUES (11, 20, NULL, NULL);	--Wards
--INSERT INTO DEITY_SPHERE_OF_INFLUENCE ([DEITY_ID], [SPHERE_ID], [ACCESS_LEVEL], [MODE]) VALUES (11, 21, NULL, NULL);	--Wheather

-- Sune
--INSERT INTO DEITY_SPHERE_OF_INFLUENCE ([DEITY_ID], [SPHERE_ID], [ACCESS_LEVEL], [MODE]) VALUES (12, 0,  NULL, NULL);	--All
--INSERT INTO DEITY_SPHERE_OF_INFLUENCE ([DEITY_ID], [SPHERE_ID], [ACCESS_LEVEL], [MODE]) VALUES (12, 1,  NULL, NULL);	--Animal
--INSERT INTO DEITY_SPHERE_OF_INFLUENCE ([DEITY_ID], [SPHERE_ID], [ACCESS_LEVEL], [MODE]) VALUES (12, 2,  NULL, NULL);	--Astral
--INSERT INTO DEITY_SPHERE_OF_INFLUENCE ([DEITY_ID], [SPHERE_ID], [ACCESS_LEVEL], [MODE]) VALUES (12, 3,  NULL, NULL);	--Charm
--INSERT INTO DEITY_SPHERE_OF_INFLUENCE ([DEITY_ID], [SPHERE_ID], [ACCESS_LEVEL], [MODE]) VALUES (12, 4,  NULL, NULL);	--Combat
--INSERT INTO DEITY_SPHERE_OF_INFLUENCE ([DEITY_ID], [SPHERE_ID], [ACCESS_LEVEL], [MODE]) VALUES (12, 5,  NULL, NULL);	--Creation
--INSERT INTO DEITY_SPHERE_OF_INFLUENCE ([DEITY_ID], [SPHERE_ID], [ACCESS_LEVEL], [MODE]) VALUES (12, 6,  NULL, NULL);	--Divination
--INSERT INTO DEITY_SPHERE_OF_INFLUENCE ([DEITY_ID], [SPHERE_ID], [ACCESS_LEVEL], [MODE]) VALUES (12, 7,  NULL, NULL);	--Elemental
--INSERT INTO DEITY_SPHERE_OF_INFLUENCE ([DEITY_ID], [SPHERE_ID], [ACCESS_LEVEL], [MODE]) VALUES (12, 8,  NULL, NULL);	--Guardian
--INSERT INTO DEITY_SPHERE_OF_INFLUENCE ([DEITY_ID], [SPHERE_ID], [ACCESS_LEVEL], [MODE]) VALUES (12, 9,  NULL, NULL);	--Healing
--INSERT INTO DEITY_SPHERE_OF_INFLUENCE ([DEITY_ID], [SPHERE_ID], [ACCESS_LEVEL], [MODE]) VALUES (12, 10, NULL, NULL);	--Law
--INSERT INTO DEITY_SPHERE_OF_INFLUENCE ([DEITY_ID], [SPHERE_ID], [ACCESS_LEVEL], [MODE]) VALUES (12, 11, NULL, NULL);	--Necromantic
--INSERT INTO DEITY_SPHERE_OF_INFLUENCE ([DEITY_ID], [SPHERE_ID], [ACCESS_LEVEL], [MODE]) VALUES (12, 12, NULL, NULL);	--Numbers
--INSERT INTO DEITY_SPHERE_OF_INFLUENCE ([DEITY_ID], [SPHERE_ID], [ACCESS_LEVEL], [MODE]) VALUES (12, 13, NULL, NULL);	--Plant
--INSERT INTO DEITY_SPHERE_OF_INFLUENCE ([DEITY_ID], [SPHERE_ID], [ACCESS_LEVEL], [MODE]) VALUES (12, 14, NULL, NULL);	--Protection
--INSERT INTO DEITY_SPHERE_OF_INFLUENCE ([DEITY_ID], [SPHERE_ID], [ACCESS_LEVEL], [MODE]) VALUES (12, 15, NULL, NULL);	--Summoning
--INSERT INTO DEITY_SPHERE_OF_INFLUENCE ([DEITY_ID], [SPHERE_ID], [ACCESS_LEVEL], [MODE]) VALUES (12, 16, NULL, NULL);	--Thought
--INSERT INTO DEITY_SPHERE_OF_INFLUENCE ([DEITY_ID], [SPHERE_ID], [ACCESS_LEVEL], [MODE]) VALUES (12, 17, NULL, NULL);	--Time
--INSERT INTO DEITY_SPHERE_OF_INFLUENCE ([DEITY_ID], [SPHERE_ID], [ACCESS_LEVEL], [MODE]) VALUES (12, 18, NULL, NULL);	--Sun
--INSERT INTO DEITY_SPHERE_OF_INFLUENCE ([DEITY_ID], [SPHERE_ID], [ACCESS_LEVEL], [MODE]) VALUES (12, 19, NULL, NULL);	--War
--INSERT INTO DEITY_SPHERE_OF_INFLUENCE ([DEITY_ID], [SPHERE_ID], [ACCESS_LEVEL], [MODE]) VALUES (12, 20, NULL, NULL);	--Wards
--INSERT INTO DEITY_SPHERE_OF_INFLUENCE ([DEITY_ID], [SPHERE_ID], [ACCESS_LEVEL], [MODE]) VALUES (12, 21, NULL, NULL);	--Wheather

-- Talos
--INSERT INTO DEITY_SPHERE_OF_INFLUENCE ([DEITY_ID], [SPHERE_ID], [ACCESS_LEVEL], [MODE]) VALUES (13, 0,  NULL, NULL);	--All
--INSERT INTO DEITY_SPHERE_OF_INFLUENCE ([DEITY_ID], [SPHERE_ID], [ACCESS_LEVEL], [MODE]) VALUES (13, 1,  NULL, NULL);	--Animal
--INSERT INTO DEITY_SPHERE_OF_INFLUENCE ([DEITY_ID], [SPHERE_ID], [ACCESS_LEVEL], [MODE]) VALUES (13, 2,  NULL, NULL);	--Astral
--INSERT INTO DEITY_SPHERE_OF_INFLUENCE ([DEITY_ID], [SPHERE_ID], [ACCESS_LEVEL], [MODE]) VALUES (13, 3,  NULL, NULL);	--Charm
--INSERT INTO DEITY_SPHERE_OF_INFLUENCE ([DEITY_ID], [SPHERE_ID], [ACCESS_LEVEL], [MODE]) VALUES (13, 4,  NULL, NULL);	--Combat
--INSERT INTO DEITY_SPHERE_OF_INFLUENCE ([DEITY_ID], [SPHERE_ID], [ACCESS_LEVEL], [MODE]) VALUES (13, 5,  NULL, NULL);	--Creation
--INSERT INTO DEITY_SPHERE_OF_INFLUENCE ([DEITY_ID], [SPHERE_ID], [ACCESS_LEVEL], [MODE]) VALUES (13, 6,  NULL, NULL);	--Divination
--INSERT INTO DEITY_SPHERE_OF_INFLUENCE ([DEITY_ID], [SPHERE_ID], [ACCESS_LEVEL], [MODE]) VALUES (13, 7,  NULL, NULL);	--Elemental
--INSERT INTO DEITY_SPHERE_OF_INFLUENCE ([DEITY_ID], [SPHERE_ID], [ACCESS_LEVEL], [MODE]) VALUES (13, 8,  NULL, NULL);	--Guardian
--INSERT INTO DEITY_SPHERE_OF_INFLUENCE ([DEITY_ID], [SPHERE_ID], [ACCESS_LEVEL], [MODE]) VALUES (13, 9,  NULL, NULL);	--Healing
--INSERT INTO DEITY_SPHERE_OF_INFLUENCE ([DEITY_ID], [SPHERE_ID], [ACCESS_LEVEL], [MODE]) VALUES (13, 10, NULL, NULL);	--Law
--INSERT INTO DEITY_SPHERE_OF_INFLUENCE ([DEITY_ID], [SPHERE_ID], [ACCESS_LEVEL], [MODE]) VALUES (13, 11, NULL, NULL);	--Necromantic
--INSERT INTO DEITY_SPHERE_OF_INFLUENCE ([DEITY_ID], [SPHERE_ID], [ACCESS_LEVEL], [MODE]) VALUES (13, 12, NULL, NULL);	--Numbers
--INSERT INTO DEITY_SPHERE_OF_INFLUENCE ([DEITY_ID], [SPHERE_ID], [ACCESS_LEVEL], [MODE]) VALUES (13, 13, NULL, NULL);	--Plant
--INSERT INTO DEITY_SPHERE_OF_INFLUENCE ([DEITY_ID], [SPHERE_ID], [ACCESS_LEVEL], [MODE]) VALUES (13, 14, NULL, NULL);	--Protection
--INSERT INTO DEITY_SPHERE_OF_INFLUENCE ([DEITY_ID], [SPHERE_ID], [ACCESS_LEVEL], [MODE]) VALUES (13, 15, NULL, NULL);	--Summoning
--INSERT INTO DEITY_SPHERE_OF_INFLUENCE ([DEITY_ID], [SPHERE_ID], [ACCESS_LEVEL], [MODE]) VALUES (13, 16, NULL, NULL);	--Thought
--INSERT INTO DEITY_SPHERE_OF_INFLUENCE ([DEITY_ID], [SPHERE_ID], [ACCESS_LEVEL], [MODE]) VALUES (13, 17, NULL, NULL);	--Time
--INSERT INTO DEITY_SPHERE_OF_INFLUENCE ([DEITY_ID], [SPHERE_ID], [ACCESS_LEVEL], [MODE]) VALUES (13, 18, NULL, NULL);	--Sun
--INSERT INTO DEITY_SPHERE_OF_INFLUENCE ([DEITY_ID], [SPHERE_ID], [ACCESS_LEVEL], [MODE]) VALUES (13, 19, NULL, NULL);	--War
--INSERT INTO DEITY_SPHERE_OF_INFLUENCE ([DEITY_ID], [SPHERE_ID], [ACCESS_LEVEL], [MODE]) VALUES (13, 20, NULL, NULL);	--Wards
--INSERT INTO DEITY_SPHERE_OF_INFLUENCE ([DEITY_ID], [SPHERE_ID], [ACCESS_LEVEL], [MODE]) VALUES (13, 21, NULL, NULL);	--Wheather

-- Torm
--INSERT INTO DEITY_SPHERE_OF_INFLUENCE ([DEITY_ID], [SPHERE_ID], [ACCESS_LEVEL], [MODE]) VALUES (14, 0,  NULL, NULL);	--All
--INSERT INTO DEITY_SPHERE_OF_INFLUENCE ([DEITY_ID], [SPHERE_ID], [ACCESS_LEVEL], [MODE]) VALUES (14, 1,  NULL, NULL);	--Animal
--INSERT INTO DEITY_SPHERE_OF_INFLUENCE ([DEITY_ID], [SPHERE_ID], [ACCESS_LEVEL], [MODE]) VALUES (14, 2,  NULL, NULL);	--Astral
--INSERT INTO DEITY_SPHERE_OF_INFLUENCE ([DEITY_ID], [SPHERE_ID], [ACCESS_LEVEL], [MODE]) VALUES (14, 3,  NULL, NULL);	--Charm
--INSERT INTO DEITY_SPHERE_OF_INFLUENCE ([DEITY_ID], [SPHERE_ID], [ACCESS_LEVEL], [MODE]) VALUES (14, 4,  NULL, NULL);	--Combat
--INSERT INTO DEITY_SPHERE_OF_INFLUENCE ([DEITY_ID], [SPHERE_ID], [ACCESS_LEVEL], [MODE]) VALUES (14, 5,  NULL, NULL);	--Creation
--INSERT INTO DEITY_SPHERE_OF_INFLUENCE ([DEITY_ID], [SPHERE_ID], [ACCESS_LEVEL], [MODE]) VALUES (14, 6,  NULL, NULL);	--Divination
--INSERT INTO DEITY_SPHERE_OF_INFLUENCE ([DEITY_ID], [SPHERE_ID], [ACCESS_LEVEL], [MODE]) VALUES (14, 7,  NULL, NULL);	--Elemental
--INSERT INTO DEITY_SPHERE_OF_INFLUENCE ([DEITY_ID], [SPHERE_ID], [ACCESS_LEVEL], [MODE]) VALUES (14, 8,  NULL, NULL);	--Guardian
--INSERT INTO DEITY_SPHERE_OF_INFLUENCE ([DEITY_ID], [SPHERE_ID], [ACCESS_LEVEL], [MODE]) VALUES (14, 9,  NULL, NULL);	--Healing
--INSERT INTO DEITY_SPHERE_OF_INFLUENCE ([DEITY_ID], [SPHERE_ID], [ACCESS_LEVEL], [MODE]) VALUES (14, 10, NULL, NULL);	--Law
--INSERT INTO DEITY_SPHERE_OF_INFLUENCE ([DEITY_ID], [SPHERE_ID], [ACCESS_LEVEL], [MODE]) VALUES (14, 11, NULL, NULL);	--Necromantic
--INSERT INTO DEITY_SPHERE_OF_INFLUENCE ([DEITY_ID], [SPHERE_ID], [ACCESS_LEVEL], [MODE]) VALUES (14, 12, NULL, NULL);	--Numbers
--INSERT INTO DEITY_SPHERE_OF_INFLUENCE ([DEITY_ID], [SPHERE_ID], [ACCESS_LEVEL], [MODE]) VALUES (14, 13, NULL, NULL);	--Plant
--INSERT INTO DEITY_SPHERE_OF_INFLUENCE ([DEITY_ID], [SPHERE_ID], [ACCESS_LEVEL], [MODE]) VALUES (14, 14, NULL, NULL);	--Protection
--INSERT INTO DEITY_SPHERE_OF_INFLUENCE ([DEITY_ID], [SPHERE_ID], [ACCESS_LEVEL], [MODE]) VALUES (14, 15, NULL, NULL);	--Summoning
--INSERT INTO DEITY_SPHERE_OF_INFLUENCE ([DEITY_ID], [SPHERE_ID], [ACCESS_LEVEL], [MODE]) VALUES (14, 16, NULL, NULL);	--Thought
--INSERT INTO DEITY_SPHERE_OF_INFLUENCE ([DEITY_ID], [SPHERE_ID], [ACCESS_LEVEL], [MODE]) VALUES (14, 17, NULL, NULL);	--Time
--INSERT INTO DEITY_SPHERE_OF_INFLUENCE ([DEITY_ID], [SPHERE_ID], [ACCESS_LEVEL], [MODE]) VALUES (14, 18, NULL, NULL);	--Sun
--INSERT INTO DEITY_SPHERE_OF_INFLUENCE ([DEITY_ID], [SPHERE_ID], [ACCESS_LEVEL], [MODE]) VALUES (14, 19, NULL, NULL);	--War
--INSERT INTO DEITY_SPHERE_OF_INFLUENCE ([DEITY_ID], [SPHERE_ID], [ACCESS_LEVEL], [MODE]) VALUES (14, 20, NULL, NULL);	--Wards
--INSERT INTO DEITY_SPHERE_OF_INFLUENCE ([DEITY_ID], [SPHERE_ID], [ACCESS_LEVEL], [MODE]) VALUES (14, 21, NULL, NULL);	--Wheather

-- Cyric
--INSERT INTO DEITY_SPHERE_OF_INFLUENCE ([DEITY_ID], [SPHERE_ID], [ACCESS_LEVEL], [MODE]) VALUES (15, 0,  NULL, NULL);	--All
--INSERT INTO DEITY_SPHERE_OF_INFLUENCE ([DEITY_ID], [SPHERE_ID], [ACCESS_LEVEL], [MODE]) VALUES (15, 1,  NULL, NULL);	--Animal
--INSERT INTO DEITY_SPHERE_OF_INFLUENCE ([DEITY_ID], [SPHERE_ID], [ACCESS_LEVEL], [MODE]) VALUES (15, 2,  NULL, NULL);	--Astral
--INSERT INTO DEITY_SPHERE_OF_INFLUENCE ([DEITY_ID], [SPHERE_ID], [ACCESS_LEVEL], [MODE]) VALUES (15, 3,  NULL, NULL);	--Charm
--INSERT INTO DEITY_SPHERE_OF_INFLUENCE ([DEITY_ID], [SPHERE_ID], [ACCESS_LEVEL], [MODE]) VALUES (15, 4,  NULL, NULL);	--Combat
--INSERT INTO DEITY_SPHERE_OF_INFLUENCE ([DEITY_ID], [SPHERE_ID], [ACCESS_LEVEL], [MODE]) VALUES (15, 5,  NULL, NULL);	--Creation
--INSERT INTO DEITY_SPHERE_OF_INFLUENCE ([DEITY_ID], [SPHERE_ID], [ACCESS_LEVEL], [MODE]) VALUES (15, 6,  NULL, NULL);	--Divination
--INSERT INTO DEITY_SPHERE_OF_INFLUENCE ([DEITY_ID], [SPHERE_ID], [ACCESS_LEVEL], [MODE]) VALUES (15, 7,  NULL, NULL);	--Elemental
--INSERT INTO DEITY_SPHERE_OF_INFLUENCE ([DEITY_ID], [SPHERE_ID], [ACCESS_LEVEL], [MODE]) VALUES (15, 8,  NULL, NULL);	--Guardian
--INSERT INTO DEITY_SPHERE_OF_INFLUENCE ([DEITY_ID], [SPHERE_ID], [ACCESS_LEVEL], [MODE]) VALUES (15, 9,  NULL, NULL);	--Healing
--INSERT INTO DEITY_SPHERE_OF_INFLUENCE ([DEITY_ID], [SPHERE_ID], [ACCESS_LEVEL], [MODE]) VALUES (15, 10, NULL, NULL);	--Law
--INSERT INTO DEITY_SPHERE_OF_INFLUENCE ([DEITY_ID], [SPHERE_ID], [ACCESS_LEVEL], [MODE]) VALUES (15, 11, NULL, NULL);	--Necromantic
--INSERT INTO DEITY_SPHERE_OF_INFLUENCE ([DEITY_ID], [SPHERE_ID], [ACCESS_LEVEL], [MODE]) VALUES (15, 12, NULL, NULL);	--Numbers
--INSERT INTO DEITY_SPHERE_OF_INFLUENCE ([DEITY_ID], [SPHERE_ID], [ACCESS_LEVEL], [MODE]) VALUES (15, 13, NULL, NULL);	--Plant
--INSERT INTO DEITY_SPHERE_OF_INFLUENCE ([DEITY_ID], [SPHERE_ID], [ACCESS_LEVEL], [MODE]) VALUES (15, 14, NULL, NULL);	--Protection
--INSERT INTO DEITY_SPHERE_OF_INFLUENCE ([DEITY_ID], [SPHERE_ID], [ACCESS_LEVEL], [MODE]) VALUES (15, 15, NULL, NULL);	--Summoning
--INSERT INTO DEITY_SPHERE_OF_INFLUENCE ([DEITY_ID], [SPHERE_ID], [ACCESS_LEVEL], [MODE]) VALUES (15, 16, NULL, NULL);	--Thought
--INSERT INTO DEITY_SPHERE_OF_INFLUENCE ([DEITY_ID], [SPHERE_ID], [ACCESS_LEVEL], [MODE]) VALUES (15, 17, NULL, NULL);	--Time
--INSERT INTO DEITY_SPHERE_OF_INFLUENCE ([DEITY_ID], [SPHERE_ID], [ACCESS_LEVEL], [MODE]) VALUES (15, 18, NULL, NULL);	--Sun
--INSERT INTO DEITY_SPHERE_OF_INFLUENCE ([DEITY_ID], [SPHERE_ID], [ACCESS_LEVEL], [MODE]) VALUES (15, 19, NULL, NULL);	--War
--INSERT INTO DEITY_SPHERE_OF_INFLUENCE ([DEITY_ID], [SPHERE_ID], [ACCESS_LEVEL], [MODE]) VALUES (15, 20, NULL, NULL);	--Wards
--INSERT INTO DEITY_SPHERE_OF_INFLUENCE ([DEITY_ID], [SPHERE_ID], [ACCESS_LEVEL], [MODE]) VALUES (15, 21, NULL, NULL);	--Wheather

-- Corellon
--INSERT INTO DEITY_SPHERE_OF_INFLUENCE ([DEITY_ID], [SPHERE_ID], [ACCESS_LEVEL], [MODE]) VALUES (16, 0,  NULL, NULL);	--All
--INSERT INTO DEITY_SPHERE_OF_INFLUENCE ([DEITY_ID], [SPHERE_ID], [ACCESS_LEVEL], [MODE]) VALUES (16, 1,  NULL, NULL);	--Animal
--INSERT INTO DEITY_SPHERE_OF_INFLUENCE ([DEITY_ID], [SPHERE_ID], [ACCESS_LEVEL], [MODE]) VALUES (16, 2,  NULL, NULL);	--Astral
--INSERT INTO DEITY_SPHERE_OF_INFLUENCE ([DEITY_ID], [SPHERE_ID], [ACCESS_LEVEL], [MODE]) VALUES (16, 3,  NULL, NULL);	--Charm
--INSERT INTO DEITY_SPHERE_OF_INFLUENCE ([DEITY_ID], [SPHERE_ID], [ACCESS_LEVEL], [MODE]) VALUES (16, 4,  NULL, NULL);	--Combat
--INSERT INTO DEITY_SPHERE_OF_INFLUENCE ([DEITY_ID], [SPHERE_ID], [ACCESS_LEVEL], [MODE]) VALUES (16, 5,  NULL, NULL);	--Creation
--INSERT INTO DEITY_SPHERE_OF_INFLUENCE ([DEITY_ID], [SPHERE_ID], [ACCESS_LEVEL], [MODE]) VALUES (16, 6,  NULL, NULL);	--Divination
--INSERT INTO DEITY_SPHERE_OF_INFLUENCE ([DEITY_ID], [SPHERE_ID], [ACCESS_LEVEL], [MODE]) VALUES (16, 7,  NULL, NULL);	--Elemental
--INSERT INTO DEITY_SPHERE_OF_INFLUENCE ([DEITY_ID], [SPHERE_ID], [ACCESS_LEVEL], [MODE]) VALUES (16, 8,  NULL, NULL);	--Guardian
--INSERT INTO DEITY_SPHERE_OF_INFLUENCE ([DEITY_ID], [SPHERE_ID], [ACCESS_LEVEL], [MODE]) VALUES (16, 9,  NULL, NULL);	--Healing
--INSERT INTO DEITY_SPHERE_OF_INFLUENCE ([DEITY_ID], [SPHERE_ID], [ACCESS_LEVEL], [MODE]) VALUES (16, 10, NULL, NULL);	--Law
--INSERT INTO DEITY_SPHERE_OF_INFLUENCE ([DEITY_ID], [SPHERE_ID], [ACCESS_LEVEL], [MODE]) VALUES (16, 11, NULL, NULL);	--Necromantic
--INSERT INTO DEITY_SPHERE_OF_INFLUENCE ([DEITY_ID], [SPHERE_ID], [ACCESS_LEVEL], [MODE]) VALUES (16, 12, NULL, NULL);	--Numbers
--INSERT INTO DEITY_SPHERE_OF_INFLUENCE ([DEITY_ID], [SPHERE_ID], [ACCESS_LEVEL], [MODE]) VALUES (16, 13, NULL, NULL);	--Plant
--INSERT INTO DEITY_SPHERE_OF_INFLUENCE ([DEITY_ID], [SPHERE_ID], [ACCESS_LEVEL], [MODE]) VALUES (16, 14, NULL, NULL);	--Protection
--INSERT INTO DEITY_SPHERE_OF_INFLUENCE ([DEITY_ID], [SPHERE_ID], [ACCESS_LEVEL], [MODE]) VALUES (16, 15, NULL, NULL);	--Summoning
--INSERT INTO DEITY_SPHERE_OF_INFLUENCE ([DEITY_ID], [SPHERE_ID], [ACCESS_LEVEL], [MODE]) VALUES (16, 16, NULL, NULL);	--Thought
--INSERT INTO DEITY_SPHERE_OF_INFLUENCE ([DEITY_ID], [SPHERE_ID], [ACCESS_LEVEL], [MODE]) VALUES (16, 17, NULL, NULL);	--Time
--INSERT INTO DEITY_SPHERE_OF_INFLUENCE ([DEITY_ID], [SPHERE_ID], [ACCESS_LEVEL], [MODE]) VALUES (16, 18, NULL, NULL);	--Sun
--INSERT INTO DEITY_SPHERE_OF_INFLUENCE ([DEITY_ID], [SPHERE_ID], [ACCESS_LEVEL], [MODE]) VALUES (16, 19, NULL, NULL);	--War
--INSERT INTO DEITY_SPHERE_OF_INFLUENCE ([DEITY_ID], [SPHERE_ID], [ACCESS_LEVEL], [MODE]) VALUES (16, 20, NULL, NULL);	--Wards
--INSERT INTO DEITY_SPHERE_OF_INFLUENCE ([DEITY_ID], [SPHERE_ID], [ACCESS_LEVEL], [MODE]) VALUES (16, 21, NULL, NULL);	--Wheather

COMMIT TRANSACTION;

-----------------------------------------------------------------------------------------------------------

