BEGIN TRANSACTION;

INSERT INTO ITEM_HAND_REQUIRED ([ACRONYM], [DESCRIPTION]) VALUES ('N', 'None');
INSERT INTO ITEM_HAND_REQUIRED ([ACRONYM], [DESCRIPTION]) VALUES ('P', 'Primary');
INSERT INTO ITEM_HAND_REQUIRED ([ACRONYM], [DESCRIPTION]) VALUES ('S', 'Secondary');
INSERT INTO ITEM_HAND_REQUIRED ([ACRONYM], [DESCRIPTION]) VALUES ('B', 'Both');

COMMIT TRANSACTION;

-------------------------------------------------------------------------------------------------------------

BEGIN TRANSACTION;

INSERT INTO ITEM_CLASS ([ACRONYM], [DESCRIPTION]) VALUES ('-', 'Common');
INSERT INTO ITEM_CLASS ([ACRONYM], [DESCRIPTION]) VALUES ('C', 'Cursed');
INSERT INTO ITEM_CLASS ([ACRONYM], [DESCRIPTION]) VALUES ('M', 'Magical');
INSERT INTO ITEM_CLASS ([ACRONYM], [DESCRIPTION]) VALUES ('A', 'Artifact');
INSERT INTO ITEM_CLASS ([ACRONYM], [DESCRIPTION]) VALUES ('U', 'Unique');

COMMIT TRANSACTION;

-------------------------------------------------------------------------------------------------------------

BEGIN TRANSACTION;

INSERT INTO EQUIPMENT_TYPE ([ID], [NAME]) VALUES (0, 'Clothing');
INSERT INTO EQUIPMENT_TYPE ([ID], [NAME]) VALUES (1, 'Daily Food and Lodging');
INSERT INTO EQUIPMENT_TYPE ([ID], [NAME]) VALUES (2, 'Household Provisioning');
INSERT INTO EQUIPMENT_TYPE ([ID], [NAME]) VALUES (3, 'Services');
INSERT INTO EQUIPMENT_TYPE ([ID], [NAME]) VALUES (4, 'Transport');
INSERT INTO EQUIPMENT_TYPE ([ID], [NAME]) VALUES (5, 'Animals');
INSERT INTO EQUIPMENT_TYPE ([ID], [NAME]) VALUES (6, 'Tack and Harness');
INSERT INTO EQUIPMENT_TYPE ([ID], [NAME]) VALUES (7, 'Miscellaneous Equipment');
INSERT INTO EQUIPMENT_TYPE ([ID], [NAME]) VALUES (8, 'Armour');
INSERT INTO EQUIPMENT_TYPE ([ID], [NAME]) VALUES (9, 'Weapons');
INSERT INTO EQUIPMENT_TYPE ([ID], [NAME]) VALUES (10, 'Projectiles');

COMMIT TRANSACTION;

-------------------------------------------------------------------------------------------------------------

BEGIN TRANSACTION;

INSERT INTO EQUIPMENT ([ID], [NAME], [TYPE], [COST_COIN], [COST_MIN], [BODY_SLOT]) VALUES (0000, 'Belt', 0, 1, 3, NULL);
INSERT INTO EQUIPMENT ([ID], [NAME], [TYPE], [COST_COIN], [COST_MIN], [BODY_SLOT]) VALUES (0001, 'Boots, riding', 0, 3, 3, NULL);
INSERT INTO EQUIPMENT ([ID], [NAME], [TYPE], [COST_COIN], [COST_MIN], [BODY_SLOT]) VALUES (0002, 'Boots, soft', 0, 3, 1, NULL);
INSERT INTO EQUIPMENT ([ID], [NAME], [TYPE], [COST_COIN], [COST_MIN], [BODY_SLOT]) VALUES (0003, 'Breeches', 0, 3, 2, NULL);
INSERT INTO EQUIPMENT ([ID], [NAME], [TYPE], [COST_COIN], [COST_MIN], [BODY_SLOT]) VALUES (0004, 'Cap', 0, 1, 1, NULL);
INSERT INTO EQUIPMENT ([ID], [NAME], [TYPE], [COST_COIN], [COST_MIN], [BODY_SLOT]) VALUES (0005, 'Cloak, good', 0, 1, 8, NULL);
INSERT INTO EQUIPMENT ([ID], [NAME], [TYPE], [COST_COIN], [COST_MIN], [BODY_SLOT]) VALUES (0006, 'Cloak, fine fur', 0, 3, 50, NULL);
INSERT INTO EQUIPMENT ([ID], [NAME], [TYPE], [COST_COIN], [COST_MIN], [BODY_SLOT]) VALUES (0007, 'Girdle', 0, 3, 3, NULL);
INSERT INTO EQUIPMENT ([ID], [NAME], [TYPE], [COST_COIN], [COST_MIN], [BODY_SLOT]) VALUES (0008, 'Gloves', 0, 3, 1, NULL);
INSERT INTO EQUIPMENT ([ID], [NAME], [TYPE], [COST_COIN], [COST_MIN], [BODY_SLOT]) VALUES (0009, 'Gown, common', 0, 1, 12, NULL);
INSERT INTO EQUIPMENT ([ID], [NAME], [TYPE], [COST_COIN], [COST_MIN], [BODY_SLOT]) VALUES (0010, 'Hose', 0, 3, 2, NULL);
INSERT INTO EQUIPMENT ([ID], [NAME], [TYPE], [COST_COIN], [COST_MIN], [BODY_SLOT]) VALUES (0011, 'Knife sheath', 0, 0, 3, NULL);
INSERT INTO EQUIPMENT ([ID], [NAME], [TYPE], [COST_COIN], [COST_MIN], [BODY_SLOT]) VALUES (0012, 'Mittens', 0, 1, 3, NULL);
INSERT INTO EQUIPMENT ([ID], [NAME], [TYPE], [COST_COIN], [COST_MIN], [BODY_SLOT]) VALUES (0013, 'Pin', 0, 3, 6, NULL);
INSERT INTO EQUIPMENT ([ID], [NAME], [TYPE], [COST_COIN], [COST_MIN], [BODY_SLOT]) VALUES (0014, 'Plain brooch', 0, 3, 10, NULL);
INSERT INTO EQUIPMENT ([ID], [NAME], [TYPE], [COST_COIN], [COST_MIN], [BODY_SLOT]) VALUES (0015, 'Robe, common', 0, 1, 9, NULL);
INSERT INTO EQUIPMENT ([ID], [NAME], [TYPE], [COST_COIN], [COST_MIN], [BODY_SLOT]) VALUES (0016, 'Robe, embroidered', 0, 3, 20, NULL);
INSERT INTO EQUIPMENT ([ID], [NAME], [TYPE], [COST_COIN], [COST_MIN], [BODY_SLOT]) VALUES (0017, 'Sandals', 0, 0, 5, NULL);
INSERT INTO EQUIPMENT ([ID], [NAME], [TYPE], [COST_COIN], [COST_MIN], [BODY_SLOT]) VALUES (0018, 'Sash', 0, 1, 2, NULL);
INSERT INTO EQUIPMENT ([ID], [NAME], [TYPE], [COST_COIN], [COST_MIN], [BODY_SLOT]) VALUES (0019, 'Shoes', 0, 3, 1, NULL);
INSERT INTO EQUIPMENT ([ID], [NAME], [TYPE], [COST_COIN], [COST_MIN], [BODY_SLOT]) VALUES (0020, 'Silk jacket', 0, 3, 80, NULL);
INSERT INTO EQUIPMENT ([ID], [NAME], [TYPE], [COST_COIN], [COST_MIN], [BODY_SLOT]) VALUES (0021, 'Surcoat', 0, 1, 6, NULL);
INSERT INTO EQUIPMENT ([ID], [NAME], [TYPE], [COST_COIN], [COST_MIN], [BODY_SLOT]) VALUES (0022, 'Sword scabbard (hanger, baldric)', 0, 3, 4, NULL);
INSERT INTO EQUIPMENT ([ID], [NAME], [TYPE], [COST_COIN], [COST_MIN], [BODY_SLOT]) VALUES (0023, 'Tabard', 0, 3, 6, NULL);
INSERT INTO EQUIPMENT ([ID], [NAME], [TYPE], [COST_COIN], [COST_MIN], [BODY_SLOT]) VALUES (0024, 'Toga, coarse', 0, 0, 8, NULL);
INSERT INTO EQUIPMENT ([ID], [NAME], [TYPE], [COST_COIN], [COST_MIN], [BODY_SLOT]) VALUES (0025, 'Tunic', 0, 1, 8, NULL);
INSERT INTO EQUIPMENT ([ID], [NAME], [TYPE], [COST_COIN], [COST_MIN], [BODY_SLOT]) VALUES (0026, 'Vest', 0, 1, 6, NULL);

INSERT INTO EQUIPMENT ([ID], [NAME], [TYPE], [COST_COIN], [COST_MIN], [BODY_SLOT]) VALUES (1000, 'Ale (one gallon)', 1, 1, 2, NULL);
INSERT INTO EQUIPMENT ([ID], [NAME], [TYPE], [COST_COIN], [COST_MIN], [BODY_SLOT]) VALUES (1001, 'Banquet (per person)', 1, 3, 10, NULL);
INSERT INTO EQUIPMENT ([ID], [NAME], [TYPE], [COST_COIN], [COST_MIN], [BODY_SLOT]) VALUES (1002, 'Bread', 1, 0, 5, NULL);
INSERT INTO EQUIPMENT ([ID], [NAME], [TYPE], [COST_COIN], [COST_MIN], [BODY_SLOT]) VALUES (1003, 'Cheese', 1, 1, 4, NULL);
INSERT INTO EQUIPMENT ([ID], [NAME], [TYPE], [COST_COIN], [COST_MIN], [BODY_SLOT]) VALUES (1004, 'City rooms (per month, common)', 1, 3, 10, NULL);
INSERT INTO EQUIPMENT ([ID], [NAME], [TYPE], [COST_COIN], [COST_MIN], [BODY_SLOT]) VALUES (1005, 'City rooms (per month, poor)', 1, 1, 6, NULL);
INSERT INTO EQUIPMENT ([ID], [NAME], [TYPE], [COST_COIN], [COST_MIN], [BODY_SLOT]) VALUES (1006, 'Common wine (pitcher)', 1, 1, 2, NULL);
INSERT INTO EQUIPMENT ([ID], [NAME], [TYPE], [COST_COIN], [COST_MIN], [BODY_SLOT]) VALUES (1007, 'Egg or fresh vegetables', 1, 0, 1, NULL);
INSERT INTO EQUIPMENT ([ID], [NAME], [TYPE], [COST_COIN], [COST_MIN], [BODY_SLOT]) VALUES (1008, 'Grain and stabling for horse (daily)', 1, 1, 5, NULL);
INSERT INTO EQUIPMENT ([ID], [NAME], [TYPE], [COST_COIN], [COST_MIN], [BODY_SLOT]) VALUES (1009, 'Honey', 1, 1, 5, NULL);
INSERT INTO EQUIPMENT ([ID], [NAME], [TYPE], [COST_COIN], [COST_MIN], [BODY_SLOT]) VALUES (1010, 'Inn lodging (per day, common)', 1, 1, 5, NULL);
INSERT INTO EQUIPMENT ([ID], [NAME], [TYPE], [COST_COIN], [COST_MIN], [BODY_SLOT]) VALUES (1011, 'Inn lodging (per week, common)', 1, 3, 3, NULL);
INSERT INTO EQUIPMENT ([ID], [NAME], [TYPE], [COST_COIN], [COST_MIN], [BODY_SLOT]) VALUES (1012, 'Inn lodging (per day, poor)', 1, 0, 5, NULL);
INSERT INTO EQUIPMENT ([ID], [NAME], [TYPE], [COST_COIN], [COST_MIN], [BODY_SLOT]) VALUES (1013, 'Inn lodging (per week, poor)', 1, 1, 2, NULL);
INSERT INTO EQUIPMENT ([ID], [NAME], [TYPE], [COST_COIN], [COST_MIN], [BODY_SLOT]) VALUES (1014, 'Meat for one meal', 1, 1, 1, NULL);
INSERT INTO EQUIPMENT ([ID], [NAME], [TYPE], [COST_COIN], [COST_MIN], [BODY_SLOT]) VALUES (1015, 'Meals (per day, good)', 1, 1, 5, NULL);
INSERT INTO EQUIPMENT ([ID], [NAME], [TYPE], [COST_COIN], [COST_MIN], [BODY_SLOT]) VALUES (1016, 'Meals (per day, common)', 1, 1, 3, NULL);
INSERT INTO EQUIPMENT ([ID], [NAME], [TYPE], [COST_COIN], [COST_MIN], [BODY_SLOT]) VALUES (1017, 'Meals (per day, poor)', 1, 1, 1, NULL);
INSERT INTO EQUIPMENT ([ID], [NAME], [TYPE], [COST_COIN], [COST_MIN], [BODY_SLOT]) VALUES (1018, 'Separate latrine for rooms (per month)', 1, 3, 2, NULL);
INSERT INTO EQUIPMENT ([ID], [NAME], [TYPE], [COST_COIN], [COST_MIN], [BODY_SLOT]) VALUES (1019, 'Small beer (per gallon)', 1, 0, 1, NULL);
INSERT INTO EQUIPMENT ([ID], [NAME], [TYPE], [COST_COIN], [COST_MIN], [BODY_SLOT]) VALUES (1020, 'Soup', 1, 0, 5, NULL);

INSERT INTO EQUIPMENT ([ID], [NAME], [TYPE], [COST_COIN], [COST_MIN], [BODY_SLOT]) VALUES (2000, 'Barrel of pickled fish', 2, 3, 3, NULL);
INSERT INTO EQUIPMENT ([ID], [NAME], [TYPE], [COST_COIN], [COST_MIN], [BODY_SLOT]) VALUES (2001, 'Butter (per lb.)', 2, 1, 2, NULL);
INSERT INTO EQUIPMENT ([ID], [NAME], [TYPE], [COST_COIN], [COST_MIN], [BODY_SLOT]) VALUES (2002, 'Coarse sugar (per lb.)', 2, 3, 1, NULL);
INSERT INTO EQUIPMENT ([ID], [NAME], [TYPE], [COST_COIN], [COST_MIN], [BODY_SLOT]) VALUES (2003, 'Dry ration (per week)', 2, 3, 10, 12);
INSERT INTO EQUIPMENT ([ID], [NAME], [TYPE], [COST_COIN], [COST_MIN], [BODY_SLOT]) VALUES (2004, 'Eggs (per 100)', 2, 1, 8, NULL);
INSERT INTO EQUIPMENT ([ID], [NAME], [TYPE], [COST_COIN], [COST_MIN], [BODY_SLOT]) VALUES (2005, 'Eggs (per two dozen)', 2, 1, 2, NULL);
INSERT INTO EQUIPMENT ([ID], [NAME], [TYPE], [COST_COIN], [COST_MIN], [BODY_SLOT]) VALUES (2006, 'Figs (per lb.)', 2, 1, 3, NULL);
INSERT INTO EQUIPMENT ([ID], [NAME], [TYPE], [COST_COIN], [COST_MIN], [BODY_SLOT]) VALUES (2007, 'Firewood (per day)', 2, 0, 1, NULL);
INSERT INTO EQUIPMENT ([ID], [NAME], [TYPE], [COST_COIN], [COST_MIN], [BODY_SLOT]) VALUES (2008, 'Herbs (per lb.)', 2, 0, 5, NULL);
INSERT INTO EQUIPMENT ([ID], [NAME], [TYPE], [COST_COIN], [COST_MIN], [BODY_SLOT]) VALUES (2009, 'Nuts (per lb.)', 2, 3, 1, NULL);
INSERT INTO EQUIPMENT ([ID], [NAME], [TYPE], [COST_COIN], [COST_MIN], [BODY_SLOT]) VALUES (2010, 'Raisins (per lb.)', 2, 1, 2, NULL);
INSERT INTO EQUIPMENT ([ID], [NAME], [TYPE], [COST_COIN], [COST_MIN], [BODY_SLOT]) VALUES (2011, 'Rice (per lb.)', 2, 1, 2, NULL);
INSERT INTO EQUIPMENT ([ID], [NAME], [TYPE], [COST_COIN], [COST_MIN], [BODY_SLOT]) VALUES (2012, 'Salt (per lb.)', 2, 1, 1, NULL);
INSERT INTO EQUIPMENT ([ID], [NAME], [TYPE], [COST_COIN], [COST_MIN], [BODY_SLOT]) VALUES (2013, 'Salted herring (per 100)', 2, 3, 1, NULL);
INSERT INTO EQUIPMENT ([ID], [NAME], [TYPE], [COST_COIN], [COST_MIN], [BODY_SLOT]) VALUES (2014, 'Spice, exotic (per lb.)', 2, 3, 15, NULL);
INSERT INTO EQUIPMENT ([ID], [NAME], [TYPE], [COST_COIN], [COST_MIN], [BODY_SLOT]) VALUES (2015, 'Spice, rare (per lb.)', 2, 3, 2, NULL);
INSERT INTO EQUIPMENT ([ID], [NAME], [TYPE], [COST_COIN], [COST_MIN], [BODY_SLOT]) VALUES (2016, 'Spice, uncommon (per lb.)', 2, 3, 1, NULL);
INSERT INTO EQUIPMENT ([ID], [NAME], [TYPE], [COST_COIN], [COST_MIN], [BODY_SLOT]) VALUES (2017, 'Tun of cider (250 gal)', 2, 3, 8, NULL);
INSERT INTO EQUIPMENT ([ID], [NAME], [TYPE], [COST_COIN], [COST_MIN], [BODY_SLOT]) VALUES (2018, 'Tun of good wine (250 gal)', 2, 3, 20, NULL);

INSERT INTO EQUIPMENT ([ID], [NAME], [TYPE], [COST_COIN], [COST_MIN], [BODY_SLOT]) VALUES (3000, 'Bath', 3, 0, 3, NULL);
INSERT INTO EQUIPMENT ([ID], [NAME], [TYPE], [COST_COIN], [COST_MIN], [BODY_SLOT]) VALUES (3001, 'Clerk per letter', 3, 1, 2, NULL);
INSERT INTO EQUIPMENT ([ID], [NAME], [TYPE], [COST_COIN], [COST_MIN], [BODY_SLOT]) VALUES (3002, 'Doctor, leech or bleeding', 3, 3, 3, NULL);
INSERT INTO EQUIPMENT ([ID], [NAME], [TYPE], [COST_COIN], [COST_MIN], [BODY_SLOT]) VALUES (3003, 'Guide in city (per day)', 3, 1, 2, NULL);
INSERT INTO EQUIPMENT ([ID], [NAME], [TYPE], [COST_COIN], [COST_MIN], [BODY_SLOT]) VALUES (3004, 'Lantern or torchbearer (per night)', 3, 1, 1, NULL);
INSERT INTO EQUIPMENT ([ID], [NAME], [TYPE], [COST_COIN], [COST_MIN], [BODY_SLOT]) VALUES (3005, 'Laundry by load', 3, 0, 1, NULL);
INSERT INTO EQUIPMENT ([ID], [NAME], [TYPE], [COST_COIN], [COST_MIN], [BODY_SLOT]) VALUES (3006, 'Messenger in city (per message)', 3, 1, 1, NULL);
INSERT INTO EQUIPMENT ([ID], [NAME], [TYPE], [COST_COIN], [COST_MIN], [BODY_SLOT]) VALUES (3007, 'Minstrel (per performance)', 3, 3, 3, NULL);
INSERT INTO EQUIPMENT ([ID], [NAME], [TYPE], [COST_COIN], [COST_MIN], [BODY_SLOT]) VALUES (3008, 'Mourner (per funeral)', 3, 1, 2, NULL);
INSERT INTO EQUIPMENT ([ID], [NAME], [TYPE], [COST_COIN], [COST_MIN], [BODY_SLOT]) VALUES (3009, 'Teamster with wagon (per mile)', 3, 1, 1, NULL);

INSERT INTO EQUIPMENT ([ID], [NAME], [TYPE], [COST_COIN], [COST_MIN], [BODY_SLOT]) VALUES (4000, 'Barge', 4, 3, 500, NULL);
INSERT INTO EQUIPMENT ([ID], [NAME], [TYPE], [COST_COIN], [COST_MIN], [BODY_SLOT]) VALUES (4001, 'Canoe, small', 4, 3, 30, NULL);
INSERT INTO EQUIPMENT ([ID], [NAME], [TYPE], [COST_COIN], [COST_MIN], [BODY_SLOT]) VALUES (4002, 'Canoe, war', 4, 3, 50, NULL);
INSERT INTO EQUIPMENT ([ID], [NAME], [TYPE], [COST_COIN], [COST_MIN], [BODY_SLOT]) VALUES (4003, 'Caravel', 4, 3, 10000, NULL);
INSERT INTO EQUIPMENT ([ID], [NAME], [TYPE], [COST_COIN], [COST_MIN], [BODY_SLOT]) VALUES (4004, 'Carriage common', 4, 3, 150, NULL);
INSERT INTO EQUIPMENT ([ID], [NAME], [TYPE], [COST_COIN], [COST_MIN], [BODY_SLOT]) VALUES (4005, 'Carriage, coach/ornamented', 4, 3, 7000, NULL);
INSERT INTO EQUIPMENT ([ID], [NAME], [TYPE], [COST_COIN], [COST_MIN], [BODY_SLOT]) VALUES (4006, 'Chariot, riding', 4, 3, 200, NULL);
INSERT INTO EQUIPMENT ([ID], [NAME], [TYPE], [COST_COIN], [COST_MIN], [BODY_SLOT]) VALUES (4007, 'Chariot, war', 4, 3, 500, NULL);
INSERT INTO EQUIPMENT ([ID], [NAME], [TYPE], [COST_COIN], [COST_MIN], [BODY_SLOT]) VALUES (4008, 'Coaster', 4, 3, 5000, NULL);
INSERT INTO EQUIPMENT ([ID], [NAME], [TYPE], [COST_COIN], [COST_MIN], [BODY_SLOT]) VALUES (4009, 'Cog', 4, 3, 10000, NULL);
INSERT INTO EQUIPMENT ([ID], [NAME], [TYPE], [COST_COIN], [COST_MIN], [BODY_SLOT]) VALUES (4010, 'Curragh', 4, 3, 500, NULL);
INSERT INTO EQUIPMENT ([ID], [NAME], [TYPE], [COST_COIN], [COST_MIN], [BODY_SLOT]) VALUES (4011, 'Drakkar', 4, 3, 25000, NULL);
INSERT INTO EQUIPMENT ([ID], [NAME], [TYPE], [COST_COIN], [COST_MIN], [BODY_SLOT]) VALUES (4012, 'Dromond', 4, 3, 15000, NULL);
INSERT INTO EQUIPMENT ([ID], [NAME], [TYPE], [COST_COIN], [COST_MIN], [BODY_SLOT]) VALUES (4013, 'Galleon', 4, 3, 50000, NULL);
INSERT INTO EQUIPMENT ([ID], [NAME], [TYPE], [COST_COIN], [COST_MIN], [BODY_SLOT]) VALUES (4014, 'Great galley', 4, 3, 30000, NULL);
INSERT INTO EQUIPMENT ([ID], [NAME], [TYPE], [COST_COIN], [COST_MIN], [BODY_SLOT]) VALUES (4015, 'Knarr', 4, 3, 3000, NULL);
INSERT INTO EQUIPMENT ([ID], [NAME], [TYPE], [COST_COIN], [COST_MIN], [BODY_SLOT]) VALUES (4016, 'Long ship', 4, 3, 10000, NULL);
INSERT INTO EQUIPMENT ([ID], [NAME], [TYPE], [COST_COIN], [COST_MIN], [BODY_SLOT]) VALUES (4017, 'Oar, common', 4, 3, 2, NULL);
INSERT INTO EQUIPMENT ([ID], [NAME], [TYPE], [COST_COIN], [COST_MIN], [BODY_SLOT]) VALUES (4018, 'Oar, galley', 4, 3, 10, NULL);
INSERT INTO EQUIPMENT ([ID], [NAME], [TYPE], [COST_COIN], [COST_MIN], [BODY_SLOT]) VALUES (4019, 'Raft or small keelboat', 4, 3, 100, NULL);
INSERT INTO EQUIPMENT ([ID], [NAME], [TYPE], [COST_COIN], [COST_MIN], [BODY_SLOT]) VALUES (4020, 'Sail', 4, 3, 20, NULL);
INSERT INTO EQUIPMENT ([ID], [NAME], [TYPE], [COST_COIN], [COST_MIN], [BODY_SLOT]) VALUES (4021, 'Sedan chair', 4, 3, 100, NULL);
INSERT INTO EQUIPMENT ([ID], [NAME], [TYPE], [COST_COIN], [COST_MIN], [BODY_SLOT]) VALUES (4022, 'Wagon or cart wheel', 4, 3, 5, NULL);

INSERT INTO EQUIPMENT ([ID], [NAME], [TYPE], [COST_COIN], [COST_MIN], [BODY_SLOT]) VALUES (5000, 'Boar', 5, 3, 10, NULL);
INSERT INTO EQUIPMENT ([ID], [NAME], [TYPE], [COST_COIN], [COST_MIN], [BODY_SLOT]) VALUES (5001, 'Bull', 5, 3, 20, NULL);
INSERT INTO EQUIPMENT ([ID], [NAME], [TYPE], [COST_COIN], [COST_MIN], [BODY_SLOT]) VALUES (5002, 'Calf', 5, 3, 5, NULL);
INSERT INTO EQUIPMENT ([ID], [NAME], [TYPE], [COST_COIN], [COST_MIN], [BODY_SLOT]) VALUES (5003, 'Camel', 5, 3, 50, NULL);
INSERT INTO EQUIPMENT ([ID], [NAME], [TYPE], [COST_COIN], [COST_MIN], [BODY_SLOT]) VALUES (5004, 'Capon', 5, 0, 3, NULL);
INSERT INTO EQUIPMENT ([ID], [NAME], [TYPE], [COST_COIN], [COST_MIN], [BODY_SLOT]) VALUES (5005, 'Cat', 5, 1, 1, NULL);
INSERT INTO EQUIPMENT ([ID], [NAME], [TYPE], [COST_COIN], [COST_MIN], [BODY_SLOT]) VALUES (5006, 'Chicken', 5, 0, 2, NULL);
INSERT INTO EQUIPMENT ([ID], [NAME], [TYPE], [COST_COIN], [COST_MIN], [BODY_SLOT]) VALUES (5007, 'Cow', 5, 3, 10, NULL);
INSERT INTO EQUIPMENT ([ID], [NAME], [TYPE], [COST_COIN], [COST_MIN], [BODY_SLOT]) VALUES (5008, 'Dog, guard', 5, 3, 25, NULL);
INSERT INTO EQUIPMENT ([ID], [NAME], [TYPE], [COST_COIN], [COST_MIN], [BODY_SLOT]) VALUES (5009, 'Dog, hunting', 5, 3, 17, NULL);
INSERT INTO EQUIPMENT ([ID], [NAME], [TYPE], [COST_COIN], [COST_MIN], [BODY_SLOT]) VALUES (5010, 'Dog, war', 5, 3, 20, NULL);
INSERT INTO EQUIPMENT ([ID], [NAME], [TYPE], [COST_COIN], [COST_MIN], [BODY_SLOT]) VALUES (5011, 'Donkey, mule or ass', 5, 3, 8, NULL);
INSERT INTO EQUIPMENT ([ID], [NAME], [TYPE], [COST_COIN], [COST_MIN], [BODY_SLOT]) VALUES (5012, 'Elephant, labour', 5, 3, 200, NULL);
INSERT INTO EQUIPMENT ([ID], [NAME], [TYPE], [COST_COIN], [COST_MIN], [BODY_SLOT]) VALUES (5013, 'Elephant, war', 5, 3, 500, NULL);
INSERT INTO EQUIPMENT ([ID], [NAME], [TYPE], [COST_COIN], [COST_MIN], [BODY_SLOT]) VALUES (5014, 'Falcon (trained)', 5, 3, 1000, NULL);
INSERT INTO EQUIPMENT ([ID], [NAME], [TYPE], [COST_COIN], [COST_MIN], [BODY_SLOT]) VALUES (5015, 'Goat', 5, 3, 1, NULL);
INSERT INTO EQUIPMENT ([ID], [NAME], [TYPE], [COST_COIN], [COST_MIN], [BODY_SLOT]) VALUES (5016, 'Goose', 5, 0, 5, NULL);
INSERT INTO EQUIPMENT ([ID], [NAME], [TYPE], [COST_COIN], [COST_MIN], [BODY_SLOT]) VALUES (5017, 'Guinea hen', 5, 0, 2, NULL);
INSERT INTO EQUIPMENT ([ID], [NAME], [TYPE], [COST_COIN], [COST_MIN], [BODY_SLOT]) VALUES (5018, 'Horse, draft', 5, 3, 200, NULL);
INSERT INTO EQUIPMENT ([ID], [NAME], [TYPE], [COST_COIN], [COST_MIN], [BODY_SLOT]) VALUES (5019, 'Horse, heavy_war', 5, 3, 400, NULL);
INSERT INTO EQUIPMENT ([ID], [NAME], [TYPE], [COST_COIN], [COST_MIN], [BODY_SLOT]) VALUES (5020, 'Horse, light_war', 5, 3, 150, NULL);
INSERT INTO EQUIPMENT ([ID], [NAME], [TYPE], [COST_COIN], [COST_MIN], [BODY_SLOT]) VALUES (5021, 'Horse, medium_war', 5, 3, 225, NULL);
INSERT INTO EQUIPMENT ([ID], [NAME], [TYPE], [COST_COIN], [COST_MIN], [BODY_SLOT]) VALUES (5022, 'Horse, riding', 5, 3, 75, NULL);
INSERT INTO EQUIPMENT ([ID], [NAME], [TYPE], [COST_COIN], [COST_MIN], [BODY_SLOT]) VALUES (5023, 'Hunting cat (jaguar)', 5, 3, 5000, NULL);
INSERT INTO EQUIPMENT ([ID], [NAME], [TYPE], [COST_COIN], [COST_MIN], [BODY_SLOT]) VALUES (5024, 'Ox', 5, 3, 15, NULL);
INSERT INTO EQUIPMENT ([ID], [NAME], [TYPE], [COST_COIN], [COST_MIN], [BODY_SLOT]) VALUES (5025, 'Partridge', 5, 0, 5, NULL);
INSERT INTO EQUIPMENT ([ID], [NAME], [TYPE], [COST_COIN], [COST_MIN], [BODY_SLOT]) VALUES (5026, 'Peacock', 5, 1, 5, NULL);
INSERT INTO EQUIPMENT ([ID], [NAME], [TYPE], [COST_COIN], [COST_MIN], [BODY_SLOT]) VALUES (5027, 'Pig', 5, 3, 3, NULL);
INSERT INTO EQUIPMENT ([ID], [NAME], [TYPE], [COST_COIN], [COST_MIN], [BODY_SLOT]) VALUES (5028, 'Pigeon', 5, 0, 1, NULL);
INSERT INTO EQUIPMENT ([ID], [NAME], [TYPE], [COST_COIN], [COST_MIN], [BODY_SLOT]) VALUES (5029, 'Pigeon, homing', 5, 3, 100, NULL);
INSERT INTO EQUIPMENT ([ID], [NAME], [TYPE], [COST_COIN], [COST_MIN], [BODY_SLOT]) VALUES (5030, 'Pony', 5, 3, 30, NULL);
INSERT INTO EQUIPMENT ([ID], [NAME], [TYPE], [COST_COIN], [COST_MIN], [BODY_SLOT]) VALUES (5031, 'Ram', 5, 3, 4, NULL);
INSERT INTO EQUIPMENT ([ID], [NAME], [TYPE], [COST_COIN], [COST_MIN], [BODY_SLOT]) VALUES (5032, 'Sheep', 5, 3, 2, NULL);
INSERT INTO EQUIPMENT ([ID], [NAME], [TYPE], [COST_COIN], [COST_MIN], [BODY_SLOT]) VALUES (5033, 'Songbird', 5, 1, 10, NULL);
INSERT INTO EQUIPMENT ([ID], [NAME], [TYPE], [COST_COIN], [COST_MIN], [BODY_SLOT]) VALUES (5034, 'Swan', 5, 1, 5, NULL);

INSERT INTO EQUIPMENT ([ID], [NAME], [TYPE], [COST_COIN], [COST_MIN], [WEIGHT], [BODY_SLOT]) VALUES (6000, 'Barding, chain', 6, 3, 500, 32, NULL);
INSERT INTO EQUIPMENT ([ID], [NAME], [TYPE], [COST_COIN], [COST_MIN], [WEIGHT], [BODY_SLOT]) VALUES (6001, 'Barding, full plate', 6, 3, 2000, 39, NULL);
INSERT INTO EQUIPMENT ([ID], [NAME], [TYPE], [COST_COIN], [COST_MIN], [WEIGHT], [BODY_SLOT]) VALUES (6002, 'Barding, full scale', 6, 3, 1000, 34, NULL);
INSERT INTO EQUIPMENT ([ID], [NAME], [TYPE], [COST_COIN], [COST_MIN], [WEIGHT], [BODY_SLOT]) VALUES (6003, 'Barding, half brigandine', 6, 3, 500, 20, NULL);
INSERT INTO EQUIPMENT ([ID], [NAME], [TYPE], [COST_COIN], [COST_MIN], [WEIGHT], [BODY_SLOT]) VALUES (6004, 'Barding, half padded', 6, 3, 100, 11, NULL);
INSERT INTO EQUIPMENT ([ID], [NAME], [TYPE], [COST_COIN], [COST_MIN], [WEIGHT], [BODY_SLOT]) VALUES (6005, 'Barding, half scale', 6, 3, 500, 23, NULL);
INSERT INTO EQUIPMENT ([ID], [NAME], [TYPE], [COST_COIN], [COST_MIN], [WEIGHT], [BODY_SLOT]) VALUES (6006, 'Barding, leather or padded', 6, 3, 150, 27, NULL);
INSERT INTO EQUIPMENT ([ID], [NAME], [TYPE], [COST_COIN], [COST_MIN], [WEIGHT], [BODY_SLOT]) VALUES (6007, 'Bit and bridle', 6, 1, 15, 1.5, NULL);
INSERT INTO EQUIPMENT ([ID], [NAME], [TYPE], [COST_COIN], [COST_MIN], [WEIGHT], [BODY_SLOT]) VALUES (6008, 'Cart harness', 6, 3, 2, 4.5, NULL);
INSERT INTO EQUIPMENT ([ID], [NAME], [TYPE], [COST_COIN], [COST_MIN], [WEIGHT], [BODY_SLOT]) VALUES (6009, 'Halter', 6, 0, 5, 0.05, NULL);
INSERT INTO EQUIPMENT ([ID], [NAME], [TYPE], [COST_COIN], [COST_MIN], [WEIGHT], [BODY_SLOT]) VALUES (6010, 'Horseshoes and shoeing', 6, 3, 1, 4.5, NULL);
INSERT INTO EQUIPMENT ([ID], [NAME], [TYPE], [COST_COIN], [COST_MIN], [WEIGHT], [BODY_SLOT]) VALUES (6011, 'Saddle, pack', 6, 3, 5, 8, NULL);
INSERT INTO EQUIPMENT ([ID], [NAME], [TYPE], [COST_COIN], [COST_MIN], [WEIGHT], [BODY_SLOT]) VALUES (6012, 'Saddle, riding', 6, 3, 10, 16, NULL);
INSERT INTO EQUIPMENT ([ID], [NAME], [TYPE], [COST_COIN], [COST_MIN], [WEIGHT], [BODY_SLOT]) VALUES (6013, 'Saddle bags, large', 6, 3, 4, 4, NULL);
INSERT INTO EQUIPMENT ([ID], [NAME], [TYPE], [COST_COIN], [COST_MIN], [WEIGHT], [BODY_SLOT]) VALUES (6014, 'Saddle bags, small', 6, 3, 3, 2.5, NULL);
INSERT INTO EQUIPMENT ([ID], [NAME], [TYPE], [COST_COIN], [COST_MIN], [WEIGHT], [BODY_SLOT]) VALUES (6015, 'Saddle blanket', 6, 1, 3, 2, NULL);
INSERT INTO EQUIPMENT ([ID], [NAME], [TYPE], [COST_COIN], [COST_MIN], [WEIGHT], [BODY_SLOT]) VALUES (6016, 'Yoke, horse', 6, 3, 5, 7, NULL);
INSERT INTO EQUIPMENT ([ID], [NAME], [TYPE], [COST_COIN], [COST_MIN], [WEIGHT], [BODY_SLOT]) VALUES (6017, 'Yoke, ox', 6, 3, 3, 9, NULL);

INSERT INTO EQUIPMENT ([ID], [NAME], [TYPE], [COST_COIN], [COST_MIN], [WEIGHT], [BODY_SLOT]) VALUES (7000, 'Backpack', 7, 3, 2, 1, 13);
INSERT INTO EQUIPMENT ([ID], [NAME], [TYPE], [COST_COIN], [COST_MIN], [WEIGHT], [BODY_SLOT]) VALUES (7001, 'Barrel, small', 7, 3, 2, 13.5, NULL);
INSERT INTO EQUIPMENT ([ID], [NAME], [TYPE], [COST_COIN], [COST_MIN], [WEIGHT], [BODY_SLOT]) VALUES (7002, 'Basket, large', 7, 1, 3, 0.5, NULL);
INSERT INTO EQUIPMENT ([ID], [NAME], [TYPE], [COST_COIN], [COST_MIN], [WEIGHT], [BODY_SLOT]) VALUES (7003, 'Basket, small', 7, 0, 5, 0.05, NULL);
INSERT INTO EQUIPMENT ([ID], [NAME], [TYPE], [COST_COIN], [COST_MIN], [WEIGHT], [BODY_SLOT]) VALUES (7004, 'Bell', 7, 3, 1, 0, NULL);
INSERT INTO EQUIPMENT ([ID], [NAME], [TYPE], [COST_COIN], [COST_MIN], [WEIGHT], [BODY_SLOT]) VALUES (7005, 'Belt pouch, large', 7, 3, 1, 0.5, NULL);
INSERT INTO EQUIPMENT ([ID], [NAME], [TYPE], [COST_COIN], [COST_MIN], [WEIGHT], [BODY_SLOT]) VALUES (7006, 'Belt pouch, small', 7, 1, 7, 0, NULL);
INSERT INTO EQUIPMENT ([ID], [NAME], [TYPE], [COST_COIN], [COST_MIN], [WEIGHT], [BODY_SLOT]) VALUES (7007, 'Block or tackle', 7, 3, 5, 2.5, NULL);
INSERT INTO EQUIPMENT ([ID], [NAME], [TYPE], [COST_COIN], [COST_MIN], [WEIGHT], [BODY_SLOT]) VALUES (7008, 'Bolt case', 7, 3, 1, 0.5, NULL);
INSERT INTO EQUIPMENT ([ID], [NAME], [TYPE], [COST_COIN], [COST_MIN], [WEIGHT], [BODY_SLOT]) VALUES (7009, 'Bucket', 7, 1, 5, 1.5, NULL);
INSERT INTO EQUIPMENT ([ID], [NAME], [TYPE], [COST_COIN], [COST_MIN], [WEIGHT], [BODY_SLOT]) VALUES (7010, 'Chain (per 30 cm.), heavy', 7, 3, 4, 1.5, NULL);
INSERT INTO EQUIPMENT ([ID], [NAME], [TYPE], [COST_COIN], [COST_MIN], [WEIGHT], [BODY_SLOT]) VALUES (7011, 'Chain (per 30 cm.), light', 7, 3, 3, 0.5, NULL);
INSERT INTO EQUIPMENT ([ID], [NAME], [TYPE], [COST_COIN], [COST_MIN], [WEIGHT], [BODY_SLOT]) VALUES (7012, 'Chest, large', 7, 3, 2, 11, NULL);
INSERT INTO EQUIPMENT ([ID], [NAME], [TYPE], [COST_COIN], [COST_MIN], [WEIGHT], [BODY_SLOT]) VALUES (7013, 'Chest, small', 7, 3, 1, 4.5, NULL);
INSERT INTO EQUIPMENT ([ID], [NAME], [TYPE], [COST_COIN], [COST_MIN], [WEIGHT], [BODY_SLOT]) VALUES (7014, 'Cloth (per 10 mq.), common', 7, 3, 7, 4.5, NULL);
INSERT INTO EQUIPMENT ([ID], [NAME], [TYPE], [COST_COIN], [COST_MIN], [WEIGHT], [BODY_SLOT]) VALUES (7015, 'Cloth (per 10 mq.), fine', 7, 3, 50, 4.5, NULL);
INSERT INTO EQUIPMENT ([ID], [NAME], [TYPE], [COST_COIN], [COST_MIN], [WEIGHT], [BODY_SLOT]) VALUES (7016, 'Cloth (per 10 mq.), rich', 7, 3, 100, 4.5, NULL);
INSERT INTO EQUIPMENT ([ID], [NAME], [TYPE], [COST_COIN], [COST_MIN], [WEIGHT], [BODY_SLOT]) VALUES (7017, 'Candle', 7, 0, 1, 0.05, NULL);
INSERT INTO EQUIPMENT ([ID], [NAME], [TYPE], [COST_COIN], [COST_MIN], [WEIGHT], [BODY_SLOT]) VALUES (7018, 'Canvas (per mq.)', 7, 1, 4, 0.5, NULL);
INSERT INTO EQUIPMENT ([ID], [NAME], [TYPE], [COST_COIN], [COST_MIN], [WEIGHT], [BODY_SLOT]) VALUES (7019, 'Chalk', 7, 0, 1, 0.05, NULL);
INSERT INTO EQUIPMENT ([ID], [NAME], [TYPE], [COST_COIN], [COST_MIN], [WEIGHT], [BODY_SLOT]) VALUES (7020, 'Crampons', 7, 3, 4, 1, NULL);
INSERT INTO EQUIPMENT ([ID], [NAME], [TYPE], [COST_COIN], [COST_MIN], [WEIGHT], [BODY_SLOT]) VALUES (7021, 'Fishhook', 7, 1, 1, 0.005, NULL);
INSERT INTO EQUIPMENT ([ID], [NAME], [TYPE], [COST_COIN], [COST_MIN], [WEIGHT], [BODY_SLOT]) VALUES (7022, 'Fishing net (per 3 mq.)', 7, 3, 4, 2.5, NULL);
INSERT INTO EQUIPMENT ([ID], [NAME], [TYPE], [COST_COIN], [COST_MIN], [WEIGHT], [BODY_SLOT]) VALUES (7023, 'Flint and steel', 7, 1, 5, 0.05, NULL);
INSERT INTO EQUIPMENT ([ID], [NAME], [TYPE], [COST_COIN], [COST_MIN], [WEIGHT], [BODY_SLOT]) VALUES (7024, 'Glass bottle', 7, 3, 10, 0.05, NULL);
INSERT INTO EQUIPMENT ([ID], [NAME], [TYPE], [COST_COIN], [COST_MIN], [WEIGHT], [BODY_SLOT]) VALUES (7025, 'Grappling hook', 7, 1, 8, 2, NULL);
INSERT INTO EQUIPMENT ([ID], [NAME], [TYPE], [COST_COIN], [COST_MIN], [WEIGHT], [BODY_SLOT]) VALUES (7026, 'Holy item (symbol, water)', 7, 3, 25, 0.05, NULL);
INSERT INTO EQUIPMENT ([ID], [NAME], [TYPE], [COST_COIN], [COST_MIN], [WEIGHT], [BODY_SLOT]) VALUES (7027, 'Hourglass', 7, 3, 25, 0.5, NULL);
INSERT INTO EQUIPMENT ([ID], [NAME], [TYPE], [COST_COIN], [COST_MIN], [WEIGHT], [BODY_SLOT]) VALUES (7028, 'Iron pot', 7, 1, 5, 1, NULL);
INSERT INTO EQUIPMENT ([ID], [NAME], [TYPE], [COST_COIN], [COST_MIN], [WEIGHT], [BODY_SLOT]) VALUES (7029, 'Ladder (3 m)', 7, 0, 5, 9, NULL);
INSERT INTO EQUIPMENT ([ID], [NAME], [TYPE], [COST_COIN], [COST_MIN], [WEIGHT], [BODY_SLOT]) VALUES (7030, 'Lantern, beacon', 7, 3, 150, 22.5, NULL);
INSERT INTO EQUIPMENT ([ID], [NAME], [TYPE], [COST_COIN], [COST_MIN], [WEIGHT], [BODY_SLOT]) VALUES (7031, 'Lantern, bullseye', 7, 3, 12, 1.5, NULL);
INSERT INTO EQUIPMENT ([ID], [NAME], [TYPE], [COST_COIN], [COST_MIN], [WEIGHT], [BODY_SLOT]) VALUES (7032, 'Lantern, hooded', 7, 3, 7, 1, NULL);
INSERT INTO EQUIPMENT ([ID], [NAME], [TYPE], [COST_COIN], [COST_MIN], [WEIGHT], [BODY_SLOT]) VALUES (7033, 'Lock, good', 7, 3, 100, 0.5, NULL);
INSERT INTO EQUIPMENT ([ID], [NAME], [TYPE], [COST_COIN], [COST_MIN], [WEIGHT], [BODY_SLOT]) VALUES (7034, 'Lock, poor', 7, 3, 20, 0.5, NULL);
INSERT INTO EQUIPMENT ([ID], [NAME], [TYPE], [COST_COIN], [COST_MIN], [WEIGHT], [BODY_SLOT]) VALUES (7035, 'Magnifying glass', 7, 3, 100, 0.05, NULL);
INSERT INTO EQUIPMENT ([ID], [NAME], [TYPE], [COST_COIN], [COST_MIN], [WEIGHT], [BODY_SLOT]) VALUES (7036, 'Map or scroll case', 7, 1, 8, 0.3, NULL);
INSERT INTO EQUIPMENT ([ID], [NAME], [TYPE], [COST_COIN], [COST_MIN], [WEIGHT], [BODY_SLOT]) VALUES (7037, 'Merchant''s scale', 7, 3, 2, 0.5, NULL);
INSERT INTO EQUIPMENT ([ID], [NAME], [TYPE], [COST_COIN], [COST_MIN], [WEIGHT], [BODY_SLOT]) VALUES (7038, 'Mirror, small metal', 7, 3, 10, 0.05, NULL);
INSERT INTO EQUIPMENT ([ID], [NAME], [TYPE], [COST_COIN], [COST_MIN], [COST_MAX], [WEIGHT], [BODY_SLOT]) VALUES (7039, 'Musical instrument', 7, 3, 5, 100, 1.5, NULL);
INSERT INTO EQUIPMENT ([ID], [NAME], [TYPE], [COST_COIN], [COST_MIN], [WEIGHT], [BODY_SLOT]) VALUES (7040, 'Oil (per flask), greek fire', 7, 3, 10, 1, NULL);
INSERT INTO EQUIPMENT ([ID], [NAME], [TYPE], [COST_COIN], [COST_MIN], [WEIGHT], [BODY_SLOT]) VALUES (7041, 'Oil (per flask), lamp', 7, 0, 6, 0.5, NULL);
INSERT INTO EQUIPMENT ([ID], [NAME], [TYPE], [COST_COIN], [COST_MIN], [WEIGHT], [BODY_SLOT]) VALUES (7042, 'Paper (per sheet)', 7, 3, 2, 0.005, NULL);
INSERT INTO EQUIPMENT ([ID], [NAME], [TYPE], [COST_COIN], [COST_MIN], [WEIGHT], [BODY_SLOT]) VALUES (7043, 'Papyrus (per sheet)', 7, 1, 8, 0.005, NULL);
INSERT INTO EQUIPMENT ([ID], [NAME], [TYPE], [COST_COIN], [COST_MIN], [WEIGHT], [BODY_SLOT]) VALUES (7044, 'Parchment (per sheet)', 7, 3, 1, 0.005, NULL);
INSERT INTO EQUIPMENT ([ID], [NAME], [TYPE], [COST_COIN], [COST_MIN], [WEIGHT], [BODY_SLOT]) VALUES (7045, 'Perfume (per vial)', 7, 3, 5, 0.05, NULL);
INSERT INTO EQUIPMENT ([ID], [NAME], [TYPE], [COST_COIN], [COST_MIN], [WEIGHT], [BODY_SLOT]) VALUES (7046, 'Piton', 7, 0, 3, 0.5, NULL);
INSERT INTO EQUIPMENT ([ID], [NAME], [TYPE], [COST_COIN], [COST_MIN], [WEIGHT], [BODY_SLOT]) VALUES (7047, 'Quiver', 7, 1, 8, 0.5, 14);
INSERT INTO EQUIPMENT ([ID], [NAME], [TYPE], [COST_COIN], [COST_MIN], [WEIGHT], [BODY_SLOT]) VALUES (7048, 'Rope (per 15 m.), hemp', 7, 3, 1, 9, NULL);
INSERT INTO EQUIPMENT ([ID], [NAME], [TYPE], [COST_COIN], [COST_MIN], [WEIGHT], [BODY_SLOT]) VALUES (7049, 'Rope (per 15 m.), silk', 7, 3, 10, 4, NULL);
INSERT INTO EQUIPMENT ([ID], [NAME], [TYPE], [COST_COIN], [COST_MIN], [WEIGHT], [BODY_SLOT]) VALUES (7050, 'Sack, large', 7, 1, 2, 0.5, NULL);
INSERT INTO EQUIPMENT ([ID], [NAME], [TYPE], [COST_COIN], [COST_MIN], [WEIGHT], [BODY_SLOT]) VALUES (7051, 'Sack, small', 7, 0, 5, 0.05, NULL);
INSERT INTO EQUIPMENT ([ID], [NAME], [TYPE], [COST_COIN], [COST_MIN], [WEIGHT], [BODY_SLOT]) VALUES (7052, 'Sealing/candle wax (per kg.)', 7, 3, 1, 0.5, NULL);
INSERT INTO EQUIPMENT ([ID], [NAME], [TYPE], [COST_COIN], [COST_MIN], [WEIGHT], [BODY_SLOT]) VALUES (7053, 'Sewing needle', 7, 1, 0.5, 0.005, NULL);
INSERT INTO EQUIPMENT ([ID], [NAME], [TYPE], [COST_COIN], [COST_MIN], [WEIGHT], [BODY_SLOT]) VALUES (7054, 'Signal whistle', 7, 1, 8, 0.05, NULL);
INSERT INTO EQUIPMENT ([ID], [NAME], [TYPE], [COST_COIN], [COST_MIN], [WEIGHT], [BODY_SLOT]) VALUES (7055, 'Signet ring or personal seal', 7, 3, 5, 0.05, NULL);
INSERT INTO EQUIPMENT ([ID], [NAME], [TYPE], [COST_COIN], [COST_MIN], [WEIGHT], [BODY_SLOT]) VALUES (7056, 'Soap (per 1/2 kg.)', 7, 1, 5, 0.5, NULL);
INSERT INTO EQUIPMENT ([ID], [NAME], [TYPE], [COST_COIN], [COST_MIN], [WEIGHT], [BODY_SLOT]) VALUES (7057, 'Spyglass', 7, 3, 1000, 0.5, NULL);
INSERT INTO EQUIPMENT ([ID], [NAME], [TYPE], [COST_COIN], [COST_MIN], [WEIGHT], [BODY_SLOT]) VALUES (7058, 'Tent large', 7, 3, 25, 9, NULL);
INSERT INTO EQUIPMENT ([ID], [NAME], [TYPE], [COST_COIN], [COST_MIN], [WEIGHT], [BODY_SLOT]) VALUES (7059, 'Tent pavilion', 7, 3, 100, 22.5, NULL);
INSERT INTO EQUIPMENT ([ID], [NAME], [TYPE], [COST_COIN], [COST_MIN], [WEIGHT], [BODY_SLOT]) VALUES (7060, 'Tent small', 7, 3, 5, 4.5, NULL);
INSERT INTO EQUIPMENT ([ID], [NAME], [TYPE], [COST_COIN], [COST_MIN], [WEIGHT], [BODY_SLOT]) VALUES (7061, 'Thieves picks', 7, 3, 15, 0.5, NULL);
INSERT INTO EQUIPMENT ([ID], [NAME], [TYPE], [COST_COIN], [COST_MIN], [WEIGHT], [BODY_SLOT]) VALUES (7062, 'Torch', 7, 0, 1, 0.5, NULL);
INSERT INTO EQUIPMENT ([ID], [NAME], [TYPE], [COST_COIN], [COST_MIN], [WEIGHT], [BODY_SLOT]) VALUES (7063, 'Water clock', 7, 3, 1000, 90, NULL);
INSERT INTO EQUIPMENT ([ID], [NAME], [TYPE], [COST_COIN], [COST_MIN], [WEIGHT], [BODY_SLOT]) VALUES (7064, 'Whetstone', 7, 0, 2, 0.5, NULL);
INSERT INTO EQUIPMENT ([ID], [NAME], [TYPE], [COST_COIN], [COST_MIN], [WEIGHT], [BODY_SLOT]) VALUES (7065, 'Wineskin', 7, 1, 8, 0.5, NULL);
INSERT INTO EQUIPMENT ([ID], [NAME], [TYPE], [COST_COIN], [COST_MIN], [WEIGHT], [BODY_SLOT]) VALUES (7066, 'Winter blanket', 7, 1, 5, 1.5, NULL);
INSERT INTO EQUIPMENT ([ID], [NAME], [TYPE], [COST_COIN], [COST_MIN], [WEIGHT], [BODY_SLOT]) VALUES (7067, 'Writing ink (per vial)', 7, 3, 8, 0.05, NULL);

INSERT INTO EQUIPMENT ([ID], [NAME], [TYPE], [COST_COIN], [COST_MIN], [COST_MAX], [WEIGHT], [BODY_SLOT]) VALUES (8000, 'Banded mail',			8, 3, 200, NULL, 17.5, NULL);
INSERT INTO EQUIPMENT ([ID], [NAME], [TYPE], [COST_COIN], [COST_MIN], [COST_MAX], [WEIGHT], [BODY_SLOT]) VALUES (8001, 'Brigandine',				8, 3, 120, NULL, 17.5, NULL);
INSERT INTO EQUIPMENT ([ID], [NAME], [TYPE], [COST_COIN], [COST_MIN], [COST_MAX], [WEIGHT], [BODY_SLOT]) VALUES (8002, 'Bronze plate mail',		8, 3, 400, NULL, 22.5, NULL);
INSERT INTO EQUIPMENT ([ID], [NAME], [TYPE], [COST_COIN], [COST_MIN], [COST_MAX], [WEIGHT], [BODY_SLOT]) VALUES (8003, 'Chain mail',				8, 3, 75, NULL, 20, NULL);
INSERT INTO EQUIPMENT ([ID], [NAME], [TYPE], [COST_COIN], [COST_MIN], [COST_MAX], [WEIGHT], [BODY_SLOT]) VALUES (8004, 'Field plate',			8, 3, 2000, NULL, 30, NULL);
INSERT INTO EQUIPMENT ([ID], [NAME], [TYPE], [COST_COIN], [COST_MIN], [COST_MAX], [WEIGHT], [BODY_SLOT]) VALUES (8005, 'Full plate',				8, 3, 4000, 10000, 35, NULL);
INSERT INTO EQUIPMENT ([ID], [NAME], [TYPE], [COST_COIN], [COST_MIN], [COST_MAX], [WEIGHT], [BODY_SLOT]) VALUES (8006, 'Great helm',				8, 3, 30, NULL, 5, NULL);
INSERT INTO EQUIPMENT ([ID], [NAME], [TYPE], [COST_COIN], [COST_MIN], [COST_MAX], [WEIGHT], [BODY_SLOT]) VALUES (8007, 'Basinet',				8, 3, 8, NULL, 2.5, NULL);
INSERT INTO EQUIPMENT ([ID], [NAME], [TYPE], [COST_COIN], [COST_MIN], [COST_MAX], [WEIGHT], [BODY_SLOT]) VALUES (8008, 'Hide',					8, 3, 15, NULL, 15, NULL);
INSERT INTO EQUIPMENT ([ID], [NAME], [TYPE], [COST_COIN], [COST_MIN], [COST_MAX], [WEIGHT], [BODY_SLOT]) VALUES (8009, 'Leather',				8, 3, 5, NULL, 7.5, NULL);
INSERT INTO EQUIPMENT ([ID], [NAME], [TYPE], [COST_COIN], [COST_MIN], [COST_MAX], [WEIGHT], [BODY_SLOT]) VALUES (8010, 'Padded',					8, 3, 4, NULL, 5, NULL);
INSERT INTO EQUIPMENT ([ID], [NAME], [TYPE], [COST_COIN], [COST_MIN], [COST_MAX], [WEIGHT], [BODY_SLOT]) VALUES (8011, 'Plate mail',				8, 3, 600, NULL, 25, NULL);
INSERT INTO EQUIPMENT ([ID], [NAME], [TYPE], [COST_COIN], [COST_MIN], [COST_MAX], [WEIGHT], [BODY_SLOT]) VALUES (8012, 'Ring mail',				8, 3, 100, NULL, 15, NULL);
INSERT INTO EQUIPMENT ([ID], [NAME], [TYPE], [COST_COIN], [COST_MIN], [COST_MAX], [WEIGHT], [BODY_SLOT]) VALUES (8013, 'Scale mail',				8, 3, 120, NULL, 20, NULL);
INSERT INTO EQUIPMENT ([ID], [NAME], [TYPE], [COST_COIN], [COST_MIN], [COST_MAX], [WEIGHT], [BODY_SLOT]) VALUES (8014, 'Body shield',			8, 3, 10, NULL, 7.5, NULL);
INSERT INTO EQUIPMENT ([ID], [NAME], [TYPE], [COST_COIN], [COST_MIN], [COST_MAX], [WEIGHT], [BODY_SLOT]) VALUES (8015, 'Buckler',				8, 3, 1, NULL, 1.5, NULL);
INSERT INTO EQUIPMENT ([ID], [NAME], [TYPE], [COST_COIN], [COST_MIN], [COST_MAX], [WEIGHT], [BODY_SLOT]) VALUES (8016, 'Medium shield',			8, 3, 7, NULL, 5, NULL);
INSERT INTO EQUIPMENT ([ID], [NAME], [TYPE], [COST_COIN], [COST_MIN], [COST_MAX], [WEIGHT], [BODY_SLOT]) VALUES (8017, 'Small shield',			8, 3, 3, NULL, 2.5, NULL);
INSERT INTO EQUIPMENT ([ID], [NAME], [TYPE], [COST_COIN], [COST_MIN], [COST_MAX], [WEIGHT], [BODY_SLOT]) VALUES (8018, 'Splint mail',			8, 3, 80, NULL, 20, NULL);
INSERT INTO EQUIPMENT ([ID], [NAME], [TYPE], [COST_COIN], [COST_MIN], [COST_MAX], [WEIGHT], [BODY_SLOT]) VALUES (8019, 'Studded leather',		8, 3, 20, NULL, 14.5, NULL);
INSERT INTO EQUIPMENT ([ID], [NAME], [TYPE], [COST_COIN], [COST_MIN], [COST_MAX], [WEIGHT], [BODY_SLOT]) VALUES (8020, 'Elven chain mail',		8, 3, 5000, NULL, 1, NULL);

INSERT INTO EQUIPMENT ([ID], [NAME], [TYPE], [COST_COIN], [COST_MIN], [COST_MAX], [WEIGHT], [BODY_SLOT]) VALUES (9000, 'Arquebus',				9, 3, 500, NULL, 4.5, NULL);
INSERT INTO EQUIPMENT ([ID], [NAME], [TYPE], [COST_COIN], [COST_MIN], [COST_MAX], [WEIGHT], [BODY_SLOT]) VALUES (9001, 'Battle Axe',				9, 3, 5, NULL, 3.5, NULL);
INSERT INTO EQUIPMENT ([ID], [NAME], [TYPE], [COST_COIN], [COST_MIN], [COST_MAX], [WEIGHT], [BODY_SLOT]) VALUES (9002, 'Blowgun',				9, 3, 5, NULL, 1, NULL);
INSERT INTO EQUIPMENT ([ID], [NAME], [TYPE], [COST_COIN], [COST_MIN], [COST_MAX], [WEIGHT], [BODY_SLOT]) VALUES (9003, 'Composite long bow',		9, 3, 100, NULL, 1.5, NULL);
INSERT INTO EQUIPMENT ([ID], [NAME], [TYPE], [COST_COIN], [COST_MIN], [COST_MAX], [WEIGHT], [BODY_SLOT]) VALUES (9004, 'Composite short bow',	9, 3, 75, NULL, 1, NULL);
INSERT INTO EQUIPMENT ([ID], [NAME], [TYPE], [COST_COIN], [COST_MIN], [COST_MAX], [WEIGHT], [BODY_SLOT]) VALUES (9005, 'Long bow',				9, 3, 75, NULL, 1.5, NULL);
INSERT INTO EQUIPMENT ([ID], [NAME], [TYPE], [COST_COIN], [COST_MIN], [COST_MAX], [WEIGHT], [BODY_SLOT]) VALUES (9006, 'Short bow',				9, 3, 30, NULL, 1, NULL);
INSERT INTO EQUIPMENT ([ID], [NAME], [TYPE], [COST_COIN], [COST_MIN], [COST_MAX], [WEIGHT], [BODY_SLOT]) VALUES (9007, 'Club',					9, 3, 0, NULL, 1.5, NULL);
INSERT INTO EQUIPMENT ([ID], [NAME], [TYPE], [COST_COIN], [COST_MIN], [COST_MAX], [WEIGHT], [BODY_SLOT]) VALUES (9008, 'Hand crossbow',			9, 3, 300, NULL, 1.5, NULL);
INSERT INTO EQUIPMENT ([ID], [NAME], [TYPE], [COST_COIN], [COST_MIN], [COST_MAX], [WEIGHT], [BODY_SLOT]) VALUES (9009, 'Heavy crossbow',			9, 3, 50, NULL, 7, NULL);
INSERT INTO EQUIPMENT ([ID], [NAME], [TYPE], [COST_COIN], [COST_MIN], [COST_MAX], [WEIGHT], [BODY_SLOT]) VALUES (9010, 'Light crossbow',			9, 3, 35, NULL, 3.5, NULL);
INSERT INTO EQUIPMENT ([ID], [NAME], [TYPE], [COST_COIN], [COST_MIN], [COST_MAX], [WEIGHT], [BODY_SLOT]) VALUES (9011, 'Dagger',					9, 3, 2, NULL, 0.5, NULL);
INSERT INTO EQUIPMENT ([ID], [NAME], [TYPE], [COST_COIN], [COST_MIN], [COST_MAX], [WEIGHT], [BODY_SLOT]) VALUES (9012, 'Dirk',					9, 3, 2, NULL, 0.5, NULL);
INSERT INTO EQUIPMENT ([ID], [NAME], [TYPE], [COST_COIN], [COST_MIN], [COST_MAX], [WEIGHT], [BODY_SLOT]) VALUES (9013, 'Dart',					9, 1, 5, NULL, 0.3, NULL);
INSERT INTO EQUIPMENT ([ID], [NAME], [TYPE], [COST_COIN], [COST_MIN], [COST_MAX], [WEIGHT], [BODY_SLOT]) VALUES (9014, 'Footman''s flail',		9, 3, 15, NULL, 7, NULL);
INSERT INTO EQUIPMENT ([ID], [NAME], [TYPE], [COST_COIN], [COST_MIN], [COST_MAX], [WEIGHT], [BODY_SLOT]) VALUES (9015, 'Footman''s mace',		9, 3, 8, NULL, 4.5, NULL);
INSERT INTO EQUIPMENT ([ID], [NAME], [TYPE], [COST_COIN], [COST_MIN], [COST_MAX], [WEIGHT], [BODY_SLOT]) VALUES (9016, 'Footman''s pick',		9, 3, 8, NULL, 3, NULL);
INSERT INTO EQUIPMENT ([ID], [NAME], [TYPE], [COST_COIN], [COST_MIN], [COST_MAX], [WEIGHT], [BODY_SLOT]) VALUES (9017, 'Hand axe',				9, 3, 1, NULL, 2.5, NULL);
INSERT INTO EQUIPMENT ([ID], [NAME], [TYPE], [COST_COIN], [COST_MIN], [COST_MAX], [WEIGHT], [BODY_SLOT]) VALUES (9018, 'Throwing axe',			9, 3, 1, NULL, 2.5, NULL);
INSERT INTO EQUIPMENT ([ID], [NAME], [TYPE], [COST_COIN], [COST_MIN], [COST_MAX], [WEIGHT], [BODY_SLOT]) VALUES (9019, 'Harpoon',				9, 3, 20, NULL, 3, NULL);
INSERT INTO EQUIPMENT ([ID], [NAME], [TYPE], [COST_COIN], [COST_MIN], [COST_MAX], [WEIGHT], [BODY_SLOT]) VALUES (9020, 'Horseman''s flail',		9, 3, 8, NULL, 5, NULL);
INSERT INTO EQUIPMENT ([ID], [NAME], [TYPE], [COST_COIN], [COST_MIN], [COST_MAX], [WEIGHT], [BODY_SLOT]) VALUES (9021, 'Horseman''s mace',		9, 3, 5, NULL, 3, NULL);
INSERT INTO EQUIPMENT ([ID], [NAME], [TYPE], [COST_COIN], [COST_MIN], [COST_MAX], [WEIGHT], [BODY_SLOT]) VALUES (9022, 'Horseman''s pick',		9, 3, 7, NULL, 2, NULL);
INSERT INTO EQUIPMENT ([ID], [NAME], [TYPE], [COST_COIN], [COST_MIN], [COST_MAX], [WEIGHT], [BODY_SLOT]) VALUES (9023, 'Javelin',				9, 1, 5, NULL, 1, NULL);
INSERT INTO EQUIPMENT ([ID], [NAME], [TYPE], [COST_COIN], [COST_MIN], [COST_MAX], [WEIGHT], [BODY_SLOT]) VALUES (9024, 'Knife',					9, 1, 5, NULL, 0.3, NULL);
INSERT INTO EQUIPMENT ([ID], [NAME], [TYPE], [COST_COIN], [COST_MIN], [COST_MAX], [WEIGHT], [BODY_SLOT]) VALUES (9025, 'Heavy horse lance',		9, 3, 15, NULL, 7, NULL);
INSERT INTO EQUIPMENT ([ID], [NAME], [TYPE], [COST_COIN], [COST_MIN], [COST_MAX], [WEIGHT], [BODY_SLOT]) VALUES (9026, 'Light horse lance',		9, 3, 6, NULL, 2.5, NULL);
INSERT INTO EQUIPMENT ([ID], [NAME], [TYPE], [COST_COIN], [COST_MIN], [COST_MAX], [WEIGHT], [BODY_SLOT]) VALUES (9027, 'Jousting lance',			9, 3, 20, NULL, 9, NULL);
INSERT INTO EQUIPMENT ([ID], [NAME], [TYPE], [COST_COIN], [COST_MIN], [COST_MAX], [WEIGHT], [BODY_SLOT]) VALUES (9028, 'Medium horse lance',		9, 3, 10, NULL, 4.5, NULL);
INSERT INTO EQUIPMENT ([ID], [NAME], [TYPE], [COST_COIN], [COST_MIN], [COST_MAX], [WEIGHT], [BODY_SLOT]) VALUES (9029, 'Mancatcher',				9, 3, 30, NULL, 4, NULL);
INSERT INTO EQUIPMENT ([ID], [NAME], [TYPE], [COST_COIN], [COST_MIN], [COST_MAX], [WEIGHT], [BODY_SLOT]) VALUES (9030, 'Morning star',			9, 3, 10, NULL, 5.5, NULL);
INSERT INTO EQUIPMENT ([ID], [NAME], [TYPE], [COST_COIN], [COST_MIN], [COST_MAX], [WEIGHT], [BODY_SLOT]) VALUES (9031, 'Awl pike',				9, 3, 5, NULL, 5.5, NULL);
INSERT INTO EQUIPMENT ([ID], [NAME], [TYPE], [COST_COIN], [COST_MIN], [COST_MAX], [WEIGHT], [BODY_SLOT]) VALUES (9032, 'Bardiche',				9, 3, 7, NULL, 5.5, NULL);
INSERT INTO EQUIPMENT ([ID], [NAME], [TYPE], [COST_COIN], [COST_MIN], [COST_MAX], [WEIGHT], [BODY_SLOT]) VALUES (9033, 'Bec de corbin',			9, 3, 8, NULL, 4.5, NULL);
INSERT INTO EQUIPMENT ([ID], [NAME], [TYPE], [COST_COIN], [COST_MIN], [COST_MAX], [WEIGHT], [BODY_SLOT]) VALUES (9034, 'Bill-guisarme',			9, 3, 7, NULL, 7, NULL);
INSERT INTO EQUIPMENT ([ID], [NAME], [TYPE], [COST_COIN], [COST_MIN], [COST_MAX], [WEIGHT], [BODY_SLOT]) VALUES (9035, 'Fauchard',				9, 3, 5, NULL, 3.5, NULL);
INSERT INTO EQUIPMENT ([ID], [NAME], [TYPE], [COST_COIN], [COST_MIN], [COST_MAX], [WEIGHT], [BODY_SLOT]) VALUES (9036, 'Fauchard-fork',			9, 3, 8, NULL, 4.5, NULL);
INSERT INTO EQUIPMENT ([ID], [NAME], [TYPE], [COST_COIN], [COST_MIN], [COST_MAX], [WEIGHT], [BODY_SLOT]) VALUES (9037, 'Glaive',					9, 3, 6, NULL, 4, NULL);
INSERT INTO EQUIPMENT ([ID], [NAME], [TYPE], [COST_COIN], [COST_MIN], [COST_MAX], [WEIGHT], [BODY_SLOT]) VALUES (9038, 'Glaive-guisarme',		9, 3, 10, NULL, 4.5, NULL);
INSERT INTO EQUIPMENT ([ID], [NAME], [TYPE], [COST_COIN], [COST_MIN], [COST_MAX], [WEIGHT], [BODY_SLOT]) VALUES (9039, 'Guisarme',				9, 3, 5, NULL, 4, NULL);
INSERT INTO EQUIPMENT ([ID], [NAME], [TYPE], [COST_COIN], [COST_MIN], [COST_MAX], [WEIGHT], [BODY_SLOT]) VALUES (9040, 'Guisarme-voulge',		9, 3, 8, NULL, 7, NULL);
INSERT INTO EQUIPMENT ([ID], [NAME], [TYPE], [COST_COIN], [COST_MIN], [COST_MAX], [WEIGHT], [BODY_SLOT]) VALUES (9041, 'Halberd',				9, 3, 10, NULL, 7, NULL);
INSERT INTO EQUIPMENT ([ID], [NAME], [TYPE], [COST_COIN], [COST_MIN], [COST_MAX], [WEIGHT], [BODY_SLOT]) VALUES (9042, 'Hook fauchard',			9, 3, 10, NULL, 4.5, NULL);
INSERT INTO EQUIPMENT ([ID], [NAME], [TYPE], [COST_COIN], [COST_MIN], [COST_MAX], [WEIGHT], [BODY_SLOT]) VALUES (9043, 'Lucern hammer',			9, 3, 7, NULL, 7, NULL);
INSERT INTO EQUIPMENT ([ID], [NAME], [TYPE], [COST_COIN], [COST_MIN], [COST_MAX], [WEIGHT], [BODY_SLOT]) VALUES (9044, 'Military fork',			9, 3, 5, NULL, 3.5, NULL);
INSERT INTO EQUIPMENT ([ID], [NAME], [TYPE], [COST_COIN], [COST_MIN], [COST_MAX], [WEIGHT], [BODY_SLOT]) VALUES (9045, 'Partisan',				9, 3, 10, NULL, 4, NULL);
INSERT INTO EQUIPMENT ([ID], [NAME], [TYPE], [COST_COIN], [COST_MIN], [COST_MAX], [WEIGHT], [BODY_SLOT]) VALUES (9046, 'Ranseur',				9, 3, 6, NULL, 3.5, NULL);
INSERT INTO EQUIPMENT ([ID], [NAME], [TYPE], [COST_COIN], [COST_MIN], [COST_MAX], [WEIGHT], [BODY_SLOT]) VALUES (9047, 'Spetum',					9, 3, 5, NULL, 3.5, NULL);
INSERT INTO EQUIPMENT ([ID], [NAME], [TYPE], [COST_COIN], [COST_MIN], [COST_MAX], [WEIGHT], [BODY_SLOT]) VALUES (9048, 'Voulge',					9, 3, 5, NULL, 5.5, NULL);
INSERT INTO EQUIPMENT ([ID], [NAME], [TYPE], [COST_COIN], [COST_MIN], [COST_MAX], [WEIGHT], [BODY_SLOT]) VALUES (9049, 'Quarterstaff',			9, 3, 0, NULL, 2, NULL);
INSERT INTO EQUIPMENT ([ID], [NAME], [TYPE], [COST_COIN], [COST_MIN], [COST_MAX], [WEIGHT], [BODY_SLOT]) VALUES (9050, 'Scourge',				9, 3, 1, NULL, 1, NULL);
INSERT INTO EQUIPMENT ([ID], [NAME], [TYPE], [COST_COIN], [COST_MIN], [COST_MAX], [WEIGHT], [BODY_SLOT]) VALUES (9051, 'Sickle',					9, 1, 6, NULL, 0.5, NULL);
INSERT INTO EQUIPMENT ([ID], [NAME], [TYPE], [COST_COIN], [COST_MIN], [COST_MAX], [WEIGHT], [BODY_SLOT]) VALUES (9052, 'Sling',					9, 0, 5, NULL, 0.1, NULL);
INSERT INTO EQUIPMENT ([ID], [NAME], [TYPE], [COST_COIN], [COST_MIN], [COST_MAX], [WEIGHT], [BODY_SLOT]) VALUES (9053, 'Spear',					9, 1, 8, NULL, 2.5, NULL);
INSERT INTO EQUIPMENT ([ID], [NAME], [TYPE], [COST_COIN], [COST_MIN], [COST_MAX], [WEIGHT], [BODY_SLOT]) VALUES (9054, 'Staff sling',			9, 1, 2, NULL, 1, NULL);
INSERT INTO EQUIPMENT ([ID], [NAME], [TYPE], [COST_COIN], [COST_MIN], [COST_MAX], [WEIGHT], [BODY_SLOT]) VALUES (9055, 'Bastard sword',			9, 3, 25, NULL, 4.5, NULL);
INSERT INTO EQUIPMENT ([ID], [NAME], [TYPE], [COST_COIN], [COST_MIN], [COST_MAX], [WEIGHT], [BODY_SLOT]) VALUES (9056, 'Broad sword',			9, 3, 10, NULL, 2, NULL);
INSERT INTO EQUIPMENT ([ID], [NAME], [TYPE], [COST_COIN], [COST_MIN], [COST_MAX], [WEIGHT], [BODY_SLOT]) VALUES (9057, 'Khopesh',				9, 3, 10, NULL, 3.5, NULL);
INSERT INTO EQUIPMENT ([ID], [NAME], [TYPE], [COST_COIN], [COST_MIN], [COST_MAX], [WEIGHT], [BODY_SLOT]) VALUES (9058, 'Long sword',				9, 3, 15, NULL, 2, NULL);
INSERT INTO EQUIPMENT ([ID], [NAME], [TYPE], [COST_COIN], [COST_MIN], [COST_MAX], [WEIGHT], [BODY_SLOT]) VALUES (9059, 'Scimitar',				9, 3, 15, NULL, 2, NULL);
INSERT INTO EQUIPMENT ([ID], [NAME], [TYPE], [COST_COIN], [COST_MIN], [COST_MAX], [WEIGHT], [BODY_SLOT]) VALUES (9060, 'Short sword',			9, 3, 10, NULL, 1.5, NULL);
INSERT INTO EQUIPMENT ([ID], [NAME], [TYPE], [COST_COIN], [COST_MIN], [COST_MAX], [WEIGHT], [BODY_SLOT]) VALUES (9061, 'Two-handed sword',		9, 3, 50, NULL, 7, NULL);
INSERT INTO EQUIPMENT ([ID], [NAME], [TYPE], [COST_COIN], [COST_MIN], [COST_MAX], [WEIGHT], [BODY_SLOT]) VALUES (9062, 'Trident',				9, 3, 15, NULL, 2.5, NULL);
INSERT INTO EQUIPMENT ([ID], [NAME], [TYPE], [COST_COIN], [COST_MIN], [COST_MAX], [WEIGHT], [BODY_SLOT]) VALUES (9063, 'Warhammer',				9, 3, 2, NULL, 3, NULL);
INSERT INTO EQUIPMENT ([ID], [NAME], [TYPE], [COST_COIN], [COST_MIN], [COST_MAX], [WEIGHT], [BODY_SLOT]) VALUES (9064, 'Whip',					9, 1, 1, NULL, 1, NULL);

INSERT INTO EQUIPMENT ([ID], [NAME], [TYPE], [COST_COIN], [COST_MIN], [COST_MAX], [WEIGHT], [BODY_SLOT]) VALUES (10000, 'Barbed dart',			10, 1, 1, NULL, 0.05, NULL);
INSERT INTO EQUIPMENT ([ID], [NAME], [TYPE], [COST_COIN], [COST_MIN], [COST_MAX], [WEIGHT], [BODY_SLOT]) VALUES (10001, 'Needle',				10, 0, 2, NULL, 0.05, NULL);
INSERT INTO EQUIPMENT ([ID], [NAME], [TYPE], [COST_COIN], [COST_MIN], [COST_MAX], [WEIGHT], [BODY_SLOT]) VALUES (10002, 'Flight arrow',			10, 1, 0.25, NULL, 0.05, 11);
INSERT INTO EQUIPMENT ([ID], [NAME], [TYPE], [COST_COIN], [COST_MIN], [COST_MAX], [WEIGHT], [BODY_SLOT]) VALUES (10003, 'Sheaf arrow',			10, 1, 0.5, NULL, 0.05, 11);
INSERT INTO EQUIPMENT ([ID], [NAME], [TYPE], [COST_COIN], [COST_MIN], [COST_MAX], [WEIGHT], [BODY_SLOT]) VALUES (10004, 'Hand quarrel',			10, 3, 1, NULL, 0.05, 11);
INSERT INTO EQUIPMENT ([ID], [NAME], [TYPE], [COST_COIN], [COST_MIN], [COST_MAX], [WEIGHT], [BODY_SLOT]) VALUES (10005, 'Heavy quarrel',			10, 1, 2, NULL, 0.05, 11);
INSERT INTO EQUIPMENT ([ID], [NAME], [TYPE], [COST_COIN], [COST_MIN], [COST_MAX], [WEIGHT], [BODY_SLOT]) VALUES (10006, 'Light quarrel',			10, 1, 1, NULL, 0.05, 11);
INSERT INTO EQUIPMENT ([ID], [NAME], [TYPE], [COST_COIN], [COST_MIN], [COST_MAX], [WEIGHT], [BODY_SLOT]) VALUES (10007, 'Sling bullet',			10, 0, 1, NULL, 0, NULL);
INSERT INTO EQUIPMENT ([ID], [NAME], [TYPE], [COST_COIN], [COST_MIN], [COST_MAX], [WEIGHT], [BODY_SLOT]) VALUES (10008, 'Sling stone',			10, 0, 0, NULL, 0, NULL);
INSERT INTO EQUIPMENT ([ID], [NAME], [TYPE], [COST_COIN], [COST_MIN], [COST_MAX], [WEIGHT], [BODY_SLOT]) VALUES (10009, 'Gunpowder',				10, 3, 0, NULL, 0.005, NULL);

COMMIT TRANSACTION;

-------------------------------------------------------------------------------------------------------------

BEGIN TRANSACTION;

INSERT INTO WEAPON_TYPE ([ID], [TYPE], [DESCRIPTION]) VALUES (0, '-', 'None');
--INSERT INTO WEAPON_TYPE ([ID], [TYPE], [DESCRIPTION]) VALUES (1, 'T', 'Throwing'); -- Non esiste
INSERT INTO WEAPON_TYPE ([ID], [TYPE], [DESCRIPTION]) VALUES (2, 'B', 'Bludgeoning');
INSERT INTO WEAPON_TYPE ([ID], [TYPE], [DESCRIPTION]) VALUES (4, 'P', 'Piercing');
INSERT INTO WEAPON_TYPE ([ID], [TYPE], [DESCRIPTION]) VALUES (8, 'S', 'Slashing');

COMMIT TRANSACTION;

-------------------------------------------------------------------------------------------------------------

BEGIN TRANSACTION;

INSERT INTO WEAPON_SIZE ([ID], [TYPE], [DESCRIPTION]) VALUES (0, 'S', 'Small');
INSERT INTO WEAPON_SIZE ([ID], [TYPE], [DESCRIPTION]) VALUES (1, 'M', 'Medium');
INSERT INTO WEAPON_SIZE ([ID], [TYPE], [DESCRIPTION]) VALUES (2, 'L', 'Large');
INSERT INTO WEAPON_SIZE ([ID], [TYPE], [DESCRIPTION]) VALUES (3, 'G', 'Giant');
INSERT INTO WEAPON_SIZE ([ID], [TYPE], [DESCRIPTION]) VALUES (4, 'H', 'Huge');

COMMIT TRANSACTION;

-------------------------------------------------------------------------------------------------------------

BEGIN TRANSACTION;

INSERT INTO TARGET_SIZE ([TYPE], [DESCRIPTION]) VALUES ('S', 'Small/Medium');
INSERT INTO TARGET_SIZE ([TYPE], [DESCRIPTION]) VALUES ('L', 'Large');
INSERT INTO TARGET_SIZE ([TYPE], [DESCRIPTION]) VALUES ('A', 'All');

COMMIT TRANSACTION;

-------------------------------------------------------------------------------------------------------------

BEGIN TRANSACTION;

INSERT INTO CLOTHING ([EQUIPMENT_ID], [BODY_SLOT]) VALUES (0,	9);
INSERT INTO CLOTHING ([EQUIPMENT_ID], [BODY_SLOT]) VALUES (1,	7);
INSERT INTO CLOTHING ([EQUIPMENT_ID], [BODY_SLOT]) VALUES (2,	7);
INSERT INTO CLOTHING ([EQUIPMENT_ID], [BODY_SLOT]) VALUES (3,	10);
INSERT INTO CLOTHING ([EQUIPMENT_ID], [BODY_SLOT]) VALUES (4,	0);
INSERT INTO CLOTHING ([EQUIPMENT_ID], [BODY_SLOT]) VALUES (5,	8);
INSERT INTO CLOTHING ([EQUIPMENT_ID], [BODY_SLOT]) VALUES (6,	8);
INSERT INTO CLOTHING ([EQUIPMENT_ID], [BODY_SLOT]) VALUES (7,	9);
INSERT INTO CLOTHING ([EQUIPMENT_ID], [BODY_SLOT]) VALUES (8,	4);
INSERT INTO CLOTHING ([EQUIPMENT_ID], [BODY_SLOT]) VALUES (9,	6);
INSERT INTO CLOTHING ([EQUIPMENT_ID], [BODY_SLOT]) VALUES (10,	10);
INSERT INTO CLOTHING ([EQUIPMENT_ID], [BODY_SLOT]) VALUES (11,	9);
INSERT INTO CLOTHING ([EQUIPMENT_ID], [BODY_SLOT]) VALUES (12,	4);
INSERT INTO CLOTHING ([EQUIPMENT_ID], [BODY_SLOT]) VALUES (13,	6);
INSERT INTO CLOTHING ([EQUIPMENT_ID], [BODY_SLOT]) VALUES (14,	6);
INSERT INTO CLOTHING ([EQUIPMENT_ID], [BODY_SLOT]) VALUES (15,	6);
INSERT INTO CLOTHING ([EQUIPMENT_ID], [BODY_SLOT]) VALUES (16,	6);
INSERT INTO CLOTHING ([EQUIPMENT_ID], [BODY_SLOT]) VALUES (17,	7);
INSERT INTO CLOTHING ([EQUIPMENT_ID], [BODY_SLOT]) VALUES (18,	1);
INSERT INTO CLOTHING ([EQUIPMENT_ID], [BODY_SLOT]) VALUES (19,	7);
INSERT INTO CLOTHING ([EQUIPMENT_ID], [BODY_SLOT]) VALUES (20,	6);
INSERT INTO CLOTHING ([EQUIPMENT_ID], [BODY_SLOT]) VALUES (21,	6);
INSERT INTO CLOTHING ([EQUIPMENT_ID], [BODY_SLOT]) VALUES (22,	9);
INSERT INTO CLOTHING ([EQUIPMENT_ID], [BODY_SLOT]) VALUES (23,	6);
INSERT INTO CLOTHING ([EQUIPMENT_ID], [BODY_SLOT]) VALUES (24,	6);
INSERT INTO CLOTHING ([EQUIPMENT_ID], [BODY_SLOT]) VALUES (25,	6);
INSERT INTO CLOTHING ([EQUIPMENT_ID], [BODY_SLOT]) VALUES (26,	6);

COMMIT TRANSACTION;

-------------------------------------------------------------------------------------------------------------



-------------------------------------------------------------------------------------------------------------

BEGIN TRANSACTION;

INSERT INTO WEAPON_GROUP ([ID], [DESCRIPTION]) VALUES (0, 'Axes');
INSERT INTO WEAPON_GROUP ([ID], [DESCRIPTION]) VALUES (1, 'Bows');
INSERT INTO WEAPON_GROUP ([ID], [DESCRIPTION]) VALUES (2, 'Crossbows');
INSERT INTO WEAPON_GROUP ([ID], [DESCRIPTION]) VALUES (3, 'Dagger');
INSERT INTO WEAPON_GROUP ([ID], [DESCRIPTION]) VALUES (4, 'Poles');
INSERT INTO WEAPON_GROUP ([ID], [DESCRIPTION]) VALUES (5, 'Lances');
INSERT INTO WEAPON_GROUP ([ID], [DESCRIPTION]) VALUES (6, 'Forks');
INSERT INTO WEAPON_GROUP ([ID], [DESCRIPTION]) VALUES (7, 'Maces');
INSERT INTO WEAPON_GROUP ([ID], [DESCRIPTION]) VALUES (8, 'Swords');
INSERT INTO WEAPON_GROUP ([ID], [DESCRIPTION]) VALUES (9, 'Slings');

COMMIT TRANSACTION;

-------------------------------------------------------------------------------------------------------------

BEGIN TRANSACTION;

INSERT INTO WEAPON ([EQUIPMENT_ID], [WEAPON_SIZE], [WEAPON_TYPE], [SPEED_FACTOR], [TARGET_SIZE], [DAMAGE_DICE_NUMBER], [DAMAGE_DIE_FACES], [DAMAGE_MODIFIER], [ATTACK_TYPE], [WEAPON_GROUP]) VALUES (9000, 1, 4, 15, 2, 1, 10, NULL, 5, NULL);
INSERT INTO WEAPON ([EQUIPMENT_ID], [WEAPON_SIZE], [WEAPON_TYPE], [SPEED_FACTOR], [TARGET_SIZE], [DAMAGE_DICE_NUMBER], [DAMAGE_DIE_FACES], [DAMAGE_MODIFIER], [ATTACK_TYPE], [WEAPON_GROUP]) VALUES (9001, 1, 8, 7, 2, 1, 8, NULL, 0, 0);
INSERT INTO WEAPON ([EQUIPMENT_ID], [WEAPON_SIZE], [WEAPON_TYPE], [SPEED_FACTOR], [TARGET_SIZE], [DAMAGE_DICE_NUMBER], [DAMAGE_DIE_FACES], [DAMAGE_MODIFIER], [ATTACK_TYPE], [WEAPON_GROUP]) VALUES (9002, 2, 0, 5, 2, NULL, NULL, NULL, 5, NULL);
INSERT INTO WEAPON ([EQUIPMENT_ID], [WEAPON_SIZE], [WEAPON_TYPE], [SPEED_FACTOR], [TARGET_SIZE], [DAMAGE_DICE_NUMBER], [DAMAGE_DIE_FACES], [DAMAGE_MODIFIER], [ATTACK_TYPE], [WEAPON_GROUP]) VALUES (9003, 2, 0, 7, 2, NULL, NULL, NULL, 2, 1);
INSERT INTO WEAPON ([EQUIPMENT_ID], [WEAPON_SIZE], [WEAPON_TYPE], [SPEED_FACTOR], [TARGET_SIZE], [DAMAGE_DICE_NUMBER], [DAMAGE_DIE_FACES], [DAMAGE_MODIFIER], [ATTACK_TYPE], [WEAPON_GROUP]) VALUES (9004, 1, 0, 6, 2, NULL, NULL, NULL, 1, 1);
INSERT INTO WEAPON ([EQUIPMENT_ID], [WEAPON_SIZE], [WEAPON_TYPE], [SPEED_FACTOR], [TARGET_SIZE], [DAMAGE_DICE_NUMBER], [DAMAGE_DIE_FACES], [DAMAGE_MODIFIER], [ATTACK_TYPE], [WEAPON_GROUP]) VALUES (9005, 2, 0, 8, 2, NULL, NULL, NULL, 2, 1);
INSERT INTO WEAPON ([EQUIPMENT_ID], [WEAPON_SIZE], [WEAPON_TYPE], [SPEED_FACTOR], [TARGET_SIZE], [DAMAGE_DICE_NUMBER], [DAMAGE_DIE_FACES], [DAMAGE_MODIFIER], [ATTACK_TYPE], [WEAPON_GROUP]) VALUES (9006, 1, 0, 7, 2, NULL, NULL, NULL, 1, 1);
INSERT INTO WEAPON ([EQUIPMENT_ID], [WEAPON_SIZE], [WEAPON_TYPE], [SPEED_FACTOR], [TARGET_SIZE], [DAMAGE_DICE_NUMBER], [DAMAGE_DIE_FACES], [DAMAGE_MODIFIER], [ATTACK_TYPE], [WEAPON_GROUP]) VALUES (9007, 1, 2, 4, 0, 1, 6, NULL, 0, 7);
INSERT INTO WEAPON ([EQUIPMENT_ID], [WEAPON_SIZE], [WEAPON_TYPE], [SPEED_FACTOR], [TARGET_SIZE], [DAMAGE_DICE_NUMBER], [DAMAGE_DIE_FACES], [DAMAGE_MODIFIER], [ATTACK_TYPE], [WEAPON_GROUP]) VALUES (9007, 1, 2, 4, 1, 1, 3, NULL, 0, 7);
INSERT INTO WEAPON ([EQUIPMENT_ID], [WEAPON_SIZE], [WEAPON_TYPE], [SPEED_FACTOR], [TARGET_SIZE], [DAMAGE_DICE_NUMBER], [DAMAGE_DIE_FACES], [DAMAGE_MODIFIER], [ATTACK_TYPE], [WEAPON_GROUP]) VALUES (9008, 0, 0, 5, 2, NULL, NULL, NULL, 5, 2);
INSERT INTO WEAPON ([EQUIPMENT_ID], [WEAPON_SIZE], [WEAPON_TYPE], [SPEED_FACTOR], [TARGET_SIZE], [DAMAGE_DICE_NUMBER], [DAMAGE_DIE_FACES], [DAMAGE_MODIFIER], [ATTACK_TYPE], [WEAPON_GROUP]) VALUES (9009, 1, 0, 10, 2, NULL, NULL, NULL, 5, 2);
INSERT INTO WEAPON ([EQUIPMENT_ID], [WEAPON_SIZE], [WEAPON_TYPE], [SPEED_FACTOR], [TARGET_SIZE], [DAMAGE_DICE_NUMBER], [DAMAGE_DIE_FACES], [DAMAGE_MODIFIER], [ATTACK_TYPE], [WEAPON_GROUP]) VALUES (9010, 1, 0, 7, 2, NULL, NULL, NULL, 5, 2);
INSERT INTO WEAPON ([EQUIPMENT_ID], [WEAPON_SIZE], [WEAPON_TYPE], [SPEED_FACTOR], [TARGET_SIZE], [DAMAGE_DICE_NUMBER], [DAMAGE_DIE_FACES], [DAMAGE_MODIFIER], [ATTACK_TYPE], [WEAPON_GROUP]) VALUES (9011, 0, 4, 2, 0, 1, 4, NULL, 0, 3);
INSERT INTO WEAPON ([EQUIPMENT_ID], [WEAPON_SIZE], [WEAPON_TYPE], [SPEED_FACTOR], [TARGET_SIZE], [DAMAGE_DICE_NUMBER], [DAMAGE_DIE_FACES], [DAMAGE_MODIFIER], [ATTACK_TYPE], [WEAPON_GROUP]) VALUES (9011, 0, 4, 2, 1, 1, 3, NULL, 0, 3);
INSERT INTO WEAPON ([EQUIPMENT_ID], [WEAPON_SIZE], [WEAPON_TYPE], [SPEED_FACTOR], [TARGET_SIZE], [DAMAGE_DICE_NUMBER], [DAMAGE_DIE_FACES], [DAMAGE_MODIFIER], [ATTACK_TYPE], [WEAPON_GROUP]) VALUES (9012, 0, 4, 2, 0, 1, 4, NULL, 0, 3);
INSERT INTO WEAPON ([EQUIPMENT_ID], [WEAPON_SIZE], [WEAPON_TYPE], [SPEED_FACTOR], [TARGET_SIZE], [DAMAGE_DICE_NUMBER], [DAMAGE_DIE_FACES], [DAMAGE_MODIFIER], [ATTACK_TYPE], [WEAPON_GROUP]) VALUES (9012, 0, 4, 2, 1, 1, 3, NULL, 0, 3);
INSERT INTO WEAPON ([EQUIPMENT_ID], [WEAPON_SIZE], [WEAPON_TYPE], [SPEED_FACTOR], [TARGET_SIZE], [DAMAGE_DICE_NUMBER], [DAMAGE_DIE_FACES], [DAMAGE_MODIFIER], [ATTACK_TYPE], [WEAPON_GROUP]) VALUES (9013, 0, 4, 2, 0, 1, 4, NULL, 0, NULL);
INSERT INTO WEAPON ([EQUIPMENT_ID], [WEAPON_SIZE], [WEAPON_TYPE], [SPEED_FACTOR], [TARGET_SIZE], [DAMAGE_DICE_NUMBER], [DAMAGE_DIE_FACES], [DAMAGE_MODIFIER], [ATTACK_TYPE], [WEAPON_GROUP]) VALUES (9013, 0, 4, 2, 1, 1, 3, NULL, 0, NULL);
INSERT INTO WEAPON ([EQUIPMENT_ID], [WEAPON_SIZE], [WEAPON_TYPE], [SPEED_FACTOR], [TARGET_SIZE], [DAMAGE_DICE_NUMBER], [DAMAGE_DIE_FACES], [DAMAGE_MODIFIER], [ATTACK_TYPE], [WEAPON_GROUP]) VALUES (9014, 1, 2, 7, 0, 1, 6, 1, 0, 7);
INSERT INTO WEAPON ([EQUIPMENT_ID], [WEAPON_SIZE], [WEAPON_TYPE], [SPEED_FACTOR], [TARGET_SIZE], [DAMAGE_DICE_NUMBER], [DAMAGE_DIE_FACES], [DAMAGE_MODIFIER], [ATTACK_TYPE], [WEAPON_GROUP]) VALUES (9014, 1, 2, 7, 1, 2, 4, NULL, 0, 7);
INSERT INTO WEAPON ([EQUIPMENT_ID], [WEAPON_SIZE], [WEAPON_TYPE], [SPEED_FACTOR], [TARGET_SIZE], [DAMAGE_DICE_NUMBER], [DAMAGE_DIE_FACES], [DAMAGE_MODIFIER], [ATTACK_TYPE], [WEAPON_GROUP]) VALUES (9015, 1, 2, 7, 0, 1, 6, 1, 0, 7);
INSERT INTO WEAPON ([EQUIPMENT_ID], [WEAPON_SIZE], [WEAPON_TYPE], [SPEED_FACTOR], [TARGET_SIZE], [DAMAGE_DICE_NUMBER], [DAMAGE_DIE_FACES], [DAMAGE_MODIFIER], [ATTACK_TYPE], [WEAPON_GROUP]) VALUES (9015, 1, 2, 7, 1, 1, 6, NULL, 0, 7);
INSERT INTO WEAPON ([EQUIPMENT_ID], [WEAPON_SIZE], [WEAPON_TYPE], [SPEED_FACTOR], [TARGET_SIZE], [DAMAGE_DICE_NUMBER], [DAMAGE_DIE_FACES], [DAMAGE_MODIFIER], [ATTACK_TYPE], [WEAPON_GROUP]) VALUES (9016, 1, 4, 7, 0, 1, 6, 1, 0, 4);
INSERT INTO WEAPON ([EQUIPMENT_ID], [WEAPON_SIZE], [WEAPON_TYPE], [SPEED_FACTOR], [TARGET_SIZE], [DAMAGE_DICE_NUMBER], [DAMAGE_DIE_FACES], [DAMAGE_MODIFIER], [ATTACK_TYPE], [WEAPON_GROUP]) VALUES (9016, 1, 4, 7, 1, 2, 4, NULL, 0, 4);
INSERT INTO WEAPON ([EQUIPMENT_ID], [WEAPON_SIZE], [WEAPON_TYPE], [SPEED_FACTOR], [TARGET_SIZE], [DAMAGE_DICE_NUMBER], [DAMAGE_DIE_FACES], [DAMAGE_MODIFIER], [ATTACK_TYPE], [WEAPON_GROUP]) VALUES (9017, 1, 8, 4, 0, 1, 6, NULL, 0, 0);
INSERT INTO WEAPON ([EQUIPMENT_ID], [WEAPON_SIZE], [WEAPON_TYPE], [SPEED_FACTOR], [TARGET_SIZE], [DAMAGE_DICE_NUMBER], [DAMAGE_DIE_FACES], [DAMAGE_MODIFIER], [ATTACK_TYPE], [WEAPON_GROUP]) VALUES (9017, 1, 8, 4, 1, 1, 4, NULL, 0, 0);
INSERT INTO WEAPON ([EQUIPMENT_ID], [WEAPON_SIZE], [WEAPON_TYPE], [SPEED_FACTOR], [TARGET_SIZE], [DAMAGE_DICE_NUMBER], [DAMAGE_DIE_FACES], [DAMAGE_MODIFIER], [ATTACK_TYPE], [WEAPON_GROUP]) VALUES (9018, 1, 8, 4, 0, 1, 6, NULL, 5, 0);
INSERT INTO WEAPON ([EQUIPMENT_ID], [WEAPON_SIZE], [WEAPON_TYPE], [SPEED_FACTOR], [TARGET_SIZE], [DAMAGE_DICE_NUMBER], [DAMAGE_DIE_FACES], [DAMAGE_MODIFIER], [ATTACK_TYPE], [WEAPON_GROUP]) VALUES (9018, 1, 8, 4, 1, 1, 4, NULL, 5, 0);
INSERT INTO WEAPON ([EQUIPMENT_ID], [WEAPON_SIZE], [WEAPON_TYPE], [SPEED_FACTOR], [TARGET_SIZE], [DAMAGE_DICE_NUMBER], [DAMAGE_DIE_FACES], [DAMAGE_MODIFIER], [ATTACK_TYPE], [WEAPON_GROUP]) VALUES (9019, 2, 4, 7, 0, 2, 4, NULL, 5, 5);
INSERT INTO WEAPON ([EQUIPMENT_ID], [WEAPON_SIZE], [WEAPON_TYPE], [SPEED_FACTOR], [TARGET_SIZE], [DAMAGE_DICE_NUMBER], [DAMAGE_DIE_FACES], [DAMAGE_MODIFIER], [ATTACK_TYPE], [WEAPON_GROUP]) VALUES (9019, 2, 4, 7, 1, 2, 6, NULL, 5, 5);
INSERT INTO WEAPON ([EQUIPMENT_ID], [WEAPON_SIZE], [WEAPON_TYPE], [SPEED_FACTOR], [TARGET_SIZE], [DAMAGE_DICE_NUMBER], [DAMAGE_DIE_FACES], [DAMAGE_MODIFIER], [ATTACK_TYPE], [WEAPON_GROUP]) VALUES (9020, 1, 2, 6, 2, 1, 4, 1, 6, 7);
INSERT INTO WEAPON ([EQUIPMENT_ID], [WEAPON_SIZE], [WEAPON_TYPE], [SPEED_FACTOR], [TARGET_SIZE], [DAMAGE_DICE_NUMBER], [DAMAGE_DIE_FACES], [DAMAGE_MODIFIER], [ATTACK_TYPE], [WEAPON_GROUP]) VALUES (9021, 1, 2, 6, 0, 1, 6, NULL, 6, 7);
INSERT INTO WEAPON ([EQUIPMENT_ID], [WEAPON_SIZE], [WEAPON_TYPE], [SPEED_FACTOR], [TARGET_SIZE], [DAMAGE_DICE_NUMBER], [DAMAGE_DIE_FACES], [DAMAGE_MODIFIER], [ATTACK_TYPE], [WEAPON_GROUP]) VALUES (9021, 1, 2, 6, 1, 1, 4, NULL, 6, 7);
INSERT INTO WEAPON ([EQUIPMENT_ID], [WEAPON_SIZE], [WEAPON_TYPE], [SPEED_FACTOR], [TARGET_SIZE], [DAMAGE_DICE_NUMBER], [DAMAGE_DIE_FACES], [DAMAGE_MODIFIER], [ATTACK_TYPE], [WEAPON_GROUP]) VALUES (9022, 1, 4, 5, 0, 1, 4, 1, 6, 4);
INSERT INTO WEAPON ([EQUIPMENT_ID], [WEAPON_SIZE], [WEAPON_TYPE], [SPEED_FACTOR], [TARGET_SIZE], [DAMAGE_DICE_NUMBER], [DAMAGE_DIE_FACES], [DAMAGE_MODIFIER], [ATTACK_TYPE], [WEAPON_GROUP]) VALUES (9022, 1, 4, 5, 1, 1, 4, NULL, 6, 4);
INSERT INTO WEAPON ([EQUIPMENT_ID], [WEAPON_SIZE], [WEAPON_TYPE], [SPEED_FACTOR], [TARGET_SIZE], [DAMAGE_DICE_NUMBER], [DAMAGE_DIE_FACES], [DAMAGE_MODIFIER], [ATTACK_TYPE], [WEAPON_GROUP]) VALUES (9023, 1, 4, 4, 2, 1, 6, NULL, 5, 5);
INSERT INTO WEAPON ([EQUIPMENT_ID], [WEAPON_SIZE], [WEAPON_TYPE], [SPEED_FACTOR], [TARGET_SIZE], [DAMAGE_DICE_NUMBER], [DAMAGE_DIE_FACES], [DAMAGE_MODIFIER], [ATTACK_TYPE], [WEAPON_GROUP]) VALUES (9024, 0, 12, 2, 0, 1, 3, NULL, 0, 3);
INSERT INTO WEAPON ([EQUIPMENT_ID], [WEAPON_SIZE], [WEAPON_TYPE], [SPEED_FACTOR], [TARGET_SIZE], [DAMAGE_DICE_NUMBER], [DAMAGE_DIE_FACES], [DAMAGE_MODIFIER], [ATTACK_TYPE], [WEAPON_GROUP]) VALUES (9024, 0, 12, 2, 1, 1, 2, NULL, 0, 3);
INSERT INTO WEAPON ([EQUIPMENT_ID], [WEAPON_SIZE], [WEAPON_TYPE], [SPEED_FACTOR], [TARGET_SIZE], [DAMAGE_DICE_NUMBER], [DAMAGE_DIE_FACES], [DAMAGE_MODIFIER], [ATTACK_TYPE], [WEAPON_GROUP]) VALUES (9025, 2, 4, 8, 0, 1, 8, 1, 6, 5);
INSERT INTO WEAPON ([EQUIPMENT_ID], [WEAPON_SIZE], [WEAPON_TYPE], [SPEED_FACTOR], [TARGET_SIZE], [DAMAGE_DICE_NUMBER], [DAMAGE_DIE_FACES], [DAMAGE_MODIFIER], [ATTACK_TYPE], [WEAPON_GROUP]) VALUES (9025, 2, 4, 8, 1, 3, 6, NULL, 6, 5);
INSERT INTO WEAPON ([EQUIPMENT_ID], [WEAPON_SIZE], [WEAPON_TYPE], [SPEED_FACTOR], [TARGET_SIZE], [DAMAGE_DICE_NUMBER], [DAMAGE_DIE_FACES], [DAMAGE_MODIFIER], [ATTACK_TYPE], [WEAPON_GROUP]) VALUES (9026, 2, 4, 6, 0, 1, 6, NULL, 6, 5);
INSERT INTO WEAPON ([EQUIPMENT_ID], [WEAPON_SIZE], [WEAPON_TYPE], [SPEED_FACTOR], [TARGET_SIZE], [DAMAGE_DICE_NUMBER], [DAMAGE_DIE_FACES], [DAMAGE_MODIFIER], [ATTACK_TYPE], [WEAPON_GROUP]) VALUES (9026, 2, 4, 6, 1, 1, 8, NULL, 6, 5);
INSERT INTO WEAPON ([EQUIPMENT_ID], [WEAPON_SIZE], [WEAPON_TYPE], [SPEED_FACTOR], [TARGET_SIZE], [DAMAGE_DICE_NUMBER], [DAMAGE_DIE_FACES], [DAMAGE_MODIFIER], [ATTACK_TYPE], [WEAPON_GROUP]) VALUES (9027, 2, 4, 10, 0, 1, 3, -1, 6, 5);
INSERT INTO WEAPON ([EQUIPMENT_ID], [WEAPON_SIZE], [WEAPON_TYPE], [SPEED_FACTOR], [TARGET_SIZE], [DAMAGE_DICE_NUMBER], [DAMAGE_DIE_FACES], [DAMAGE_MODIFIER], [ATTACK_TYPE], [WEAPON_GROUP]) VALUES (9027, 2, 4, 10, 1, 1, 2, -1, 6, 5);
INSERT INTO WEAPON ([EQUIPMENT_ID], [WEAPON_SIZE], [WEAPON_TYPE], [SPEED_FACTOR], [TARGET_SIZE], [DAMAGE_DICE_NUMBER], [DAMAGE_DIE_FACES], [DAMAGE_MODIFIER], [ATTACK_TYPE], [WEAPON_GROUP]) VALUES (9028, 2, 4, 7, 0, 1, 6, 1, 6, 5);
INSERT INTO WEAPON ([EQUIPMENT_ID], [WEAPON_SIZE], [WEAPON_TYPE], [SPEED_FACTOR], [TARGET_SIZE], [DAMAGE_DICE_NUMBER], [DAMAGE_DIE_FACES], [DAMAGE_MODIFIER], [ATTACK_TYPE], [WEAPON_GROUP]) VALUES (9028, 2, 4, 7, 2, 2, 4, NULL, 6, 4);
INSERT INTO WEAPON ([EQUIPMENT_ID], [WEAPON_SIZE], [WEAPON_TYPE], [SPEED_FACTOR], [TARGET_SIZE], [DAMAGE_DICE_NUMBER], [DAMAGE_DIE_FACES], [DAMAGE_MODIFIER], [ATTACK_TYPE], [WEAPON_GROUP]) VALUES (9029, 2, 0, 7, 2, NULL, NULL, NULL, 0, 44);
INSERT INTO WEAPON ([EQUIPMENT_ID], [WEAPON_SIZE], [WEAPON_TYPE], [SPEED_FACTOR], [TARGET_SIZE], [DAMAGE_DICE_NUMBER], [DAMAGE_DIE_FACES], [DAMAGE_MODIFIER], [ATTACK_TYPE], [WEAPON_GROUP]) VALUES (9030, 1, 2, 7, 0, 2, 4, NULL, 0, 7);
INSERT INTO WEAPON ([EQUIPMENT_ID], [WEAPON_SIZE], [WEAPON_TYPE], [SPEED_FACTOR], [TARGET_SIZE], [DAMAGE_DICE_NUMBER], [DAMAGE_DIE_FACES], [DAMAGE_MODIFIER], [ATTACK_TYPE], [WEAPON_GROUP]) VALUES (9030, 1, 2, 7, 1, 1, 6, 1, 0, 7);
INSERT INTO WEAPON ([EQUIPMENT_ID], [WEAPON_SIZE], [WEAPON_TYPE], [SPEED_FACTOR], [TARGET_SIZE], [DAMAGE_DICE_NUMBER], [DAMAGE_DIE_FACES], [DAMAGE_MODIFIER], [ATTACK_TYPE], [WEAPON_GROUP]) VALUES (9031, 2, 4, 13, 0, 1, 6, NULL, 0, 4);
INSERT INTO WEAPON ([EQUIPMENT_ID], [WEAPON_SIZE], [WEAPON_TYPE], [SPEED_FACTOR], [TARGET_SIZE], [DAMAGE_DICE_NUMBER], [DAMAGE_DIE_FACES], [DAMAGE_MODIFIER], [ATTACK_TYPE], [WEAPON_GROUP]) VALUES (9031, 2, 4, 13, 1, 1, 12, NULL, 0, 4);
INSERT INTO WEAPON ([EQUIPMENT_ID], [WEAPON_SIZE], [WEAPON_TYPE], [SPEED_FACTOR], [TARGET_SIZE], [DAMAGE_DICE_NUMBER], [DAMAGE_DIE_FACES], [DAMAGE_MODIFIER], [ATTACK_TYPE], [WEAPON_GROUP]) VALUES (9032, 2, 8, 9, 0, 2, 4, NULL, 0, 4);
INSERT INTO WEAPON ([EQUIPMENT_ID], [WEAPON_SIZE], [WEAPON_TYPE], [SPEED_FACTOR], [TARGET_SIZE], [DAMAGE_DICE_NUMBER], [DAMAGE_DIE_FACES], [DAMAGE_MODIFIER], [ATTACK_TYPE], [WEAPON_GROUP]) VALUES (9032, 2, 8, 9, 1, 2, 6, NULL, 0, 4);
INSERT INTO WEAPON ([EQUIPMENT_ID], [WEAPON_SIZE], [WEAPON_TYPE], [SPEED_FACTOR], [TARGET_SIZE], [DAMAGE_DICE_NUMBER], [DAMAGE_DIE_FACES], [DAMAGE_MODIFIER], [ATTACK_TYPE], [WEAPON_GROUP]) VALUES (9033, 2, 6, 9, 0, 1, 8, NULL, 0, 4);
INSERT INTO WEAPON ([EQUIPMENT_ID], [WEAPON_SIZE], [WEAPON_TYPE], [SPEED_FACTOR], [TARGET_SIZE], [DAMAGE_DICE_NUMBER], [DAMAGE_DIE_FACES], [DAMAGE_MODIFIER], [ATTACK_TYPE], [WEAPON_GROUP]) VALUES (9033, 2, 6, 9, 1, 1, 6, NULL, 0, 4);
INSERT INTO WEAPON ([EQUIPMENT_ID], [WEAPON_SIZE], [WEAPON_TYPE], [SPEED_FACTOR], [TARGET_SIZE], [DAMAGE_DICE_NUMBER], [DAMAGE_DIE_FACES], [DAMAGE_MODIFIER], [ATTACK_TYPE], [WEAPON_GROUP]) VALUES (9034, 2, 12, 10, 0, 2, 4, NULL, 0, 4);
INSERT INTO WEAPON ([EQUIPMENT_ID], [WEAPON_SIZE], [WEAPON_TYPE], [SPEED_FACTOR], [TARGET_SIZE], [DAMAGE_DICE_NUMBER], [DAMAGE_DIE_FACES], [DAMAGE_MODIFIER], [ATTACK_TYPE], [WEAPON_GROUP]) VALUES (9034, 2, 12, 10, 1, 1, 10, NULL, 0, 4);
INSERT INTO WEAPON ([EQUIPMENT_ID], [WEAPON_SIZE], [WEAPON_TYPE], [SPEED_FACTOR], [TARGET_SIZE], [DAMAGE_DICE_NUMBER], [DAMAGE_DIE_FACES], [DAMAGE_MODIFIER], [ATTACK_TYPE], [WEAPON_GROUP]) VALUES (9035, 2, 12, 8, 0, 1, 6, NULL, 0, 4);
INSERT INTO WEAPON ([EQUIPMENT_ID], [WEAPON_SIZE], [WEAPON_TYPE], [SPEED_FACTOR], [TARGET_SIZE], [DAMAGE_DICE_NUMBER], [DAMAGE_DIE_FACES], [DAMAGE_MODIFIER], [ATTACK_TYPE], [WEAPON_GROUP]) VALUES (9035, 2, 12, 8, 1, 1, 8, NULL, 0, 4);
INSERT INTO WEAPON ([EQUIPMENT_ID], [WEAPON_SIZE], [WEAPON_TYPE], [SPEED_FACTOR], [TARGET_SIZE], [DAMAGE_DICE_NUMBER], [DAMAGE_DIE_FACES], [DAMAGE_MODIFIER], [ATTACK_TYPE], [WEAPON_GROUP]) VALUES (9036, 2, 12, 8, 0, 1, 8, NULL, 0, 4);
INSERT INTO WEAPON ([EQUIPMENT_ID], [WEAPON_SIZE], [WEAPON_TYPE], [SPEED_FACTOR], [TARGET_SIZE], [DAMAGE_DICE_NUMBER], [DAMAGE_DIE_FACES], [DAMAGE_MODIFIER], [ATTACK_TYPE], [WEAPON_GROUP]) VALUES (9036, 2, 12, 8, 1, 1, 10, NULL, 0, 4);
INSERT INTO WEAPON ([EQUIPMENT_ID], [WEAPON_SIZE], [WEAPON_TYPE], [SPEED_FACTOR], [TARGET_SIZE], [DAMAGE_DICE_NUMBER], [DAMAGE_DIE_FACES], [DAMAGE_MODIFIER], [ATTACK_TYPE], [WEAPON_GROUP]) VALUES (9037, 2, 8, 8, 0, 1, 6, NULL, 0, 4);
INSERT INTO WEAPON ([EQUIPMENT_ID], [WEAPON_SIZE], [WEAPON_TYPE], [SPEED_FACTOR], [TARGET_SIZE], [DAMAGE_DICE_NUMBER], [DAMAGE_DIE_FACES], [DAMAGE_MODIFIER], [ATTACK_TYPE], [WEAPON_GROUP]) VALUES (9037, 2, 8, 8, 1, 1, 10, NULL, 0, 4);
INSERT INTO WEAPON ([EQUIPMENT_ID], [WEAPON_SIZE], [WEAPON_TYPE], [SPEED_FACTOR], [TARGET_SIZE], [DAMAGE_DICE_NUMBER], [DAMAGE_DIE_FACES], [DAMAGE_MODIFIER], [ATTACK_TYPE], [WEAPON_GROUP]) VALUES (9038, 2, 12, 9, 0, 2, 4, NULL, 0, 4);
INSERT INTO WEAPON ([EQUIPMENT_ID], [WEAPON_SIZE], [WEAPON_TYPE], [SPEED_FACTOR], [TARGET_SIZE], [DAMAGE_DICE_NUMBER], [DAMAGE_DIE_FACES], [DAMAGE_MODIFIER], [ATTACK_TYPE], [WEAPON_GROUP]) VALUES (9038, 2, 12, 9, 1, 2, 6, NULL, 0, 4);
INSERT INTO WEAPON ([EQUIPMENT_ID], [WEAPON_SIZE], [WEAPON_TYPE], [SPEED_FACTOR], [TARGET_SIZE], [DAMAGE_DICE_NUMBER], [DAMAGE_DIE_FACES], [DAMAGE_MODIFIER], [ATTACK_TYPE], [WEAPON_GROUP]) VALUES (9039, 2, 8, 8, 0, 2, 4, NULL, 0, 4);
INSERT INTO WEAPON ([EQUIPMENT_ID], [WEAPON_SIZE], [WEAPON_TYPE], [SPEED_FACTOR], [TARGET_SIZE], [DAMAGE_DICE_NUMBER], [DAMAGE_DIE_FACES], [DAMAGE_MODIFIER], [ATTACK_TYPE], [WEAPON_GROUP]) VALUES (9039, 2, 8, 8, 1, 1, 8, NULL, 0, 4);
INSERT INTO WEAPON ([EQUIPMENT_ID], [WEAPON_SIZE], [WEAPON_TYPE], [SPEED_FACTOR], [TARGET_SIZE], [DAMAGE_DICE_NUMBER], [DAMAGE_DIE_FACES], [DAMAGE_MODIFIER], [ATTACK_TYPE], [WEAPON_GROUP]) VALUES (9040, 2, 12, 10, 2, 2, 4, NULL, 0, 4);
INSERT INTO WEAPON ([EQUIPMENT_ID], [WEAPON_SIZE], [WEAPON_TYPE], [SPEED_FACTOR], [TARGET_SIZE], [DAMAGE_DICE_NUMBER], [DAMAGE_DIE_FACES], [DAMAGE_MODIFIER], [ATTACK_TYPE], [WEAPON_GROUP]) VALUES (9041, 2, 12, 9, 0, 1, 10, NULL, 0, 4);
INSERT INTO WEAPON ([EQUIPMENT_ID], [WEAPON_SIZE], [WEAPON_TYPE], [SPEED_FACTOR], [TARGET_SIZE], [DAMAGE_DICE_NUMBER], [DAMAGE_DIE_FACES], [DAMAGE_MODIFIER], [ATTACK_TYPE], [WEAPON_GROUP]) VALUES (9041, 2, 12, 9, 1, 2, 6, NULL, 0, 4);
INSERT INTO WEAPON ([EQUIPMENT_ID], [WEAPON_SIZE], [WEAPON_TYPE], [SPEED_FACTOR], [TARGET_SIZE], [DAMAGE_DICE_NUMBER], [DAMAGE_DIE_FACES], [DAMAGE_MODIFIER], [ATTACK_TYPE], [WEAPON_GROUP]) VALUES (9042, 2, 12, 9, 2, 1, 4, NULL, 0, 4);
INSERT INTO WEAPON ([EQUIPMENT_ID], [WEAPON_SIZE], [WEAPON_TYPE], [SPEED_FACTOR], [TARGET_SIZE], [DAMAGE_DICE_NUMBER], [DAMAGE_DIE_FACES], [DAMAGE_MODIFIER], [ATTACK_TYPE], [WEAPON_GROUP]) VALUES (9043, 2, 12, 9, 0, 2, 4, NULL, 0, 4);
INSERT INTO WEAPON ([EQUIPMENT_ID], [WEAPON_SIZE], [WEAPON_TYPE], [SPEED_FACTOR], [TARGET_SIZE], [DAMAGE_DICE_NUMBER], [DAMAGE_DIE_FACES], [DAMAGE_MODIFIER], [ATTACK_TYPE], [WEAPON_GROUP]) VALUES (9043, 2, 12, 9, 1, 1, 6, NULL, 0, 4);
INSERT INTO WEAPON ([EQUIPMENT_ID], [WEAPON_SIZE], [WEAPON_TYPE], [SPEED_FACTOR], [TARGET_SIZE], [DAMAGE_DICE_NUMBER], [DAMAGE_DIE_FACES], [DAMAGE_MODIFIER], [ATTACK_TYPE], [WEAPON_GROUP]) VALUES (9044, 2, 4, 7, 0, 1, 8, NULL, 0, 4);
INSERT INTO WEAPON ([EQUIPMENT_ID], [WEAPON_SIZE], [WEAPON_TYPE], [SPEED_FACTOR], [TARGET_SIZE], [DAMAGE_DICE_NUMBER], [DAMAGE_DIE_FACES], [DAMAGE_MODIFIER], [ATTACK_TYPE], [WEAPON_GROUP]) VALUES (9044, 2, 4, 7, 1, 2, 4, NULL, 0, 4);
INSERT INTO WEAPON ([EQUIPMENT_ID], [WEAPON_SIZE], [WEAPON_TYPE], [SPEED_FACTOR], [TARGET_SIZE], [DAMAGE_DICE_NUMBER], [DAMAGE_DIE_FACES], [DAMAGE_MODIFIER], [ATTACK_TYPE], [WEAPON_GROUP]) VALUES (9045, 2, 4, 9, 0, 1, 6, NULL, 0, 4);
INSERT INTO WEAPON ([EQUIPMENT_ID], [WEAPON_SIZE], [WEAPON_TYPE], [SPEED_FACTOR], [TARGET_SIZE], [DAMAGE_DICE_NUMBER], [DAMAGE_DIE_FACES], [DAMAGE_MODIFIER], [ATTACK_TYPE], [WEAPON_GROUP]) VALUES (9045, 2, 4, 9, 1, 1, 6, 1, 0, 4);
INSERT INTO WEAPON ([EQUIPMENT_ID], [WEAPON_SIZE], [WEAPON_TYPE], [SPEED_FACTOR], [TARGET_SIZE], [DAMAGE_DICE_NUMBER], [DAMAGE_DIE_FACES], [DAMAGE_MODIFIER], [ATTACK_TYPE], [WEAPON_GROUP]) VALUES (9046, 2, 4, 8, 2, 2, 4, NULL, 0, 4);
INSERT INTO WEAPON ([EQUIPMENT_ID], [WEAPON_SIZE], [WEAPON_TYPE], [SPEED_FACTOR], [TARGET_SIZE], [DAMAGE_DICE_NUMBER], [DAMAGE_DIE_FACES], [DAMAGE_MODIFIER], [ATTACK_TYPE], [WEAPON_GROUP]) VALUES (9047, 2, 4, 8, 0, 1, 6, 1, 0, 4);
INSERT INTO WEAPON ([EQUIPMENT_ID], [WEAPON_SIZE], [WEAPON_TYPE], [SPEED_FACTOR], [TARGET_SIZE], [DAMAGE_DICE_NUMBER], [DAMAGE_DIE_FACES], [DAMAGE_MODIFIER], [ATTACK_TYPE], [WEAPON_GROUP]) VALUES (9047, 2, 4, 8, 1, 2, 6, NULL, 0, 4);
INSERT INTO WEAPON ([EQUIPMENT_ID], [WEAPON_SIZE], [WEAPON_TYPE], [SPEED_FACTOR], [TARGET_SIZE], [DAMAGE_DICE_NUMBER], [DAMAGE_DIE_FACES], [DAMAGE_MODIFIER], [ATTACK_TYPE], [WEAPON_GROUP]) VALUES (9048, 2, 8, 10, 2, 2, 4, NULL, 0, 4);
INSERT INTO WEAPON ([EQUIPMENT_ID], [WEAPON_SIZE], [WEAPON_TYPE], [SPEED_FACTOR], [TARGET_SIZE], [DAMAGE_DICE_NUMBER], [DAMAGE_DIE_FACES], [DAMAGE_MODIFIER], [ATTACK_TYPE], [WEAPON_GROUP]) VALUES (9049, 2, 2, 4, 2, 1, 6, NULL, 0, NULL);
INSERT INTO WEAPON ([EQUIPMENT_ID], [WEAPON_SIZE], [WEAPON_TYPE], [SPEED_FACTOR], [TARGET_SIZE], [DAMAGE_DICE_NUMBER], [DAMAGE_DIE_FACES], [DAMAGE_MODIFIER], [ATTACK_TYPE], [WEAPON_GROUP]) VALUES (9050, 0, 0, 5, 0, 1, 4, NULL, 0, NULL);
INSERT INTO WEAPON ([EQUIPMENT_ID], [WEAPON_SIZE], [WEAPON_TYPE], [SPEED_FACTOR], [TARGET_SIZE], [DAMAGE_DICE_NUMBER], [DAMAGE_DIE_FACES], [DAMAGE_MODIFIER], [ATTACK_TYPE], [WEAPON_GROUP]) VALUES (9050, 0, 0, 5, 1, 1, 2, NULL, 0, NULL);
INSERT INTO WEAPON ([EQUIPMENT_ID], [WEAPON_SIZE], [WEAPON_TYPE], [SPEED_FACTOR], [TARGET_SIZE], [DAMAGE_DICE_NUMBER], [DAMAGE_DIE_FACES], [DAMAGE_MODIFIER], [ATTACK_TYPE], [WEAPON_GROUP]) VALUES (9051, 0, 8, 4, 0, 1, 4, 1, 0, NULL);
INSERT INTO WEAPON ([EQUIPMENT_ID], [WEAPON_SIZE], [WEAPON_TYPE], [SPEED_FACTOR], [TARGET_SIZE], [DAMAGE_DICE_NUMBER], [DAMAGE_DIE_FACES], [DAMAGE_MODIFIER], [ATTACK_TYPE], [WEAPON_GROUP]) VALUES (9051, 0, 8, 4, 1, 1, 4, NULL, 0, NULL);
INSERT INTO WEAPON ([EQUIPMENT_ID], [WEAPON_SIZE], [WEAPON_TYPE], [SPEED_FACTOR], [TARGET_SIZE], [DAMAGE_DICE_NUMBER], [DAMAGE_DIE_FACES], [DAMAGE_MODIFIER], [ATTACK_TYPE], [WEAPON_GROUP]) VALUES (9052, 0, 0, 6, 2, NULL, NULL, NULL, 5, 9);
INSERT INTO WEAPON ([EQUIPMENT_ID], [WEAPON_SIZE], [WEAPON_TYPE], [SPEED_FACTOR], [TARGET_SIZE], [DAMAGE_DICE_NUMBER], [DAMAGE_DIE_FACES], [DAMAGE_MODIFIER], [ATTACK_TYPE], [WEAPON_GROUP]) VALUES (9053, 1, 4, 6, 0, 1, 6, NULL, 0, 5);
INSERT INTO WEAPON ([EQUIPMENT_ID], [WEAPON_SIZE], [WEAPON_TYPE], [SPEED_FACTOR], [TARGET_SIZE], [DAMAGE_DICE_NUMBER], [DAMAGE_DIE_FACES], [DAMAGE_MODIFIER], [ATTACK_TYPE], [WEAPON_GROUP]) VALUES (9053, 1, 4, 6, 1, 1, 8, NULL, 0, 5);
INSERT INTO WEAPON ([EQUIPMENT_ID], [WEAPON_SIZE], [WEAPON_TYPE], [SPEED_FACTOR], [TARGET_SIZE], [DAMAGE_DICE_NUMBER], [DAMAGE_DIE_FACES], [DAMAGE_MODIFIER], [ATTACK_TYPE], [WEAPON_GROUP]) VALUES (9054, 1, 0, 11, 0, NULL, NULL, NULL, 5, 9);
INSERT INTO WEAPON ([EQUIPMENT_ID], [WEAPON_SIZE], [WEAPON_TYPE], [SPEED_FACTOR], [TARGET_SIZE], [DAMAGE_DICE_NUMBER], [DAMAGE_DIE_FACES], [DAMAGE_MODIFIER], [ATTACK_TYPE], [WEAPON_GROUP]) VALUES (9054, 1, 0, 11, 1, NULL, NULL, NULL, 5, 9);
INSERT INTO WEAPON ([EQUIPMENT_ID], [WEAPON_SIZE], [WEAPON_TYPE], [SPEED_FACTOR], [TARGET_SIZE], [DAMAGE_DICE_NUMBER], [DAMAGE_DIE_FACES], [DAMAGE_MODIFIER], [ATTACK_TYPE], [WEAPON_GROUP]) VALUES (9055, 1, 8, 6, 0, 1, 8, NULL, 0, 8);
INSERT INTO WEAPON ([EQUIPMENT_ID], [WEAPON_SIZE], [WEAPON_TYPE], [SPEED_FACTOR], [TARGET_SIZE], [DAMAGE_DICE_NUMBER], [DAMAGE_DIE_FACES], [DAMAGE_MODIFIER], [ATTACK_TYPE], [WEAPON_GROUP]) VALUES (9055, 1, 8, 6, 1, 1, 12, NULL, 0, 8);
INSERT INTO WEAPON ([EQUIPMENT_ID], [WEAPON_SIZE], [WEAPON_TYPE], [SPEED_FACTOR], [TARGET_SIZE], [DAMAGE_DICE_NUMBER], [DAMAGE_DIE_FACES], [DAMAGE_MODIFIER], [ATTACK_TYPE], [WEAPON_GROUP]) VALUES (9056, 1, 8, 5, 0, 2, 4, NULL, 0, 8);
INSERT INTO WEAPON ([EQUIPMENT_ID], [WEAPON_SIZE], [WEAPON_TYPE], [SPEED_FACTOR], [TARGET_SIZE], [DAMAGE_DICE_NUMBER], [DAMAGE_DIE_FACES], [DAMAGE_MODIFIER], [ATTACK_TYPE], [WEAPON_GROUP]) VALUES (9056, 1, 8, 5, 1, 1, 6, 1, 0, 8);
INSERT INTO WEAPON ([EQUIPMENT_ID], [WEAPON_SIZE], [WEAPON_TYPE], [SPEED_FACTOR], [TARGET_SIZE], [DAMAGE_DICE_NUMBER], [DAMAGE_DIE_FACES], [DAMAGE_MODIFIER], [ATTACK_TYPE], [WEAPON_GROUP]) VALUES (9057, 1, 8, 9, 0, 2, 4, NULL, 0, 8);
INSERT INTO WEAPON ([EQUIPMENT_ID], [WEAPON_SIZE], [WEAPON_TYPE], [SPEED_FACTOR], [TARGET_SIZE], [DAMAGE_DICE_NUMBER], [DAMAGE_DIE_FACES], [DAMAGE_MODIFIER], [ATTACK_TYPE], [WEAPON_GROUP]) VALUES (9057, 1, 8, 9, 1, 1, 6, NULL, 0, 8);
INSERT INTO WEAPON ([EQUIPMENT_ID], [WEAPON_SIZE], [WEAPON_TYPE], [SPEED_FACTOR], [TARGET_SIZE], [DAMAGE_DICE_NUMBER], [DAMAGE_DIE_FACES], [DAMAGE_MODIFIER], [ATTACK_TYPE], [WEAPON_GROUP]) VALUES (9058, 1, 8, 5, 0, 1, 8, NULL, 0, 8);
INSERT INTO WEAPON ([EQUIPMENT_ID], [WEAPON_SIZE], [WEAPON_TYPE], [SPEED_FACTOR], [TARGET_SIZE], [DAMAGE_DICE_NUMBER], [DAMAGE_DIE_FACES], [DAMAGE_MODIFIER], [ATTACK_TYPE], [WEAPON_GROUP]) VALUES (9058, 1, 8, 5, 1, 1, 12, NULL, 0, 8);
INSERT INTO WEAPON ([EQUIPMENT_ID], [WEAPON_SIZE], [WEAPON_TYPE], [SPEED_FACTOR], [TARGET_SIZE], [DAMAGE_DICE_NUMBER], [DAMAGE_DIE_FACES], [DAMAGE_MODIFIER], [ATTACK_TYPE], [WEAPON_GROUP]) VALUES (9059, 1, 8, 5, 2, 1, 8, NULL, 0, 8);
INSERT INTO WEAPON ([EQUIPMENT_ID], [WEAPON_SIZE], [WEAPON_TYPE], [SPEED_FACTOR], [TARGET_SIZE], [DAMAGE_DICE_NUMBER], [DAMAGE_DIE_FACES], [DAMAGE_MODIFIER], [ATTACK_TYPE], [WEAPON_GROUP]) VALUES (9060, 0, 4, 3, 0, 1, 6, NULL, 0, 8);
INSERT INTO WEAPON ([EQUIPMENT_ID], [WEAPON_SIZE], [WEAPON_TYPE], [SPEED_FACTOR], [TARGET_SIZE], [DAMAGE_DICE_NUMBER], [DAMAGE_DIE_FACES], [DAMAGE_MODIFIER], [ATTACK_TYPE], [WEAPON_GROUP]) VALUES (9060, 0, 4, 3, 1, 1, 8, NULL, 0, 8);
INSERT INTO WEAPON ([EQUIPMENT_ID], [WEAPON_SIZE], [WEAPON_TYPE], [SPEED_FACTOR], [TARGET_SIZE], [DAMAGE_DICE_NUMBER], [DAMAGE_DIE_FACES], [DAMAGE_MODIFIER], [ATTACK_TYPE], [WEAPON_GROUP]) VALUES (9061, 2, 8, 10, 0, 1, 10, NULL, 0, 8);
INSERT INTO WEAPON ([EQUIPMENT_ID], [WEAPON_SIZE], [WEAPON_TYPE], [SPEED_FACTOR], [TARGET_SIZE], [DAMAGE_DICE_NUMBER], [DAMAGE_DIE_FACES], [DAMAGE_MODIFIER], [ATTACK_TYPE], [WEAPON_GROUP]) VALUES (9061, 2, 8, 10, 1, 3, 6, NULL, 0, 8);
INSERT INTO WEAPON ([EQUIPMENT_ID], [WEAPON_SIZE], [WEAPON_TYPE], [SPEED_FACTOR], [TARGET_SIZE], [DAMAGE_DICE_NUMBER], [DAMAGE_DIE_FACES], [DAMAGE_MODIFIER], [ATTACK_TYPE], [WEAPON_GROUP]) VALUES (9062, 2, 4, 7, 0, 1, 6, 1, 0, 6);
INSERT INTO WEAPON ([EQUIPMENT_ID], [WEAPON_SIZE], [WEAPON_TYPE], [SPEED_FACTOR], [TARGET_SIZE], [DAMAGE_DICE_NUMBER], [DAMAGE_DIE_FACES], [DAMAGE_MODIFIER], [ATTACK_TYPE], [WEAPON_GROUP]) VALUES (9062, 2, 4, 7, 1, 3, 4, NULL, 0, 6);
INSERT INTO WEAPON ([EQUIPMENT_ID], [WEAPON_SIZE], [WEAPON_TYPE], [SPEED_FACTOR], [TARGET_SIZE], [DAMAGE_DICE_NUMBER], [DAMAGE_DIE_FACES], [DAMAGE_MODIFIER], [ATTACK_TYPE], [WEAPON_GROUP]) VALUES (9063, 1, 2, 4, 0, 1, 4, 1, 0, 7);
INSERT INTO WEAPON ([EQUIPMENT_ID], [WEAPON_SIZE], [WEAPON_TYPE], [SPEED_FACTOR], [TARGET_SIZE], [DAMAGE_DICE_NUMBER], [DAMAGE_DIE_FACES], [DAMAGE_MODIFIER], [ATTACK_TYPE], [WEAPON_GROUP]) VALUES (9063, 1, 2, 4, 1, 1, 4, NULL, 0, 7);
INSERT INTO WEAPON ([EQUIPMENT_ID], [WEAPON_SIZE], [WEAPON_TYPE], [SPEED_FACTOR], [TARGET_SIZE], [DAMAGE_DICE_NUMBER], [DAMAGE_DIE_FACES], [DAMAGE_MODIFIER], [ATTACK_TYPE], [WEAPON_GROUP]) VALUES (9064, 1, 0, 8, 0, 1, 2, NULL, 0, NULL);
INSERT INTO WEAPON ([EQUIPMENT_ID], [WEAPON_SIZE], [WEAPON_TYPE], [SPEED_FACTOR], [TARGET_SIZE], [DAMAGE_DICE_NUMBER], [DAMAGE_DIE_FACES], [DAMAGE_MODIFIER], [ATTACK_TYPE], [WEAPON_GROUP]) VALUES (9064, 1, 0, 8, 1, 1, 1, NULL, 0, NULL);


INSERT INTO WEAPON ([EQUIPMENT_ID], [WEAPON_SIZE], [WEAPON_TYPE], [SPEED_FACTOR], [TARGET_SIZE], [DAMAGE_DICE_NUMBER], [DAMAGE_DIE_FACES], [DAMAGE_MODIFIER]) VALUES (10000, 0, 4, NULL, 0, 1, 3, NULL);
INSERT INTO WEAPON ([EQUIPMENT_ID], [WEAPON_SIZE], [WEAPON_TYPE], [SPEED_FACTOR], [TARGET_SIZE], [DAMAGE_DICE_NUMBER], [DAMAGE_DIE_FACES], [DAMAGE_MODIFIER]) VALUES (10000, 0, 4, NULL, 1, 1, 2, NULL);
INSERT INTO WEAPON ([EQUIPMENT_ID], [WEAPON_SIZE], [WEAPON_TYPE], [SPEED_FACTOR], [TARGET_SIZE], [DAMAGE_DICE_NUMBER], [DAMAGE_DIE_FACES], [DAMAGE_MODIFIER]) VALUES (10001, 0, 4, NULL, 2, 1, 1, NULL);
INSERT INTO WEAPON ([EQUIPMENT_ID], [WEAPON_SIZE], [WEAPON_TYPE], [SPEED_FACTOR], [TARGET_SIZE], [DAMAGE_DICE_NUMBER], [DAMAGE_DIE_FACES], [DAMAGE_MODIFIER]) VALUES (10002, 0, 4, NULL, 2, 1, 6, NULL);
INSERT INTO WEAPON ([EQUIPMENT_ID], [WEAPON_SIZE], [WEAPON_TYPE], [SPEED_FACTOR], [TARGET_SIZE], [DAMAGE_DICE_NUMBER], [DAMAGE_DIE_FACES], [DAMAGE_MODIFIER]) VALUES (10003, 0, 4, NULL, 2, 1, 8, NULL);
INSERT INTO WEAPON ([EQUIPMENT_ID], [WEAPON_SIZE], [WEAPON_TYPE], [SPEED_FACTOR], [TARGET_SIZE], [DAMAGE_DICE_NUMBER], [DAMAGE_DIE_FACES], [DAMAGE_MODIFIER]) VALUES (10004, 0, 4, NULL, 0, 1, 3, NULL);
INSERT INTO WEAPON ([EQUIPMENT_ID], [WEAPON_SIZE], [WEAPON_TYPE], [SPEED_FACTOR], [TARGET_SIZE], [DAMAGE_DICE_NUMBER], [DAMAGE_DIE_FACES], [DAMAGE_MODIFIER]) VALUES (10004, 0, 4, NULL, 1, 1, 2, NULL);
INSERT INTO WEAPON ([EQUIPMENT_ID], [WEAPON_SIZE], [WEAPON_TYPE], [SPEED_FACTOR], [TARGET_SIZE], [DAMAGE_DICE_NUMBER], [DAMAGE_DIE_FACES], [DAMAGE_MODIFIER]) VALUES (10005, 0, 4, NULL, 0, 1, 4, 1);
INSERT INTO WEAPON ([EQUIPMENT_ID], [WEAPON_SIZE], [WEAPON_TYPE], [SPEED_FACTOR], [TARGET_SIZE], [DAMAGE_DICE_NUMBER], [DAMAGE_DIE_FACES], [DAMAGE_MODIFIER]) VALUES (10005, 0, 4, NULL, 1, 1, 6, 1);
INSERT INTO WEAPON ([EQUIPMENT_ID], [WEAPON_SIZE], [WEAPON_TYPE], [SPEED_FACTOR], [TARGET_SIZE], [DAMAGE_DICE_NUMBER], [DAMAGE_DIE_FACES], [DAMAGE_MODIFIER]) VALUES (10006, 0, 4, NULL, 2, 1, 4, NULL);
INSERT INTO WEAPON ([EQUIPMENT_ID], [WEAPON_SIZE], [WEAPON_TYPE], [SPEED_FACTOR], [TARGET_SIZE], [DAMAGE_DICE_NUMBER], [DAMAGE_DIE_FACES], [DAMAGE_MODIFIER]) VALUES (10007, 0, 2, NULL, 0, 1, 4, 1);
INSERT INTO WEAPON ([EQUIPMENT_ID], [WEAPON_SIZE], [WEAPON_TYPE], [SPEED_FACTOR], [TARGET_SIZE], [DAMAGE_DICE_NUMBER], [DAMAGE_DIE_FACES], [DAMAGE_MODIFIER]) VALUES (10007, 0, 2, NULL, 1, 1, 6, 1);
INSERT INTO WEAPON ([EQUIPMENT_ID], [WEAPON_SIZE], [WEAPON_TYPE], [SPEED_FACTOR], [TARGET_SIZE], [DAMAGE_DICE_NUMBER], [DAMAGE_DIE_FACES], [DAMAGE_MODIFIER]) VALUES (10008, 0, 2, NULL, 2, 1, 4, NULL);
INSERT INTO WEAPON ([EQUIPMENT_ID], [WEAPON_SIZE], [WEAPON_TYPE], [SPEED_FACTOR], [TARGET_SIZE], [DAMAGE_DICE_NUMBER], [DAMAGE_DIE_FACES], [DAMAGE_MODIFIER]) VALUES (10009, 0, 2, NULL, 2, NULL, NULL, NULL);

COMMIT TRANSACTION;

-------------------------------------------------------------------------------------------------------------

BEGIN TRANSACTION;

INSERT INTO WEAPON_EXT ([EQUIPMENT_ID], [USAGE], [WEAPON_TYPE], [SPEED_FACTOR], [TARGET_SIZE], [DAMAGE_DICE_NUMBER], [DAMAGE_DIE_FACES], [DAMAGE_MODIFIER]) VALUES (9055, 4, 8, 8, 0, 2, 4, NULL);
INSERT INTO WEAPON_EXT ([EQUIPMENT_ID], [USAGE], [WEAPON_TYPE], [SPEED_FACTOR], [TARGET_SIZE], [DAMAGE_DICE_NUMBER], [DAMAGE_DIE_FACES], [DAMAGE_MODIFIER]) VALUES (9055, 4, 8, 8, 1, 2, 8, NULL);

COMMIT TRANSACTION;

-------------------------------------------------------------------------------------------------------------

BEGIN TRANSACTION;

INSERT INTO WEAPON_PROJECTILE ([WEAPON_ID], [PROJECTILE_ID]) VALUES (9002, 10000);
INSERT INTO WEAPON_PROJECTILE ([WEAPON_ID], [PROJECTILE_ID]) VALUES (9002, 10001);

INSERT INTO WEAPON_PROJECTILE ([WEAPON_ID], [PROJECTILE_ID]) VALUES (9008, 10004);
INSERT INTO WEAPON_PROJECTILE ([WEAPON_ID], [PROJECTILE_ID]) VALUES (9009, 10005);
INSERT INTO WEAPON_PROJECTILE ([WEAPON_ID], [PROJECTILE_ID]) VALUES (9010, 10006);
INSERT INTO WEAPON_PROJECTILE ([WEAPON_ID], [PROJECTILE_ID]) VALUES (9003, 10002);
INSERT INTO WEAPON_PROJECTILE ([WEAPON_ID], [PROJECTILE_ID]) VALUES (9003, 10003);
INSERT INTO WEAPON_PROJECTILE ([WEAPON_ID], [PROJECTILE_ID]) VALUES (9004, 10002);
INSERT INTO WEAPON_PROJECTILE ([WEAPON_ID], [PROJECTILE_ID]) VALUES (9004, 10003);
INSERT INTO WEAPON_PROJECTILE ([WEAPON_ID], [PROJECTILE_ID]) VALUES (9005, 10002);
INSERT INTO WEAPON_PROJECTILE ([WEAPON_ID], [PROJECTILE_ID]) VALUES (9005, 10003);
INSERT INTO WEAPON_PROJECTILE ([WEAPON_ID], [PROJECTILE_ID]) VALUES (9006, 10002);
INSERT INTO WEAPON_PROJECTILE ([WEAPON_ID], [PROJECTILE_ID]) VALUES (9006, 10003);

INSERT INTO WEAPON_PROJECTILE ([WEAPON_ID], [PROJECTILE_ID]) VALUES (9052, 10007);
INSERT INTO WEAPON_PROJECTILE ([WEAPON_ID], [PROJECTILE_ID]) VALUES (9052, 10008);

COMMIT TRANSACTION;

-------------------------------------------------------------------------------------------------------------

BEGIN TRANSACTION;

INSERT INTO ARMOUR_PROTECTION_SIDE ([ID], [DESCRIPTION]) VALUES (0, 'None');
INSERT INTO ARMOUR_PROTECTION_SIDE ([ID], [DESCRIPTION]) VALUES (1, 'Front');
INSERT INTO ARMOUR_PROTECTION_SIDE ([ID], [DESCRIPTION]) VALUES (2, 'Front/flanks');
INSERT INTO ARMOUR_PROTECTION_SIDE ([ID], [DESCRIPTION]) VALUES (4, 'Flanks');
INSERT INTO ARMOUR_PROTECTION_SIDE ([ID], [DESCRIPTION]) VALUES (8, 'Rear');
INSERT INTO ARMOUR_PROTECTION_SIDE ([ID], [DESCRIPTION]) VALUES (16, 'Top');
INSERT INTO ARMOUR_PROTECTION_SIDE ([ID], [DESCRIPTION]) VALUES (32, 'Bottom');

COMMIT TRANSACTION;

-------------------------------------------------------------------------------------------------------------

BEGIN TRANSACTION;

INSERT INTO ARMOUR ([EQUIPMENT_ID], [BODY_SLOT], [AC_BONUS_MELEE], [AC_BONUS_MISSILE], [NUMBER_OF_ATTACKS_PROTECTION], [PROTECTION_SIDE], [ALLOWS_WEAPON]) VALUES (8000, 6,  6, 6, NULL, 63, 'Y');
INSERT INTO ARMOUR ([EQUIPMENT_ID], [BODY_SLOT], [AC_BONUS_MELEE], [AC_BONUS_MISSILE], [NUMBER_OF_ATTACKS_PROTECTION], [PROTECTION_SIDE], [ALLOWS_WEAPON]) VALUES (8001, 6,  4, 4, NULL, 63, 'Y');
INSERT INTO ARMOUR ([EQUIPMENT_ID], [BODY_SLOT], [AC_BONUS_MELEE], [AC_BONUS_MISSILE], [NUMBER_OF_ATTACKS_PROTECTION], [PROTECTION_SIDE], [ALLOWS_WEAPON]) VALUES (8002, 6,  6, 6, NULL, 63, 'Y');
INSERT INTO ARMOUR ([EQUIPMENT_ID], [BODY_SLOT], [AC_BONUS_MELEE], [AC_BONUS_MISSILE], [NUMBER_OF_ATTACKS_PROTECTION], [PROTECTION_SIDE], [ALLOWS_WEAPON]) VALUES (8003, 6,  5, 5, NULL, 63, 'Y');
INSERT INTO ARMOUR ([EQUIPMENT_ID], [BODY_SLOT], [AC_BONUS_MELEE], [AC_BONUS_MISSILE], [NUMBER_OF_ATTACKS_PROTECTION], [PROTECTION_SIDE], [ALLOWS_WEAPON]) VALUES (8004, 6,  8, 8, NULL, 63, 'Y');
INSERT INTO ARMOUR ([EQUIPMENT_ID], [BODY_SLOT], [AC_BONUS_MELEE], [AC_BONUS_MISSILE], [NUMBER_OF_ATTACKS_PROTECTION], [PROTECTION_SIDE], [ALLOWS_WEAPON]) VALUES (8005, 6,  9, 9, NULL, 63, 'Y');
INSERT INTO ARMOUR ([EQUIPMENT_ID], [BODY_SLOT], [AC_BONUS_MELEE], [AC_BONUS_MISSILE], [NUMBER_OF_ATTACKS_PROTECTION], [PROTECTION_SIDE], [ALLOWS_WEAPON]) VALUES (8006, 0,  0, 0, NULL, 63, 'Y');
INSERT INTO ARMOUR ([EQUIPMENT_ID], [BODY_SLOT], [AC_BONUS_MELEE], [AC_BONUS_MISSILE], [NUMBER_OF_ATTACKS_PROTECTION], [PROTECTION_SIDE], [ALLOWS_WEAPON]) VALUES (8007, 0,  0, 0, NULL, 63, 'Y');
INSERT INTO ARMOUR ([EQUIPMENT_ID], [BODY_SLOT], [AC_BONUS_MELEE], [AC_BONUS_MISSILE], [NUMBER_OF_ATTACKS_PROTECTION], [PROTECTION_SIDE], [ALLOWS_WEAPON]) VALUES (8008, 6,  4, 4, NULL, 63, 'Y');
INSERT INTO ARMOUR ([EQUIPMENT_ID], [BODY_SLOT], [AC_BONUS_MELEE], [AC_BONUS_MISSILE], [NUMBER_OF_ATTACKS_PROTECTION], [PROTECTION_SIDE], [ALLOWS_WEAPON]) VALUES (8009, 6, 2, 2, NULL, 63, 'Y');
INSERT INTO ARMOUR ([EQUIPMENT_ID], [BODY_SLOT], [AC_BONUS_MELEE], [AC_BONUS_MISSILE], [NUMBER_OF_ATTACKS_PROTECTION], [PROTECTION_SIDE], [ALLOWS_WEAPON]) VALUES (8010, 6, 2, 2, NULL, 63, 'Y');
INSERT INTO ARMOUR ([EQUIPMENT_ID], [BODY_SLOT], [AC_BONUS_MELEE], [AC_BONUS_MISSILE], [NUMBER_OF_ATTACKS_PROTECTION], [PROTECTION_SIDE], [ALLOWS_WEAPON]) VALUES (8011, 6, 7, 7, NULL, 63, 'Y');
INSERT INTO ARMOUR ([EQUIPMENT_ID], [BODY_SLOT], [AC_BONUS_MELEE], [AC_BONUS_MISSILE], [NUMBER_OF_ATTACKS_PROTECTION], [PROTECTION_SIDE], [ALLOWS_WEAPON]) VALUES (8012, 6, 3, 3, NULL, 63, 'Y');
INSERT INTO ARMOUR ([EQUIPMENT_ID], [BODY_SLOT], [AC_BONUS_MELEE], [AC_BONUS_MISSILE], [NUMBER_OF_ATTACKS_PROTECTION], [PROTECTION_SIDE], [ALLOWS_WEAPON]) VALUES (8013, 6, 4, 4, NULL, 63, 'Y');
INSERT INTO ARMOUR ([EQUIPMENT_ID], [BODY_SLOT], [AC_BONUS_MELEE], [AC_BONUS_MISSILE], [NUMBER_OF_ATTACKS_PROTECTION], [PROTECTION_SIDE], [ALLOWS_WEAPON]) VALUES (8014, 4, 1, 2, NULL, 3, 'N');
INSERT INTO ARMOUR ([EQUIPMENT_ID], [BODY_SLOT], [AC_BONUS_MELEE], [AC_BONUS_MISSILE], [NUMBER_OF_ATTACKS_PROTECTION], [PROTECTION_SIDE], [ALLOWS_WEAPON]) VALUES (8015, 5, 1, 0, 1, 1, 'Y');
INSERT INTO ARMOUR ([EQUIPMENT_ID], [BODY_SLOT], [AC_BONUS_MELEE], [AC_BONUS_MISSILE], [NUMBER_OF_ATTACKS_PROTECTION], [PROTECTION_SIDE], [ALLOWS_WEAPON]) VALUES (8016, 4, 1, 0, NULL, 7, 'N');
INSERT INTO ARMOUR ([EQUIPMENT_ID], [BODY_SLOT], [AC_BONUS_MELEE], [AC_BONUS_MISSILE], [NUMBER_OF_ATTACKS_PROTECTION], [PROTECTION_SIDE], [ALLOWS_WEAPON]) VALUES (8017, 4, 1, 0, 2, 1, 'N');
INSERT INTO ARMOUR ([EQUIPMENT_ID], [BODY_SLOT], [AC_BONUS_MELEE], [AC_BONUS_MISSILE], [NUMBER_OF_ATTACKS_PROTECTION], [PROTECTION_SIDE], [ALLOWS_WEAPON]) VALUES (8018, 6, 6, 6, NULL, 63, 'Y');
INSERT INTO ARMOUR ([EQUIPMENT_ID], [BODY_SLOT], [AC_BONUS_MELEE], [AC_BONUS_MISSILE], [NUMBER_OF_ATTACKS_PROTECTION], [PROTECTION_SIDE], [ALLOWS_WEAPON]) VALUES (8019, 6, 3, 3, NULL, 63, 'Y');
INSERT INTO ARMOUR ([EQUIPMENT_ID], [BODY_SLOT], [AC_BONUS_MELEE], [AC_BONUS_MISSILE], [NUMBER_OF_ATTACKS_PROTECTION], [PROTECTION_SIDE], [ALLOWS_WEAPON]) VALUES (8020, 6, 5, 5, NULL, 63, 'Y');

COMMIT TRANSACTION;

-------------------------------------------------------------------------------------------------------------

BEGIN TRANSACTION;

--Warrior - armours
INSERT INTO ITEM_CAPABILITIES_PER_CHARACTER_CLASS ([CLASS_TYPE_ID], [CLASS_ID], [EQUIPMENT_ID]) VALUES (1, NULL, 8000);		--banded_mail
INSERT INTO ITEM_CAPABILITIES_PER_CHARACTER_CLASS ([CLASS_TYPE_ID], [CLASS_ID], [EQUIPMENT_ID]) VALUES (1, NULL, 8001);		--brigandine
INSERT INTO ITEM_CAPABILITIES_PER_CHARACTER_CLASS ([CLASS_TYPE_ID], [CLASS_ID], [EQUIPMENT_ID]) VALUES (1, NULL, 8002);		--bronze_plate_mail
INSERT INTO ITEM_CAPABILITIES_PER_CHARACTER_CLASS ([CLASS_TYPE_ID], [CLASS_ID], [EQUIPMENT_ID]) VALUES (1, NULL, 8003);		--chain_mail
INSERT INTO ITEM_CAPABILITIES_PER_CHARACTER_CLASS ([CLASS_TYPE_ID], [CLASS_ID], [EQUIPMENT_ID]) VALUES (1, NULL, 8004);		--field_plate
INSERT INTO ITEM_CAPABILITIES_PER_CHARACTER_CLASS ([CLASS_TYPE_ID], [CLASS_ID], [EQUIPMENT_ID]) VALUES (1, NULL, 8005);		--full_plate
INSERT INTO ITEM_CAPABILITIES_PER_CHARACTER_CLASS ([CLASS_TYPE_ID], [CLASS_ID], [EQUIPMENT_ID]) VALUES (1, NULL, 8006);		--great_helm
INSERT INTO ITEM_CAPABILITIES_PER_CHARACTER_CLASS ([CLASS_TYPE_ID], [CLASS_ID], [EQUIPMENT_ID]) VALUES (1, NULL, 8007);		--basinet
INSERT INTO ITEM_CAPABILITIES_PER_CHARACTER_CLASS ([CLASS_TYPE_ID], [CLASS_ID], [EQUIPMENT_ID]) VALUES (1, NULL, 8008);		--hide
INSERT INTO ITEM_CAPABILITIES_PER_CHARACTER_CLASS ([CLASS_TYPE_ID], [CLASS_ID], [EQUIPMENT_ID]) VALUES (1, NULL, 8009);		--leather
INSERT INTO ITEM_CAPABILITIES_PER_CHARACTER_CLASS ([CLASS_TYPE_ID], [CLASS_ID], [EQUIPMENT_ID]) VALUES (1, NULL, 8010);		--padded
INSERT INTO ITEM_CAPABILITIES_PER_CHARACTER_CLASS ([CLASS_TYPE_ID], [CLASS_ID], [EQUIPMENT_ID]) VALUES (1, NULL, 8011);		--plate_mail
INSERT INTO ITEM_CAPABILITIES_PER_CHARACTER_CLASS ([CLASS_TYPE_ID], [CLASS_ID], [EQUIPMENT_ID]) VALUES (1, NULL, 8012);		--ring_mail
INSERT INTO ITEM_CAPABILITIES_PER_CHARACTER_CLASS ([CLASS_TYPE_ID], [CLASS_ID], [EQUIPMENT_ID]) VALUES (1, NULL, 8013);		--scale_mail
INSERT INTO ITEM_CAPABILITIES_PER_CHARACTER_CLASS ([CLASS_TYPE_ID], [CLASS_ID], [EQUIPMENT_ID]) VALUES (1, NULL, 8014);		--body_shield
INSERT INTO ITEM_CAPABILITIES_PER_CHARACTER_CLASS ([CLASS_TYPE_ID], [CLASS_ID], [EQUIPMENT_ID]) VALUES (1, NULL, 8015);		--buckler
INSERT INTO ITEM_CAPABILITIES_PER_CHARACTER_CLASS ([CLASS_TYPE_ID], [CLASS_ID], [EQUIPMENT_ID]) VALUES (1, NULL, 8016);		--medium_shield
INSERT INTO ITEM_CAPABILITIES_PER_CHARACTER_CLASS ([CLASS_TYPE_ID], [CLASS_ID], [EQUIPMENT_ID]) VALUES (1, NULL, 8017);		--small_shield
INSERT INTO ITEM_CAPABILITIES_PER_CHARACTER_CLASS ([CLASS_TYPE_ID], [CLASS_ID], [EQUIPMENT_ID]) VALUES (1, NULL, 8018);		--splint_mail
INSERT INTO ITEM_CAPABILITIES_PER_CHARACTER_CLASS ([CLASS_TYPE_ID], [CLASS_ID], [EQUIPMENT_ID]) VALUES (1, NULL, 8019);		--studded_leather
INSERT INTO ITEM_CAPABILITIES_PER_CHARACTER_CLASS ([CLASS_TYPE_ID], [CLASS_ID], [EQUIPMENT_ID]) VALUES (1, NULL, 8020);		--elven_chain_mail

--Warrior - weapons
INSERT INTO ITEM_CAPABILITIES_PER_CHARACTER_CLASS ([CLASS_TYPE_ID], [CLASS_ID], [EQUIPMENT_ID]) VALUES (1, NULL, 9000);		 --arquebus
INSERT INTO ITEM_CAPABILITIES_PER_CHARACTER_CLASS ([CLASS_TYPE_ID], [CLASS_ID], [EQUIPMENT_ID]) VALUES (1, NULL, 9001);		 --battle_axe
INSERT INTO ITEM_CAPABILITIES_PER_CHARACTER_CLASS ([CLASS_TYPE_ID], [CLASS_ID], [EQUIPMENT_ID]) VALUES (1, NULL, 9002);		 --blowgun
INSERT INTO ITEM_CAPABILITIES_PER_CHARACTER_CLASS ([CLASS_TYPE_ID], [CLASS_ID], [EQUIPMENT_ID]) VALUES (1, NULL, 9003);		 --composite_long_bow
INSERT INTO ITEM_CAPABILITIES_PER_CHARACTER_CLASS ([CLASS_TYPE_ID], [CLASS_ID], [EQUIPMENT_ID]) VALUES (1, NULL, 9004);		 --composite_short_bow
INSERT INTO ITEM_CAPABILITIES_PER_CHARACTER_CLASS ([CLASS_TYPE_ID], [CLASS_ID], [EQUIPMENT_ID]) VALUES (1, NULL, 9005);		 --long_bow
INSERT INTO ITEM_CAPABILITIES_PER_CHARACTER_CLASS ([CLASS_TYPE_ID], [CLASS_ID], [EQUIPMENT_ID]) VALUES (1, NULL, 9006);		 --short_bow
INSERT INTO ITEM_CAPABILITIES_PER_CHARACTER_CLASS ([CLASS_TYPE_ID], [CLASS_ID], [EQUIPMENT_ID]) VALUES (1, NULL, 9007);		 --club
INSERT INTO ITEM_CAPABILITIES_PER_CHARACTER_CLASS ([CLASS_TYPE_ID], [CLASS_ID], [EQUIPMENT_ID]) VALUES (1, NULL, 9008);		 --hand_crossbow
INSERT INTO ITEM_CAPABILITIES_PER_CHARACTER_CLASS ([CLASS_TYPE_ID], [CLASS_ID], [EQUIPMENT_ID]) VALUES (1, NULL, 9009);		 --heavy_crossbow
INSERT INTO ITEM_CAPABILITIES_PER_CHARACTER_CLASS ([CLASS_TYPE_ID], [CLASS_ID], [EQUIPMENT_ID]) VALUES (1, NULL, 9010);		 --light_crossbow
INSERT INTO ITEM_CAPABILITIES_PER_CHARACTER_CLASS ([CLASS_TYPE_ID], [CLASS_ID], [EQUIPMENT_ID]) VALUES (1, NULL, 9011);		 --dagger
INSERT INTO ITEM_CAPABILITIES_PER_CHARACTER_CLASS ([CLASS_TYPE_ID], [CLASS_ID], [EQUIPMENT_ID]) VALUES (1, NULL, 9012);		 --dirk
INSERT INTO ITEM_CAPABILITIES_PER_CHARACTER_CLASS ([CLASS_TYPE_ID], [CLASS_ID], [EQUIPMENT_ID]) VALUES (1, NULL, 9013);		 --dart
INSERT INTO ITEM_CAPABILITIES_PER_CHARACTER_CLASS ([CLASS_TYPE_ID], [CLASS_ID], [EQUIPMENT_ID]) VALUES (1, NULL, 9014);		 --footmans_flail
INSERT INTO ITEM_CAPABILITIES_PER_CHARACTER_CLASS ([CLASS_TYPE_ID], [CLASS_ID], [EQUIPMENT_ID]) VALUES (1, NULL, 9015);		 --footmans_mace
INSERT INTO ITEM_CAPABILITIES_PER_CHARACTER_CLASS ([CLASS_TYPE_ID], [CLASS_ID], [EQUIPMENT_ID]) VALUES (1, NULL, 9016);		 --footmans_pick
INSERT INTO ITEM_CAPABILITIES_PER_CHARACTER_CLASS ([CLASS_TYPE_ID], [CLASS_ID], [EQUIPMENT_ID]) VALUES (1, NULL, 9017);		 --hand_axe
INSERT INTO ITEM_CAPABILITIES_PER_CHARACTER_CLASS ([CLASS_TYPE_ID], [CLASS_ID], [EQUIPMENT_ID]) VALUES (1, NULL, 9018);		 --throwing_axe
INSERT INTO ITEM_CAPABILITIES_PER_CHARACTER_CLASS ([CLASS_TYPE_ID], [CLASS_ID], [EQUIPMENT_ID]) VALUES (1, NULL, 9019);		 --harpoon
INSERT INTO ITEM_CAPABILITIES_PER_CHARACTER_CLASS ([CLASS_TYPE_ID], [CLASS_ID], [EQUIPMENT_ID]) VALUES (1, NULL, 9020);		 --horsemans_flail
INSERT INTO ITEM_CAPABILITIES_PER_CHARACTER_CLASS ([CLASS_TYPE_ID], [CLASS_ID], [EQUIPMENT_ID]) VALUES (1, NULL, 9021);		 --horsemans_mace
INSERT INTO ITEM_CAPABILITIES_PER_CHARACTER_CLASS ([CLASS_TYPE_ID], [CLASS_ID], [EQUIPMENT_ID]) VALUES (1, NULL, 9022);		 --horsemans_pick
INSERT INTO ITEM_CAPABILITIES_PER_CHARACTER_CLASS ([CLASS_TYPE_ID], [CLASS_ID], [EQUIPMENT_ID]) VALUES (1, NULL, 9023);		 --javelin
INSERT INTO ITEM_CAPABILITIES_PER_CHARACTER_CLASS ([CLASS_TYPE_ID], [CLASS_ID], [EQUIPMENT_ID]) VALUES (1, NULL, 9024);		 --knife
INSERT INTO ITEM_CAPABILITIES_PER_CHARACTER_CLASS ([CLASS_TYPE_ID], [CLASS_ID], [EQUIPMENT_ID]) VALUES (1, NULL, 9025);		 --heavy_horse_lance
INSERT INTO ITEM_CAPABILITIES_PER_CHARACTER_CLASS ([CLASS_TYPE_ID], [CLASS_ID], [EQUIPMENT_ID]) VALUES (1, NULL, 9026);		 --light_horse_lance
INSERT INTO ITEM_CAPABILITIES_PER_CHARACTER_CLASS ([CLASS_TYPE_ID], [CLASS_ID], [EQUIPMENT_ID]) VALUES (1, NULL, 9027);		 --jousting_lance
INSERT INTO ITEM_CAPABILITIES_PER_CHARACTER_CLASS ([CLASS_TYPE_ID], [CLASS_ID], [EQUIPMENT_ID]) VALUES (1, NULL, 9028);		 --medium_horse_lance
INSERT INTO ITEM_CAPABILITIES_PER_CHARACTER_CLASS ([CLASS_TYPE_ID], [CLASS_ID], [EQUIPMENT_ID]) VALUES (1, NULL, 9029);		 --mancatcher
INSERT INTO ITEM_CAPABILITIES_PER_CHARACTER_CLASS ([CLASS_TYPE_ID], [CLASS_ID], [EQUIPMENT_ID]) VALUES (1, NULL, 9030);		 --morning_star
INSERT INTO ITEM_CAPABILITIES_PER_CHARACTER_CLASS ([CLASS_TYPE_ID], [CLASS_ID], [EQUIPMENT_ID]) VALUES (1, NULL, 9031);		 --awl_pike
INSERT INTO ITEM_CAPABILITIES_PER_CHARACTER_CLASS ([CLASS_TYPE_ID], [CLASS_ID], [EQUIPMENT_ID]) VALUES (1, NULL, 9032);		 --bardiche
INSERT INTO ITEM_CAPABILITIES_PER_CHARACTER_CLASS ([CLASS_TYPE_ID], [CLASS_ID], [EQUIPMENT_ID]) VALUES (1, NULL, 9033);		 --bec_de_corbin
INSERT INTO ITEM_CAPABILITIES_PER_CHARACTER_CLASS ([CLASS_TYPE_ID], [CLASS_ID], [EQUIPMENT_ID]) VALUES (1, NULL, 9034);		 --bill_guisarme
INSERT INTO ITEM_CAPABILITIES_PER_CHARACTER_CLASS ([CLASS_TYPE_ID], [CLASS_ID], [EQUIPMENT_ID]) VALUES (1, NULL, 9035);		 --fauchard
INSERT INTO ITEM_CAPABILITIES_PER_CHARACTER_CLASS ([CLASS_TYPE_ID], [CLASS_ID], [EQUIPMENT_ID]) VALUES (1, NULL, 9036);		 --fauchard_fork
INSERT INTO ITEM_CAPABILITIES_PER_CHARACTER_CLASS ([CLASS_TYPE_ID], [CLASS_ID], [EQUIPMENT_ID]) VALUES (1, NULL, 9037);		 --glaive
INSERT INTO ITEM_CAPABILITIES_PER_CHARACTER_CLASS ([CLASS_TYPE_ID], [CLASS_ID], [EQUIPMENT_ID]) VALUES (1, NULL, 9038);		 --glaive_guisarme
INSERT INTO ITEM_CAPABILITIES_PER_CHARACTER_CLASS ([CLASS_TYPE_ID], [CLASS_ID], [EQUIPMENT_ID]) VALUES (1, NULL, 9039);		 --guisarme
INSERT INTO ITEM_CAPABILITIES_PER_CHARACTER_CLASS ([CLASS_TYPE_ID], [CLASS_ID], [EQUIPMENT_ID]) VALUES (1, NULL, 9040);		 --guisarme_voulge
INSERT INTO ITEM_CAPABILITIES_PER_CHARACTER_CLASS ([CLASS_TYPE_ID], [CLASS_ID], [EQUIPMENT_ID]) VALUES (1, NULL, 9041);		 --halberd
INSERT INTO ITEM_CAPABILITIES_PER_CHARACTER_CLASS ([CLASS_TYPE_ID], [CLASS_ID], [EQUIPMENT_ID]) VALUES (1, NULL, 9042);		 --hook_fauchard
INSERT INTO ITEM_CAPABILITIES_PER_CHARACTER_CLASS ([CLASS_TYPE_ID], [CLASS_ID], [EQUIPMENT_ID]) VALUES (1, NULL, 9043);		 --lucern_hammer
INSERT INTO ITEM_CAPABILITIES_PER_CHARACTER_CLASS ([CLASS_TYPE_ID], [CLASS_ID], [EQUIPMENT_ID]) VALUES (1, NULL, 9044);		 --military_fork
INSERT INTO ITEM_CAPABILITIES_PER_CHARACTER_CLASS ([CLASS_TYPE_ID], [CLASS_ID], [EQUIPMENT_ID]) VALUES (1, NULL, 9045);		 --partisan
INSERT INTO ITEM_CAPABILITIES_PER_CHARACTER_CLASS ([CLASS_TYPE_ID], [CLASS_ID], [EQUIPMENT_ID]) VALUES (1, NULL, 9046);		 --ranseur
INSERT INTO ITEM_CAPABILITIES_PER_CHARACTER_CLASS ([CLASS_TYPE_ID], [CLASS_ID], [EQUIPMENT_ID]) VALUES (1, NULL, 9047);		 --spetum
INSERT INTO ITEM_CAPABILITIES_PER_CHARACTER_CLASS ([CLASS_TYPE_ID], [CLASS_ID], [EQUIPMENT_ID]) VALUES (1, NULL, 9048);		 --voulge
INSERT INTO ITEM_CAPABILITIES_PER_CHARACTER_CLASS ([CLASS_TYPE_ID], [CLASS_ID], [EQUIPMENT_ID]) VALUES (1, NULL, 9049);		 --quarterstaff
INSERT INTO ITEM_CAPABILITIES_PER_CHARACTER_CLASS ([CLASS_TYPE_ID], [CLASS_ID], [EQUIPMENT_ID]) VALUES (1, NULL, 9050);		 --scourge
INSERT INTO ITEM_CAPABILITIES_PER_CHARACTER_CLASS ([CLASS_TYPE_ID], [CLASS_ID], [EQUIPMENT_ID]) VALUES (1, NULL, 9051);		 --sickle
INSERT INTO ITEM_CAPABILITIES_PER_CHARACTER_CLASS ([CLASS_TYPE_ID], [CLASS_ID], [EQUIPMENT_ID]) VALUES (1, NULL, 9052);		 --sling
INSERT INTO ITEM_CAPABILITIES_PER_CHARACTER_CLASS ([CLASS_TYPE_ID], [CLASS_ID], [EQUIPMENT_ID]) VALUES (1, NULL, 9053);		 --spear
INSERT INTO ITEM_CAPABILITIES_PER_CHARACTER_CLASS ([CLASS_TYPE_ID], [CLASS_ID], [EQUIPMENT_ID]) VALUES (1, NULL, 9054);		 --staff_sling
INSERT INTO ITEM_CAPABILITIES_PER_CHARACTER_CLASS ([CLASS_TYPE_ID], [CLASS_ID], [EQUIPMENT_ID]) VALUES (1, NULL, 9055);		 --bastard_sword
INSERT INTO ITEM_CAPABILITIES_PER_CHARACTER_CLASS ([CLASS_TYPE_ID], [CLASS_ID], [EQUIPMENT_ID]) VALUES (1, NULL, 9056);		 --broad_sword
INSERT INTO ITEM_CAPABILITIES_PER_CHARACTER_CLASS ([CLASS_TYPE_ID], [CLASS_ID], [EQUIPMENT_ID]) VALUES (1, NULL, 9057);		 --khopesh
INSERT INTO ITEM_CAPABILITIES_PER_CHARACTER_CLASS ([CLASS_TYPE_ID], [CLASS_ID], [EQUIPMENT_ID]) VALUES (1, NULL, 9058);		 --long_sword
INSERT INTO ITEM_CAPABILITIES_PER_CHARACTER_CLASS ([CLASS_TYPE_ID], [CLASS_ID], [EQUIPMENT_ID]) VALUES (1, NULL, 9059);		 --scimitar
INSERT INTO ITEM_CAPABILITIES_PER_CHARACTER_CLASS ([CLASS_TYPE_ID], [CLASS_ID], [EQUIPMENT_ID]) VALUES (1, NULL, 9060);		 --short_sword
INSERT INTO ITEM_CAPABILITIES_PER_CHARACTER_CLASS ([CLASS_TYPE_ID], [CLASS_ID], [EQUIPMENT_ID]) VALUES (1, NULL, 9061);		 --two_handed_sword
INSERT INTO ITEM_CAPABILITIES_PER_CHARACTER_CLASS ([CLASS_TYPE_ID], [CLASS_ID], [EQUIPMENT_ID]) VALUES (1, NULL, 9062);		 --trident
INSERT INTO ITEM_CAPABILITIES_PER_CHARACTER_CLASS ([CLASS_TYPE_ID], [CLASS_ID], [EQUIPMENT_ID]) VALUES (1, NULL, 9063);		 --warhammer
INSERT INTO ITEM_CAPABILITIES_PER_CHARACTER_CLASS ([CLASS_TYPE_ID], [CLASS_ID], [EQUIPMENT_ID]) VALUES (1, NULL, 9064);		 --whip
																										 
--Warrior - projectiles																					 
INSERT INTO ITEM_CAPABILITIES_PER_CHARACTER_CLASS ([CLASS_TYPE_ID], [CLASS_ID], [EQUIPMENT_ID]) VALUES (1, NULL, 10000);		 --barbed_dart
INSERT INTO ITEM_CAPABILITIES_PER_CHARACTER_CLASS ([CLASS_TYPE_ID], [CLASS_ID], [EQUIPMENT_ID]) VALUES (1, NULL, 10001);		 --needle
INSERT INTO ITEM_CAPABILITIES_PER_CHARACTER_CLASS ([CLASS_TYPE_ID], [CLASS_ID], [EQUIPMENT_ID]) VALUES (1, NULL, 10002);		 --flight_arrow
INSERT INTO ITEM_CAPABILITIES_PER_CHARACTER_CLASS ([CLASS_TYPE_ID], [CLASS_ID], [EQUIPMENT_ID]) VALUES (1, NULL, 10003);		 --sheaf_arrow
INSERT INTO ITEM_CAPABILITIES_PER_CHARACTER_CLASS ([CLASS_TYPE_ID], [CLASS_ID], [EQUIPMENT_ID]) VALUES (1, NULL, 10004);		 --hand_quarrel
INSERT INTO ITEM_CAPABILITIES_PER_CHARACTER_CLASS ([CLASS_TYPE_ID], [CLASS_ID], [EQUIPMENT_ID]) VALUES (1, NULL, 10005);		 --heavy_quarrel
INSERT INTO ITEM_CAPABILITIES_PER_CHARACTER_CLASS ([CLASS_TYPE_ID], [CLASS_ID], [EQUIPMENT_ID]) VALUES (1, NULL, 10006);		 --light_quarrel
INSERT INTO ITEM_CAPABILITIES_PER_CHARACTER_CLASS ([CLASS_TYPE_ID], [CLASS_ID], [EQUIPMENT_ID]) VALUES (1, NULL, 10007);		 --sling_bullet
INSERT INTO ITEM_CAPABILITIES_PER_CHARACTER_CLASS ([CLASS_TYPE_ID], [CLASS_ID], [EQUIPMENT_ID]) VALUES (1, NULL, 10008);		 --sling_stone
INSERT INTO ITEM_CAPABILITIES_PER_CHARACTER_CLASS ([CLASS_TYPE_ID], [CLASS_ID], [EQUIPMENT_ID]) VALUES (1, NULL, 10009);		 --gunpowder


--Wizard - armours

--Wizard - weapons
INSERT INTO ITEM_CAPABILITIES_PER_CHARACTER_CLASS ([CLASS_TYPE_ID], [CLASS_ID], [EQUIPMENT_ID]) VALUES (2, NULL, 9011);		 --dagger
INSERT INTO ITEM_CAPABILITIES_PER_CHARACTER_CLASS ([CLASS_TYPE_ID], [CLASS_ID], [EQUIPMENT_ID]) VALUES (2, NULL, 9012);		 --dirk
INSERT INTO ITEM_CAPABILITIES_PER_CHARACTER_CLASS ([CLASS_TYPE_ID], [CLASS_ID], [EQUIPMENT_ID]) VALUES (2, NULL, 9013);		 --dart
INSERT INTO ITEM_CAPABILITIES_PER_CHARACTER_CLASS ([CLASS_TYPE_ID], [CLASS_ID], [EQUIPMENT_ID]) VALUES (2, NULL, 9024);		 --knife
INSERT INTO ITEM_CAPABILITIES_PER_CHARACTER_CLASS ([CLASS_TYPE_ID], [CLASS_ID], [EQUIPMENT_ID]) VALUES (2, NULL, 9049);		 --quarterstaff
INSERT INTO ITEM_CAPABILITIES_PER_CHARACTER_CLASS ([CLASS_TYPE_ID], [CLASS_ID], [EQUIPMENT_ID]) VALUES (2, NULL, 9052);		 --sling

--Wizard - projectiles
INSERT INTO ITEM_CAPABILITIES_PER_CHARACTER_CLASS ([CLASS_TYPE_ID], [CLASS_ID], [EQUIPMENT_ID]) VALUES (2, NULL, 10007);		 --sling_bullet
INSERT INTO ITEM_CAPABILITIES_PER_CHARACTER_CLASS ([CLASS_TYPE_ID], [CLASS_ID], [EQUIPMENT_ID]) VALUES (2, NULL, 10008);		 --sling_stone

--Cleric - armours
INSERT INTO ITEM_CAPABILITIES_PER_CHARACTER_CLASS ([CLASS_TYPE_ID], [CLASS_ID], [EQUIPMENT_ID]) VALUES (NULL, 4096, 8000);		--banded_mail
INSERT INTO ITEM_CAPABILITIES_PER_CHARACTER_CLASS ([CLASS_TYPE_ID], [CLASS_ID], [EQUIPMENT_ID]) VALUES (NULL, 4096, 8001);		--brigandine
INSERT INTO ITEM_CAPABILITIES_PER_CHARACTER_CLASS ([CLASS_TYPE_ID], [CLASS_ID], [EQUIPMENT_ID]) VALUES (NULL, 4096, 8002);		--bronze_plate_mail
INSERT INTO ITEM_CAPABILITIES_PER_CHARACTER_CLASS ([CLASS_TYPE_ID], [CLASS_ID], [EQUIPMENT_ID]) VALUES (NULL, 4096, 8003);		--chain_mail
INSERT INTO ITEM_CAPABILITIES_PER_CHARACTER_CLASS ([CLASS_TYPE_ID], [CLASS_ID], [EQUIPMENT_ID]) VALUES (NULL, 4096, 8004);		--field_plate
INSERT INTO ITEM_CAPABILITIES_PER_CHARACTER_CLASS ([CLASS_TYPE_ID], [CLASS_ID], [EQUIPMENT_ID]) VALUES (NULL, 4096, 8005);		--full_plate
INSERT INTO ITEM_CAPABILITIES_PER_CHARACTER_CLASS ([CLASS_TYPE_ID], [CLASS_ID], [EQUIPMENT_ID]) VALUES (NULL, 4096, 8006);		--great_helm
INSERT INTO ITEM_CAPABILITIES_PER_CHARACTER_CLASS ([CLASS_TYPE_ID], [CLASS_ID], [EQUIPMENT_ID]) VALUES (NULL, 4096, 8007);		--basinet
INSERT INTO ITEM_CAPABILITIES_PER_CHARACTER_CLASS ([CLASS_TYPE_ID], [CLASS_ID], [EQUIPMENT_ID]) VALUES (NULL, 4096, 8008);		--hide
INSERT INTO ITEM_CAPABILITIES_PER_CHARACTER_CLASS ([CLASS_TYPE_ID], [CLASS_ID], [EQUIPMENT_ID]) VALUES (NULL, 4096, 8009);		--leather
INSERT INTO ITEM_CAPABILITIES_PER_CHARACTER_CLASS ([CLASS_TYPE_ID], [CLASS_ID], [EQUIPMENT_ID]) VALUES (NULL, 4096, 8010);		--padded
INSERT INTO ITEM_CAPABILITIES_PER_CHARACTER_CLASS ([CLASS_TYPE_ID], [CLASS_ID], [EQUIPMENT_ID]) VALUES (NULL, 4096, 8011);		--plate_mail
INSERT INTO ITEM_CAPABILITIES_PER_CHARACTER_CLASS ([CLASS_TYPE_ID], [CLASS_ID], [EQUIPMENT_ID]) VALUES (NULL, 4096, 8012);		--ring_mail
INSERT INTO ITEM_CAPABILITIES_PER_CHARACTER_CLASS ([CLASS_TYPE_ID], [CLASS_ID], [EQUIPMENT_ID]) VALUES (NULL, 4096, 8013);		--scale_mail
INSERT INTO ITEM_CAPABILITIES_PER_CHARACTER_CLASS ([CLASS_TYPE_ID], [CLASS_ID], [EQUIPMENT_ID]) VALUES (NULL, 4096, 8014);		--body_shield
INSERT INTO ITEM_CAPABILITIES_PER_CHARACTER_CLASS ([CLASS_TYPE_ID], [CLASS_ID], [EQUIPMENT_ID]) VALUES (NULL, 4096, 8015);		--buckler
INSERT INTO ITEM_CAPABILITIES_PER_CHARACTER_CLASS ([CLASS_TYPE_ID], [CLASS_ID], [EQUIPMENT_ID]) VALUES (NULL, 4096, 8016);		--medium_shield
INSERT INTO ITEM_CAPABILITIES_PER_CHARACTER_CLASS ([CLASS_TYPE_ID], [CLASS_ID], [EQUIPMENT_ID]) VALUES (NULL, 4096, 8017);		--small_shield
INSERT INTO ITEM_CAPABILITIES_PER_CHARACTER_CLASS ([CLASS_TYPE_ID], [CLASS_ID], [EQUIPMENT_ID]) VALUES (NULL, 4096, 8018);		--splint_mail
INSERT INTO ITEM_CAPABILITIES_PER_CHARACTER_CLASS ([CLASS_TYPE_ID], [CLASS_ID], [EQUIPMENT_ID]) VALUES (NULL, 4096, 8019);		--studded_leather
INSERT INTO ITEM_CAPABILITIES_PER_CHARACTER_CLASS ([CLASS_TYPE_ID], [CLASS_ID], [EQUIPMENT_ID]) VALUES (NULL, 4096, 8020);		--elven_chain_mail

--Druid - armours
INSERT INTO ITEM_CAPABILITIES_PER_CHARACTER_CLASS ([CLASS_TYPE_ID], [CLASS_ID], [EQUIPMENT_ID]) VALUES (NULL, 8192, 8008);		--hide
INSERT INTO ITEM_CAPABILITIES_PER_CHARACTER_CLASS ([CLASS_TYPE_ID], [CLASS_ID], [EQUIPMENT_ID]) VALUES (NULL, 8192, 8009);		--leather
INSERT INTO ITEM_CAPABILITIES_PER_CHARACTER_CLASS ([CLASS_TYPE_ID], [CLASS_ID], [EQUIPMENT_ID]) VALUES (NULL, 8192, 8010);		--padded

--Preist of Specific Mythos - armours
INSERT INTO ITEM_CAPABILITIES_PER_CHARACTER_CLASS ([CLASS_TYPE_ID], [CLASS_ID], [EQUIPMENT_ID]) VALUES (NULL, 16384, 8000);		--banded_mail
INSERT INTO ITEM_CAPABILITIES_PER_CHARACTER_CLASS ([CLASS_TYPE_ID], [CLASS_ID], [EQUIPMENT_ID]) VALUES (NULL, 16384, 8001);		--brigandine
INSERT INTO ITEM_CAPABILITIES_PER_CHARACTER_CLASS ([CLASS_TYPE_ID], [CLASS_ID], [EQUIPMENT_ID]) VALUES (NULL, 16384, 8002);		--bronze_plate_mail
INSERT INTO ITEM_CAPABILITIES_PER_CHARACTER_CLASS ([CLASS_TYPE_ID], [CLASS_ID], [EQUIPMENT_ID]) VALUES (NULL, 16384, 8003);		--chain_mail
INSERT INTO ITEM_CAPABILITIES_PER_CHARACTER_CLASS ([CLASS_TYPE_ID], [CLASS_ID], [EQUIPMENT_ID]) VALUES (NULL, 16384, 8004);		--field_plate
INSERT INTO ITEM_CAPABILITIES_PER_CHARACTER_CLASS ([CLASS_TYPE_ID], [CLASS_ID], [EQUIPMENT_ID]) VALUES (NULL, 16384, 8005);		--full_plate
INSERT INTO ITEM_CAPABILITIES_PER_CHARACTER_CLASS ([CLASS_TYPE_ID], [CLASS_ID], [EQUIPMENT_ID]) VALUES (NULL, 16384, 8006);		--great_helm
INSERT INTO ITEM_CAPABILITIES_PER_CHARACTER_CLASS ([CLASS_TYPE_ID], [CLASS_ID], [EQUIPMENT_ID]) VALUES (NULL, 16384, 8007);		--basinet
INSERT INTO ITEM_CAPABILITIES_PER_CHARACTER_CLASS ([CLASS_TYPE_ID], [CLASS_ID], [EQUIPMENT_ID]) VALUES (NULL, 16384, 8008);		--hide
INSERT INTO ITEM_CAPABILITIES_PER_CHARACTER_CLASS ([CLASS_TYPE_ID], [CLASS_ID], [EQUIPMENT_ID]) VALUES (NULL, 16384, 8009);		--leather
INSERT INTO ITEM_CAPABILITIES_PER_CHARACTER_CLASS ([CLASS_TYPE_ID], [CLASS_ID], [EQUIPMENT_ID]) VALUES (NULL, 16384, 8010);		--padded
INSERT INTO ITEM_CAPABILITIES_PER_CHARACTER_CLASS ([CLASS_TYPE_ID], [CLASS_ID], [EQUIPMENT_ID]) VALUES (NULL, 16384, 8011);		--plate_mail
INSERT INTO ITEM_CAPABILITIES_PER_CHARACTER_CLASS ([CLASS_TYPE_ID], [CLASS_ID], [EQUIPMENT_ID]) VALUES (NULL, 16384, 8012);		--ring_mail
INSERT INTO ITEM_CAPABILITIES_PER_CHARACTER_CLASS ([CLASS_TYPE_ID], [CLASS_ID], [EQUIPMENT_ID]) VALUES (NULL, 16384, 8013);		--scale_mail
INSERT INTO ITEM_CAPABILITIES_PER_CHARACTER_CLASS ([CLASS_TYPE_ID], [CLASS_ID], [EQUIPMENT_ID]) VALUES (NULL, 16384, 8014);		--body_shield
INSERT INTO ITEM_CAPABILITIES_PER_CHARACTER_CLASS ([CLASS_TYPE_ID], [CLASS_ID], [EQUIPMENT_ID]) VALUES (NULL, 16384, 8015);		--buckler
INSERT INTO ITEM_CAPABILITIES_PER_CHARACTER_CLASS ([CLASS_TYPE_ID], [CLASS_ID], [EQUIPMENT_ID]) VALUES (NULL, 16384, 8016);		--medium_shield
INSERT INTO ITEM_CAPABILITIES_PER_CHARACTER_CLASS ([CLASS_TYPE_ID], [CLASS_ID], [EQUIPMENT_ID]) VALUES (NULL, 16384, 8017);		--small_shield
INSERT INTO ITEM_CAPABILITIES_PER_CHARACTER_CLASS ([CLASS_TYPE_ID], [CLASS_ID], [EQUIPMENT_ID]) VALUES (NULL, 16384, 8018);		--splint_mail
INSERT INTO ITEM_CAPABILITIES_PER_CHARACTER_CLASS ([CLASS_TYPE_ID], [CLASS_ID], [EQUIPMENT_ID]) VALUES (NULL, 16384, 8019);		--studded_leather
INSERT INTO ITEM_CAPABILITIES_PER_CHARACTER_CLASS ([CLASS_TYPE_ID], [CLASS_ID], [EQUIPMENT_ID]) VALUES (NULL, 16384, 8020);		--elven_chain_mail

--Cleric - weapons
INSERT INTO ITEM_CAPABILITIES_PER_CHARACTER_CLASS ([CLASS_TYPE_ID], [CLASS_ID], [EQUIPMENT_ID]) VALUES (NULL, 4096, 9007);		 --club
INSERT INTO ITEM_CAPABILITIES_PER_CHARACTER_CLASS ([CLASS_TYPE_ID], [CLASS_ID], [EQUIPMENT_ID]) VALUES (NULL, 4096, 9030);		 --morning_star
INSERT INTO ITEM_CAPABILITIES_PER_CHARACTER_CLASS ([CLASS_TYPE_ID], [CLASS_ID], [EQUIPMENT_ID]) VALUES (NULL, 4096, 9049);		 --quarterstaff
INSERT INTO ITEM_CAPABILITIES_PER_CHARACTER_CLASS ([CLASS_TYPE_ID], [CLASS_ID], [EQUIPMENT_ID]) VALUES (NULL, 4096, 9052);		 --sling
INSERT INTO ITEM_CAPABILITIES_PER_CHARACTER_CLASS ([CLASS_TYPE_ID], [CLASS_ID], [EQUIPMENT_ID]) VALUES (NULL, 4096, 9063);		 --warhammer

--Druid - weapons
INSERT INTO ITEM_CAPABILITIES_PER_CHARACTER_CLASS ([CLASS_TYPE_ID], [CLASS_ID], [EQUIPMENT_ID]) VALUES (NULL, 8192, 9007);		 --club
INSERT INTO ITEM_CAPABILITIES_PER_CHARACTER_CLASS ([CLASS_TYPE_ID], [CLASS_ID], [EQUIPMENT_ID]) VALUES (NULL, 8192, 9011);		 --dagger
INSERT INTO ITEM_CAPABILITIES_PER_CHARACTER_CLASS ([CLASS_TYPE_ID], [CLASS_ID], [EQUIPMENT_ID]) VALUES (NULL, 8192, 9012);		 --dirk
INSERT INTO ITEM_CAPABILITIES_PER_CHARACTER_CLASS ([CLASS_TYPE_ID], [CLASS_ID], [EQUIPMENT_ID]) VALUES (NULL, 8192, 9013);		 --dart
INSERT INTO ITEM_CAPABILITIES_PER_CHARACTER_CLASS ([CLASS_TYPE_ID], [CLASS_ID], [EQUIPMENT_ID]) VALUES (NULL, 8192, 9049);		 --quarterstaff
INSERT INTO ITEM_CAPABILITIES_PER_CHARACTER_CLASS ([CLASS_TYPE_ID], [CLASS_ID], [EQUIPMENT_ID]) VALUES (NULL, 8192, 9051);		 --sickle
INSERT INTO ITEM_CAPABILITIES_PER_CHARACTER_CLASS ([CLASS_TYPE_ID], [CLASS_ID], [EQUIPMENT_ID]) VALUES (NULL, 8192, 9052);		 --sling
INSERT INTO ITEM_CAPABILITIES_PER_CHARACTER_CLASS ([CLASS_TYPE_ID], [CLASS_ID], [EQUIPMENT_ID]) VALUES (NULL, 8192, 9053);		 --spear
INSERT INTO ITEM_CAPABILITIES_PER_CHARACTER_CLASS ([CLASS_TYPE_ID], [CLASS_ID], [EQUIPMENT_ID]) VALUES (NULL, 8192, 9059);		 --scimitar

--Preist of Specific Mythos - weapons
INSERT INTO ITEM_CAPABILITIES_PER_CHARACTER_CLASS ([CLASS_TYPE_ID], [CLASS_ID], [EQUIPMENT_ID]) VALUES (NULL, 16384, 9007);		 --club
INSERT INTO ITEM_CAPABILITIES_PER_CHARACTER_CLASS ([CLASS_TYPE_ID], [CLASS_ID], [EQUIPMENT_ID]) VALUES (NULL, 16384, 9030);		 --morning_star
INSERT INTO ITEM_CAPABILITIES_PER_CHARACTER_CLASS ([CLASS_TYPE_ID], [CLASS_ID], [EQUIPMENT_ID]) VALUES (NULL, 16384, 9049);		 --quarterstaff
INSERT INTO ITEM_CAPABILITIES_PER_CHARACTER_CLASS ([CLASS_TYPE_ID], [CLASS_ID], [EQUIPMENT_ID]) VALUES (NULL, 16384, 9052);		 --sling
INSERT INTO ITEM_CAPABILITIES_PER_CHARACTER_CLASS ([CLASS_TYPE_ID], [CLASS_ID], [EQUIPMENT_ID]) VALUES (NULL, 16384, 9063);		 --warhammer

																										 
--Priest - projectiles
INSERT INTO ITEM_CAPABILITIES_PER_CHARACTER_CLASS ([CLASS_TYPE_ID], [CLASS_ID], [EQUIPMENT_ID]) VALUES (4, NULL, 10007);		 --sling_bullet
INSERT INTO ITEM_CAPABILITIES_PER_CHARACTER_CLASS ([CLASS_TYPE_ID], [CLASS_ID], [EQUIPMENT_ID]) VALUES (4, NULL, 10008);		 --sling_stone


--Thief - armours
INSERT INTO ITEM_CAPABILITIES_PER_CHARACTER_CLASS ([CLASS_TYPE_ID], [CLASS_ID], [EQUIPMENT_ID]) VALUES (NULL, 32768, 8009);		--leather
INSERT INTO ITEM_CAPABILITIES_PER_CHARACTER_CLASS ([CLASS_TYPE_ID], [CLASS_ID], [EQUIPMENT_ID]) VALUES (NULL, 32768, 8010);		--padded
INSERT INTO ITEM_CAPABILITIES_PER_CHARACTER_CLASS ([CLASS_TYPE_ID], [CLASS_ID], [EQUIPMENT_ID]) VALUES (NULL, 32768, 8019);		--studded_leather
INSERT INTO ITEM_CAPABILITIES_PER_CHARACTER_CLASS ([CLASS_TYPE_ID], [CLASS_ID], [EQUIPMENT_ID]) VALUES (NULL, 32768, 8020);		--elven_chain_mail

--Thief - weapons
INSERT INTO ITEM_CAPABILITIES_PER_CHARACTER_CLASS ([CLASS_TYPE_ID], [CLASS_ID], [EQUIPMENT_ID]) VALUES (NULL, 32768, 9006);		 --short_bow
INSERT INTO ITEM_CAPABILITIES_PER_CHARACTER_CLASS ([CLASS_TYPE_ID], [CLASS_ID], [EQUIPMENT_ID]) VALUES (NULL, 32768, 9007);		 --club
INSERT INTO ITEM_CAPABILITIES_PER_CHARACTER_CLASS ([CLASS_TYPE_ID], [CLASS_ID], [EQUIPMENT_ID]) VALUES (NULL, 32768, 9008);		 --hand_crossbow
INSERT INTO ITEM_CAPABILITIES_PER_CHARACTER_CLASS ([CLASS_TYPE_ID], [CLASS_ID], [EQUIPMENT_ID]) VALUES (NULL, 32768, 9011);		 --dagger
INSERT INTO ITEM_CAPABILITIES_PER_CHARACTER_CLASS ([CLASS_TYPE_ID], [CLASS_ID], [EQUIPMENT_ID]) VALUES (NULL, 32768, 9013);		 --dart
INSERT INTO ITEM_CAPABILITIES_PER_CHARACTER_CLASS ([CLASS_TYPE_ID], [CLASS_ID], [EQUIPMENT_ID]) VALUES (NULL, 32768, 9024);		 --knife
INSERT INTO ITEM_CAPABILITIES_PER_CHARACTER_CLASS ([CLASS_TYPE_ID], [CLASS_ID], [EQUIPMENT_ID]) VALUES (NULL, 32768, 9049);		 --quarterstaff
INSERT INTO ITEM_CAPABILITIES_PER_CHARACTER_CLASS ([CLASS_TYPE_ID], [CLASS_ID], [EQUIPMENT_ID]) VALUES (NULL, 32768, 9052);		 --sling
INSERT INTO ITEM_CAPABILITIES_PER_CHARACTER_CLASS ([CLASS_TYPE_ID], [CLASS_ID], [EQUIPMENT_ID]) VALUES (NULL, 32768, 9056);		 --broad_sword
INSERT INTO ITEM_CAPABILITIES_PER_CHARACTER_CLASS ([CLASS_TYPE_ID], [CLASS_ID], [EQUIPMENT_ID]) VALUES (NULL, 32768, 9058);		 --long_sword
INSERT INTO ITEM_CAPABILITIES_PER_CHARACTER_CLASS ([CLASS_TYPE_ID], [CLASS_ID], [EQUIPMENT_ID]) VALUES (NULL, 32768, 9060);		 --short_sword
																										 
--Thief - projectiles																					 
INSERT INTO ITEM_CAPABILITIES_PER_CHARACTER_CLASS ([CLASS_TYPE_ID], [CLASS_ID], [EQUIPMENT_ID]) VALUES (NULL, 32768, 10002);		 --flight_arrow
INSERT INTO ITEM_CAPABILITIES_PER_CHARACTER_CLASS ([CLASS_TYPE_ID], [CLASS_ID], [EQUIPMENT_ID]) VALUES (NULL, 32768, 10003);		 --sheaf_arrow
INSERT INTO ITEM_CAPABILITIES_PER_CHARACTER_CLASS ([CLASS_TYPE_ID], [CLASS_ID], [EQUIPMENT_ID]) VALUES (NULL, 32768, 10004);		 --hand_quarrel
INSERT INTO ITEM_CAPABILITIES_PER_CHARACTER_CLASS ([CLASS_TYPE_ID], [CLASS_ID], [EQUIPMENT_ID]) VALUES (NULL, 32768, 10007);		 --sling_bullet
INSERT INTO ITEM_CAPABILITIES_PER_CHARACTER_CLASS ([CLASS_TYPE_ID], [CLASS_ID], [EQUIPMENT_ID]) VALUES (NULL, 32768, 10008);		 --sling_stone

--Bard - armours
INSERT INTO ITEM_CAPABILITIES_PER_CHARACTER_CLASS ([CLASS_TYPE_ID], [CLASS_ID], [EQUIPMENT_ID]) VALUES (NULL, 65536, 8001);		--brigandine
INSERT INTO ITEM_CAPABILITIES_PER_CHARACTER_CLASS ([CLASS_TYPE_ID], [CLASS_ID], [EQUIPMENT_ID]) VALUES (NULL, 65536, 8003);		--chain_mail
INSERT INTO ITEM_CAPABILITIES_PER_CHARACTER_CLASS ([CLASS_TYPE_ID], [CLASS_ID], [EQUIPMENT_ID]) VALUES (NULL, 65536, 8006);		--great_helm
INSERT INTO ITEM_CAPABILITIES_PER_CHARACTER_CLASS ([CLASS_TYPE_ID], [CLASS_ID], [EQUIPMENT_ID]) VALUES (NULL, 65536, 8007);		--basinet
INSERT INTO ITEM_CAPABILITIES_PER_CHARACTER_CLASS ([CLASS_TYPE_ID], [CLASS_ID], [EQUIPMENT_ID]) VALUES (NULL, 65536, 8008);		--hide
INSERT INTO ITEM_CAPABILITIES_PER_CHARACTER_CLASS ([CLASS_TYPE_ID], [CLASS_ID], [EQUIPMENT_ID]) VALUES (NULL, 65536, 8009);		--leather
INSERT INTO ITEM_CAPABILITIES_PER_CHARACTER_CLASS ([CLASS_TYPE_ID], [CLASS_ID], [EQUIPMENT_ID]) VALUES (NULL, 65536, 8010);		--padded
INSERT INTO ITEM_CAPABILITIES_PER_CHARACTER_CLASS ([CLASS_TYPE_ID], [CLASS_ID], [EQUIPMENT_ID]) VALUES (NULL, 65536, 8012);		--ring_mail
INSERT INTO ITEM_CAPABILITIES_PER_CHARACTER_CLASS ([CLASS_TYPE_ID], [CLASS_ID], [EQUIPMENT_ID]) VALUES (NULL, 65536, 8013);		--scale_mail
INSERT INTO ITEM_CAPABILITIES_PER_CHARACTER_CLASS ([CLASS_TYPE_ID], [CLASS_ID], [EQUIPMENT_ID]) VALUES (NULL, 65536, 8014);		--body_shield
INSERT INTO ITEM_CAPABILITIES_PER_CHARACTER_CLASS ([CLASS_TYPE_ID], [CLASS_ID], [EQUIPMENT_ID]) VALUES (NULL, 65536, 8019);		--studded_leather
INSERT INTO ITEM_CAPABILITIES_PER_CHARACTER_CLASS ([CLASS_TYPE_ID], [CLASS_ID], [EQUIPMENT_ID]) VALUES (NULL, 65536, 8020);		--elven_chain_mail

--Bard - weapons
INSERT INTO ITEM_CAPABILITIES_PER_CHARACTER_CLASS ([CLASS_TYPE_ID], [CLASS_ID], [EQUIPMENT_ID]) VALUES (NULL, 65536, 9000);		 --arquebus
INSERT INTO ITEM_CAPABILITIES_PER_CHARACTER_CLASS ([CLASS_TYPE_ID], [CLASS_ID], [EQUIPMENT_ID]) VALUES (NULL, 65536, 9001);		 --battle_axe
INSERT INTO ITEM_CAPABILITIES_PER_CHARACTER_CLASS ([CLASS_TYPE_ID], [CLASS_ID], [EQUIPMENT_ID]) VALUES (NULL, 65536, 9002);		 --blowgun
INSERT INTO ITEM_CAPABILITIES_PER_CHARACTER_CLASS ([CLASS_TYPE_ID], [CLASS_ID], [EQUIPMENT_ID]) VALUES (NULL, 65536, 9003);		 --composite_long_bow
INSERT INTO ITEM_CAPABILITIES_PER_CHARACTER_CLASS ([CLASS_TYPE_ID], [CLASS_ID], [EQUIPMENT_ID]) VALUES (NULL, 65536, 9004);		 --composite_short_bow
INSERT INTO ITEM_CAPABILITIES_PER_CHARACTER_CLASS ([CLASS_TYPE_ID], [CLASS_ID], [EQUIPMENT_ID]) VALUES (NULL, 65536, 9005);		 --long_bow
INSERT INTO ITEM_CAPABILITIES_PER_CHARACTER_CLASS ([CLASS_TYPE_ID], [CLASS_ID], [EQUIPMENT_ID]) VALUES (NULL, 65536, 9006);		 --short_bow
INSERT INTO ITEM_CAPABILITIES_PER_CHARACTER_CLASS ([CLASS_TYPE_ID], [CLASS_ID], [EQUIPMENT_ID]) VALUES (NULL, 65536, 9007);		 --club
INSERT INTO ITEM_CAPABILITIES_PER_CHARACTER_CLASS ([CLASS_TYPE_ID], [CLASS_ID], [EQUIPMENT_ID]) VALUES (NULL, 65536, 9008);		 --hand_crossbow
INSERT INTO ITEM_CAPABILITIES_PER_CHARACTER_CLASS ([CLASS_TYPE_ID], [CLASS_ID], [EQUIPMENT_ID]) VALUES (NULL, 65536, 9009);		 --heavy_crossbow
INSERT INTO ITEM_CAPABILITIES_PER_CHARACTER_CLASS ([CLASS_TYPE_ID], [CLASS_ID], [EQUIPMENT_ID]) VALUES (NULL, 65536, 9010);		 --light_crossbow
INSERT INTO ITEM_CAPABILITIES_PER_CHARACTER_CLASS ([CLASS_TYPE_ID], [CLASS_ID], [EQUIPMENT_ID]) VALUES (NULL, 65536, 9011);		 --dagger
INSERT INTO ITEM_CAPABILITIES_PER_CHARACTER_CLASS ([CLASS_TYPE_ID], [CLASS_ID], [EQUIPMENT_ID]) VALUES (NULL, 65536, 9012);		 --dirk
INSERT INTO ITEM_CAPABILITIES_PER_CHARACTER_CLASS ([CLASS_TYPE_ID], [CLASS_ID], [EQUIPMENT_ID]) VALUES (NULL, 65536, 9013);		 --dart
INSERT INTO ITEM_CAPABILITIES_PER_CHARACTER_CLASS ([CLASS_TYPE_ID], [CLASS_ID], [EQUIPMENT_ID]) VALUES (NULL, 65536, 9014);		 --footmans_flail
INSERT INTO ITEM_CAPABILITIES_PER_CHARACTER_CLASS ([CLASS_TYPE_ID], [CLASS_ID], [EQUIPMENT_ID]) VALUES (NULL, 65536, 9015);		 --footmans_mace
INSERT INTO ITEM_CAPABILITIES_PER_CHARACTER_CLASS ([CLASS_TYPE_ID], [CLASS_ID], [EQUIPMENT_ID]) VALUES (NULL, 65536, 9016);		 --footmans_pick
INSERT INTO ITEM_CAPABILITIES_PER_CHARACTER_CLASS ([CLASS_TYPE_ID], [CLASS_ID], [EQUIPMENT_ID]) VALUES (NULL, 65536, 9017);		 --hand_axe
INSERT INTO ITEM_CAPABILITIES_PER_CHARACTER_CLASS ([CLASS_TYPE_ID], [CLASS_ID], [EQUIPMENT_ID]) VALUES (NULL, 65536, 9018);		 --throwing_axe
INSERT INTO ITEM_CAPABILITIES_PER_CHARACTER_CLASS ([CLASS_TYPE_ID], [CLASS_ID], [EQUIPMENT_ID]) VALUES (NULL, 65536, 9019);		 --harpoon
INSERT INTO ITEM_CAPABILITIES_PER_CHARACTER_CLASS ([CLASS_TYPE_ID], [CLASS_ID], [EQUIPMENT_ID]) VALUES (NULL, 65536, 9020);		 --horsemans_flail
INSERT INTO ITEM_CAPABILITIES_PER_CHARACTER_CLASS ([CLASS_TYPE_ID], [CLASS_ID], [EQUIPMENT_ID]) VALUES (NULL, 65536, 9021);		 --horsemans_mace
INSERT INTO ITEM_CAPABILITIES_PER_CHARACTER_CLASS ([CLASS_TYPE_ID], [CLASS_ID], [EQUIPMENT_ID]) VALUES (NULL, 65536, 9022);		 --horsemans_pick
INSERT INTO ITEM_CAPABILITIES_PER_CHARACTER_CLASS ([CLASS_TYPE_ID], [CLASS_ID], [EQUIPMENT_ID]) VALUES (NULL, 65536, 9023);		 --javelin
INSERT INTO ITEM_CAPABILITIES_PER_CHARACTER_CLASS ([CLASS_TYPE_ID], [CLASS_ID], [EQUIPMENT_ID]) VALUES (NULL, 65536, 9024);		 --knife
INSERT INTO ITEM_CAPABILITIES_PER_CHARACTER_CLASS ([CLASS_TYPE_ID], [CLASS_ID], [EQUIPMENT_ID]) VALUES (NULL, 65536, 9025);		 --heavy_horse_lance
INSERT INTO ITEM_CAPABILITIES_PER_CHARACTER_CLASS ([CLASS_TYPE_ID], [CLASS_ID], [EQUIPMENT_ID]) VALUES (NULL, 65536, 9026);		 --light_horse_lance
INSERT INTO ITEM_CAPABILITIES_PER_CHARACTER_CLASS ([CLASS_TYPE_ID], [CLASS_ID], [EQUIPMENT_ID]) VALUES (NULL, 65536, 9027);		 --jousting_lance
INSERT INTO ITEM_CAPABILITIES_PER_CHARACTER_CLASS ([CLASS_TYPE_ID], [CLASS_ID], [EQUIPMENT_ID]) VALUES (NULL, 65536, 9028);		 --medium_horse_lance
INSERT INTO ITEM_CAPABILITIES_PER_CHARACTER_CLASS ([CLASS_TYPE_ID], [CLASS_ID], [EQUIPMENT_ID]) VALUES (NULL, 65536, 9029);		 --mancatcher
INSERT INTO ITEM_CAPABILITIES_PER_CHARACTER_CLASS ([CLASS_TYPE_ID], [CLASS_ID], [EQUIPMENT_ID]) VALUES (NULL, 65536, 9030);		 --morning_star
INSERT INTO ITEM_CAPABILITIES_PER_CHARACTER_CLASS ([CLASS_TYPE_ID], [CLASS_ID], [EQUIPMENT_ID]) VALUES (NULL, 65536, 9031);		 --awl_pike
INSERT INTO ITEM_CAPABILITIES_PER_CHARACTER_CLASS ([CLASS_TYPE_ID], [CLASS_ID], [EQUIPMENT_ID]) VALUES (NULL, 65536, 9032);		 --bardiche
INSERT INTO ITEM_CAPABILITIES_PER_CHARACTER_CLASS ([CLASS_TYPE_ID], [CLASS_ID], [EQUIPMENT_ID]) VALUES (NULL, 65536, 9033);		 --bec_de_corbin
INSERT INTO ITEM_CAPABILITIES_PER_CHARACTER_CLASS ([CLASS_TYPE_ID], [CLASS_ID], [EQUIPMENT_ID]) VALUES (NULL, 65536, 9034);		 --bill_guisarme
INSERT INTO ITEM_CAPABILITIES_PER_CHARACTER_CLASS ([CLASS_TYPE_ID], [CLASS_ID], [EQUIPMENT_ID]) VALUES (NULL, 65536, 9035);		 --fauchard
INSERT INTO ITEM_CAPABILITIES_PER_CHARACTER_CLASS ([CLASS_TYPE_ID], [CLASS_ID], [EQUIPMENT_ID]) VALUES (NULL, 65536, 9036);		 --fauchard_fork
INSERT INTO ITEM_CAPABILITIES_PER_CHARACTER_CLASS ([CLASS_TYPE_ID], [CLASS_ID], [EQUIPMENT_ID]) VALUES (NULL, 65536, 9037);		 --glaive
INSERT INTO ITEM_CAPABILITIES_PER_CHARACTER_CLASS ([CLASS_TYPE_ID], [CLASS_ID], [EQUIPMENT_ID]) VALUES (NULL, 65536, 9038);		 --glaive_guisarme
INSERT INTO ITEM_CAPABILITIES_PER_CHARACTER_CLASS ([CLASS_TYPE_ID], [CLASS_ID], [EQUIPMENT_ID]) VALUES (NULL, 65536, 9039);		 --guisarme
INSERT INTO ITEM_CAPABILITIES_PER_CHARACTER_CLASS ([CLASS_TYPE_ID], [CLASS_ID], [EQUIPMENT_ID]) VALUES (NULL, 65536, 9040);		 --guisarme_voulge
INSERT INTO ITEM_CAPABILITIES_PER_CHARACTER_CLASS ([CLASS_TYPE_ID], [CLASS_ID], [EQUIPMENT_ID]) VALUES (NULL, 65536, 9041);		 --halberd
INSERT INTO ITEM_CAPABILITIES_PER_CHARACTER_CLASS ([CLASS_TYPE_ID], [CLASS_ID], [EQUIPMENT_ID]) VALUES (NULL, 65536, 9042);		 --hook_fauchard
INSERT INTO ITEM_CAPABILITIES_PER_CHARACTER_CLASS ([CLASS_TYPE_ID], [CLASS_ID], [EQUIPMENT_ID]) VALUES (NULL, 65536, 9043);		 --lucern_hammer
INSERT INTO ITEM_CAPABILITIES_PER_CHARACTER_CLASS ([CLASS_TYPE_ID], [CLASS_ID], [EQUIPMENT_ID]) VALUES (NULL, 65536, 9044);		 --military_fork
INSERT INTO ITEM_CAPABILITIES_PER_CHARACTER_CLASS ([CLASS_TYPE_ID], [CLASS_ID], [EQUIPMENT_ID]) VALUES (NULL, 65536, 9045);		 --partisan
INSERT INTO ITEM_CAPABILITIES_PER_CHARACTER_CLASS ([CLASS_TYPE_ID], [CLASS_ID], [EQUIPMENT_ID]) VALUES (NULL, 65536, 9046);		 --ranseur
INSERT INTO ITEM_CAPABILITIES_PER_CHARACTER_CLASS ([CLASS_TYPE_ID], [CLASS_ID], [EQUIPMENT_ID]) VALUES (NULL, 65536, 9047);		 --spetum
INSERT INTO ITEM_CAPABILITIES_PER_CHARACTER_CLASS ([CLASS_TYPE_ID], [CLASS_ID], [EQUIPMENT_ID]) VALUES (NULL, 65536, 9048);		 --voulge
INSERT INTO ITEM_CAPABILITIES_PER_CHARACTER_CLASS ([CLASS_TYPE_ID], [CLASS_ID], [EQUIPMENT_ID]) VALUES (NULL, 65536, 9049);		 --quarterstaff
INSERT INTO ITEM_CAPABILITIES_PER_CHARACTER_CLASS ([CLASS_TYPE_ID], [CLASS_ID], [EQUIPMENT_ID]) VALUES (NULL, 65536, 9050);		 --scourge
INSERT INTO ITEM_CAPABILITIES_PER_CHARACTER_CLASS ([CLASS_TYPE_ID], [CLASS_ID], [EQUIPMENT_ID]) VALUES (NULL, 65536, 9051);		 --sickle
INSERT INTO ITEM_CAPABILITIES_PER_CHARACTER_CLASS ([CLASS_TYPE_ID], [CLASS_ID], [EQUIPMENT_ID]) VALUES (NULL, 65536, 9052);		 --sling
INSERT INTO ITEM_CAPABILITIES_PER_CHARACTER_CLASS ([CLASS_TYPE_ID], [CLASS_ID], [EQUIPMENT_ID]) VALUES (NULL, 65536, 9053);		 --spear
INSERT INTO ITEM_CAPABILITIES_PER_CHARACTER_CLASS ([CLASS_TYPE_ID], [CLASS_ID], [EQUIPMENT_ID]) VALUES (NULL, 65536, 9054);		 --staff_sling
INSERT INTO ITEM_CAPABILITIES_PER_CHARACTER_CLASS ([CLASS_TYPE_ID], [CLASS_ID], [EQUIPMENT_ID]) VALUES (NULL, 65536, 9055);		 --bastard_sword
INSERT INTO ITEM_CAPABILITIES_PER_CHARACTER_CLASS ([CLASS_TYPE_ID], [CLASS_ID], [EQUIPMENT_ID]) VALUES (NULL, 65536, 9056);		 --broad_sword
INSERT INTO ITEM_CAPABILITIES_PER_CHARACTER_CLASS ([CLASS_TYPE_ID], [CLASS_ID], [EQUIPMENT_ID]) VALUES (NULL, 65536, 9057);		 --khopesh
INSERT INTO ITEM_CAPABILITIES_PER_CHARACTER_CLASS ([CLASS_TYPE_ID], [CLASS_ID], [EQUIPMENT_ID]) VALUES (NULL, 65536, 9058);		 --long_sword
INSERT INTO ITEM_CAPABILITIES_PER_CHARACTER_CLASS ([CLASS_TYPE_ID], [CLASS_ID], [EQUIPMENT_ID]) VALUES (NULL, 65536, 9059);		 --scimitar
INSERT INTO ITEM_CAPABILITIES_PER_CHARACTER_CLASS ([CLASS_TYPE_ID], [CLASS_ID], [EQUIPMENT_ID]) VALUES (NULL, 65536, 9060);		 --short_sword
INSERT INTO ITEM_CAPABILITIES_PER_CHARACTER_CLASS ([CLASS_TYPE_ID], [CLASS_ID], [EQUIPMENT_ID]) VALUES (NULL, 65536, 9061);		 --two_handed_sword
INSERT INTO ITEM_CAPABILITIES_PER_CHARACTER_CLASS ([CLASS_TYPE_ID], [CLASS_ID], [EQUIPMENT_ID]) VALUES (NULL, 65536, 9062);		 --trident
INSERT INTO ITEM_CAPABILITIES_PER_CHARACTER_CLASS ([CLASS_TYPE_ID], [CLASS_ID], [EQUIPMENT_ID]) VALUES (NULL, 65536, 9063);		 --warhammer
INSERT INTO ITEM_CAPABILITIES_PER_CHARACTER_CLASS ([CLASS_TYPE_ID], [CLASS_ID], [EQUIPMENT_ID]) VALUES (NULL, 65536, 9064);		 --whip
																										 
--Bard - projectiles																					 
INSERT INTO ITEM_CAPABILITIES_PER_CHARACTER_CLASS ([CLASS_TYPE_ID], [CLASS_ID], [EQUIPMENT_ID]) VALUES (NULL, 65536, 10000);		 --barbed_dart
INSERT INTO ITEM_CAPABILITIES_PER_CHARACTER_CLASS ([CLASS_TYPE_ID], [CLASS_ID], [EQUIPMENT_ID]) VALUES (NULL, 65536, 10001);		 --needle
INSERT INTO ITEM_CAPABILITIES_PER_CHARACTER_CLASS ([CLASS_TYPE_ID], [CLASS_ID], [EQUIPMENT_ID]) VALUES (NULL, 65536, 10002);		 --flight_arrow
INSERT INTO ITEM_CAPABILITIES_PER_CHARACTER_CLASS ([CLASS_TYPE_ID], [CLASS_ID], [EQUIPMENT_ID]) VALUES (NULL, 65536, 10003);		 --sheaf_arrow
INSERT INTO ITEM_CAPABILITIES_PER_CHARACTER_CLASS ([CLASS_TYPE_ID], [CLASS_ID], [EQUIPMENT_ID]) VALUES (NULL, 65536, 10004);		 --hand_quarrel
INSERT INTO ITEM_CAPABILITIES_PER_CHARACTER_CLASS ([CLASS_TYPE_ID], [CLASS_ID], [EQUIPMENT_ID]) VALUES (NULL, 65536, 10005);		 --heavy_quarrel
INSERT INTO ITEM_CAPABILITIES_PER_CHARACTER_CLASS ([CLASS_TYPE_ID], [CLASS_ID], [EQUIPMENT_ID]) VALUES (NULL, 65536, 10006);		 --light_quarrel
INSERT INTO ITEM_CAPABILITIES_PER_CHARACTER_CLASS ([CLASS_TYPE_ID], [CLASS_ID], [EQUIPMENT_ID]) VALUES (NULL, 65536, 10007);		 --sling_bullet
INSERT INTO ITEM_CAPABILITIES_PER_CHARACTER_CLASS ([CLASS_TYPE_ID], [CLASS_ID], [EQUIPMENT_ID]) VALUES (NULL, 65536, 10008);		 --sling_stone
INSERT INTO ITEM_CAPABILITIES_PER_CHARACTER_CLASS ([CLASS_TYPE_ID], [CLASS_ID], [EQUIPMENT_ID]) VALUES (NULL, 65536, 10009);		 --gunpowder

COMMIT TRANSACTION;

-----------------------------------------------------------------------------------------------------------

